customer_id,tenure_months,monthly_charges,support_tickets,late_payments,usage_hours,contract,payment_method,region,plan,support_plan,churn,annual_value
CUST100000,7,4362.02,0,0,29.2,Month-to-Month,Debit Card,West,Basic,No,1,52344.24
CUST100001,56,2369.26,2,0,66.0,Month-to-Month,Credit Card,East,Standard,No,0,28431.12
CUST100002,48,700.0,1,1,30.9,One Year,Credit Card,North,Premium,Yes,0,8400.0
CUST100003,32,1256.34,1,0,33.0,Two Year,Credit Card,North,Premium,No,0,15076.08
CUST100004,32,4763.79,4,1,19.9,Month-to-Month,Credit Card,North,Basic,No,1,57165.48
CUST100005,62,2758.62,0,1,30.3,Month-to-Month,Credit Card,West,Basic,No,0,33103.44
CUST100006,7,2374.2,1,1,30.8,Month-to-Month,Credit Card,South,Standard,No,0,28490.4
CUST100007,51,5006.93,3,1,29.7,One Year,Debit Card,West,Basic,No,1,60083.16
CUST100008,15,4591.68,2,0,39.2,Month-to-Month,Net Banking,South,Standard,No,1,55100.16
CUST100009,7,3226.89,0,1,24.2,One Year,UPI,West,Standard,Yes,0,38722.68
CUST100010,38,2877.26,1,0,67.5,Month-to-Month,UPI,South,Premium,Yes,0,34527.12
CUST100011,71,3054.69,1,1,39.6,One Year,Credit Card,West,Basic,No,0,36656.28
CUST100012,53,3449.88,0,0,48.0,One Year,Credit Card,East,Basic,Yes,1,41398.56
CUST100013,55,4960.05,3,3,55.8,Month-to-Month,Debit Card,South,Basic,Yes,1,59520.6
CUST100014,52,3664.71,2,3,74.4,Two Year,Debit Card,East,Standard,Yes,1,43976.52
CUST100015,57,3998.63,1,1,56.6,Month-to-Month,UPI,South,Basic,No,1,47983.56
CUST100016,37,4486.2,5,2,38.0,Month-to-Month,Debit Card,North,Basic,No,1,53834.4
CUST100017,10,1913.36,3,0,41.5,Month-to-Month,Credit Card,South,Basic,No,0,22960.32
CUST100018,61,4030.35,1,2,47.4,Month-to-Month,Credit Card,South,Basic,No,1,48364.2
CUST100019,33,2875.97,1,1,59.0,Two Year,Debit Card,South,Premium,No,0,34511.64
CUST100020,37,700.0,2,2,44.3,Month-to-Month,Debit Card,East,Premium,Yes,0,8400.0
CUST100021,27,859.01,1,0,43.0,Two Year,Debit Card,West,Standard,No,0,10308.12
CUST100022,14,2080.07,3,1,45.4,One Year,Net Banking,South,Premium,Yes,0,24960.84
CUST100023,67,3784.35,3,0,12.1,One Year,Credit Card,West,Basic,Yes,1,45412.2
CUST100024,57,3325.18,3,1,44.3,Month-to-Month,Cash,South,Premium,No,1,39902.16
CUST100025,47,3402.8,0,1,53.7,Month-to-Month,Cash,South,Standard,No,1,40833.6
CUST100026,29,5346.04,0,1,41.3,Two Year,Credit Card,South,Basic,No,1,64152.48
CUST100027,60,1804.0,4,2,60.0,Month-to-Month,Net Banking,West,Standard,Yes,0,21648.0
CUST100028,40,3169.82,2,3,60.5,Two Year,Credit Card,North,Standard,No,0,38037.84
CUST100029,32,3534.88,1,0,33.9,Month-to-Month,Cash,South,Standard,No,1,42418.56
CUST100030,33,2390.1,5,2,49.1,One Year,Cash,East,Premium,No,0,28681.2
CUST100031,17,3231.16,3,0,42.7,Two Year,Credit Card,South,Basic,Yes,0,38773.92
CUST100032,7,1440.06,1,0,9.5,One Year,Credit Card,North,Premium,No,0,17280.72
CUST100033,40,4750.9,4,0,39.0,Month-to-Month,Debit Card,North,Premium,No,1,57010.8
CUST100034,64,2450.22,0,0,25.5,One Year,Credit Card,North,Standard,No,0,29402.64
CUST100035,5,5434.54,1,0,44.1,Month-to-Month,Debit Card,South,Standard,Yes,1,65214.48
CUST100036,62,3164.28,2,0,52.9,Month-to-Month,Credit Card,South,Basic,No,0,37971.36
CUST100037,60,4330.86,2,0,38.5,Month-to-Month,Credit Card,West,Standard,Yes,1,51970.32
CUST100038,20,3141.37,4,0,27.6,Two Year,Credit Card,West,Basic,No,0,37696.44
CUST100039,46,3166.18,3,2,45.7,Two Year,Net Banking,North,Basic,No,0,37994.16
CUST100040,12,2557.57,1,2,81.1,Two Year,Debit Card,North,Basic,No,0,30690.84
CUST100041,55,3331.04,2,1,7.2,Month-to-Month,Debit Card,West,Basic,No,1,39972.48
CUST100042,51,3549.8,5,1,45.7,One Year,Net Banking,East,Premium,No,1,42597.6
CUST100043,26,2337.32,4,1,33.3,Month-to-Month,Net Banking,East,Premium,No,0,28047.84
CUST100044,5,3062.45,1,0,35.2,Month-to-Month,Credit Card,East,Basic,Yes,0,36749.4
CUST100045,70,2528.89,4,1,40.3,One Year,UPI,North,Basic,No,0,30346.68
CUST100046,33,5729.63,1,1,36.5,Month-to-Month,Credit Card,South,Premium,No,1,68755.56
CUST100047,65,3101.3,0,2,51.6,Month-to-Month,Debit Card,South,Basic,Yes,0,37215.6
CUST100048,49,4899.76,3,2,38.1,One Year,UPI,South,Premium,Yes,1,58797.12
CUST100049,57,2984.82,3,1,7.4,One Year,Net Banking,West,Standard,Yes,0,35817.84
CUST100050,55,3485.22,1,1,62.5,Month-to-Month,UPI,North,Standard,No,1,41822.64
CUST100051,15,1746.5,0,2,60.1,One Year,Credit Card,North,Basic,Yes,0,20958.0
CUST100052,27,2708.22,2,1,32.3,Two Year,Debit Card,West,Basic,Yes,0,32498.64
CUST100053,34,3431.59,2,1,42.8,Month-to-Month,Debit Card,West,Premium,No,1,41179.08
CUST100054,36,4944.6,1,0,61.5,One Year,Credit Card,South,Basic,No,1,59335.2
CUST100055,4,3444.18,3,0,58.5,One Year,Net Banking,South,Premium,Yes,1,41330.16
CUST100056,40,4722.09,2,1,63.7,Month-to-Month,Net Banking,East,Standard,Yes,1,56665.08
CUST100057,12,3904.8,2,0,48.0,Month-to-Month,UPI,North,Premium,No,1,46857.6
CUST100058,54,4990.14,4,0,54.3,Month-to-Month,Net Banking,West,Standard,No,1,59881.68
CUST100059,50,3135.05,2,1,64.5,One Year,Credit Card,South,Standard,No,0,37620.6
CUST100060,67,5829.24,3,1,36.5,Month-to-Month,Credit Card,North,Premium,No,1,69950.88
CUST100061,54,2666.06,0,0,49.0,Month-to-Month,Net Banking,South,Premium,No,0,31992.72
CUST100062,27,2356.89,0,0,7.7,Month-to-Month,Net Banking,East,Premium,Yes,0,28282.68
CUST100063,70,1868.94,2,0,16.7,One Year,Debit Card,West,Basic,Yes,0,22427.28
CUST100064,30,5764.13,3,1,50.0,Month-to-Month,Credit Card,East,Premium,No,1,69169.56
CUST100065,24,4101.39,2,1,52.4,Month-to-Month,UPI,North,Standard,No,1,49216.68
CUST100066,66,2832.47,1,0,35.8,Two Year,Credit Card,East,Standard,Yes,0,33989.64
CUST100067,27,4573.92,0,0,32.3,Month-to-Month,Debit Card,North,Premium,No,1,54887.04
CUST100068,6,3956.46,2,1,36.3,One Year,Debit Card,North,Basic,No,1,47477.52
CUST100069,34,5362.74,3,2,45.1,Month-to-Month,Cash,South,Standard,Yes,1,64352.88
CUST100070,58,1497.38,0,1,5.0,Month-to-Month,Credit Card,North,Basic,Yes,0,17968.56
CUST100071,14,2908.1,3,0,49.4,Month-to-Month,Debit Card,South,Standard,No,0,34897.2
CUST100072,34,2691.23,4,1,42.5,Two Year,Debit Card,West,Basic,No,0,32294.76
CUST100073,10,1028.95,0,2,46.0,One Year,Net Banking,North,Basic,No,0,12347.4
CUST100074,50,4366.36,1,2,40.0,Month-to-Month,Cash,South,Standard,No,1,52396.32
CUST100075,35,2902.56,3,2,19.9,One Year,Net Banking,North,Basic,Yes,0,34830.72
CUST100076,24,4013.59,5,0,24.4,One Year,UPI,East,Basic,No,1,48163.08
CUST100077,17,5795.75,3,2,66.4,Month-to-Month,Net Banking,South,Basic,No,1,69549.0
CUST100078,41,2811.43,2,0,31.7,Month-to-Month,Cash,North,Basic,No,0,33737.16
CUST100079,49,2736.73,1,0,54.9,Month-to-Month,UPI,West,Standard,No,0,32840.76
CUST100080,68,3330.53,3,1,24.7,Month-to-Month,Debit Card,South,Basic,Yes,1,39966.36
CUST100081,32,4285.97,3,3,41.8,One Year,Debit Card,West,Basic,No,1,51431.64
CUST100082,12,2576.62,0,2,34.9,One Year,Credit Card,West,Basic,Yes,0,30919.44
CUST100083,60,2505.94,3,0,37.4,One Year,Net Banking,South,Basic,Yes,0,30071.28
CUST100084,46,4362.91,5,5,36.6,One Year,Net Banking,West,Basic,No,1,52354.92
CUST100085,51,3616.5,3,0,65.1,One Year,UPI,East,Basic,Yes,1,43398.0
CUST100086,8,950.8,3,2,72.8,One Year,UPI,South,Basic,No,0,11409.6
CUST100087,23,1852.07,3,1,45.8,Two Year,UPI,West,Standard,No,0,22224.84
CUST100088,56,4851.36,3,3,35.4,One Year,Net Banking,South,Standard,No,1,58216.32
CUST100089,60,3642.12,4,1,20.7,One Year,UPI,South,Basic,Yes,1,43705.44
CUST100090,32,2361.58,0,1,19.6,One Year,Debit Card,South,Basic,No,0,28338.96
CUST100091,58,3012.55,1,2,65.2,Month-to-Month,Debit Card,West,Premium,No,0,36150.6
CUST100092,61,3214.56,2,4,18.5,Month-to-Month,UPI,West,Premium,Yes,1,38574.72
CUST100093,28,4009.31,3,3,35.0,One Year,UPI,North,Standard,No,1,48111.72
CUST100094,65,1705.91,1,0,44.5,Month-to-Month,Net Banking,East,Basic,Yes,0,20470.92
CUST100095,21,2274.96,3,2,2.0,Month-to-Month,Credit Card,North,Premium,Yes,0,27299.52
CUST100096,18,3500.25,2,2,22.0,Month-to-Month,Credit Card,West,Basic,No,1,42003.0
CUST100097,50,3090.18,3,0,20.6,Month-to-Month,Credit Card,North,Basic,Yes,1,37082.16
CUST100098,46,3829.05,2,1,31.3,Month-to-Month,UPI,North,Standard,No,1,45948.6
CUST100099,11,1847.54,1,3,46.1,Month-to-Month,Credit Card,East,Basic,No,0,22170.48
CUST100100,60,3592.84,2,4,58.4,One Year,UPI,East,Premium,No,1,43114.08
CUST100101,15,4400.74,3,0,31.4,One Year,Credit Card,South,Standard,No,1,52808.88
CUST100102,58,3735.5,1,3,34.6,Month-to-Month,UPI,East,Premium,No,1,44826.0
CUST100103,1,3353.02,3,1,40.1,Month-to-Month,Debit Card,West,Basic,Yes,1,40236.24
CUST100104,58,3094.53,1,2,29.1,Month-to-Month,UPI,North,Basic,No,0,37134.36
CUST100105,57,2281.66,2,4,48.7,Month-to-Month,UPI,South,Premium,Yes,0,27379.92
CUST100106,57,3120.8,2,3,49.2,One Year,Net Banking,South,Standard,No,0,37449.6
CUST100107,48,4585.68,1,1,2.0,One Year,Debit Card,East,Standard,No,1,55028.16
CUST100108,34,3069.07,0,0,52.2,Month-to-Month,Net Banking,East,Basic,No,0,36828.84
CUST100109,51,2221.22,0,1,44.0,Month-to-Month,Net Banking,South,Basic,Yes,0,26654.64
CUST100110,20,2658.53,4,0,46.1,Two Year,Credit Card,East,Standard,Yes,0,31902.36
CUST100111,57,3420.94,5,2,60.9,Two Year,Debit Card,North,Basic,No,1,41051.28
CUST100112,41,2789.13,2,2,13.4,One Year,Cash,South,Premium,No,0,33469.56
CUST100113,34,3733.83,6,2,21.9,Month-to-Month,Credit Card,East,Basic,No,1,44805.96
CUST100114,37,3775.13,1,1,40.9,Month-to-Month,UPI,South,Basic,No,1,45301.56
CUST100115,41,4177.88,0,0,4.9,Month-to-Month,UPI,West,Standard,Yes,1,50134.56
CUST100116,3,4765.92,3,0,38.6,Month-to-Month,Cash,West,Basic,No,1,57191.04
CUST100117,11,4295.44,1,1,55.5,One Year,UPI,South,Basic,No,1,51545.28
CUST100118,18,2172.34,3,0,48.3,Month-to-Month,Cash,North,Basic,No,0,26068.08
CUST100119,9,2206.11,1,3,43.3,Two Year,Debit Card,North,Standard,No,0,26473.32
CUST100120,32,3116.65,2,1,38.3,One Year,Debit Card,South,Basic,No,0,37399.8
CUST100121,49,2703.71,2,0,35.2,Two Year,Credit Card,West,Standard,Yes,0,32444.52
CUST100122,48,1947.84,2,0,34.2,Two Year,Credit Card,North,Premium,No,0,23374.08
CUST100123,34,2714.14,1,0,45.7,Month-to-Month,Credit Card,South,Basic,No,0,32569.68
CUST100124,62,2678.04,1,1,17.2,One Year,Net Banking,East,Basic,No,0,32136.48
CUST100125,41,2460.97,1,1,65.4,One Year,Net Banking,East,Basic,No,0,29531.64
CUST100126,6,2852.63,2,1,30.2,Month-to-Month,Credit Card,East,Standard,Yes,0,34231.56
CUST100127,56,4496.3,2,0,50.9,Month-to-Month,Credit Card,East,Standard,Yes,1,53955.6
CUST100128,42,3419.16,4,2,43.3,Month-to-Month,Debit Card,West,Premium,No,1,41029.92
CUST100129,46,5918.99,3,1,23.5,Month-to-Month,Credit Card,South,Premium,No,1,71027.88
CUST100130,41,3387.56,4,2,62.7,One Year,Net Banking,North,Basic,No,1,40650.72
CUST100131,40,2880.93,2,0,59.3,Month-to-Month,UPI,East,Basic,No,0,34571.16
CUST100132,7,3204.55,1,1,16.9,Month-to-Month,Net Banking,East,Basic,No,1,38454.6
CUST100133,41,3482.14,1,0,40.8,One Year,Credit Card,North,Standard,No,1,41785.68
CUST100134,58,3678.78,1,2,45.3,One Year,Credit Card,West,Basic,No,1,44145.36
CUST100135,22,5484.38,1,1,8.9,Month-to-Month,Credit Card,East,Premium,No,1,65812.56
CUST100136,44,2270.15,2,2,8.1,One Year,Credit Card,South,Standard,No,0,27241.8
CUST100137,3,4144.95,2,0,28.7,Two Year,UPI,West,Basic,No,1,49739.4
CUST100138,26,3428.53,0,3,21.0,Month-to-Month,Credit Card,East,Standard,Yes,1,41142.36
CUST100139,32,1471.79,3,0,25.3,Month-to-Month,Credit Card,West,Standard,No,0,17661.48
CUST100140,71,4047.77,1,2,21.0,Month-to-Month,UPI,East,Premium,Yes,1,48573.24
CUST100141,16,4594.39,1,2,40.0,One Year,UPI,East,Standard,Yes,1,55132.68
CUST100142,20,2257.11,3,1,27.7,Two Year,Net Banking,North,Standard,No,0,27085.32
CUST100143,30,3190.17,1,0,59.8,Month-to-Month,Net Banking,South,Basic,No,0,38282.04
CUST100144,72,1302.11,1,3,44.9,One Year,Credit Card,East,Standard,No,0,15625.32
CUST100145,62,1815.31,0,0,54.7,Month-to-Month,UPI,West,Standard,No,0,21783.72
CUST100146,3,4352.83,1,1,15.0,One Year,Credit Card,West,Premium,No,1,52233.96
CUST100147,17,2686.94,3,0,31.9,Month-to-Month,Cash,North,Premium,No,0,32243.28
CUST100148,60,1980.32,2,0,44.2,Month-to-Month,Net Banking,East,Premium,No,0,23763.84
CUST100149,5,3452.41,1,1,49.2,Two Year,Net Banking,South,Standard,No,1,41428.92
CUST100150,62,2625.35,0,1,31.6,One Year,Debit Card,East,Standard,No,0,31504.2
CUST100151,21,2682.1,4,0,34.0,Month-to-Month,Net Banking,South,Basic,No,0,32185.2
CUST100152,67,4013.26,3,1,35.7,One Year,UPI,East,Standard,No,1,48159.12
CUST100153,22,1922.09,1,1,37.2,Month-to-Month,Credit Card,South,Basic,No,0,23065.08
CUST100154,32,2204.1,1,1,76.6,Two Year,Net Banking,West,Basic,Yes,0,26449.2
CUST100155,48,3369.49,4,0,47.0,Month-to-Month,UPI,East,Basic,Yes,1,40433.88
CUST100156,10,4266.35,3,0,42.6,Month-to-Month,UPI,North,Standard,No,1,51196.2
CUST100157,41,4561.98,0,3,21.9,Month-to-Month,Net Banking,East,Basic,No,1,54743.76
CUST100158,37,2468.43,1,2,22.2,Month-to-Month,Net Banking,East,Basic,No,0,29621.16
CUST100159,57,4231.11,0,1,38.6,Month-to-Month,UPI,South,Basic,No,1,50773.32
CUST100160,72,2337.44,2,1,60.1,Month-to-Month,Credit Card,South,Standard,No,0,28049.28
CUST100161,48,5208.83,5,0,38.8,One Year,UPI,West,Basic,Yes,1,62505.96
CUST100162,30,1952.85,5,2,39.5,Month-to-Month,UPI,North,Standard,No,0,23434.2
CUST100163,30,4661.33,2,1,30.1,One Year,UPI,North,Premium,No,1,55935.96
CUST100164,31,2477.87,3,2,14.1,Month-to-Month,Debit Card,East,Standard,No,0,29734.44
CUST100165,59,5414.57,1,3,49.0,One Year,Credit Card,South,Basic,No,1,64974.84
CUST100166,24,3850.45,1,0,37.9,One Year,Net Banking,South,Standard,No,1,46205.4
CUST100167,13,2082.38,3,4,49.1,One Year,UPI,South,Premium,No,0,24988.56
CUST100168,25,2625.54,1,0,44.5,Month-to-Month,UPI,South,Standard,No,0,31506.48
CUST100169,2,4059.3,2,1,26.6,One Year,UPI,South,Basic,No,1,48711.6
CUST100170,8,4357.91,4,3,45.6,One Year,Net Banking,East,Standard,Yes,1,52294.92
CUST100171,7,3122.21,2,0,21.3,Two Year,Cash,North,Standard,Yes,0,37466.52
CUST100172,56,3249.12,3,2,45.5,Month-to-Month,Credit Card,South,Premium,Yes,0,38989.44
CUST100173,53,4034.19,8,2,41.0,One Year,Debit Card,East,Basic,No,1,48410.28
CUST100174,51,3344.98,1,2,66.6,One Year,UPI,East,Premium,Yes,1,40139.76
CUST100175,34,1777.14,3,1,28.1,Two Year,UPI,South,Standard,No,0,21325.68
CUST100176,52,2305.73,1,1,20.8,Month-to-Month,UPI,South,Standard,No,0,27668.76
CUST100177,12,3458.63,2,0,35.4,Month-to-Month,UPI,South,Standard,No,1,41503.56
CUST100178,65,4537.03,0,1,51.7,Two Year,Net Banking,North,Basic,No,1,54444.36
CUST100179,37,4977.58,2,0,2.0,Month-to-Month,Debit Card,South,Basic,No,1,59730.96
CUST100180,68,4057.48,1,1,56.0,One Year,Net Banking,East,Basic,Yes,1,48689.76
CUST100181,11,3516.02,2,2,38.7,Month-to-Month,Net Banking,West,Standard,Yes,1,42192.24
CUST100182,36,4023.7,2,2,23.7,Two Year,Net Banking,North,Standard,No,1,48284.4
CUST100183,51,2466.57,1,1,36.1,Month-to-Month,Credit Card,South,Premium,Yes,0,29598.84
CUST100184,36,3031.45,1,0,30.1,Month-to-Month,UPI,West,Standard,No,0,36377.4
CUST100185,33,2293.46,0,0,22.4,One Year,UPI,South,Standard,No,0,27521.52
CUST100186,12,1826.38,2,2,11.0,Month-to-Month,UPI,West,Basic,Yes,0,21916.56
CUST100187,28,3566.9,0,1,53.7,Month-to-Month,UPI,East,Standard,Yes,1,42802.8
CUST100188,18,3404.06,5,0,33.0,One Year,UPI,West,Basic,No,1,40848.72
CUST100189,22,3956.42,2,1,35.7,Month-to-Month,Debit Card,West,Basic,No,1,47477.04
CUST100190,50,3800.72,1,0,55.5,Month-to-Month,Credit Card,North,Basic,No,1,45608.64
CUST100191,46,3466.91,0,0,42.9,One Year,Credit Card,West,Premium,Yes,1,41602.92
CUST100192,44,3812.28,1,2,17.0,Month-to-Month,Credit Card,North,Standard,No,1,45747.36
CUST100193,27,3153.05,3,2,52.8,Two Year,UPI,East,Standard,No,0,37836.6
CUST100194,70,3654.18,2,1,65.7,One Year,UPI,South,Basic,No,1,43850.16
CUST100195,7,2401.24,3,1,50.0,Two Year,Debit Card,East,Basic,Yes,0,28814.88
CUST100196,25,3606.68,2,0,28.2,One Year,Net Banking,North,Premium,No,1,43280.16
CUST100197,9,3935.26,0,1,18.4,Two Year,Net Banking,North,Standard,No,1,47223.12
CUST100198,25,2463.35,1,1,27.6,Month-to-Month,Cash,North,Basic,No,0,29560.2
CUST100199,70,3257.02,1,0,43.6,One Year,Credit Card,South,Premium,Yes,0,39084.24
CUST100200,27,2514.04,2,3,64.8,Two Year,Net Banking,North,Basic,No,0,30168.48
CUST100201,66,2620.84,6,1,29.9,One Year,Net Banking,North,Standard,Yes,0,31450.08
CUST100202,36,1962.58,0,2,31.6,Two Year,Cash,West,Basic,Yes,0,23550.96
CUST100203,51,4592.35,3,1,58.3,Two Year,UPI,West,Premium,No,1,55108.2
CUST100204,33,4372.25,3,0,35.1,Month-to-Month,Net Banking,East,Premium,No,1,52467.0
CUST100205,20,3791.18,0,2,69.4,Month-to-Month,Credit Card,East,Basic,No,1,45494.16
CUST100206,56,5369.42,2,2,39.6,Month-to-Month,Credit Card,South,Premium,Yes,1,64433.04
CUST100207,70,2991.83,2,2,60.7,Two Year,Credit Card,East,Premium,No,0,35901.96
CUST100208,19,6534.94,1,1,48.1,Two Year,Credit Card,South,Standard,Yes,1,78419.28
CUST100209,57,2949.72,2,2,53.3,Month-to-Month,Net Banking,North,Standard,Yes,0,35396.64
CUST100210,19,3480.71,3,1,39.2,Month-to-Month,Cash,East,Standard,No,1,41768.52
CUST100211,52,2762.44,1,0,40.2,Month-to-Month,Debit Card,West,Basic,Yes,0,33149.28
CUST100212,57,3609.56,0,0,48.7,Month-to-Month,UPI,South,Basic,No,1,43314.72
CUST100213,33,4119.18,3,0,54.8,Month-to-Month,Credit Card,North,Basic,No,1,49430.16
CUST100214,54,3074.69,2,0,50.4,Two Year,Credit Card,West,Basic,Yes,0,36896.28
CUST100215,20,5154.39,2,1,13.7,Month-to-Month,Debit Card,South,Standard,No,1,61852.68
CUST100216,6,3463.06,1,0,46.1,One Year,UPI,South,Basic,Yes,1,41556.72
CUST100217,7,3497.53,2,0,31.5,One Year,Debit Card,North,Standard,Yes,1,41970.36
CUST100218,33,2200.1,0,1,33.3,One Year,Credit Card,North,Standard,No,0,26401.2
CUST100219,65,3660.35,0,1,49.3,Month-to-Month,UPI,East,Basic,Yes,1,43924.2
CUST100220,10,3052.57,1,0,69.2,Month-to-Month,UPI,West,Basic,No,0,36630.84
CUST100221,33,2530.94,0,1,38.3,Month-to-Month,UPI,East,Standard,No,0,30371.28
CUST100222,51,2345.88,1,2,73.6,Month-to-Month,Net Banking,West,Premium,No,0,28150.56
CUST100223,15,6138.94,1,0,24.4,Month-to-Month,Debit Card,North,Standard,No,1,73667.28
CUST100224,52,2910.18,3,1,61.7,Month-to-Month,Debit Card,North,Premium,No,0,34922.16
CUST100225,23,1597.32,2,2,48.9,One Year,UPI,South,Premium,No,0,19167.84
CUST100226,59,2431.96,2,0,45.3,Month-to-Month,Net Banking,North,Standard,No,0,29183.52
CUST100227,42,3143.28,2,1,64.1,One Year,UPI,East,Standard,No,0,37719.36
CUST100228,40,3801.33,2,1,31.8,Month-to-Month,Credit Card,West,Standard,Yes,1,45615.96
CUST100229,13,3810.28,0,1,62.4,Month-to-Month,Debit Card,North,Basic,No,1,45723.36
CUST100230,34,3944.28,5,0,38.7,Month-to-Month,UPI,West,Basic,No,1,47331.36
CUST100231,62,2490.65,1,2,31.7,Month-to-Month,Net Banking,South,Basic,Yes,0,29887.8
CUST100232,2,3574.48,3,2,20.8,Month-to-Month,UPI,North,Basic,No,1,42893.76
CUST100233,55,2236.33,2,3,67.4,One Year,Credit Card,South,Basic,Yes,0,26835.96
CUST100234,36,2518.39,2,2,60.3,Month-to-Month,Credit Card,South,Basic,Yes,0,30220.68
CUST100235,52,2190.52,1,2,34.4,Month-to-Month,UPI,East,Standard,Yes,0,26286.24
CUST100236,48,1892.77,3,1,50.7,Month-to-Month,Net Banking,East,Basic,Yes,0,22713.24
CUST100237,32,4370.63,1,1,44.0,Month-to-Month,Credit Card,East,Standard,Yes,1,52447.56
CUST100238,23,3957.47,1,3,36.4,One Year,Net Banking,East,Basic,Yes,1,47489.64
CUST100239,46,4274.33,2,2,57.4,One Year,Net Banking,East,Standard,No,1,51291.96
CUST100240,11,3243.24,0,4,32.0,One Year,Credit Card,North,Standard,Yes,1,38918.88
CUST100241,43,4054.49,2,2,6.9,One Year,UPI,West,Standard,No,1,48653.88
CUST100242,7,1262.58,1,1,46.2,Month-to-Month,Credit Card,North,Basic,No,0,15150.96
CUST100243,47,4149.4,0,2,43.1,Month-to-Month,Credit Card,East,Premium,No,1,49792.8
CUST100244,46,3394.83,3,0,32.5,One Year,Cash,West,Standard,Yes,1,40737.96
CUST100245,7,3889.82,1,0,27.7,One Year,Debit Card,North,Standard,No,1,46677.84
CUST100246,55,3618.03,0,0,17.0,One Year,Debit Card,South,Basic,Yes,1,43416.36
CUST100247,30,2114.24,1,0,36.2,One Year,UPI,North,Premium,No,0,25370.88
CUST100248,57,1552.16,1,2,28.0,One Year,Credit Card,North,Basic,No,0,18625.92
CUST100249,3,2416.74,1,2,57.4,One Year,Credit Card,East,Premium,No,0,29000.88
CUST100250,13,3821.41,1,2,50.3,One Year,Cash,West,Basic,No,1,45856.92
CUST100251,36,3959.1,2,1,34.2,Two Year,Debit Card,South,Premium,No,1,47509.2
CUST100252,14,1695.26,1,3,50.4,Month-to-Month,UPI,West,Premium,Yes,0,20343.12
CUST100253,24,2120.79,2,2,40.3,Month-to-Month,Cash,South,Basic,Yes,0,25449.48
CUST100254,48,2404.44,1,1,37.7,Month-to-Month,UPI,West,Basic,No,0,28853.28
CUST100255,11,2806.96,0,1,41.1,Month-to-Month,Debit Card,West,Premium,No,0,33683.52
CUST100256,49,1701.74,2,0,70.3,Month-to-Month,Net Banking,East,Standard,No,0,20420.88
CUST100257,8,1635.74,3,2,52.3,One Year,Debit Card,South,Basic,Yes,0,19628.88
CUST100258,13,2295.98,3,0,37.2,Month-to-Month,Cash,East,Standard,No,0,27551.76
CUST100259,43,3294.88,6,2,56.3,Month-to-Month,Net Banking,East,Premium,Yes,0,39538.56
CUST100260,58,1901.35,1,2,55.7,Month-to-Month,UPI,West,Premium,No,0,22816.2
CUST100261,13,3072.62,4,3,46.2,Month-to-Month,Debit Card,South,Basic,No,0,36871.44
CUST100262,22,4364.41,3,2,36.7,One Year,Net Banking,West,Standard,Yes,1,52372.92
CUST100263,67,1768.04,3,0,35.7,Month-to-Month,Credit Card,South,Standard,No,0,21216.48
CUST100264,72,2972.91,2,0,24.8,Month-to-Month,Net Banking,West,Basic,Yes,0,35674.92
CUST100265,42,4327.23,0,3,44.9,Month-to-Month,Net Banking,East,Basic,No,1,51926.76
CUST100266,33,2739.9,2,1,32.2,Two Year,Credit Card,North,Basic,No,0,32878.8
CUST100267,25,2568.96,1,2,35.0,Month-to-Month,UPI,South,Basic,Yes,0,30827.52
CUST100268,45,4479.85,0,0,52.0,Month-to-Month,UPI,West,Standard,No,1,53758.2
CUST100269,43,2863.18,2,3,69.0,Month-to-Month,UPI,East,Basic,No,0,34358.16
CUST100270,22,4414.94,2,2,48.0,Month-to-Month,Debit Card,East,Standard,No,1,52979.28
CUST100271,2,3671.86,2,1,40.3,One Year,Debit Card,West,Standard,No,1,44062.32
CUST100272,11,2822.87,2,2,41.7,Month-to-Month,UPI,West,Basic,No,0,33874.44
CUST100273,70,3727.66,3,0,60.2,Month-to-Month,Debit Card,North,Standard,Yes,1,44731.92
CUST100274,31,3552.49,2,0,41.5,Two Year,UPI,South,Basic,No,1,42629.88
CUST100275,35,4322.97,1,0,45.1,Month-to-Month,Net Banking,West,Standard,No,1,51875.64
CUST100276,34,2596.82,2,2,46.2,Month-to-Month,Net Banking,North,Basic,Yes,0,31161.84
CUST100277,57,3245.33,1,0,19.1,Two Year,UPI,West,Standard,Yes,0,38943.96
CUST100278,5,3132.33,4,0,48.2,Month-to-Month,UPI,South,Standard,Yes,1,37587.96
CUST100279,6,3974.56,1,1,28.0,Month-to-Month,Cash,South,Standard,No,1,47694.72
CUST100280,20,2072.3,2,2,48.3,Month-to-Month,UPI,East,Basic,No,0,24867.6
CUST100281,36,4318.67,1,1,30.2,Two Year,Net Banking,West,Premium,No,1,51824.04
CUST100282,49,3712.96,1,0,51.5,Two Year,UPI,South,Standard,No,1,44555.52
CUST100283,36,1751.38,0,3,39.6,Month-to-Month,Credit Card,North,Standard,No,0,21016.56
CUST100284,32,4529.09,2,0,23.7,One Year,Debit Card,West,Standard,No,1,54349.08
CUST100285,68,5657.5,2,1,37.3,Month-to-Month,Credit Card,East,Premium,No,1,67890.0
CUST100286,12,4302.02,3,0,77.3,Month-to-Month,Net Banking,North,Standard,Yes,1,51624.24
CUST100287,42,4769.68,2,1,5.6,Two Year,Cash,North,Standard,No,1,57236.16
CUST100288,40,3293.91,0,0,44.7,Month-to-Month,Credit Card,East,Standard,No,1,39526.92
CUST100289,35,1372.34,1,0,25.8,Month-to-Month,Credit Card,East,Standard,No,0,16468.08
CUST100290,59,1171.47,6,1,64.0,Month-to-Month,Debit Card,West,Standard,No,0,14057.64
CUST100291,20,3480.59,1,1,55.1,Two Year,Net Banking,West,Standard,No,1,41767.08
CUST100292,69,2548.82,1,0,45.0,One Year,UPI,East,Standard,No,0,30585.84
CUST100293,24,2193.97,1,1,56.7,One Year,Credit Card,East,Standard,Yes,0,26327.64
CUST100294,40,3130.98,2,1,45.9,One Year,Credit Card,South,Standard,No,0,37571.76
CUST100295,38,3877.14,2,1,42.1,One Year,Credit Card,East,Basic,No,1,46525.68
CUST100296,62,1601.97,2,2,32.4,Two Year,Net Banking,West,Standard,No,0,19223.64
CUST100297,32,2706.23,1,1,36.2,One Year,Net Banking,North,Standard,No,0,32474.76
CUST100298,21,4860.86,2,2,34.6,One Year,Net Banking,South,Standard,Yes,1,58330.32
CUST100299,2,2017.18,2,1,42.2,Two Year,Debit Card,North,Standard,No,0,24206.16
CUST100300,27,4156.74,0,2,11.7,Month-to-Month,Net Banking,East,Basic,No,1,49880.88
CUST100301,60,2666.8,2,2,58.5,Month-to-Month,UPI,East,Basic,Yes,0,32001.6
CUST100302,1,3800.37,2,1,73.1,Two Year,UPI,South,Standard,No,1,45604.44
CUST100303,65,4407.06,1,1,35.1,Two Year,Credit Card,West,Basic,No,1,52884.72
CUST100304,40,4015.41,1,2,60.8,Month-to-Month,Credit Card,East,Basic,No,1,48184.92
CUST100305,11,4200.08,2,2,39.9,One Year,Net Banking,West,Premium,Yes,1,50400.96
CUST100306,22,1933.25,2,0,32.4,One Year,Net Banking,West,Basic,No,0,23199.0
CUST100307,40,4425.03,4,1,35.9,Month-to-Month,Credit Card,West,Basic,No,1,53100.36
CUST100308,23,2262.04,6,0,43.4,Month-to-Month,UPI,North,Basic,No,0,27144.48
CUST100309,8,3485.5,3,0,30.5,Month-to-Month,UPI,West,Basic,No,1,41826.0
CUST100310,48,3484.07,2,1,51.7,Month-to-Month,Credit Card,West,Basic,No,1,41808.84
CUST100311,49,3733.63,2,1,33.7,Month-to-Month,Debit Card,West,Basic,No,1,44803.56
CUST100312,9,3570.65,0,5,24.8,Month-to-Month,Net Banking,West,Basic,No,1,42847.8
CUST100313,21,2271.81,3,0,41.7,One Year,UPI,West,Premium,No,0,27261.72
CUST100314,18,1715.15,0,0,30.9,Month-to-Month,Net Banking,East,Standard,No,0,20581.8
CUST100315,48,4159.58,4,0,36.8,Month-to-Month,Net Banking,North,Basic,No,1,49914.96
CUST100316,53,3404.42,1,4,41.1,One Year,Credit Card,South,Premium,No,1,40853.04
CUST100317,53,4464.31,4,1,20.6,Month-to-Month,UPI,North,Premium,Yes,1,53571.72
CUST100318,68,3150.79,0,2,65.3,Two Year,UPI,South,Basic,Yes,1,37809.48
CUST100319,56,1654.32,3,0,55.0,Month-to-Month,Debit Card,South,Basic,No,0,19851.84
CUST100320,24,4262.74,1,4,31.9,One Year,Net Banking,East,Basic,Yes,1,51152.88
CUST100321,8,2792.59,1,5,41.7,Month-to-Month,Debit Card,West,Standard,No,0,33511.08
CUST100322,45,3576.2,3,2,52.2,Two Year,Net Banking,West,Standard,No,0,42914.4
CUST100323,66,2487.79,0,2,45.3,Month-to-Month,Credit Card,West,Standard,No,0,29853.48
CUST100324,71,5008.73,5,1,72.1,Two Year,UPI,North,Standard,No,1,60104.76
CUST100325,17,2235.78,2,0,38.2,Month-to-Month,UPI,West,Basic,Yes,0,26829.36
CUST100326,18,2828.83,1,1,61.0,One Year,Net Banking,West,Basic,No,0,33945.96
CUST100327,3,3318.19,2,2,20.6,Month-to-Month,Credit Card,West,Standard,No,1,39818.28
CUST100328,11,1998.6,2,0,23.1,Month-to-Month,Net Banking,North,Basic,No,0,23983.2
CUST100329,40,3563.57,5,2,69.0,Month-to-Month,Credit Card,West,Basic,Yes,1,42762.84
CUST100330,40,4973.1,3,1,35.1,One Year,UPI,South,Basic,No,1,59677.2
CUST100331,27,2660.49,1,1,23.3,Month-to-Month,Debit Card,East,Standard,No,0,31925.88
CUST100332,23,3634.66,2,1,41.2,One Year,Debit Card,South,Standard,No,1,43615.92
CUST100333,60,700.0,3,1,62.2,Month-to-Month,Debit Card,West,Basic,No,0,8400.0
CUST100334,34,3157.18,1,2,29.8,Month-to-Month,UPI,West,Basic,Yes,0,37886.16
CUST100335,59,2855.65,1,1,41.3,One Year,UPI,West,Standard,No,0,34267.8
CUST100336,70,2299.65,0,0,12.3,Month-to-Month,Debit Card,North,Standard,No,0,27595.8
CUST100337,23,4389.6,1,0,34.5,Month-to-Month,Debit Card,North,Standard,No,1,52675.2
CUST100338,15,2841.13,0,2,58.0,Two Year,UPI,West,Standard,No,0,34093.56
CUST100339,69,3004.77,1,0,29.5,Month-to-Month,Credit Card,West,Standard,Yes,0,36057.24
CUST100340,46,2785.09,2,0,21.6,One Year,Debit Card,West,Basic,No,0,33421.08
CUST100341,21,1091.5,3,1,29.6,Month-to-Month,Debit Card,West,Standard,No,0,13098.0
CUST100342,45,1954.81,3,1,32.2,One Year,UPI,North,Basic,Yes,0,23457.72
CUST100343,38,4257.2,0,2,54.2,Month-to-Month,Cash,South,Standard,No,1,51086.4
CUST100344,66,879.05,2,1,48.1,One Year,UPI,North,Premium,Yes,0,10548.6
CUST100345,19,2357.05,2,1,51.2,One Year,UPI,South,Basic,No,0,28284.6
CUST100346,72,2760.31,0,1,42.5,Month-to-Month,UPI,North,Basic,Yes,0,33123.72
CUST100347,68,5117.98,2,2,32.1,Month-to-Month,UPI,South,Standard,No,1,61415.76
CUST100348,14,4045.46,1,0,29.6,Month-to-Month,Debit Card,East,Standard,Yes,1,48545.52
CUST100349,12,2587.11,1,1,48.9,One Year,UPI,West,Basic,No,0,31045.32
CUST100350,39,4634.97,2,1,67.4,Month-to-Month,UPI,North,Basic,No,1,55619.64
CUST100351,4,2385.43,2,1,26.9,Month-to-Month,UPI,West,Basic,Yes,0,28625.16
CUST100352,22,4310.01,2,2,25.7,Month-to-Month,UPI,North,Basic,Yes,1,51720.12
CUST100353,32,1705.24,0,2,23.8,One Year,Credit Card,West,Premium,No,0,20462.88
CUST100354,70,4380.58,4,1,55.3,Month-to-Month,UPI,South,Standard,No,1,52566.96
CUST100355,72,2753.25,3,0,41.3,Two Year,Credit Card,North,Standard,No,0,33039.0
CUST100356,11,2068.65,2,3,50.9,Two Year,Net Banking,West,Premium,No,0,24823.8
CUST100357,65,2961.14,2,0,33.9,Month-to-Month,Credit Card,North,Basic,No,0,35533.68
CUST100358,7,3505.08,2,0,51.9,Two Year,UPI,East,Premium,No,1,42060.96
CUST100359,54,2655.78,0,0,37.4,One Year,Debit Card,West,Premium,Yes,0,31869.36
CUST100360,61,3809.35,0,1,17.3,Month-to-Month,UPI,South,Basic,Yes,1,45712.2
CUST100361,65,2558.71,0,1,56.8,Month-to-Month,UPI,East,Premium,No,0,30704.52
CUST100362,17,3882.41,2,0,41.4,Month-to-Month,Credit Card,East,Standard,No,1,46588.92
CUST100363,65,3686.44,2,0,37.0,One Year,UPI,North,Basic,No,1,44237.28
CUST100364,9,3132.98,2,1,46.5,Two Year,UPI,East,Basic,No,0,37595.76
CUST100365,38,2714.48,1,0,18.9,One Year,UPI,West,Basic,Yes,0,32573.76
CUST100366,34,3366.69,5,1,48.9,One Year,Credit Card,South,Standard,No,1,40400.28
CUST100367,23,3805.28,3,1,32.5,One Year,UPI,North,Basic,Yes,1,45663.36
CUST100368,2,5467.98,1,1,39.5,Month-to-Month,UPI,South,Basic,Yes,1,65615.76
CUST100369,56,4233.36,1,0,60.2,Month-to-Month,Net Banking,East,Standard,Yes,1,50800.32
CUST100370,25,4273.59,1,0,52.3,Month-to-Month,Debit Card,West,Standard,No,1,51283.08
CUST100371,48,6597.36,4,2,39.2,One Year,Debit Card,West,Basic,No,1,79168.32
CUST100372,30,3767.55,0,1,40.4,One Year,Credit Card,West,Basic,No,1,45210.6
CUST100373,27,3733.11,6,1,2.0,Month-to-Month,Debit Card,South,Standard,No,1,44797.32
CUST100374,64,3974.42,1,2,28.8,Month-to-Month,Debit Card,East,Standard,No,1,47693.04
CUST100375,7,2090.14,0,1,44.7,Month-to-Month,Credit Card,South,Standard,Yes,0,25081.68
CUST100376,54,2711.71,3,0,29.8,One Year,Net Banking,North,Basic,No,0,32540.52
CUST100377,54,2643.21,2,0,20.8,Month-to-Month,Net Banking,South,Basic,No,0,31718.52
CUST100378,28,3912.38,2,0,49.7,Month-to-Month,UPI,South,Premium,Yes,1,46948.56
CUST100379,19,3008.41,1,0,62.9,Two Year,Credit Card,West,Basic,Yes,0,36100.92
CUST100380,1,3352.05,0,1,30.5,Two Year,UPI,West,Basic,Yes,1,40224.6
CUST100381,68,4396.2,1,1,56.0,Month-to-Month,Credit Card,South,Basic,No,1,52754.4
CUST100382,69,4149.47,2,0,53.6,One Year,Net Banking,South,Basic,Yes,1,49793.64
CUST100383,18,3022.11,1,0,26.4,Month-to-Month,Debit Card,West,Basic,No,0,36265.32
CUST100384,3,2463.01,6,0,30.4,One Year,Credit Card,South,Premium,Yes,0,29556.12
CUST100385,9,4448.8,3,1,70.8,Month-to-Month,Credit Card,South,Basic,No,1,53385.6
CUST100386,5,4051.28,2,0,24.1,Month-to-Month,Debit Card,West,Standard,Yes,1,48615.36
CUST100387,60,1433.12,1,2,32.3,One Year,Credit Card,West,Basic,Yes,0,17197.44
CUST100388,65,2855.53,2,2,73.5,Month-to-Month,Debit Card,West,Basic,No,0,34266.36
CUST100389,12,3382.07,2,2,32.9,One Year,Debit Card,West,Standard,Yes,1,40584.84
CUST100390,54,4056.71,3,0,63.6,Month-to-Month,Net Banking,West,Standard,No,1,48680.52
CUST100391,13,4201.11,0,1,25.6,Month-to-Month,Debit Card,South,Basic,No,1,50413.32
CUST100392,27,3512.3,2,3,44.2,Two Year,Debit Card,South,Basic,No,1,42147.6
CUST100393,44,3843.77,5,3,59.4,Month-to-Month,Debit Card,South,Basic,Yes,1,46125.24
CUST100394,52,3270.55,3,1,34.5,Month-to-Month,Cash,South,Premium,Yes,1,39246.6
CUST100395,63,2458.76,0,3,43.6,Month-to-Month,Net Banking,West,Standard,No,0,29505.12
CUST100396,4,2912.61,3,0,53.9,Month-to-Month,Debit Card,South,Premium,Yes,0,34951.32
CUST100397,15,3220.89,0,0,27.6,One Year,Net Banking,North,Basic,No,0,38650.68
CUST100398,21,3161.85,3,0,77.8,Month-to-Month,Net Banking,South,Standard,No,0,37942.2
CUST100399,23,1125.87,3,3,58.6,Two Year,Credit Card,West,Standard,Yes,0,13510.44
CUST100400,72,2762.77,4,3,36.3,Month-to-Month,Net Banking,South,Premium,No,0,33153.24
CUST100401,56,3261.83,1,1,38.2,Month-to-Month,Cash,North,Standard,No,1,39141.96
CUST100402,24,2890.49,0,0,72.6,Month-to-Month,UPI,East,Basic,No,0,34685.88
CUST100403,70,2928.49,5,2,36.3,Month-to-Month,Credit Card,North,Standard,Yes,0,35141.88
CUST100404,36,3736.79,4,3,34.4,Month-to-Month,Credit Card,North,Premium,No,1,44841.48
CUST100405,37,2013.15,1,0,60.3,Month-to-Month,Debit Card,South,Standard,No,0,24157.8
CUST100406,32,1409.15,1,2,19.6,Month-to-Month,Cash,West,Premium,No,0,16909.8
CUST100407,11,2817.01,1,0,40.7,One Year,Credit Card,North,Standard,No,0,33804.12
CUST100408,68,4040.53,2,0,43.3,Two Year,Net Banking,North,Basic,No,1,48486.36
CUST100409,2,5056.31,2,0,30.7,Month-to-Month,Net Banking,North,Basic,No,1,60675.72
CUST100410,13,4060.34,2,1,17.0,Month-to-Month,Debit Card,West,Basic,Yes,1,48724.08
CUST100411,17,1584.91,5,0,43.1,One Year,Debit Card,South,Basic,Yes,0,19018.92
CUST100412,21,2944.4,4,2,53.0,Month-to-Month,Debit Card,East,Standard,Yes,0,35332.8
CUST100413,10,3482.3,2,0,31.1,Month-to-Month,UPI,North,Basic,Yes,1,41787.6
CUST100414,2,3395.35,3,2,23.1,Two Year,UPI,West,Basic,Yes,1,40744.2
CUST100415,49,3793.24,4,0,62.1,Month-to-Month,Credit Card,South,Basic,Yes,1,45518.88
CUST100416,70,2191.25,2,1,50.5,Month-to-Month,UPI,South,Premium,Yes,0,26295.0
CUST100417,9,3271.44,1,2,36.2,Month-to-Month,Debit Card,South,Standard,No,1,39257.28
CUST100418,22,3662.36,2,2,56.7,Month-to-Month,Net Banking,East,Basic,Yes,1,43948.32
CUST100419,37,4108.24,2,0,45.9,Two Year,UPI,South,Standard,No,1,49298.88
CUST100420,67,2313.71,0,2,70.6,Month-to-Month,Debit Card,North,Premium,No,0,27764.52
CUST100421,50,2820.33,0,2,52.6,Month-to-Month,UPI,South,Standard,No,0,33843.96
CUST100422,56,700.0,3,0,19.8,Month-to-Month,Credit Card,West,Basic,Yes,0,8400.0
CUST100423,42,2516.39,1,0,31.5,One Year,UPI,West,Basic,Yes,0,30196.68
CUST100424,31,2623.14,0,2,32.2,Month-to-Month,UPI,West,Standard,No,0,31477.68
CUST100425,15,2078.46,2,0,47.0,Month-to-Month,Net Banking,South,Basic,No,0,24941.52
CUST100426,63,3382.17,3,2,37.1,Month-to-Month,Credit Card,East,Basic,No,1,40586.04
CUST100427,58,3138.46,1,1,24.0,Month-to-Month,UPI,West,Basic,No,1,37661.52
CUST100428,2,714.86,1,0,51.4,Two Year,UPI,South,Basic,No,0,8578.32
CUST100429,52,3437.06,4,0,58.0,Month-to-Month,Net Banking,North,Basic,No,1,41244.72
CUST100430,7,2178.84,0,2,40.4,Month-to-Month,Credit Card,North,Basic,No,0,26146.08
CUST100431,54,3734.26,4,4,45.4,Two Year,Cash,West,Basic,No,1,44811.12
CUST100432,60,1789.96,2,1,26.5,Two Year,Debit Card,West,Standard,Yes,0,21479.52
CUST100433,10,3233.01,2,1,33.6,Month-to-Month,Credit Card,South,Premium,Yes,1,38796.12
CUST100434,32,2888.52,2,1,34.3,Month-to-Month,Credit Card,West,Basic,Yes,0,34662.24
CUST100435,9,3533.41,0,2,50.9,Two Year,Net Banking,East,Standard,Yes,1,42400.92
CUST100436,41,3337.17,0,2,46.1,Month-to-Month,Net Banking,South,Basic,No,0,40046.04
CUST100437,67,2919.32,3,2,36.7,Month-to-Month,UPI,North,Standard,Yes,0,35031.84
CUST100438,6,1510.1,0,1,36.1,Month-to-Month,Credit Card,East,Basic,No,0,18121.2
CUST100439,29,1575.07,0,0,10.5,One Year,UPI,South,Premium,No,0,18900.84
CUST100440,71,2557.72,1,2,67.7,Month-to-Month,Net Banking,South,Basic,No,0,30692.64
CUST100441,22,3190.89,1,1,8.6,Month-to-Month,Net Banking,South,Basic,No,1,38290.68
CUST100442,10,2530.93,2,1,48.8,One Year,UPI,South,Standard,No,0,30371.16
CUST100443,36,3887.73,0,0,42.6,One Year,Credit Card,East,Standard,No,1,46652.76
CUST100444,37,2892.86,3,3,37.7,Month-to-Month,Credit Card,South,Standard,No,0,34714.32
CUST100445,48,2138.49,2,1,41.9,Month-to-Month,Cash,West,Basic,No,0,25661.88
CUST100446,23,2894.09,2,0,31.4,One Year,Credit Card,South,Standard,No,0,34729.08
CUST100447,69,3448.45,3,0,52.4,Month-to-Month,UPI,South,Premium,No,1,41381.4
CUST100448,38,3557.37,3,1,21.0,One Year,Net Banking,North,Standard,Yes,1,42688.44
CUST100449,21,5266.22,0,1,47.2,Month-to-Month,UPI,North,Basic,No,1,63194.64
CUST100450,70,2464.2,1,0,31.2,One Year,Debit Card,North,Premium,Yes,0,29570.4
CUST100451,67,3119.17,0,1,35.2,Month-to-Month,Credit Card,South,Standard,No,0,37430.04
CUST100452,36,3668.74,1,1,35.6,Month-to-Month,Net Banking,North,Standard,No,1,44024.88
CUST100453,2,3174.23,3,0,39.4,Month-to-Month,Debit Card,South,Basic,Yes,1,38090.76
CUST100454,43,2649.32,2,0,50.0,Month-to-Month,UPI,East,Basic,No,0,31791.84
CUST100455,40,1495.82,4,1,41.4,One Year,Net Banking,West,Standard,No,0,17949.84
CUST100456,11,2638.08,3,2,56.9,One Year,Net Banking,South,Standard,Yes,0,31656.96
CUST100457,46,2018.93,1,0,58.7,One Year,Credit Card,South,Basic,Yes,0,24227.16
CUST100458,61,1300.73,1,1,46.9,One Year,Debit Card,West,Standard,Yes,0,15608.76
CUST100459,8,2324.75,4,2,52.9,Month-to-Month,Debit Card,South,Basic,Yes,0,27897.0
CUST100460,53,2048.2,2,0,74.4,One Year,Credit Card,South,Premium,Yes,0,24578.4
CUST100461,11,3842.17,2,2,19.4,Month-to-Month,UPI,North,Basic,No,1,46106.04
CUST100462,54,3861.2,2,1,59.2,One Year,Credit Card,North,Premium,No,1,46334.4
CUST100463,31,2205.73,1,2,66.7,Month-to-Month,UPI,East,Standard,No,0,26468.76
CUST100464,1,2913.75,0,0,48.9,Month-to-Month,Net Banking,North,Standard,Yes,1,34965.0
CUST100465,70,1155.93,3,1,72.5,One Year,Net Banking,South,Basic,Yes,0,13871.16
CUST100466,12,2656.23,4,0,70.4,Two Year,UPI,North,Basic,Yes,0,31874.76
CUST100467,43,3638.88,3,0,36.6,Month-to-Month,Net Banking,South,Premium,No,1,43666.56
CUST100468,14,4107.43,0,1,37.8,One Year,UPI,East,Premium,No,1,49289.16
CUST100469,68,2415.65,1,0,50.5,Month-to-Month,UPI,North,Standard,Yes,0,28987.8
CUST100470,54,4357.04,3,2,32.0,Month-to-Month,UPI,North,Basic,No,1,52284.48
CUST100471,58,1532.74,0,0,85.4,Month-to-Month,Credit Card,West,Standard,Yes,0,18392.88
CUST100472,32,1827.61,3,1,54.6,Month-to-Month,Net Banking,East,Standard,No,0,21931.32
CUST100473,34,3980.63,2,2,42.7,Month-to-Month,Credit Card,West,Standard,Yes,1,47767.56
CUST100474,46,5038.23,0,2,19.4,One Year,Cash,North,Standard,No,1,60458.76
CUST100475,57,3742.78,5,2,46.0,Month-to-Month,Credit Card,East,Standard,No,1,44913.36
CUST100476,61,3155.62,4,0,23.0,Month-to-Month,UPI,South,Standard,No,1,37867.44
CUST100477,2,785.3,0,0,54.2,Month-to-Month,Credit Card,South,Premium,Yes,0,9423.6
CUST100478,48,975.31,2,3,2.0,Month-to-Month,Debit Card,East,Premium,Yes,0,11703.72
CUST100479,8,3342.35,2,1,64.1,One Year,Credit Card,North,Basic,No,1,40108.2
CUST100480,21,2806.13,3,0,35.2,One Year,Credit Card,South,Standard,No,0,33673.56
CUST100481,60,1983.58,3,0,14.9,Month-to-Month,UPI,South,Standard,No,0,23802.96
CUST100482,19,3272.09,3,1,41.7,One Year,Debit Card,North,Standard,Yes,1,39265.08
CUST100483,58,3326.64,2,1,42.3,One Year,Credit Card,East,Basic,Yes,1,39919.68
CUST100484,34,4238.86,3,0,41.0,Month-to-Month,Cash,South,Standard,No,1,50866.32
CUST100485,17,3350.26,3,0,64.1,Month-to-Month,Credit Card,South,Basic,No,1,40203.12
CUST100486,25,4551.23,3,2,48.1,Month-to-Month,UPI,East,Basic,No,1,54614.76
CUST100487,39,3208.79,2,2,54.7,Month-to-Month,Net Banking,South,Basic,No,0,38505.48
CUST100488,56,3073.13,1,0,38.0,Month-to-Month,UPI,North,Standard,No,0,36877.56
CUST100489,44,4370.74,4,2,48.8,Month-to-Month,UPI,North,Basic,Yes,1,52448.88
CUST100490,68,2123.72,3,1,21.1,Month-to-Month,Debit Card,South,Standard,No,0,25484.64
CUST100491,63,6295.89,2,3,46.1,Month-to-Month,UPI,West,Premium,No,1,75550.68
CUST100492,55,3612.78,0,1,29.9,Month-to-Month,Credit Card,West,Standard,Yes,1,43353.36
CUST100493,44,3618.91,3,1,63.1,Two Year,Credit Card,South,Premium,No,1,43426.92
CUST100494,21,3777.61,4,0,43.2,Two Year,Net Banking,South,Basic,No,1,45331.32
CUST100495,30,5264.85,1,3,52.6,Two Year,Debit Card,East,Basic,Yes,1,63178.2
CUST100496,9,4071.76,4,0,46.2,One Year,Net Banking,West,Basic,Yes,1,48861.12
CUST100497,27,1434.44,1,1,70.9,Two Year,Cash,East,Premium,No,0,17213.28
CUST100498,67,4743.82,0,0,17.0,Month-to-Month,Debit Card,East,Standard,Yes,1,56925.84
CUST100499,31,2825.01,6,4,40.2,Month-to-Month,UPI,North,Basic,No,0,33900.12
CUST100500,9,3317.87,4,0,26.6,One Year,Net Banking,West,Premium,No,0,39814.44
CUST100501,47,1792.82,2,0,9.2,Month-to-Month,Net Banking,South,Standard,No,0,21513.84
CUST100502,70,3778.82,2,1,25.6,Month-to-Month,Credit Card,South,Premium,No,1,45345.84
CUST100503,63,2483.49,4,1,60.8,One Year,Debit Card,North,Basic,No,0,29801.88
CUST100504,20,3310.19,4,2,41.5,Two Year,Credit Card,North,Premium,Yes,1,39722.28
CUST100505,33,2887.49,0,2,38.5,Month-to-Month,UPI,South,Standard,No,0,34649.88
CUST100506,39,5317.51,2,2,54.4,Month-to-Month,Net Banking,West,Basic,No,1,63810.12
CUST100507,18,5380.49,3,2,43.8,Month-to-Month,Credit Card,East,Basic,No,1,64565.88
CUST100508,20,3251.16,0,1,51.8,Month-to-Month,Credit Card,South,Standard,Yes,0,39013.92
CUST100509,18,3270.38,4,2,47.2,One Year,Credit Card,North,Standard,No,1,39244.56
CUST100510,72,2789.21,4,2,50.7,Month-to-Month,Debit Card,North,Basic,No,0,33470.52
CUST100511,54,4416.61,2,4,34.8,Month-to-Month,Net Banking,East,Basic,No,1,52999.32
CUST100512,61,2838.19,2,0,58.8,Two Year,Net Banking,West,Basic,Yes,0,34058.28
CUST100513,59,2736.53,1,0,22.6,Month-to-Month,Debit Card,South,Basic,Yes,0,32838.36
CUST100514,70,4276.45,1,1,40.6,One Year,Cash,North,Premium,No,1,51317.4
CUST100515,8,2607.87,3,2,59.6,One Year,UPI,South,Premium,Yes,0,31294.44
CUST100516,64,3158.47,0,1,39.5,One Year,UPI,South,Basic,No,1,37901.64
CUST100517,5,1460.56,3,0,35.1,Two Year,Net Banking,West,Premium,No,0,17526.72
CUST100518,35,3974.61,2,1,78.6,Two Year,Debit Card,South,Standard,No,1,47695.32
CUST100519,43,5334.95,1,0,64.7,Month-to-Month,Net Banking,West,Basic,Yes,1,64019.4
CUST100520,26,3993.35,2,3,44.3,Month-to-Month,Debit Card,East,Standard,Yes,1,47920.2
CUST100521,11,4807.98,5,0,26.5,Two Year,UPI,North,Basic,No,1,57695.76
CUST100522,14,2269.29,4,0,9.4,One Year,Debit Card,North,Standard,No,0,27231.48
CUST100523,60,3459.96,4,0,53.3,Month-to-Month,UPI,East,Standard,No,1,41519.52
CUST100524,23,2162.52,3,1,62.3,Two Year,Credit Card,West,Premium,No,0,25950.24
CUST100525,23,2949.46,2,1,48.3,One Year,Debit Card,South,Basic,Yes,0,35393.52
CUST100526,67,4049.43,5,1,14.6,Month-to-Month,Debit Card,West,Standard,Yes,1,48593.16
CUST100527,11,3312.0,1,0,44.6,Month-to-Month,Credit Card,North,Premium,No,1,39744.0
CUST100528,66,1646.09,1,0,34.2,Two Year,Debit Card,South,Premium,No,0,19753.08
CUST100529,67,1753.47,5,3,44.6,One Year,Cash,North,Basic,Yes,0,21041.64
CUST100530,44,1680.72,1,2,73.1,Two Year,UPI,South,Basic,No,0,20168.64
CUST100531,12,3740.6,2,4,54.6,One Year,UPI,East,Basic,No,1,44887.2
CUST100532,12,5470.28,1,0,51.2,Month-to-Month,UPI,West,Basic,Yes,1,65643.36
CUST100533,21,4698.7,1,0,41.3,Month-to-Month,Credit Card,South,Premium,No,1,56384.4
CUST100534,42,1114.42,1,0,48.6,Month-to-Month,UPI,South,Basic,Yes,0,13373.04
CUST100535,12,4763.18,3,0,30.4,Month-to-Month,Credit Card,East,Premium,No,1,57158.16
CUST100536,33,4230.04,4,1,50.9,One Year,UPI,East,Basic,No,1,50760.48
CUST100537,9,1500.17,3,2,41.5,Month-to-Month,UPI,North,Basic,No,0,18002.04
CUST100538,39,2866.48,2,0,28.8,Month-to-Month,Credit Card,East,Basic,No,0,34397.76
CUST100539,2,4405.07,3,0,55.0,Two Year,Cash,South,Standard,No,1,52860.84
CUST100540,52,3805.48,5,2,6.3,One Year,UPI,South,Basic,Yes,1,45665.76
CUST100541,4,1760.0,1,1,33.3,Month-to-Month,UPI,West,Premium,Yes,0,21120.0
CUST100542,15,3871.82,2,2,51.8,Month-to-Month,Credit Card,West,Basic,Yes,1,46461.84
CUST100543,13,848.75,3,1,61.6,Month-to-Month,Cash,West,Premium,No,0,10185.0
CUST100544,60,2954.9,3,1,49.5,One Year,Credit Card,West,Basic,Yes,0,35458.8
CUST100545,4,4451.75,2,2,31.2,Two Year,Net Banking,East,Standard,No,1,53421.0
CUST100546,31,3220.23,1,1,41.2,Month-to-Month,UPI,North,Standard,No,0,38642.76
CUST100547,43,2651.17,3,1,46.7,Month-to-Month,UPI,South,Standard,No,0,31814.04
CUST100548,38,4178.28,1,1,67.0,One Year,Credit Card,West,Standard,No,1,50139.36
CUST100549,50,4272.23,1,2,56.7,Month-to-Month,Debit Card,North,Basic,Yes,1,51266.76
CUST100550,58,4641.04,3,1,56.8,One Year,Net Banking,West,Basic,Yes,1,55692.48
CUST100551,29,4161.78,3,0,43.0,Month-to-Month,UPI,North,Basic,Yes,1,49941.36
CUST100552,60,4389.51,4,1,24.9,Month-to-Month,Cash,East,Standard,No,1,52674.12
CUST100553,23,4006.2,0,0,19.5,Month-to-Month,Credit Card,North,Premium,No,1,48074.4
CUST100554,71,3492.08,2,0,37.2,One Year,Credit Card,West,Basic,Yes,0,41904.96
CUST100555,37,3298.46,2,2,53.2,Month-to-Month,Net Banking,East,Basic,Yes,1,39581.52
CUST100556,53,2939.01,1,4,34.0,Month-to-Month,Credit Card,South,Basic,No,0,35268.12
CUST100557,64,1866.39,3,0,51.2,One Year,Net Banking,North,Standard,Yes,0,22396.68
CUST100558,58,2149.16,2,3,29.3,Month-to-Month,Debit Card,South,Basic,No,0,25789.92
CUST100559,62,2889.78,2,1,31.8,Month-to-Month,UPI,South,Standard,No,0,34677.36
CUST100560,39,3465.6,1,0,64.5,Month-to-Month,UPI,North,Standard,No,1,41587.2
CUST100561,4,4784.89,3,2,54.3,Month-to-Month,Cash,North,Standard,No,1,57418.68
CUST100562,36,3154.02,1,2,37.1,Month-to-Month,Net Banking,West,Standard,No,0,37848.24
CUST100563,14,4303.82,0,0,28.7,Month-to-Month,Cash,South,Standard,Yes,1,51645.84
CUST100564,65,4387.25,3,0,57.2,Month-to-Month,Debit Card,North,Premium,Yes,1,52647.0
CUST100565,18,2945.41,1,1,56.0,Two Year,Debit Card,North,Standard,No,0,35344.92
CUST100566,17,3190.645,1,1,52.2,Month-to-Month,UPI,East,Premium,No,1,38287.74
CUST100567,18,2932.12,2,1,39.2,One Year,Debit Card,South,Standard,No,0,35185.44
CUST100568,47,4654.35,3,1,24.5,One Year,Credit Card,North,Standard,No,1,55852.2
CUST100569,42,3899.43,0,1,41.8,Month-to-Month,Credit Card,North,Premium,No,1,46793.16
CUST100570,69,1890.47,2,0,64.5,Month-to-Month,Debit Card,North,Premium,No,0,22685.64
CUST100571,30,3377.68,0,2,27.5,Month-to-Month,UPI,East,Basic,Yes,1,40532.16
CUST100572,21,5012.92,2,1,42.8,Month-to-Month,Credit Card,West,Standard,No,1,60155.04
CUST100573,4,3000.65,3,0,68.2,Month-to-Month,Net Banking,West,Basic,No,0,36007.8
CUST100574,1,3692.49,3,3,37.1,Month-to-Month,Net Banking,South,Basic,Yes,1,44309.88
CUST100575,27,3800.47,0,1,40.0,Month-to-Month,Credit Card,South,Premium,No,1,45605.64
CUST100576,67,2059.71,3,2,20.4,Month-to-Month,Credit Card,South,Premium,Yes,0,24716.52
CUST100577,38,3761.78,3,1,52.0,Month-to-Month,Debit Card,East,Standard,No,1,45141.36
CUST100578,65,1666.78,4,1,30.2,Month-to-Month,UPI,West,Basic,Yes,0,20001.36
CUST100579,8,2511.81,2,0,17.1,Month-to-Month,UPI,West,Standard,No,0,30141.72
CUST100580,7,4383.3,2,0,26.7,One Year,Net Banking,West,Premium,Yes,1,52599.6
CUST100581,61,3592.43,0,1,45.3,Month-to-Month,UPI,East,Premium,Yes,1,43109.16
CUST100582,8,2865.07,3,3,16.7,One Year,Credit Card,North,Premium,No,0,34380.84
CUST100583,4,3691.11,3,1,19.8,One Year,Credit Card,West,Standard,No,1,44293.32
CUST100584,30,3133.9,1,1,50.9,Month-to-Month,Cash,North,Basic,No,1,37606.8
CUST100585,67,3213.84,2,0,40.8,Month-to-Month,Debit Card,South,Basic,Yes,1,38566.08
CUST100586,50,3922.5,4,2,27.4,Month-to-Month,Net Banking,West,Basic,No,1,47070.0
CUST100587,8,3190.645,3,2,36.9,Month-to-Month,Debit Card,South,Basic,No,0,38287.74
CUST100588,61,3244.37,1,0,69.8,Month-to-Month,UPI,North,Basic,No,0,38932.44
CUST100589,61,2856.5,4,2,62.5,One Year,Credit Card,South,Standard,Yes,0,34278.0
CUST100590,58,1455.84,1,1,40.3,One Year,UPI,West,Premium,No,0,17470.08
CUST100591,65,2187.5,0,1,55.1,Month-to-Month,Debit Card,South,Standard,Yes,0,26250.0
CUST100592,18,4925.03,1,1,43.9,Two Year,UPI,South,Basic,Yes,1,59100.36
CUST100593,71,3623.2,2,5,13.6,Two Year,Net Banking,South,Basic,No,1,43478.4
CUST100594,24,1744.05,0,0,10.7,Month-to-Month,UPI,South,Premium,Yes,0,20928.6
CUST100595,58,1505.61,1,1,27.5,One Year,UPI,North,Premium,No,0,18067.32
CUST100596,42,3076.62,6,0,16.8,Month-to-Month,Credit Card,East,Premium,No,0,36919.44
CUST100597,57,4917.31,4,1,46.3,One Year,Credit Card,South,Premium,Yes,1,59007.72
CUST100598,46,2994.57,3,1,33.2,One Year,UPI,South,Basic,No,0,35934.84
CUST100599,47,4637.7,1,1,48.8,Month-to-Month,Cash,West,Standard,Yes,1,55652.4
CUST100600,45,3587.12,4,0,49.1,Month-to-Month,UPI,North,Basic,No,1,43045.44
CUST100601,57,3718.38,3,1,53.0,One Year,Net Banking,East,Basic,Yes,1,44620.56
CUST100602,54,1730.71,0,0,27.1,Month-to-Month,Net Banking,South,Standard,No,0,20768.52
CUST100603,10,4231.28,4,3,50.3,Month-to-Month,UPI,South,Premium,No,1,50775.36
CUST100604,60,2831.57,7,0,26.7,Two Year,UPI,East,Standard,Yes,0,33978.84
CUST100605,39,4149.4,1,3,53.4,Month-to-Month,Credit Card,West,Basic,No,1,49792.8
CUST100606,24,2304.41,6,2,61.6,Month-to-Month,Net Banking,West,Premium,No,0,27652.92
CUST100607,38,3394.75,2,2,41.5,Month-to-Month,Net Banking,West,Basic,No,1,40737.0
CUST100608,70,3587.2,2,2,39.2,One Year,Credit Card,North,Standard,No,1,43046.4
CUST100609,62,3030.56,1,0,51.1,Month-to-Month,UPI,South,Standard,Yes,0,36366.72
CUST100610,61,3645.0,3,1,17.5,Month-to-Month,Debit Card,West,Basic,No,1,43740.0
CUST100611,34,2906.96,4,0,13.9,One Year,Credit Card,West,Standard,No,0,34883.52
CUST100612,57,2486.03,1,2,49.5,Month-to-Month,Credit Card,South,Basic,No,0,29832.36
CUST100613,28,4966.03,1,0,62.9,Month-to-Month,Debit Card,South,Standard,No,1,59592.36
CUST100614,50,4353.85,2,0,22.3,Month-to-Month,Cash,South,Standard,No,1,52246.2
CUST100615,47,2363.05,1,0,42.2,One Year,Net Banking,East,Basic,No,0,28356.6
CUST100616,18,3825.29,2,0,49.0,Two Year,Debit Card,East,Standard,No,1,45903.48
CUST100617,20,2383.05,4,0,32.2,One Year,Cash,South,Basic,No,0,28596.6
CUST100618,5,1896.85,1,1,36.6,One Year,Credit Card,North,Standard,No,0,22762.2
CUST100619,11,4337.19,4,1,51.8,Month-to-Month,UPI,West,Standard,No,1,52046.28
CUST100620,32,1325.49,2,1,43.7,One Year,Credit Card,South,Premium,No,0,15905.88
CUST100621,35,4219.54,3,0,43.8,One Year,Debit Card,West,Standard,Yes,1,50634.48
CUST100622,12,2922.01,4,1,26.3,One Year,Net Banking,West,Standard,Yes,0,35064.12
CUST100623,31,2967.3,4,1,41.5,One Year,Cash,West,Basic,No,0,35607.6
CUST100624,44,3650.73,2,1,35.6,Month-to-Month,Credit Card,South,Standard,No,1,43808.76
CUST100625,17,3839.32,5,0,36.5,Month-to-Month,Credit Card,East,Basic,No,1,46071.84
CUST100626,25,2291.02,1,0,33.3,One Year,UPI,East,Standard,No,0,27492.24
CUST100627,27,3989.5,4,2,41.6,Month-to-Month,Debit Card,North,Basic,Yes,1,47874.0
CUST100628,37,3324.71,5,0,28.1,Month-to-Month,Debit Card,South,Premium,Yes,1,39896.52
CUST100629,27,1818.34,4,2,42.2,Two Year,Debit Card,South,Basic,Yes,0,21820.08
CUST100630,54,3013.14,3,2,36.2,Two Year,UPI,North,Premium,Yes,0,36157.68
CUST100631,24,4719.41,2,2,27.1,Month-to-Month,Credit Card,South,Basic,Yes,1,56632.92
CUST100632,32,5044.25,0,0,10.8,Month-to-Month,UPI,South,Standard,Yes,1,60531.0
CUST100633,28,3989.08,2,0,57.2,Month-to-Month,Credit Card,West,Basic,No,1,47868.96
CUST100634,14,1890.62,2,0,53.9,Month-to-Month,UPI,West,Premium,No,0,22687.44
CUST100635,50,3739.67,2,3,29.1,Month-to-Month,Net Banking,East,Standard,No,1,44876.04
CUST100636,17,4135.95,2,1,52.9,Month-to-Month,Net Banking,West,Basic,Yes,1,49631.4
CUST100637,22,3998.28,1,1,25.6,One Year,Net Banking,North,Basic,No,1,47979.36
CUST100638,58,4063.45,2,0,37.1,Month-to-Month,UPI,East,Standard,Yes,1,48761.4
CUST100639,69,3599.59,3,2,33.5,Month-to-Month,Credit Card,South,Premium,No,1,43195.08
CUST100640,49,3120.35,3,1,37.6,One Year,UPI,South,Standard,Yes,0,37444.2
CUST100641,66,2530.8,0,3,52.3,Month-to-Month,UPI,East,Standard,No,0,30369.6
CUST100642,62,1112.27,1,1,35.6,Two Year,Credit Card,West,Premium,Yes,0,13347.24
CUST100643,35,3573.61,3,2,36.6,Month-to-Month,Credit Card,South,Standard,Yes,1,42883.32
CUST100644,56,3404.66,4,1,53.9,Month-to-Month,Net Banking,East,Basic,Yes,1,40855.92
CUST100645,24,3813.33,3,1,43.0,Month-to-Month,Cash,North,Basic,Yes,1,45759.96
CUST100646,34,1728.7,2,1,32.5,Month-to-Month,Cash,East,Standard,Yes,0,20744.4
CUST100647,39,3909.52,1,3,45.9,Month-to-Month,UPI,North,Premium,No,1,46914.24
CUST100648,70,5460.0,1,1,57.9,Two Year,Credit Card,South,Standard,Yes,1,65520.0
CUST100649,62,3286.3,2,0,58.9,Two Year,UPI,South,Basic,No,0,39435.6
CUST100650,36,3132.17,3,1,20.8,Two Year,Debit Card,North,Standard,No,0,37586.04
CUST100651,47,3539.9,3,1,21.6,One Year,Credit Card,East,Basic,No,1,42478.8
CUST100652,15,5435.57,2,1,58.0,Month-to-Month,Credit Card,East,Premium,No,1,65226.84
CUST100653,58,2073.99,3,0,37.4,Two Year,UPI,West,Basic,Yes,0,24887.88
CUST100654,40,3423.53,2,2,6.8,One Year,UPI,West,Premium,Yes,1,41082.36
CUST100655,39,2320.38,3,2,30.3,Month-to-Month,Credit Card,South,Basic,No,0,27844.56
CUST100656,56,2598.29,2,0,35.0,One Year,UPI,West,Standard,No,0,31179.48
CUST100657,46,3145.45,1,2,37.0,Month-to-Month,UPI,South,Standard,No,0,37745.4
CUST100658,6,4682.06,2,0,54.2,One Year,Net Banking,South,Premium,No,1,56184.72
CUST100659,21,5181.09,3,0,27.1,One Year,UPI,West,Standard,No,1,62173.08
CUST100660,13,3692.96,3,3,57.0,Two Year,UPI,West,Standard,No,1,44315.52
CUST100661,53,2785.75,1,2,46.6,One Year,Net Banking,South,Basic,Yes,0,33429.0
CUST100662,3,5942.01,1,1,21.4,Two Year,Net Banking,West,Basic,No,1,71304.12
CUST100663,15,2729.69,1,0,36.9,Month-to-Month,Credit Card,West,Standard,Yes,0,32756.28
CUST100664,44,2571.75,0,2,49.9,Month-to-Month,Net Banking,North,Basic,No,0,30861.0
CUST100665,51,1247.56,0,0,42.6,One Year,UPI,East,Standard,No,0,14970.72
CUST100666,37,4735.7,0,2,48.1,Month-to-Month,Debit Card,South,Standard,No,1,56828.4
CUST100667,62,4265.07,1,2,32.6,Month-to-Month,Net Banking,North,Basic,No,1,51180.84
CUST100668,67,5859.59,1,1,50.9,Month-to-Month,Credit Card,South,Basic,No,1,70315.08
CUST100669,10,1671.52,2,1,35.6,Month-to-Month,UPI,West,Standard,Yes,0,20058.24
CUST100670,69,4803.99,3,2,82.7,Month-to-Month,UPI,West,Basic,No,1,57647.88
CUST100671,45,3277.15,2,2,20.9,One Year,Net Banking,North,Basic,No,1,39325.8
CUST100672,46,4086.71,3,2,85.2,Two Year,Net Banking,North,Standard,No,1,49040.52
CUST100673,7,1387.45,3,2,26.8,Month-to-Month,Credit Card,South,Basic,Yes,0,16649.4
CUST100674,45,3190.645,5,1,62.3,One Year,UPI,North,Basic,Yes,1,38287.74
CUST100675,53,4065.17,3,2,55.2,Month-to-Month,Debit Card,North,Basic,No,1,48782.04
CUST100676,42,3157.2,0,1,27.4,Month-to-Month,UPI,East,Basic,No,0,37886.4
CUST100677,7,3909.62,2,2,51.6,One Year,UPI,South,Premium,Yes,1,46915.44
CUST100678,38,2357.96,3,2,34.1,Two Year,UPI,East,Standard,Yes,0,28295.52
CUST100679,68,2562.62,2,2,46.4,Month-to-Month,Credit Card,East,Basic,No,0,30751.44
CUST100680,53,2690.21,4,1,44.4,One Year,Credit Card,North,Standard,No,0,32282.52
CUST100681,10,1162.0,1,1,36.4,Two Year,Net Banking,West,Standard,Yes,0,13944.0
CUST100682,70,4147.93,0,1,35.1,Month-to-Month,UPI,West,Standard,Yes,1,49775.16
CUST100683,70,4510.75,1,0,47.5,Month-to-Month,Credit Card,North,Standard,No,1,54129.0
CUST100684,13,2428.52,1,2,27.5,One Year,Debit Card,North,Premium,No,0,29142.24
CUST100685,58,3583.02,0,0,28.1,Month-to-Month,Debit Card,West,Premium,Yes,1,42996.24
CUST100686,30,2907.91,1,1,57.3,One Year,Net Banking,East,Basic,No,0,34894.92
CUST100687,43,3561.1,2,2,41.5,Month-to-Month,Net Banking,West,Standard,No,1,42733.2
CUST100688,33,2509.67,3,0,21.1,Month-to-Month,UPI,North,Standard,No,0,30116.04
CUST100689,57,2228.23,1,1,25.9,Month-to-Month,Net Banking,West,Basic,No,0,26738.76
CUST100690,72,4357.28,3,0,7.8,Month-to-Month,Net Banking,South,Premium,No,1,52287.36
CUST100691,58,3129.74,2,2,56.6,Month-to-Month,Credit Card,East,Premium,No,0,37556.88
CUST100692,68,5424.32,1,0,53.0,Two Year,Net Banking,North,Standard,No,1,65091.84
CUST100693,69,3250.94,1,1,24.6,One Year,Credit Card,East,Basic,Yes,0,39011.28
CUST100694,7,2181.31,3,1,52.4,Month-to-Month,Net Banking,South,Basic,No,0,26175.72
CUST100695,19,4549.63,1,1,73.8,One Year,Net Banking,North,Basic,No,1,54595.56
CUST100696,52,3893.88,4,1,17.4,Month-to-Month,Cash,West,Standard,No,1,46726.56
CUST100697,43,3999.56,1,2,32.2,Month-to-Month,UPI,North,Basic,Yes,1,47994.72
CUST100698,4,4509.66,1,1,17.0,Month-to-Month,Net Banking,South,Standard,Yes,1,54115.92
CUST100699,7,2481.92,3,1,57.2,Month-to-Month,UPI,North,Premium,Yes,0,29783.04
CUST100700,38,3060.02,1,4,40.5,Month-to-Month,Cash,East,Basic,Yes,1,36720.24
CUST100701,45,3011.41,1,0,35.6,One Year,UPI,South,Premium,No,0,36136.92
CUST100702,13,1780.18,2,0,45.6,Two Year,Credit Card,West,Standard,Yes,0,21362.16
CUST100703,13,2910.05,1,1,33.1,Month-to-Month,Net Banking,East,Basic,No,0,34920.6
CUST100704,10,4670.02,0,2,35.6,Month-to-Month,UPI,West,Basic,No,1,56040.24
CUST100705,41,3461.07,1,0,46.4,One Year,Debit Card,North,Basic,No,1,41532.84
CUST100706,1,1719.33,1,1,32.2,One Year,Credit Card,East,Standard,No,0,20631.96
CUST100707,42,1488.58,3,1,34.5,Month-to-Month,Debit Card,West,Standard,Yes,0,17862.96
CUST100708,35,5031.25,0,2,39.5,One Year,Net Banking,West,Standard,No,1,60375.0
CUST100709,34,3100.65,1,0,43.5,Two Year,Net Banking,East,Basic,No,0,37207.8
CUST100710,49,2487.85,1,1,51.6,Month-to-Month,Credit Card,West,Standard,Yes,0,29854.2
CUST100711,38,2898.61,1,4,51.3,Month-to-Month,Net Banking,North,Standard,No,0,34783.32
CUST100712,53,1574.96,2,2,18.0,One Year,Credit Card,North,Basic,Yes,0,18899.52
CUST100713,56,4765.4,0,2,64.5,Month-to-Month,Cash,South,Basic,No,1,57184.8
CUST100714,67,2767.64,1,1,42.9,Month-to-Month,Net Banking,South,Standard,Yes,0,33211.68
CUST100715,58,4704.14,0,1,36.7,One Year,Credit Card,West,Premium,Yes,1,56449.68
CUST100716,38,3256.82,1,1,27.5,One Year,Credit Card,North,Premium,No,1,39081.84
CUST100717,36,4772.49,0,4,73.8,One Year,UPI,South,Premium,Yes,1,57269.88
CUST100718,17,3482.36,2,1,79.8,One Year,Cash,South,Basic,No,1,41788.32
CUST100719,44,4138.56,4,2,71.9,Month-to-Month,UPI,East,Standard,Yes,1,49662.72
CUST100720,11,3991.0,2,0,43.9,One Year,UPI,North,Basic,No,1,47892.0
CUST100721,68,3885.62,1,1,47.5,Two Year,Credit Card,West,Basic,No,1,46627.44
CUST100722,61,3582.73,5,1,65.9,One Year,Net Banking,West,Basic,Yes,1,42992.76
CUST100723,9,2943.86,6,0,38.1,Month-to-Month,Debit Card,South,Standard,No,0,35326.32
CUST100724,57,5306.98,1,2,50.7,One Year,UPI,North,Standard,No,1,63683.76
CUST100725,9,2202.37,1,0,45.6,One Year,UPI,North,Standard,Yes,0,26428.44
CUST100726,52,3204.74,2,0,72.7,Month-to-Month,UPI,South,Standard,No,0,38456.88
CUST100727,7,3216.37,0,2,65.0,Month-to-Month,Debit Card,North,Basic,No,1,38596.44
CUST100728,36,3642.68,1,1,39.8,Month-to-Month,Cash,South,Standard,No,1,43712.16
CUST100729,48,2727.58,0,0,66.4,Month-to-Month,Net Banking,South,Basic,No,0,32730.96
CUST100730,53,3546.22,2,0,41.9,Month-to-Month,Credit Card,North,Basic,Yes,1,42554.64
CUST100731,31,3014.27,3,1,33.3,Month-to-Month,Credit Card,West,Standard,Yes,0,36171.24
CUST100732,67,1459.85,2,1,37.4,Month-to-Month,Credit Card,East,Premium,No,0,17518.2
CUST100733,56,3210.51,5,2,44.4,Month-to-Month,Net Banking,East,Premium,Yes,0,38526.12
CUST100734,15,1989.38,0,0,29.4,Month-to-Month,Debit Card,East,Premium,No,0,23872.56
CUST100735,49,1292.18,0,1,33.7,One Year,UPI,West,Basic,No,0,15506.16
CUST100736,53,3350.56,1,0,18.9,One Year,UPI,East,Standard,No,0,40206.72
CUST100737,25,3736.67,1,1,28.8,One Year,Credit Card,North,Premium,Yes,1,44840.04
CUST100738,54,3779.37,1,1,45.8,Month-to-Month,Credit Card,South,Basic,Yes,1,45352.44
CUST100739,65,3823.89,1,0,58.7,One Year,Cash,South,Standard,Yes,1,45886.68
CUST100740,59,1074.15,3,2,56.6,One Year,UPI,North,Basic,Yes,0,12889.8
CUST100741,55,1702.88,2,1,48.9,One Year,Net Banking,West,Premium,No,0,20434.56
CUST100742,46,5370.87,1,2,17.5,One Year,Net Banking,South,Standard,No,1,64450.44
CUST100743,20,2048.07,1,1,28.2,Month-to-Month,Credit Card,West,Premium,No,0,24576.84
CUST100744,58,3871.93,1,0,38.8,Month-to-Month,UPI,West,Basic,No,1,46463.16
CUST100745,27,2444.37,2,2,57.4,One Year,UPI,South,Basic,Yes,0,29332.44
CUST100746,39,3287.64,3,1,33.1,Month-to-Month,Debit Card,South,Standard,No,0,39451.68
CUST100747,23,2503.42,2,1,22.5,Month-to-Month,UPI,North,Basic,No,0,30041.04
CUST100748,23,3817.7,3,0,65.2,Month-to-Month,Net Banking,West,Premium,No,1,45812.4
CUST100749,12,3350.45,1,1,30.2,Month-to-Month,Net Banking,West,Standard,No,0,40205.4
CUST100750,70,2706.88,1,1,24.0,Two Year,Net Banking,West,Standard,Yes,0,32482.56
CUST100751,11,2044.81,0,1,45.6,One Year,Net Banking,North,Basic,No,0,24537.72
CUST100752,7,3494.55,3,0,41.2,Month-to-Month,UPI,East,Standard,Yes,1,41934.6
CUST100753,68,1866.01,1,0,34.0,Month-to-Month,Net Banking,East,Premium,No,0,22392.12
CUST100754,40,3670.23,2,1,42.0,One Year,Debit Card,South,Premium,Yes,1,44042.76
CUST100755,32,6089.13,1,3,27.2,One Year,UPI,West,Standard,No,1,73069.56
CUST100756,54,4685.19,1,1,33.8,Month-to-Month,UPI,West,Standard,No,1,56222.28
CUST100757,28,3990.18,1,1,41.4,Month-to-Month,Credit Card,East,Standard,No,1,47882.16
CUST100758,10,3105.83,3,3,9.4,Two Year,Debit Card,North,Basic,No,1,37269.96
CUST100759,53,1067.37,3,2,57.3,Month-to-Month,UPI,South,Premium,No,0,12808.44
CUST100760,13,1745.48,3,3,20.0,Month-to-Month,Credit Card,North,Basic,No,0,20945.76
CUST100761,40,4611.07,1,0,27.0,Month-to-Month,Cash,South,Basic,No,1,55332.84
CUST100762,69,2331.27,2,0,58.0,One Year,Credit Card,West,Premium,Yes,0,27975.24
CUST100763,68,2430.82,1,0,51.1,One Year,UPI,South,Standard,No,0,29169.84
CUST100764,26,3017.78,1,1,43.4,Month-to-Month,Credit Card,South,Standard,No,1,36213.36
CUST100765,57,2031.75,5,1,14.7,Month-to-Month,Credit Card,North,Basic,No,0,24381.0
CUST100766,45,1850.55,3,2,32.3,Two Year,Net Banking,North,Premium,No,0,22206.6
CUST100767,35,3144.48,1,0,38.5,Month-to-Month,Credit Card,South,Standard,No,1,37733.76
CUST100768,11,2219.32,0,1,39.7,Month-to-Month,UPI,North,Standard,No,0,26631.84
CUST100769,28,2384.88,2,0,60.3,Month-to-Month,UPI,East,Basic,No,0,28618.56
CUST100770,47,2340.69,0,1,73.9,Month-to-Month,UPI,North,Standard,No,0,28088.28
CUST100771,72,3774.6,1,0,51.8,Two Year,Net Banking,South,Basic,No,1,45295.2
CUST100772,1,2944.66,0,1,33.4,Month-to-Month,UPI,South,Basic,Yes,1,35335.92
CUST100773,52,3003.57,4,0,61.4,Month-to-Month,Net Banking,South,Standard,No,0,36042.84
CUST100774,61,3856.64,3,0,32.6,Month-to-Month,Debit Card,South,Premium,Yes,1,46279.68
CUST100775,69,3043.76,1,0,2.0,Month-to-Month,Debit Card,West,Basic,Yes,0,36525.12
CUST100776,31,2893.92,0,1,22.0,Month-to-Month,UPI,North,Basic,Yes,0,34727.04
CUST100777,9,3717.5,1,0,4.0,Two Year,UPI,West,Premium,Yes,1,44610.0
CUST100778,20,3935.02,3,2,35.9,Month-to-Month,Credit Card,West,Standard,No,1,47220.24
CUST100779,62,3038.22,3,2,39.1,Month-to-Month,Credit Card,West,Standard,No,0,36458.64
CUST100780,64,3288.67,1,1,16.5,Month-to-Month,Credit Card,West,Standard,Yes,1,39464.04
CUST100781,46,2340.03,1,2,28.3,Two Year,Net Banking,West,Basic,No,0,28080.36
CUST100782,9,2253.25,1,0,19.2,Two Year,Net Banking,North,Standard,No,0,27039.0
CUST100783,9,4046.06,3,0,40.0,Two Year,Debit Card,North,Premium,No,1,48552.72
CUST100784,35,3689.44,3,1,28.3,Month-to-Month,UPI,East,Standard,Yes,1,44273.28
CUST100785,43,3700.83,3,1,58.2,One Year,UPI,South,Premium,No,1,44409.96
CUST100786,3,3508.94,0,1,44.7,One Year,Net Banking,East,Standard,No,1,42107.28
CUST100787,50,3250.82,0,0,67.7,Month-to-Month,UPI,North,Basic,Yes,1,39009.84
CUST100788,40,3966.05,0,0,34.7,One Year,UPI,South,Basic,No,1,47592.6
CUST100789,1,4228.62,0,0,76.3,One Year,Cash,East,Basic,No,1,50743.44
CUST100790,7,4202.35,1,0,42.0,One Year,UPI,East,Premium,No,1,50428.2
CUST100791,33,3089.14,4,0,33.5,Month-to-Month,Net Banking,South,Premium,No,0,37069.68
CUST100792,53,4725.69,2,2,80.5,Month-to-Month,UPI,North,Basic,No,1,56708.28
CUST100793,60,3451.31,4,3,12.7,Month-to-Month,Debit Card,West,Basic,Yes,1,41415.72
CUST100794,32,3895.61,0,3,33.2,Month-to-Month,UPI,West,Premium,No,1,46747.32
CUST100795,22,3510.3,0,3,15.4,Month-to-Month,Net Banking,North,Standard,No,1,42123.6
CUST100796,70,3471.71,1,0,12.6,One Year,UPI,East,Standard,Yes,1,41660.52
CUST100797,34,2390.67,1,2,8.9,Month-to-Month,Credit Card,North,Basic,Yes,0,28688.04
CUST100798,23,3971.49,3,0,51.9,Month-to-Month,Net Banking,South,Basic,No,1,47657.88
CUST100799,32,6329.82,3,1,20.7,Month-to-Month,Debit Card,South,Basic,No,1,75957.84
CUST100800,1,2787.73,2,1,37.9,Month-to-Month,Credit Card,South,Standard,No,0,33452.76
CUST100801,22,3278.09,2,0,56.3,Month-to-Month,Credit Card,South,Premium,No,1,39337.08
CUST100802,38,2709.17,2,3,49.4,One Year,Credit Card,South,Standard,No,0,32510.04
CUST100803,67,2663.18,1,0,48.6,One Year,Cash,East,Basic,Yes,0,31958.16
CUST100804,54,4898.89,2,0,61.4,Month-to-Month,Debit Card,South,Basic,No,1,58786.68
CUST100805,57,2459.73,2,3,67.8,Month-to-Month,Credit Card,East,Premium,No,0,29516.76
CUST100806,40,2678.51,1,1,22.0,Month-to-Month,Credit Card,South,Standard,Yes,0,32142.12
CUST100807,8,1453.76,2,1,49.7,Month-to-Month,Credit Card,West,Standard,Yes,0,17445.12
CUST100808,29,2366.63,4,2,37.6,One Year,Cash,East,Basic,No,0,28399.56
CUST100809,72,1320.76,0,1,39.7,Two Year,UPI,West,Standard,No,0,15849.12
CUST100810,4,3894.99,1,2,17.8,Month-to-Month,Credit Card,South,Basic,No,1,46739.88
CUST100811,64,6279.67,1,1,33.5,One Year,UPI,South,Basic,No,1,75356.04
CUST100812,50,2796.65,1,4,35.2,Month-to-Month,Debit Card,North,Standard,No,0,33559.8
CUST100813,21,1366.57,2,0,64.9,One Year,Net Banking,West,Standard,No,0,16398.84
CUST100814,57,4190.0,2,0,23.5,Month-to-Month,Debit Card,East,Basic,Yes,1,50280.0
CUST100815,61,2400.38,3,1,3.8,Month-to-Month,Net Banking,West,Basic,No,0,28804.56
CUST100816,4,4629.28,1,2,41.9,One Year,Net Banking,East,Basic,No,1,55551.36
CUST100817,8,2889.77,2,1,21.9,One Year,Cash,North,Basic,Yes,0,34677.24
CUST100818,48,2505.0,2,2,39.8,Two Year,Credit Card,South,Basic,No,0,30060.0
CUST100819,72,3004.25,5,1,52.6,Month-to-Month,UPI,South,Standard,No,0,36051.0
CUST100820,2,4033.55,1,0,40.4,Two Year,Credit Card,South,Basic,No,1,48402.6
CUST100821,48,2949.84,3,1,35.1,One Year,Net Banking,East,Standard,No,0,35398.08
CUST100822,10,2653.6,5,1,39.5,Month-to-Month,Credit Card,East,Standard,Yes,0,31843.2
CUST100823,47,2981.29,0,0,55.6,Month-to-Month,Credit Card,East,Premium,No,0,35775.48
CUST100824,45,1800.96,1,1,23.5,Two Year,Net Banking,North,Standard,No,0,21611.52
CUST100825,7,3636.73,4,2,53.7,One Year,UPI,South,Premium,No,1,43640.76
CUST100826,50,1234.6,4,0,25.9,Month-to-Month,Debit Card,North,Premium,No,0,14815.2
CUST100827,65,2711.47,0,1,51.6,Month-to-Month,Debit Card,South,Standard,No,0,32537.64
CUST100828,63,4035.32,1,1,17.3,Month-to-Month,Cash,South,Basic,No,1,48423.84
CUST100829,3,3533.35,3,0,50.7,Month-to-Month,Net Banking,North,Basic,No,1,42400.2
CUST100830,18,3849.35,1,3,40.4,Month-to-Month,UPI,West,Standard,No,1,46192.2
CUST100831,18,3128.45,2,1,43.5,One Year,Credit Card,South,Basic,Yes,0,37541.4
CUST100832,33,4486.72,1,1,57.3,Month-to-Month,Credit Card,East,Basic,Yes,1,53840.64
CUST100833,11,4217.17,2,1,28.9,Month-to-Month,Credit Card,East,Basic,No,1,50606.04
CUST100834,62,3690.76,0,0,41.6,Month-to-Month,Net Banking,East,Basic,Yes,1,44289.12
CUST100835,56,4220.3,2,0,46.9,Month-to-Month,Debit Card,East,Basic,No,1,50643.6
CUST100836,59,4025.47,0,0,37.2,One Year,Net Banking,East,Premium,No,1,48305.64
CUST100837,15,2716.59,0,0,53.5,Month-to-Month,Net Banking,West,Basic,No,0,32599.08
CUST100838,2,1721.71,1,0,47.3,Two Year,Debit Card,North,Basic,Yes,0,20660.52
CUST100839,66,3662.4,2,0,32.7,One Year,Net Banking,North,Premium,Yes,1,43948.8
CUST100840,21,3800.7,1,0,62.2,One Year,UPI,East,Premium,No,1,45608.4
CUST100841,48,4399.52,1,0,51.0,Month-to-Month,UPI,South,Premium,No,1,52794.24
CUST100842,66,2170.05,2,1,28.5,One Year,UPI,North,Premium,No,0,26040.6
CUST100843,3,2202.93,3,1,28.4,One Year,Net Banking,South,Standard,No,0,26435.16
CUST100844,1,3705.89,4,1,38.5,Two Year,Cash,East,Basic,Yes,1,44470.68
CUST100845,1,3121.72,1,0,49.2,One Year,Cash,West,Premium,No,1,37460.64
CUST100846,12,1125.66,4,1,6.6,Two Year,UPI,North,Basic,No,0,13507.92
CUST100847,4,3612.62,2,2,29.2,Two Year,Cash,South,Basic,No,1,43351.44
CUST100848,60,1162.33,3,0,32.8,Two Year,Net Banking,North,Standard,No,0,13947.96
CUST100849,44,2160.22,2,0,19.0,Month-to-Month,UPI,West,Basic,No,0,25922.64
CUST100850,71,4686.85,3,4,25.7,Month-to-Month,Debit Card,North,Basic,No,1,56242.2
CUST100851,58,5207.37,1,0,44.2,One Year,Cash,North,Standard,No,1,62488.44
CUST100852,70,1862.78,2,1,34.2,Two Year,Credit Card,South,Basic,Yes,0,22353.36
CUST100853,18,2837.67,2,1,35.4,Two Year,Cash,North,Basic,No,0,34052.04
CUST100854,21,3246.88,1,0,19.9,Two Year,Debit Card,East,Standard,No,0,38962.56
CUST100855,62,5159.35,3,0,38.6,Month-to-Month,Credit Card,North,Basic,Yes,1,61912.2
CUST100856,18,2657.84,3,1,17.9,One Year,UPI,South,Premium,Yes,0,31894.08
CUST100857,5,2675.43,3,0,65.3,Month-to-Month,UPI,North,Basic,Yes,0,32105.16
CUST100858,49,4903.6,1,0,69.9,One Year,Debit Card,East,Basic,No,1,58843.2
CUST100859,58,2787.73,3,1,34.4,Month-to-Month,Credit Card,North,Premium,No,0,33452.76
CUST100860,70,3994.42,5,2,24.0,Month-to-Month,Credit Card,North,Basic,Yes,1,47933.04
CUST100861,67,1575.14,2,1,55.7,Month-to-Month,Cash,West,Premium,No,0,18901.68
CUST100862,9,3011.64,2,0,51.5,Month-to-Month,UPI,West,Premium,Yes,0,36139.68
CUST100863,56,1374.44,1,0,72.0,Month-to-Month,Credit Card,South,Basic,No,0,16493.28
CUST100864,61,2039.02,5,2,76.3,One Year,Net Banking,East,Standard,No,0,24468.24
CUST100865,51,4123.12,2,1,9.6,Month-to-Month,Cash,East,Basic,Yes,1,49477.44
CUST100866,60,3145.1,0,1,60.5,One Year,Net Banking,West,Premium,No,0,37741.2
CUST100867,61,2848.98,2,3,38.4,Month-to-Month,Credit Card,South,Premium,No,0,34187.76
CUST100868,33,2376.38,3,2,50.8,Month-to-Month,UPI,East,Basic,No,0,28516.56
CUST100869,3,2957.28,0,3,54.4,Month-to-Month,Net Banking,West,Premium,No,0,35487.36
CUST100870,33,3531.22,3,0,53.8,Month-to-Month,Net Banking,South,Basic,No,1,42374.64
CUST100871,15,4281.21,3,2,58.0,One Year,Debit Card,South,Standard,No,1,51374.52
CUST100872,9,700.0,2,0,33.0,One Year,Credit Card,South,Basic,No,0,8400.0
CUST100873,9,2285.06,0,0,26.8,One Year,Debit Card,West,Basic,Yes,0,27420.72
CUST100874,51,3375.01,0,1,61.0,One Year,Debit Card,South,Basic,No,1,40500.12
CUST100875,37,3091.25,3,1,28.1,One Year,Net Banking,East,Standard,No,0,37095.0
CUST100876,39,3643.71,3,1,71.8,One Year,UPI,East,Basic,Yes,1,43724.52
CUST100877,54,3494.29,5,1,29.8,Month-to-Month,UPI,South,Standard,No,1,41931.48
CUST100878,40,2864.65,3,0,35.9,Month-to-Month,Credit Card,South,Premium,Yes,0,34375.8
CUST100879,46,2620.46,2,2,39.0,Two Year,Net Banking,South,Premium,No,0,31445.52
CUST100880,7,2929.95,1,1,17.3,Month-to-Month,Net Banking,North,Basic,No,0,35159.4
CUST100881,62,4463.62,2,0,17.4,Two Year,UPI,West,Basic,Yes,1,53563.44
CUST100882,33,2394.79,5,1,56.6,Two Year,Credit Card,North,Premium,No,0,28737.48
CUST100883,12,3130.91,2,3,14.5,Month-to-Month,Debit Card,West,Standard,Yes,1,37570.92
CUST100884,59,3401.68,1,1,82.3,Two Year,UPI,West,Basic,Yes,1,40820.16
CUST100885,53,4916.39,2,0,40.5,Month-to-Month,Net Banking,West,Basic,No,1,58996.68
CUST100886,4,2869.66,2,5,25.5,One Year,Credit Card,North,Premium,Yes,0,34435.92
CUST100887,14,4254.69,1,1,48.7,One Year,Net Banking,North,Standard,No,1,51056.28
CUST100888,2,4555.18,2,3,2.6,One Year,Debit Card,East,Basic,No,1,54662.16
CUST100889,20,3129.87,1,2,36.7,Month-to-Month,Net Banking,North,Premium,No,0,37558.44
CUST100890,8,2968.21,0,0,38.7,Month-to-Month,UPI,West,Standard,Yes,0,35618.52
CUST100891,52,2838.04,1,3,21.7,Month-to-Month,Credit Card,East,Premium,Yes,0,34056.48
CUST100892,38,2918.59,1,0,31.9,Month-to-Month,Credit Card,West,Basic,No,0,35023.08
CUST100893,71,4139.66,4,2,66.4,Month-to-Month,UPI,West,Premium,No,1,49675.92
CUST100894,54,3454.11,3,1,44.9,Month-to-Month,Debit Card,West,Premium,No,1,41449.32
CUST100895,45,3458.82,3,1,48.4,One Year,Net Banking,North,Standard,No,1,41505.84
CUST100896,37,1962.25,3,2,29.4,Month-to-Month,Credit Card,West,Premium,No,0,23547.0
CUST100897,4,2135.76,1,2,20.8,Month-to-Month,Net Banking,North,Standard,No,0,25629.12
CUST100898,6,5557.79,4,0,38.1,Month-to-Month,UPI,West,Standard,No,1,66693.48
CUST100899,45,3004.39,3,2,2.7,Two Year,UPI,East,Standard,Yes,0,36052.68
CUST100900,1,2347.75,6,1,24.5,One Year,UPI,North,Standard,Yes,0,28173.0
CUST100901,4,4774.21,2,0,22.0,Month-to-Month,Net Banking,South,Standard,Yes,1,57290.52
CUST100902,16,3509.99,2,2,9.4,Month-to-Month,UPI,East,Premium,No,1,42119.88
CUST100903,64,3835.97,3,2,52.4,Month-to-Month,UPI,South,Standard,Yes,1,46031.64
CUST100904,34,3048.15,1,0,39.9,Month-to-Month,UPI,East,Standard,Yes,0,36577.8
CUST100905,52,2849.46,1,0,32.1,One Year,Credit Card,North,Basic,Yes,0,34193.52
CUST100906,30,3013.45,0,2,52.7,Month-to-Month,Credit Card,South,Standard,No,1,36161.4
CUST100907,13,1678.99,1,1,15.7,Month-to-Month,Credit Card,East,Standard,No,0,20147.88
CUST100908,27,3103.28,1,0,20.5,Month-to-Month,Net Banking,North,Premium,No,0,37239.36
CUST100909,7,3525.64,4,0,59.9,One Year,Credit Card,East,Premium,Yes,1,42307.68
CUST100910,56,5235.51,4,1,78.5,Month-to-Month,UPI,South,Standard,No,1,62826.12
CUST100911,14,3294.6,3,0,52.9,One Year,Debit Card,West,Basic,No,1,39535.2
CUST100912,28,700.0,0,0,49.5,Two Year,UPI,West,Standard,Yes,0,8400.0
CUST100913,71,3096.62,0,1,32.7,Two Year,UPI,East,Standard,Yes,0,37159.44
CUST100914,43,6213.45,1,0,33.1,Month-to-Month,Net Banking,South,Basic,No,1,74561.4
CUST100915,34,4153.0,2,2,45.6,Month-to-Month,UPI,South,Basic,No,1,49836.0
CUST100916,40,2308.02,1,3,64.0,Month-to-Month,Net Banking,South,Premium,Yes,0,27696.24
CUST100917,57,3850.22,6,2,48.8,Two Year,Debit Card,West,Standard,No,1,46202.64
CUST100918,19,2383.79,3,1,57.3,One Year,Net Banking,South,Premium,No,0,28605.48
CUST100919,46,1710.81,1,2,27.3,Two Year,Credit Card,North,Basic,No,0,20529.72
CUST100920,63,2816.79,2,0,51.9,Month-to-Month,Debit Card,South,Premium,No,0,33801.48
CUST100921,42,3300.68,3,1,31.3,Month-to-Month,Debit Card,South,Standard,No,0,39608.16
CUST100922,33,1140.63,0,2,44.2,Month-to-Month,Net Banking,West,Standard,No,0,13687.56
CUST100923,11,1935.92,5,3,51.9,Two Year,Credit Card,South,Standard,No,0,23231.04
CUST100924,18,3211.37,2,0,33.5,Month-to-Month,Debit Card,South,Standard,No,1,38536.44
CUST100925,69,2751.01,1,0,25.7,One Year,Debit Card,South,Standard,Yes,0,33012.12
CUST100926,39,3634.29,1,1,47.8,Month-to-Month,UPI,South,Basic,No,1,43611.48
CUST100927,22,1863.86,2,0,39.8,Month-to-Month,UPI,South,Standard,Yes,0,22366.32
CUST100928,31,3985.53,1,2,44.2,Month-to-Month,Net Banking,East,Premium,Yes,1,47826.36
CUST100929,42,1897.86,1,1,52.5,Month-to-Month,Debit Card,West,Premium,Yes,0,22774.32
CUST100930,39,5007.01,1,2,62.9,Two Year,Debit Card,East,Premium,No,1,60084.12
CUST100931,51,1312.67,2,1,52.6,Month-to-Month,Net Banking,South,Premium,No,0,15752.04
CUST100932,19,1998.19,2,1,50.5,One Year,UPI,East,Standard,Yes,0,23978.28
CUST100933,47,3659.11,6,0,34.0,Month-to-Month,UPI,South,Premium,No,1,43909.32
CUST100934,32,5030.66,7,3,36.5,Month-to-Month,Debit Card,East,Standard,No,1,60367.92
CUST100935,68,3546.55,2,3,49.3,Month-to-Month,Debit Card,West,Basic,No,1,42558.6
CUST100936,12,3819.14,2,2,36.2,Month-to-Month,Debit Card,West,Standard,Yes,1,45829.68
CUST100937,11,3219.29,4,2,49.2,Month-to-Month,Credit Card,West,Basic,No,1,38631.48
CUST100938,34,2070.96,5,1,29.0,Month-to-Month,Debit Card,South,Basic,No,0,24851.52
CUST100939,37,2660.85,3,3,72.9,Month-to-Month,Debit Card,West,Standard,No,0,31930.2
CUST100940,50,1866.9,1,1,45.1,Two Year,Credit Card,South,Premium,No,0,22402.8
CUST100941,30,1793.42,1,1,44.0,One Year,Debit Card,North,Basic,No,0,21521.04
CUST100942,66,3641.92,2,1,34.3,Two Year,UPI,East,Standard,Yes,1,43703.04
CUST100943,35,1964.5,2,1,72.6,One Year,UPI,East,Standard,No,0,23574.0
CUST100944,10,3551.51,4,0,21.9,Month-to-Month,Net Banking,West,Premium,No,1,42618.12
CUST100945,9,1767.99,2,3,30.8,Month-to-Month,Credit Card,West,Standard,No,0,21215.88
CUST100946,71,3526.02,1,0,55.7,Two Year,Net Banking,West,Standard,No,0,42312.24
CUST100947,10,2662.45,1,2,45.8,Month-to-Month,Debit Card,East,Standard,No,0,31949.4
CUST100948,69,4747.28,0,0,32.8,Month-to-Month,Credit Card,East,Basic,No,1,56967.36
CUST100949,21,3556.09,2,1,33.2,Month-to-Month,Net Banking,North,Standard,No,1,42673.08
CUST100950,7,4559.36,2,2,37.3,Month-to-Month,UPI,North,Standard,No,1,54712.32
CUST100951,22,2368.79,2,0,43.6,One Year,UPI,North,Basic,Yes,0,28425.48
CUST100952,45,3261.76,1,1,66.9,Month-to-Month,Credit Card,South,Standard,Yes,1,39141.12
CUST100953,31,2120.8,1,0,51.7,Month-to-Month,Debit Card,West,Standard,No,0,25449.6
CUST100954,57,2745.03,2,4,58.4,One Year,UPI,East,Basic,Yes,0,32940.36
CUST100955,44,2911.69,1,2,35.1,One Year,Credit Card,East,Basic,Yes,0,34940.28
CUST100956,29,2401.56,1,0,50.3,Two Year,Net Banking,North,Basic,No,0,28818.72
CUST100957,46,1862.95,0,0,17.1,One Year,Net Banking,East,Premium,Yes,0,22355.4
CUST100958,70,1645.13,2,3,44.9,Month-to-Month,Net Banking,East,Premium,No,0,19741.56
CUST100959,30,700.0,3,0,43.9,Month-to-Month,UPI,South,Basic,No,0,8400.0
CUST100960,12,2038.02,1,1,71.1,Month-to-Month,Net Banking,North,Standard,Yes,0,24456.24
CUST100961,30,3890.24,0,1,66.9,Month-to-Month,Net Banking,East,Basic,Yes,1,46682.88
CUST100962,61,1441.65,3,0,37.9,Two Year,UPI,North,Standard,No,0,17299.8
CUST100963,16,1695.06,1,2,28.9,One Year,UPI,East,Basic,No,0,20340.72
CUST100964,69,5169.99,2,0,29.4,Month-to-Month,UPI,West,Standard,No,1,62039.88
CUST100965,43,2499.85,3,1,37.3,Month-to-Month,Net Banking,North,Standard,No,0,29998.2
CUST100966,44,3553.15,1,2,62.8,Two Year,Debit Card,North,Basic,No,1,42637.8
CUST100967,23,3906.55,1,1,48.6,Month-to-Month,UPI,South,Basic,No,1,46878.6
CUST100968,67,3928.78,1,0,50.3,Month-to-Month,UPI,North,Standard,Yes,1,47145.36
CUST100969,3,1525.45,3,1,55.0,Month-to-Month,Net Banking,East,Basic,Yes,0,18305.4
CUST100970,22,2945.83,1,0,26.1,Month-to-Month,Debit Card,North,Premium,Yes,0,35349.96
CUST100971,31,1419.95,1,4,30.7,Month-to-Month,Net Banking,North,Basic,No,0,17039.4
CUST100972,35,5890.95,4,1,50.3,One Year,UPI,South,Basic,No,1,70691.4
CUST100973,35,1445.64,1,3,29.5,Month-to-Month,Cash,West,Standard,Yes,0,17347.68
CUST100974,11,2047.38,2,0,17.6,Month-to-Month,UPI,South,Basic,No,0,24568.56
CUST100975,17,2055.34,3,1,24.7,Month-to-Month,Credit Card,North,Standard,No,0,24664.08
CUST100976,7,1553.67,2,1,58.9,Month-to-Month,Cash,South,Standard,Yes,0,18644.04
CUST100977,42,4687.85,2,2,36.0,Month-to-Month,Credit Card,North,Standard,No,1,56254.2
CUST100978,26,5864.69,0,1,45.6,Month-to-Month,Debit Card,North,Basic,No,1,70376.28
CUST100979,41,2676.68,3,1,25.5,Month-to-Month,Credit Card,South,Premium,No,0,32120.16
CUST100980,43,1747.53,2,2,48.1,Month-to-Month,Net Banking,West,Basic,Yes,0,20970.36
CUST100981,51,739.38,0,2,37.7,Two Year,Credit Card,West,Standard,No,0,8872.56
CUST100982,40,2931.48,3,1,49.1,Month-to-Month,Credit Card,East,Premium,No,0,35177.76
CUST100983,47,2852.0,3,3,34.4,One Year,UPI,West,Basic,No,0,34224.0
CUST100984,43,2483.57,3,1,50.1,Two Year,Cash,South,Premium,No,0,29802.84
CUST100985,47,3443.51,1,2,33.6,Month-to-Month,Net Banking,West,Standard,No,1,41322.12
CUST100986,45,3634.69,1,1,40.7,Month-to-Month,Net Banking,West,Basic,No,1,43616.28
CUST100987,23,3555.39,2,0,37.7,Month-to-Month,Net Banking,East,Standard,No,1,42664.68
CUST100988,18,2852.26,1,0,42.4,Two Year,Debit Card,North,Premium,No,0,34227.12
CUST100989,57,1988.22,4,0,46.5,Month-to-Month,UPI,West,Premium,No,0,23858.64
CUST100990,25,3932.42,3,1,34.1,Month-to-Month,UPI,West,Basic,No,1,47189.04
CUST100991,40,3213.77,4,1,40.1,Month-to-Month,Net Banking,South,Premium,No,1,38565.24
CUST100992,15,4177.19,0,1,45.0,Month-to-Month,Credit Card,South,Basic,No,1,50126.28
CUST100993,32,4069.08,2,0,50.1,Month-to-Month,UPI,South,Basic,No,1,48828.96
CUST100994,39,1636.06,1,1,40.8,One Year,UPI,West,Basic,Yes,0,19632.72
CUST100995,46,1622.36,2,1,27.8,Month-to-Month,Cash,West,Standard,No,0,19468.32
CUST100996,38,2368.91,0,1,43.4,Month-to-Month,UPI,South,Basic,No,0,28426.92
CUST100997,26,2038.11,2,1,52.7,One Year,Credit Card,North,Premium,No,0,24457.32
CUST100998,70,4030.78,2,2,20.7,Two Year,Debit Card,North,Basic,No,1,48369.36
CUST100999,37,3586.44,3,1,20.9,Month-to-Month,Debit Card,West,Basic,No,1,43037.28
CUST101000,59,4409.1,1,2,31.4,One Year,UPI,South,Standard,No,1,52909.2
CUST101001,54,3636.14,3,0,38.9,Two Year,Debit Card,West,Standard,No,1,43633.68
CUST101002,41,3429.51,2,3,6.8,Month-to-Month,Credit Card,North,Basic,No,1,41154.12
CUST101003,64,4519.7,1,1,51.2,Month-to-Month,UPI,North,Premium,No,1,54236.4
CUST101004,10,3716.7,1,5,39.1,Month-to-Month,Debit Card,South,Basic,Yes,1,44600.4
CUST101005,67,3274.91,2,1,4.4,Month-to-Month,Net Banking,South,Standard,No,1,39298.92
CUST101006,62,4828.5,4,1,24.2,Month-to-Month,Net Banking,West,Premium,No,1,57942.0
CUST101007,37,3326.7,2,0,37.2,One Year,UPI,North,Premium,No,1,39920.4
CUST101008,53,2865.23,3,1,13.6,Two Year,UPI,East,Standard,Yes,0,34382.76
CUST101009,38,3190.645,4,0,57.5,One Year,Credit Card,West,Basic,No,0,38287.74
CUST101010,20,3973.33,2,1,45.0,Two Year,UPI,West,Basic,No,1,47679.96
CUST101011,58,4560.76,1,2,52.9,Two Year,UPI,West,Standard,Yes,1,54729.12
CUST101012,18,3144.35,2,2,25.5,One Year,UPI,North,Premium,No,1,37732.2
CUST101013,23,4638.71,1,1,48.6,Two Year,UPI,East,Basic,Yes,1,55664.52
CUST101014,38,1032.98,4,0,31.4,Two Year,Debit Card,South,Premium,No,0,12395.76
CUST101015,61,3139.0,2,1,38.9,Month-to-Month,UPI,West,Premium,No,0,37668.0
CUST101016,28,3155.9,1,1,47.6,Two Year,UPI,East,Premium,No,0,37870.8
CUST101017,36,2400.31,1,1,40.9,Two Year,UPI,West,Basic,No,0,28803.72
CUST101018,3,5822.25,1,2,54.9,Month-to-Month,Credit Card,South,Basic,No,1,69867.0
CUST101019,9,3127.19,0,0,44.2,One Year,Credit Card,East,Basic,No,1,37526.28
CUST101020,5,2751.5,2,1,34.6,Month-to-Month,UPI,West,Standard,No,0,33018.0
CUST101021,6,3228.56,3,0,55.5,Month-to-Month,Credit Card,North,Premium,No,1,38742.72
CUST101022,63,996.9,3,2,58.9,One Year,UPI,North,Premium,Yes,0,11962.8
CUST101023,61,2364.15,2,1,43.4,Month-to-Month,Net Banking,South,Basic,No,0,28369.8
CUST101024,60,4281.56,4,1,63.4,One Year,Credit Card,West,Premium,No,1,51378.72
CUST101025,5,2508.16,1,1,38.2,Month-to-Month,UPI,South,Premium,No,0,30097.92
CUST101026,6,2288.24,1,1,40.0,Month-to-Month,Debit Card,South,Basic,No,0,27458.88
CUST101027,21,4640.48,0,2,42.1,One Year,Debit Card,West,Standard,Yes,1,55685.76
CUST101028,41,4674.28,1,0,39.9,Two Year,Debit Card,North,Premium,No,1,56091.36
CUST101029,25,3768.69,0,2,37.0,Month-to-Month,Credit Card,West,Premium,No,1,45224.28
CUST101030,36,2699.37,1,0,30.6,Month-to-Month,Credit Card,West,Premium,No,0,32392.44
CUST101031,13,2936.58,1,3,26.1,Month-to-Month,Credit Card,South,Standard,No,0,35238.96
CUST101032,53,2315.44,2,0,43.8,Month-to-Month,UPI,South,Standard,Yes,0,27785.28
CUST101033,23,2105.75,5,0,61.2,Month-to-Month,Credit Card,South,Premium,Yes,0,25269.0
CUST101034,5,2051.14,1,1,55.0,Month-to-Month,Credit Card,South,Basic,Yes,0,24613.68
CUST101035,54,2520.14,1,2,48.2,One Year,UPI,North,Premium,Yes,0,30241.68
CUST101036,66,2061.81,1,1,62.0,Month-to-Month,Net Banking,East,Basic,Yes,0,24741.72
CUST101037,2,1479.92,3,1,42.3,One Year,UPI,North,Standard,Yes,0,17759.04
CUST101038,32,3441.34,3,0,26.2,Month-to-Month,UPI,West,Standard,Yes,1,41296.08
CUST101039,60,3458.06,4,0,36.4,Two Year,Debit Card,East,Basic,No,1,41496.72
CUST101040,51,5070.87,1,2,41.0,Month-to-Month,Net Banking,North,Basic,Yes,1,60850.44
CUST101041,62,2464.83,4,2,33.8,Month-to-Month,Credit Card,East,Basic,No,0,29577.96
CUST101042,30,3525.71,1,0,51.8,Month-to-Month,Debit Card,South,Basic,No,1,42308.52
CUST101043,27,3543.98,4,0,57.0,Month-to-Month,UPI,North,Basic,No,1,42527.76
CUST101044,52,2920.78,2,0,14.3,Two Year,Cash,South,Basic,No,0,35049.36
CUST101045,12,4018.77,4,1,39.7,Month-to-Month,Debit Card,South,Standard,No,1,48225.24
CUST101046,18,4052.75,3,2,2.0,Month-to-Month,UPI,East,Basic,No,1,48633.0
CUST101047,44,3560.15,0,0,40.5,One Year,Net Banking,South,Basic,Yes,1,42721.8
CUST101048,49,2918.8,1,3,40.4,Month-to-Month,UPI,North,Basic,Yes,0,35025.6
CUST101049,9,2806.72,0,2,70.4,One Year,Credit Card,West,Standard,No,0,33680.64
CUST101050,37,1695.47,2,2,65.6,Month-to-Month,Credit Card,South,Basic,No,0,20345.64
CUST101051,27,2313.49,2,1,56.9,One Year,Net Banking,South,Standard,No,0,27761.88
CUST101052,37,2515.79,2,1,26.6,Two Year,Cash,South,Standard,No,0,30189.48
CUST101053,70,1963.63,1,1,25.7,Month-to-Month,Credit Card,West,Premium,No,0,23563.56
CUST101054,6,3683.92,1,2,24.5,Month-to-Month,Debit Card,East,Basic,No,1,44207.04
CUST101055,72,4516.29,0,0,66.4,One Year,Debit Card,North,Basic,No,1,54195.48
CUST101056,33,2201.13,1,1,27.4,One Year,UPI,South,Basic,No,0,26413.56
CUST101057,56,3511.79,1,1,35.8,One Year,Debit Card,West,Premium,No,1,42141.48
CUST101058,31,2062.48,1,3,27.6,Month-to-Month,Net Banking,North,Standard,No,0,24749.76
CUST101059,23,2864.59,4,2,21.9,Month-to-Month,Debit Card,North,Standard,Yes,0,34375.08
CUST101060,56,2440.64,0,0,47.3,One Year,Credit Card,East,Standard,No,0,29287.68
CUST101061,50,3862.09,4,1,44.5,Month-to-Month,Debit Card,South,Standard,No,1,46345.08
CUST101062,11,2453.33,3,4,6.4,Month-to-Month,Net Banking,North,Premium,Yes,0,29439.96
CUST101063,51,4312.83,2,4,21.2,Month-to-Month,UPI,East,Basic,No,1,51753.96
CUST101064,55,2929.71,4,0,46.1,Month-to-Month,UPI,North,Basic,Yes,0,35156.52
CUST101065,28,2485.44,1,0,40.8,One Year,Debit Card,South,Premium,No,0,29825.28
CUST101066,67,1821.36,1,5,35.6,Month-to-Month,UPI,West,Basic,No,0,21856.32
CUST101067,47,3478.52,3,1,51.7,Month-to-Month,Net Banking,North,Basic,No,1,41742.24
CUST101068,25,4184.74,3,0,18.9,Two Year,Credit Card,East,Basic,Yes,1,50216.88
CUST101069,1,3500.65,2,2,32.5,Month-to-Month,UPI,South,Premium,Yes,1,42007.8
CUST101070,49,5662.71,2,2,50.3,One Year,Net Banking,West,Premium,No,1,67952.52
CUST101071,16,4772.77,4,1,31.6,Two Year,UPI,East,Standard,Yes,1,57273.24
CUST101072,55,2861.72,1,1,47.0,One Year,Credit Card,South,Premium,Yes,0,34340.64
CUST101073,38,2850.17,2,1,23.7,Month-to-Month,Credit Card,South,Basic,Yes,0,34202.04
CUST101074,34,3716.67,1,2,28.8,Month-to-Month,Net Banking,South,Standard,Yes,1,44600.04
CUST101075,12,2278.18,1,3,13.5,Month-to-Month,UPI,West,Standard,No,0,27338.16
CUST101076,52,4482.92,2,0,9.1,Month-to-Month,Debit Card,East,Basic,No,1,53795.04
CUST101077,12,3597.76,1,2,34.4,Month-to-Month,Cash,East,Standard,No,1,43173.12
CUST101078,31,3482.1,1,2,49.2,Month-to-Month,Debit Card,West,Standard,No,1,41785.2
CUST101079,61,3955.65,3,2,40.2,Month-to-Month,UPI,North,Standard,Yes,1,47467.8
CUST101080,67,5095.11,1,0,60.6,Month-to-Month,UPI,South,Premium,Yes,1,61141.32
CUST101081,72,3388.05,3,0,35.7,Month-to-Month,Credit Card,West,Basic,Yes,0,40656.6
CUST101082,69,3075.66,2,1,8.1,Month-to-Month,Credit Card,West,Basic,No,1,36907.92
CUST101083,41,4859.59,3,0,47.5,One Year,Credit Card,North,Premium,Yes,1,58315.08
CUST101084,15,4264.31,1,0,24.7,Two Year,Debit Card,South,Standard,No,1,51171.72
CUST101085,61,2846.92,4,2,44.0,One Year,Net Banking,North,Basic,No,0,34163.04
CUST101086,58,3205.71,1,4,5.4,Two Year,Debit Card,East,Standard,No,0,38468.52
CUST101087,72,3414.92,4,1,37.6,Month-to-Month,Debit Card,East,Premium,No,1,40979.04
CUST101088,47,3597.99,1,2,53.2,One Year,UPI,East,Basic,Yes,1,43175.88
CUST101089,11,1707.74,2,0,51.3,Month-to-Month,Credit Card,West,Basic,Yes,0,20492.88
CUST101090,37,1503.27,0,3,38.0,Month-to-Month,Net Banking,North,Standard,No,0,18039.24
CUST101091,33,2223.87,1,1,41.2,One Year,Net Banking,West,Basic,Yes,0,26686.44
CUST101092,61,2138.79,0,3,34.0,One Year,UPI,South,Premium,No,0,25665.48
CUST101093,29,2491.79,3,1,37.2,Month-to-Month,UPI,North,Basic,No,0,29901.48
CUST101094,24,3898.18,2,0,52.0,Month-to-Month,Debit Card,West,Standard,Yes,1,46778.16
CUST101095,6,3014.18,2,2,30.0,One Year,Credit Card,West,Standard,Yes,0,36170.16
CUST101096,61,3416.03,3,0,31.6,Month-to-Month,Credit Card,West,Basic,No,1,40992.36
CUST101097,55,1853.27,2,0,16.7,Month-to-Month,UPI,West,Basic,No,0,22239.24
CUST101098,3,2692.19,0,0,52.3,Month-to-Month,Credit Card,South,Basic,No,0,32306.28
CUST101099,32,3845.98,1,1,36.9,Month-to-Month,UPI,South,Standard,Yes,1,46151.76
CUST101100,35,3854.45,1,5,21.8,Month-to-Month,UPI,South,Basic,No,1,46253.4
CUST101101,34,2402.97,4,2,55.2,Month-to-Month,Credit Card,North,Premium,No,0,28835.64
CUST101102,67,3377.83,3,1,40.4,Month-to-Month,Net Banking,West,Standard,No,1,40533.96
CUST101103,11,5618.73,6,3,29.3,One Year,Net Banking,South,Basic,No,1,67424.76
CUST101104,23,3190.645,2,0,55.4,One Year,UPI,South,Basic,No,0,38287.74
CUST101105,14,2437.49,1,1,35.7,Month-to-Month,UPI,West,Basic,No,0,29249.88
CUST101106,18,3008.86,1,2,16.0,Month-to-Month,UPI,East,Premium,No,0,36106.32
CUST101107,66,3301.39,1,1,56.5,Two Year,Net Banking,South,Premium,No,0,39616.68
CUST101108,68,3033.71,1,0,27.7,Two Year,UPI,West,Standard,No,1,36404.52
CUST101109,4,3165.51,4,1,89.5,Two Year,Cash,East,Standard,Yes,1,37986.12
CUST101110,46,1612.21,1,0,34.0,One Year,Debit Card,East,Standard,Yes,0,19346.52
CUST101111,17,2141.11,3,1,8.9,Two Year,Net Banking,North,Standard,Yes,0,25693.32
CUST101112,14,3035.73,0,0,69.2,Month-to-Month,UPI,East,Premium,No,0,36428.76
CUST101113,22,3018.21,3,1,40.2,Month-to-Month,Debit Card,South,Basic,No,0,36218.52
CUST101114,14,2577.19,1,1,45.2,Month-to-Month,UPI,East,Premium,No,0,30926.28
CUST101115,36,3005.29,1,2,47.2,Month-to-Month,Debit Card,North,Basic,No,1,36063.48
CUST101116,72,3267.12,4,0,19.4,Month-to-Month,Debit Card,South,Basic,No,1,39205.44
CUST101117,43,4178.35,5,4,6.5,Month-to-Month,Net Banking,North,Premium,Yes,1,50140.2
CUST101118,53,3090.87,2,2,72.4,Month-to-Month,Debit Card,West,Standard,Yes,1,37090.44
CUST101119,36,3639.01,2,2,16.1,Month-to-Month,Cash,South,Basic,Yes,1,43668.12
CUST101120,2,2604.24,0,1,67.3,Two Year,Credit Card,North,Basic,No,0,31250.88
CUST101121,7,3829.31,3,1,49.6,One Year,Debit Card,East,Basic,No,1,45951.72
CUST101122,20,3613.3,1,1,43.9,Month-to-Month,UPI,West,Basic,Yes,1,43359.6
CUST101123,18,4152.4,2,1,33.6,Month-to-Month,UPI,West,Premium,No,1,49828.8
CUST101124,61,3984.81,0,0,78.1,Month-to-Month,UPI,West,Standard,No,1,47817.72
CUST101125,61,3847.61,5,0,30.0,Month-to-Month,UPI,West,Standard,No,1,46171.32
CUST101126,62,3091.74,2,1,30.5,Month-to-Month,UPI,West,Premium,No,0,37100.88
CUST101127,46,3469.43,3,4,51.9,One Year,UPI,South,Basic,No,1,41633.16
CUST101128,41,4369.86,2,1,30.4,Two Year,UPI,South,Basic,Yes,1,52438.32
CUST101129,47,2482.72,0,2,25.0,Month-to-Month,Debit Card,North,Basic,Yes,0,29792.64
CUST101130,30,2508.75,1,0,40.2,Month-to-Month,Credit Card,West,Basic,Yes,0,30105.0
CUST101131,49,3399.57,4,2,52.2,Month-to-Month,Cash,West,Basic,No,1,40794.84
CUST101132,58,3656.81,1,1,71.2,One Year,Credit Card,South,Standard,No,1,43881.72
CUST101133,55,2293.48,1,2,74.5,Month-to-Month,UPI,East,Basic,Yes,0,27521.76
CUST101134,45,3117.76,2,2,12.5,One Year,Net Banking,North,Basic,Yes,1,37413.12
CUST101135,5,3096.6,0,0,57.8,Month-to-Month,Net Banking,West,Standard,Yes,1,37159.2
CUST101136,53,763.19,4,4,25.4,Month-to-Month,Credit Card,North,Standard,Yes,0,9158.28
CUST101137,27,2958.45,1,1,26.2,One Year,UPI,East,Premium,No,0,35501.4
CUST101138,54,3026.95,4,0,32.5,Month-to-Month,Net Banking,South,Premium,No,0,36323.4
CUST101139,39,3023.68,0,5,31.5,One Year,Cash,South,Basic,No,0,36284.16
CUST101140,64,4757.51,1,1,24.0,Month-to-Month,Cash,West,Basic,Yes,1,57090.12
CUST101141,25,1862.62,2,4,4.0,One Year,Credit Card,South,Standard,No,0,22351.44
CUST101142,68,2292.92,1,1,64.3,Two Year,UPI,South,Standard,No,0,27515.04
CUST101143,61,700.0,1,1,55.5,Month-to-Month,Credit Card,North,Premium,Yes,0,8400.0
CUST101144,24,2670.99,1,2,40.9,Month-to-Month,Debit Card,South,Premium,No,0,32051.88
CUST101145,35,2764.79,1,1,25.7,One Year,UPI,North,Standard,No,0,33177.48
CUST101146,39,2639.03,2,3,60.9,Month-to-Month,UPI,East,Premium,No,0,31668.36
CUST101147,56,4418.45,3,1,40.2,Month-to-Month,Cash,East,Basic,No,1,53021.4
CUST101148,50,4146.68,2,0,32.0,Month-to-Month,UPI,North,Standard,No,1,49760.16
CUST101149,62,3285.64,0,0,14.9,One Year,UPI,West,Standard,No,0,39427.68
CUST101150,27,2792.33,4,1,49.8,Month-to-Month,Debit Card,South,Standard,Yes,0,33507.96
CUST101151,37,4328.81,0,1,35.8,Month-to-Month,Cash,East,Basic,Yes,1,51945.72
CUST101152,32,3178.27,2,0,45.4,One Year,Cash,West,Basic,No,1,38139.24
CUST101153,66,2299.9,3,1,43.9,One Year,UPI,West,Basic,Yes,0,27598.8
CUST101154,22,1312.13,0,0,51.4,Month-to-Month,Debit Card,East,Basic,No,0,15745.56
CUST101155,43,2714.55,2,0,44.7,Month-to-Month,Cash,North,Standard,Yes,0,32574.6
CUST101156,9,4030.11,1,1,36.3,Month-to-Month,Debit Card,South,Basic,No,1,48361.32
CUST101157,62,5704.19,3,2,50.1,Two Year,UPI,West,Premium,Yes,1,68450.28
CUST101158,28,3267.77,3,0,56.4,Month-to-Month,Debit Card,East,Standard,No,0,39213.24
CUST101159,25,2358.11,3,1,65.9,Month-to-Month,Credit Card,East,Standard,Yes,0,28297.32
CUST101160,42,1896.54,2,0,23.3,Month-to-Month,Credit Card,West,Basic,Yes,0,22758.48
CUST101161,36,3807.15,2,0,59.0,Month-to-Month,Credit Card,East,Basic,Yes,1,45685.8
CUST101162,62,1258.92,1,2,15.8,Month-to-Month,UPI,West,Standard,No,0,15107.04
CUST101163,39,3805.38,3,0,57.4,Month-to-Month,Net Banking,West,Basic,Yes,1,45664.56
CUST101164,38,4099.48,0,1,31.7,Month-to-Month,Credit Card,West,Premium,No,1,49193.76
CUST101165,8,3679.91,3,2,54.7,Month-to-Month,UPI,North,Standard,No,1,44158.92
CUST101166,2,2958.37,4,1,65.1,One Year,Credit Card,West,Basic,Yes,0,35500.44
CUST101167,29,3821.43,3,1,44.9,One Year,Debit Card,West,Standard,Yes,1,45857.16
CUST101168,72,3388.03,3,1,41.2,One Year,Debit Card,East,Premium,No,1,40656.36
CUST101169,67,2344.06,2,1,40.4,Month-to-Month,Net Banking,South,Premium,Yes,0,28128.72
CUST101170,46,5235.45,4,0,34.5,Two Year,Net Banking,South,Premium,No,1,62825.4
CUST101171,46,2813.15,0,0,60.0,Month-to-Month,Debit Card,East,Premium,No,0,33757.8
CUST101172,29,4053.33,1,1,40.3,One Year,Debit Card,East,Basic,No,1,48639.96
CUST101173,13,700.0,3,3,7.2,One Year,Debit Card,West,Standard,Yes,0,8400.0
CUST101174,1,4604.12,7,1,56.1,Month-to-Month,Credit Card,South,Standard,No,1,55249.44
CUST101175,25,4815.64,1,3,55.3,Month-to-Month,Credit Card,South,Premium,No,1,57787.68
CUST101176,23,3232.82,4,0,42.7,One Year,Credit Card,East,Premium,No,0,38793.84
CUST101177,14,3814.65,0,3,29.4,Month-to-Month,Net Banking,West,Standard,Yes,1,45775.8
CUST101178,19,3814.37,1,1,23.4,Two Year,Net Banking,South,Basic,Yes,1,45772.44
CUST101179,2,2492.94,3,0,29.4,One Year,UPI,South,Standard,No,0,29915.28
CUST101180,44,3801.83,2,1,45.2,Two Year,Cash,West,Premium,No,1,45621.96
CUST101181,67,2310.51,2,0,12.5,One Year,Cash,South,Standard,Yes,0,27726.12
CUST101182,50,2530.37,1,4,48.8,Month-to-Month,UPI,South,Basic,No,0,30364.44
CUST101183,33,4439.64,1,2,43.2,Two Year,Cash,West,Standard,Yes,1,53275.68
CUST101184,31,4272.12,1,3,62.6,One Year,Credit Card,West,Standard,No,1,51265.44
CUST101185,23,2422.99,2,2,53.2,Month-to-Month,UPI,North,Premium,No,0,29075.88
CUST101186,11,2393.07,3,1,30.4,One Year,Net Banking,West,Standard,No,0,28716.84
CUST101187,44,2489.84,3,0,14.9,Month-to-Month,UPI,West,Standard,No,0,29878.08
CUST101188,41,4005.9,1,1,28.9,Two Year,Debit Card,West,Basic,Yes,1,48070.8
CUST101189,1,2100.02,0,1,64.1,One Year,Net Banking,South,Basic,No,0,25200.24
CUST101190,30,3592.38,3,0,46.7,Month-to-Month,Credit Card,East,Basic,No,1,43108.56
CUST101191,21,4021.53,1,3,51.6,Two Year,Credit Card,South,Standard,No,1,48258.36
CUST101192,13,3102.93,2,0,31.9,Month-to-Month,UPI,South,Premium,Yes,0,37235.16
CUST101193,51,4311.07,0,0,49.8,Month-to-Month,Credit Card,East,Premium,No,1,51732.84
CUST101194,38,2865.26,2,0,17.7,Month-to-Month,Debit Card,South,Standard,No,0,34383.12
CUST101195,46,2964.76,2,0,57.0,Month-to-Month,Net Banking,South,Standard,No,0,35577.12
CUST101196,52,2125.03,1,1,23.5,Month-to-Month,Net Banking,South,Premium,No,0,25500.36
CUST101197,71,4318.9,2,2,10.4,One Year,Debit Card,North,Premium,Yes,1,51826.8
CUST101198,58,2356.83,1,2,78.2,Month-to-Month,Credit Card,West,Standard,Yes,0,28281.96
CUST101199,45,3584.75,3,2,44.2,Two Year,Credit Card,West,Standard,No,1,43017.0
CUST101200,64,3121.55,5,1,43.7,Month-to-Month,Debit Card,South,Standard,No,0,37458.6
CUST101201,35,2041.94,4,2,12.1,Month-to-Month,UPI,West,Standard,No,0,24503.28
CUST101202,71,2529.99,2,3,52.0,Month-to-Month,Credit Card,West,Standard,No,0,30359.88
CUST101203,55,4721.16,1,1,56.2,Month-to-Month,Credit Card,South,Premium,No,1,56653.92
CUST101204,47,3421.82,2,1,38.8,One Year,Debit Card,East,Standard,Yes,1,41061.84
CUST101205,66,2089.93,1,3,56.2,Two Year,UPI,North,Standard,No,0,25079.16
CUST101206,38,3535.86,1,1,60.7,Month-to-Month,UPI,West,Basic,Yes,1,42430.32
CUST101207,52,3039.27,2,1,50.4,Month-to-Month,Net Banking,North,Standard,No,0,36471.24
CUST101208,21,6999.45,1,1,7.3,Month-to-Month,Net Banking,West,Basic,No,1,83993.4
CUST101209,70,3513.64,0,0,23.6,Month-to-Month,Debit Card,South,Basic,No,1,42163.68
CUST101210,45,2781.31,1,1,69.0,Month-to-Month,Net Banking,East,Premium,No,0,33375.72
CUST101211,57,4762.03,0,2,43.3,Month-to-Month,Net Banking,East,Premium,Yes,1,57144.36
CUST101212,34,1174.86,5,0,43.4,One Year,Net Banking,South,Premium,No,0,14098.32
CUST101213,63,3303.75,4,1,28.7,One Year,Net Banking,West,Basic,Yes,1,39645.0
CUST101214,6,5393.87,4,1,31.8,Month-to-Month,Net Banking,South,Standard,No,1,64726.44
CUST101215,9,3072.18,1,2,61.1,One Year,Net Banking,North,Basic,No,0,36866.16
CUST101216,37,1293.37,1,2,66.0,One Year,UPI,West,Standard,No,0,15520.44
CUST101217,53,2764.49,2,1,54.8,Month-to-Month,Credit Card,South,Basic,No,0,33173.88
CUST101218,59,4799.97,2,3,50.8,One Year,Net Banking,North,Standard,No,1,57599.64
CUST101219,32,3613.68,1,2,52.0,Month-to-Month,UPI,North,Basic,Yes,1,43364.16
CUST101220,47,2277.26,3,1,40.9,Month-to-Month,UPI,South,Basic,No,0,27327.12
CUST101221,40,2446.23,2,0,22.7,Month-to-Month,Credit Card,West,Standard,No,0,29354.76
CUST101222,70,2584.33,3,2,19.3,One Year,Debit Card,East,Basic,No,0,31011.96
CUST101223,48,3597.32,0,0,63.0,Month-to-Month,Net Banking,North,Premium,No,1,43167.84
CUST101224,31,4672.02,0,1,41.5,One Year,Debit Card,South,Basic,Yes,1,56064.24
CUST101225,70,4357.67,2,2,49.6,Month-to-Month,UPI,East,Standard,No,1,52292.04
CUST101226,8,3701.61,2,1,45.4,Month-to-Month,Net Banking,West,Basic,Yes,1,44419.32
CUST101227,71,1735.19,0,0,46.2,Two Year,UPI,East,Basic,No,0,20822.28
CUST101228,12,1739.27,1,1,47.5,Month-to-Month,Net Banking,South,Basic,No,0,20871.24
CUST101229,21,3786.58,1,0,53.2,Month-to-Month,Credit Card,West,Premium,No,1,45438.96
CUST101230,60,1719.98,2,1,29.7,One Year,UPI,South,Premium,Yes,0,20639.76
CUST101231,53,2951.88,3,2,60.9,Two Year,Credit Card,West,Premium,Yes,0,35422.56
CUST101232,70,3534.57,4,1,30.2,One Year,Debit Card,North,Basic,Yes,1,42414.84
CUST101233,54,1948.65,1,1,45.8,One Year,Net Banking,South,Standard,No,0,23383.8
CUST101234,46,2073.31,1,1,23.1,One Year,Debit Card,North,Premium,No,0,24879.72
CUST101235,25,3096.47,1,4,39.3,Two Year,Cash,West,Basic,No,1,37157.64
CUST101236,1,3754.02,1,1,31.4,Two Year,Credit Card,South,Basic,No,1,45048.24
CUST101237,9,4367.67,4,0,42.4,Month-to-Month,UPI,West,Standard,Yes,1,52412.04
CUST101238,22,3867.76,1,2,53.8,One Year,Credit Card,West,Premium,No,1,46413.12
CUST101239,3,3281.02,4,2,43.2,Month-to-Month,Debit Card,North,Basic,No,1,39372.24
CUST101240,37,2379.19,2,1,73.4,Month-to-Month,UPI,North,Basic,Yes,0,28550.28
CUST101241,56,2022.0,1,1,54.7,One Year,UPI,West,Standard,No,0,24264.0
CUST101242,70,2638.04,3,2,38.3,Month-to-Month,Debit Card,East,Basic,No,0,31656.48
CUST101243,36,3650.93,1,0,40.6,One Year,Credit Card,West,Basic,No,1,43811.16
CUST101244,64,3570.29,1,0,48.0,Month-to-Month,Net Banking,East,Basic,Yes,1,42843.48
CUST101245,71,890.11,4,1,53.3,One Year,UPI,West,Standard,No,0,10681.32
CUST101246,62,2335.76,1,2,22.3,Month-to-Month,Credit Card,South,Basic,No,0,28029.12
CUST101247,34,4524.96,2,2,52.2,Month-to-Month,Credit Card,East,Standard,No,1,54299.52
CUST101248,24,3287.14,1,2,22.7,One Year,Cash,West,Standard,Yes,1,39445.68
CUST101249,71,1641.29,0,0,50.6,One Year,UPI,East,Standard,No,0,19695.48
CUST101250,18,5791.4,2,1,59.6,One Year,UPI,West,Standard,No,1,69496.8
CUST101251,30,3168.16,4,2,46.8,One Year,UPI,North,Standard,No,1,38017.92
CUST101252,6,3622.77,1,1,4.8,One Year,Cash,West,Standard,No,1,43473.24
CUST101253,58,3639.48,2,1,13.5,Month-to-Month,UPI,South,Basic,Yes,1,43673.76
CUST101254,47,2795.64,3,2,51.0,Month-to-Month,Net Banking,North,Premium,No,0,33547.68
CUST101255,7,2399.67,3,1,2.7,Month-to-Month,Credit Card,East,Standard,Yes,0,28796.04
CUST101256,16,5533.84,0,0,51.8,Month-to-Month,Net Banking,East,Standard,No,1,66406.08
CUST101257,40,4303.53,4,2,57.8,Month-to-Month,Credit Card,West,Standard,No,1,51642.36
CUST101258,39,4104.13,1,2,60.2,Month-to-Month,Credit Card,East,Basic,Yes,1,49249.56
CUST101259,58,3833.92,3,0,38.1,Month-to-Month,Cash,North,Standard,Yes,1,46007.04
CUST101260,20,2096.35,2,3,49.0,Month-to-Month,UPI,West,Basic,No,0,25156.2
CUST101261,67,4605.28,0,1,45.3,One Year,Debit Card,South,Standard,No,1,55263.36
CUST101262,33,2272.55,2,0,18.4,Two Year,Cash,East,Premium,No,0,27270.6
CUST101263,60,3511.62,2,0,53.9,One Year,UPI,East,Standard,Yes,1,42139.44
CUST101264,18,1396.67,1,0,64.2,Month-to-Month,Net Banking,South,Basic,No,0,16760.04
CUST101265,3,955.06,5,0,53.0,Month-to-Month,UPI,South,Premium,Yes,0,11460.72
CUST101266,4,3550.12,2,0,34.0,Month-to-Month,UPI,East,Standard,Yes,1,42601.44
CUST101267,27,2309.99,3,0,53.8,Month-to-Month,UPI,West,Basic,Yes,0,27719.88
CUST101268,69,1011.92,2,1,62.8,One Year,Net Banking,West,Standard,No,0,12143.04
CUST101269,4,3794.67,3,2,60.7,Two Year,UPI,West,Basic,No,1,45536.04
CUST101270,27,5532.09,3,1,58.4,Month-to-Month,Credit Card,North,Basic,Yes,1,66385.08
CUST101271,8,4728.52,4,0,16.5,Month-to-Month,Debit Card,North,Standard,Yes,1,56742.24
CUST101272,68,2916.95,2,2,48.4,Month-to-Month,UPI,North,Premium,Yes,0,35003.4
CUST101273,49,3209.73,2,2,52.3,Month-to-Month,UPI,West,Basic,No,1,38516.76
CUST101274,55,4176.48,2,0,58.6,Two Year,UPI,North,Standard,Yes,1,50117.76
CUST101275,52,4434.34,3,4,50.2,Month-to-Month,UPI,East,Standard,No,1,53212.08
CUST101276,48,2822.11,2,0,66.8,Month-to-Month,Credit Card,West,Premium,No,0,33865.32
CUST101277,56,3237.6,1,3,12.8,Month-to-Month,Credit Card,East,Basic,No,1,38851.2
CUST101278,1,3530.68,0,1,50.9,Month-to-Month,Cash,North,Basic,Yes,1,42368.16
CUST101279,63,3809.26,3,1,49.7,Month-to-Month,Net Banking,North,Premium,No,1,45711.12
CUST101280,54,3053.62,3,0,56.4,Month-to-Month,Cash,East,Premium,Yes,0,36643.44
CUST101281,54,3067.91,2,0,66.7,One Year,Net Banking,South,Standard,No,0,36814.92
CUST101282,29,4717.82,4,1,27.8,Month-to-Month,Cash,South,Basic,Yes,1,56613.84
CUST101283,58,4530.47,1,0,66.1,Month-to-Month,UPI,North,Premium,Yes,1,54365.64
CUST101284,28,3725.15,2,1,55.0,Month-to-Month,UPI,West,Standard,Yes,1,44701.8
CUST101285,4,5091.02,1,4,39.0,Month-to-Month,Credit Card,West,Basic,No,1,61092.24
CUST101286,66,2774.91,1,1,27.5,One Year,Credit Card,East,Premium,No,0,33298.92
CUST101287,17,4985.27,2,2,45.1,Month-to-Month,Net Banking,South,Standard,No,1,59823.24
CUST101288,8,3796.77,3,3,46.6,One Year,Debit Card,South,Basic,No,1,45561.24
CUST101289,45,6798.13,4,0,47.5,Month-to-Month,Cash,North,Standard,No,1,81577.56
CUST101290,17,1888.27,1,1,32.0,Month-to-Month,UPI,West,Premium,Yes,0,22659.24
CUST101291,62,2441.72,0,1,51.7,Month-to-Month,Debit Card,South,Premium,No,0,29300.64
CUST101292,32,3660.68,1,0,35.5,One Year,Debit Card,North,Basic,Yes,1,43928.16
CUST101293,1,3636.96,3,1,61.5,Month-to-Month,UPI,West,Basic,No,1,43643.52
CUST101294,69,5345.15,0,1,69.4,One Year,Net Banking,West,Standard,No,1,64141.8
CUST101295,38,2464.79,2,0,29.0,Month-to-Month,Debit Card,South,Standard,No,0,29577.48
CUST101296,19,4195.41,2,1,43.0,One Year,UPI,East,Premium,No,1,50344.92
CUST101297,49,4478.71,3,1,57.6,Month-to-Month,Credit Card,West,Standard,No,1,53744.52
CUST101298,39,3975.11,1,1,46.4,One Year,Debit Card,North,Basic,Yes,1,47701.32
CUST101299,3,2142.9,2,0,20.4,Month-to-Month,Net Banking,West,Basic,No,0,25714.8
CUST101300,55,4748.53,2,3,55.8,Two Year,Credit Card,South,Basic,Yes,1,56982.36
CUST101301,29,4552.26,3,1,32.3,Two Year,Net Banking,East,Standard,Yes,1,54627.12
CUST101302,51,3859.54,3,3,45.2,Month-to-Month,UPI,North,Standard,No,1,46314.48
CUST101303,65,3424.78,3,0,26.1,One Year,Credit Card,North,Standard,Yes,1,41097.36
CUST101304,44,3448.72,3,2,54.7,Month-to-Month,UPI,East,Standard,No,1,41384.64
CUST101305,49,3113.39,3,2,35.3,Two Year,Credit Card,South,Basic,Yes,1,37360.68
CUST101306,19,3904.86,1,1,56.4,Month-to-Month,UPI,East,Premium,No,1,46858.32
CUST101307,18,3234.25,2,0,38.6,Month-to-Month,Debit Card,North,Basic,No,1,38811.0
CUST101308,30,2266.62,2,0,34.3,Month-to-Month,Cash,West,Basic,No,0,27199.44
CUST101309,62,2046.55,1,1,48.6,Two Year,Cash,South,Basic,No,0,24558.6
CUST101310,38,2372.76,0,3,24.8,Two Year,Credit Card,East,Basic,No,0,28473.12
CUST101311,26,3444.35,0,0,70.8,Month-to-Month,Net Banking,North,Premium,Yes,1,41332.2
CUST101312,57,3170.35,2,2,45.0,Month-to-Month,Cash,West,Premium,No,0,38044.2
CUST101313,62,3436.88,1,0,32.9,One Year,Credit Card,North,Standard,No,1,41242.56
CUST101314,65,3750.89,1,3,35.6,Month-to-Month,Credit Card,North,Basic,No,1,45010.68
CUST101315,22,2509.95,0,1,42.3,Two Year,UPI,South,Basic,No,0,30119.4
CUST101316,52,4812.23,0,1,57.9,Month-to-Month,UPI,West,Standard,No,1,57746.76
CUST101317,43,2905.52,3,0,27.7,Month-to-Month,Net Banking,North,Basic,No,0,34866.24
CUST101318,33,2723.23,3,0,36.1,Month-to-Month,UPI,East,Basic,No,0,32678.76
CUST101319,29,3730.62,6,0,41.2,Two Year,UPI,North,Premium,No,1,44767.44
CUST101320,9,1179.84,1,1,66.7,Month-to-Month,Net Banking,West,Standard,No,0,14158.08
CUST101321,20,2330.41,1,1,58.0,Two Year,Net Banking,South,Premium,No,0,27964.92
CUST101322,40,4279.18,1,0,67.4,Month-to-Month,UPI,North,Standard,No,1,51350.16
CUST101323,64,1288.84,0,1,42.5,Month-to-Month,Debit Card,East,Standard,No,0,15466.08
CUST101324,63,4429.33,2,1,64.9,Month-to-Month,Credit Card,South,Standard,Yes,1,53151.96
CUST101325,14,4862.25,4,1,62.3,One Year,UPI,South,Premium,No,1,58347.0
CUST101326,49,2793.6,0,0,53.1,Month-to-Month,Credit Card,West,Basic,No,0,33523.2
CUST101327,7,3520.99,2,0,54.4,Month-to-Month,Net Banking,West,Basic,No,1,42251.88
CUST101328,49,4431.0,2,1,32.5,One Year,UPI,North,Standard,No,1,53172.0
CUST101329,25,2686.53,1,0,71.3,Month-to-Month,UPI,North,Standard,No,0,32238.36
CUST101330,33,4154.55,0,1,38.1,One Year,Net Banking,South,Standard,Yes,1,49854.6
CUST101331,52,2461.74,5,0,51.0,One Year,Cash,South,Premium,No,0,29540.88
CUST101332,31,2674.64,1,2,52.8,Month-to-Month,Credit Card,East,Premium,Yes,0,32095.68
CUST101333,59,2320.73,3,0,20.1,One Year,UPI,South,Basic,No,0,27848.76
CUST101334,39,3576.91,0,2,41.2,Month-to-Month,UPI,West,Standard,Yes,1,42922.92
CUST101335,72,4473.77,4,1,45.3,Month-to-Month,UPI,East,Standard,No,1,53685.24
CUST101336,46,2997.48,3,1,40.2,One Year,UPI,East,Standard,No,0,35969.76
CUST101337,22,1801.63,2,3,41.4,Month-to-Month,Debit Card,South,Premium,Yes,0,21619.56
CUST101338,56,2009.02,0,1,65.9,Two Year,UPI,South,Basic,No,0,24108.24
CUST101339,30,3634.06,1,1,28.8,Month-to-Month,UPI,South,Basic,No,1,43608.72
CUST101340,39,5228.53,4,1,21.7,Month-to-Month,Debit Card,North,Standard,Yes,1,62742.36
CUST101341,10,3633.1,1,0,32.6,Month-to-Month,UPI,South,Basic,No,1,43597.2
CUST101342,9,2774.41,1,1,53.9,Month-to-Month,UPI,West,Basic,Yes,0,33292.92
CUST101343,42,4042.8,0,1,55.5,Two Year,Debit Card,West,Basic,No,1,48513.6
CUST101344,14,2936.55,0,2,51.7,One Year,UPI,North,Premium,No,0,35238.6
CUST101345,72,2783.89,0,1,56.6,One Year,Debit Card,North,Premium,No,0,33406.68
CUST101346,62,2145.69,5,2,46.1,Two Year,UPI,West,Standard,No,0,25748.28
CUST101347,51,4749.29,4,0,33.7,Month-to-Month,UPI,East,Standard,No,1,56991.48
CUST101348,53,700.0,3,1,26.9,Month-to-Month,Credit Card,North,Basic,No,0,8400.0
CUST101349,43,4077.65,3,1,21.8,One Year,Debit Card,West,Premium,Yes,1,48931.8
CUST101350,5,2689.88,0,0,38.4,One Year,UPI,West,Basic,Yes,0,32278.56
CUST101351,29,2748.63,1,1,54.6,Month-to-Month,Net Banking,South,Standard,Yes,0,32983.56
CUST101352,36,5061.55,1,3,45.8,One Year,Net Banking,East,Standard,No,1,60738.6
CUST101353,66,2414.46,2,4,42.4,Month-to-Month,Credit Card,West,Basic,No,0,28973.52
CUST101354,16,2451.92,2,0,25.1,Month-to-Month,UPI,East,Standard,Yes,0,29423.04
CUST101355,36,3056.57,0,1,83.3,Two Year,UPI,East,Standard,Yes,0,36678.84
CUST101356,25,3655.23,2,1,28.8,Month-to-Month,Cash,North,Standard,Yes,1,43862.76
CUST101357,10,2713.96,3,3,43.9,One Year,UPI,East,Standard,No,0,32567.52
CUST101358,8,1468.76,4,0,58.0,Two Year,UPI,West,Basic,No,0,17625.12
CUST101359,27,2247.73,1,0,42.7,Month-to-Month,Credit Card,South,Premium,No,0,26972.76
CUST101360,6,4609.47,0,1,29.1,Month-to-Month,UPI,South,Standard,No,1,55313.64
CUST101361,5,3282.25,2,1,54.9,Two Year,UPI,East,Standard,No,0,39387.0
CUST101362,26,3696.2,2,3,20.6,Month-to-Month,UPI,East,Basic,No,1,44354.4
CUST101363,15,2912.44,2,2,69.9,Month-to-Month,Net Banking,West,Standard,Yes,0,34949.28
CUST101364,40,2474.55,3,2,46.5,Month-to-Month,UPI,West,Standard,No,0,29694.6
CUST101365,2,5045.33,0,0,37.9,Month-to-Month,Net Banking,East,Basic,No,1,60543.96
CUST101366,22,2992.99,0,3,19.3,Month-to-Month,Credit Card,West,Basic,No,0,35915.88
CUST101367,33,2712.29,2,1,23.6,One Year,UPI,South,Standard,No,0,32547.48
CUST101368,70,4405.76,3,0,41.2,Month-to-Month,Net Banking,South,Standard,No,1,52869.12
CUST101369,46,2405.4,1,1,72.3,Month-to-Month,Debit Card,South,Basic,No,0,28864.8
CUST101370,64,2545.8,1,1,45.7,Two Year,Debit Card,North,Premium,No,0,30549.6
CUST101371,25,3211.27,0,0,47.6,Month-to-Month,UPI,North,Premium,No,1,38535.24
CUST101372,33,3200.3,0,0,48.2,Month-to-Month,Debit Card,South,Standard,No,0,38403.6
CUST101373,31,3485.57,3,0,79.8,Two Year,Net Banking,South,Basic,Yes,1,41826.84
CUST101374,64,5500.84,1,2,34.9,Month-to-Month,Cash,West,Standard,No,1,66010.08
CUST101375,70,3569.87,3,2,67.0,Month-to-Month,Debit Card,West,Premium,No,1,42838.44
CUST101376,70,700.0,2,0,35.6,One Year,Credit Card,West,Basic,Yes,0,8400.0
CUST101377,55,3558.93,2,0,30.7,Month-to-Month,Net Banking,North,Basic,No,1,42707.16
CUST101378,37,3241.67,3,2,40.7,Month-to-Month,UPI,North,Standard,No,0,38900.04
CUST101379,39,3247.8,3,0,40.6,Two Year,Credit Card,North,Basic,No,0,38973.6
CUST101380,71,3470.54,2,0,51.0,Month-to-Month,Net Banking,South,Standard,No,1,41646.48
CUST101381,21,3168.45,4,1,4.8,Two Year,Credit Card,North,Premium,Yes,0,38021.4
CUST101382,25,3142.13,2,1,44.4,Month-to-Month,UPI,North,Standard,No,1,37705.56
CUST101383,65,3874.35,2,1,32.4,Two Year,UPI,North,Standard,No,1,46492.2
CUST101384,28,2603.71,1,1,30.4,Month-to-Month,UPI,East,Standard,No,0,31244.52
CUST101385,17,2157.55,3,2,21.3,Month-to-Month,Net Banking,West,Standard,No,0,25890.6
CUST101386,41,6526.16,2,0,36.2,Month-to-Month,Net Banking,North,Basic,No,1,78313.92
CUST101387,24,2412.56,0,2,33.7,Month-to-Month,Net Banking,North,Standard,Yes,0,28950.72
CUST101388,65,3310.16,2,3,35.2,Month-to-Month,Net Banking,South,Standard,Yes,1,39721.92
CUST101389,66,3190.645,0,0,15.8,One Year,Credit Card,East,Basic,No,0,38287.74
CUST101390,23,3328.12,2,3,43.6,One Year,Net Banking,South,Premium,No,1,39937.44
CUST101391,39,2173.45,3,1,29.3,Month-to-Month,Credit Card,South,Standard,No,0,26081.4
CUST101392,71,2713.28,1,1,15.8,One Year,Net Banking,North,Standard,No,0,32559.36
CUST101393,54,4349.57,1,0,33.2,Month-to-Month,Debit Card,South,Standard,No,1,52194.84
CUST101394,16,3719.21,1,0,29.6,One Year,Cash,North,Standard,Yes,1,44630.52
CUST101395,43,3825.25,1,0,42.7,Month-to-Month,Net Banking,East,Basic,No,1,45903.0
CUST101396,45,1251.67,2,0,33.0,One Year,UPI,West,Standard,No,0,15020.04
CUST101397,48,5220.58,2,6,18.8,Month-to-Month,Debit Card,West,Basic,Yes,1,62646.96
CUST101398,2,1888.93,1,0,27.8,Month-to-Month,UPI,South,Basic,No,0,22667.16
CUST101399,22,4881.42,1,2,14.4,Month-to-Month,Debit Card,West,Basic,No,1,58577.04
CUST101400,62,4323.7,2,1,60.2,Month-to-Month,UPI,South,Standard,No,1,51884.4
CUST101401,18,3835.07,3,0,62.8,Month-to-Month,Credit Card,South,Standard,No,1,46020.84
CUST101402,22,2259.52,2,2,64.7,Month-to-Month,Net Banking,North,Basic,No,0,27114.24
CUST101403,24,3366.75,3,1,32.6,Month-to-Month,UPI,South,Basic,No,1,40401.0
CUST101404,13,2681.99,1,1,62.8,Month-to-Month,UPI,West,Premium,No,0,32183.88
CUST101405,12,3231.94,5,2,48.5,Month-to-Month,Credit Card,West,Basic,Yes,1,38783.28
CUST101406,25,2925.14,5,5,28.8,Month-to-Month,UPI,South,Basic,No,0,35101.68
CUST101407,63,957.53,0,1,31.9,Two Year,UPI,West,Premium,No,0,11490.36
CUST101408,1,4433.96,1,0,39.2,Month-to-Month,Debit Card,North,Basic,Yes,1,53207.52
CUST101409,21,3110.78,1,0,43.6,Month-to-Month,Debit Card,East,Basic,No,0,37329.36
CUST101410,5,2666.72,6,1,47.8,Month-to-Month,Credit Card,North,Basic,No,0,32000.64
CUST101411,41,2583.64,2,1,42.0,One Year,UPI,South,Standard,No,0,31003.68
CUST101412,19,3594.31,2,0,36.4,One Year,Credit Card,West,Standard,No,1,43131.72
CUST101413,58,2216.87,0,2,63.6,Month-to-Month,Cash,South,Basic,No,0,26602.44
CUST101414,43,719.31,2,1,40.2,Month-to-Month,Credit Card,North,Standard,Yes,0,8631.72
CUST101415,57,3647.84,1,1,39.3,Two Year,Credit Card,West,Basic,Yes,1,43774.08
CUST101416,46,3771.01,1,0,38.5,Month-to-Month,Credit Card,South,Basic,Yes,1,45252.12
CUST101417,32,2980.4,1,0,40.2,One Year,UPI,North,Premium,No,0,35764.8
CUST101418,62,1937.31,5,0,20.2,Month-to-Month,UPI,South,Premium,Yes,0,23247.72
CUST101419,35,3297.83,0,2,26.0,One Year,Debit Card,East,Standard,No,1,39573.96
CUST101420,69,1589.01,1,2,81.1,One Year,UPI,South,Standard,Yes,0,19068.12
CUST101421,72,2070.05,2,1,15.6,Month-to-Month,Debit Card,West,Standard,No,0,24840.6
CUST101422,43,2374.23,2,2,46.3,Month-to-Month,Credit Card,North,Basic,No,0,28490.76
CUST101423,49,4128.33,2,0,47.5,Month-to-Month,Credit Card,East,Standard,Yes,1,49539.96
CUST101424,19,2801.13,0,0,58.2,One Year,Debit Card,North,Standard,No,0,33613.56
CUST101425,59,2707.35,0,1,47.9,Month-to-Month,UPI,North,Standard,No,0,32488.2
CUST101426,49,5350.16,0,1,72.3,Month-to-Month,Credit Card,North,Standard,No,1,64201.92
CUST101427,65,3587.71,0,0,45.8,Month-to-Month,Credit Card,North,Basic,No,1,43052.52
CUST101428,20,3572.89,1,0,63.6,One Year,Debit Card,East,Standard,Yes,1,42874.68
CUST101429,57,2793.33,7,1,58.6,Month-to-Month,Net Banking,West,Premium,No,0,33519.96
CUST101430,34,2543.99,2,2,66.7,Month-to-Month,Net Banking,West,Standard,No,0,30527.88
CUST101431,14,794.95,0,2,42.4,Month-to-Month,Credit Card,East,Basic,Yes,0,9539.4
CUST101432,13,4265.61,1,3,48.4,Month-to-Month,UPI,South,Basic,No,1,51187.32
CUST101433,41,3693.14,1,0,36.1,Month-to-Month,UPI,South,Standard,Yes,1,44317.68
CUST101434,24,3002.92,2,3,44.6,Two Year,UPI,South,Standard,No,0,36035.04
CUST101435,8,3049.05,1,1,45.4,Two Year,UPI,South,Basic,Yes,0,36588.6
CUST101436,31,4009.76,2,1,8.8,One Year,UPI,East,Standard,Yes,1,48117.12
CUST101437,48,1489.82,0,2,39.7,Month-to-Month,Debit Card,East,Premium,No,0,17877.84
CUST101438,23,2551.13,1,0,56.2,Month-to-Month,Debit Card,West,Basic,No,0,30613.56
CUST101439,69,1950.07,3,2,20.4,Month-to-Month,UPI,North,Standard,No,0,23400.84
CUST101440,57,5148.66,3,1,26.2,Month-to-Month,Debit Card,North,Basic,No,1,61783.92
CUST101441,37,4163.22,1,0,60.5,Two Year,Net Banking,West,Basic,No,1,49958.64
CUST101442,68,777.04,0,0,63.5,One Year,UPI,South,Standard,No,0,9324.48
CUST101443,32,1534.86,2,1,32.1,Two Year,UPI,West,Basic,No,0,18418.32
CUST101444,11,3054.42,6,3,44.8,Two Year,Credit Card,South,Standard,No,0,36653.04
CUST101445,3,2680.32,0,1,40.8,Month-to-Month,UPI,North,Standard,No,0,32163.84
CUST101446,68,1743.18,1,1,60.8,Month-to-Month,UPI,South,Basic,No,0,20918.16
CUST101447,70,5339.24,2,2,33.5,One Year,Debit Card,North,Basic,Yes,1,64070.88
CUST101448,54,3543.79,1,0,35.9,One Year,Debit Card,West,Premium,No,1,42525.48
CUST101449,8,3722.3,2,2,63.5,Two Year,Net Banking,South,Premium,No,0,44667.6
CUST101450,22,2438.78,1,3,25.9,Month-to-Month,UPI,South,Basic,No,0,29265.36
CUST101451,3,3994.5,1,0,34.0,Month-to-Month,Net Banking,South,Premium,Yes,1,47934.0
CUST101452,4,2781.52,2,0,44.1,Month-to-Month,UPI,North,Premium,No,0,33378.24
CUST101453,18,2888.32,2,1,66.4,Month-to-Month,Credit Card,East,Basic,Yes,0,34659.84
CUST101454,42,3872.1,2,1,22.9,Month-to-Month,UPI,North,Standard,No,1,46465.2
CUST101455,5,1408.1,1,1,30.6,Month-to-Month,UPI,East,Basic,No,0,16897.2
CUST101456,71,4956.73,4,1,51.5,Month-to-Month,Net Banking,South,Standard,No,1,59480.76
CUST101457,33,3400.63,3,2,54.0,Month-to-Month,UPI,West,Basic,Yes,1,40807.56
CUST101458,19,4609.04,4,1,45.4,Month-to-Month,UPI,South,Basic,No,1,55308.48
CUST101459,38,2017.04,3,2,40.1,One Year,Debit Card,West,Standard,No,0,24204.48
CUST101460,57,2184.52,1,2,44.1,Month-to-Month,UPI,North,Basic,No,0,26214.24
CUST101461,23,1921.91,1,2,17.9,One Year,Debit Card,East,Basic,No,0,23062.92
CUST101462,4,3475.33,2,1,43.6,Month-to-Month,Net Banking,East,Premium,No,1,41703.96
CUST101463,4,3272.58,2,0,65.7,One Year,UPI,North,Standard,Yes,1,39270.96
CUST101464,62,2689.15,1,3,20.9,Month-to-Month,UPI,North,Premium,No,0,32269.8
CUST101465,9,2084.52,2,1,29.5,One Year,Credit Card,East,Basic,No,0,25014.24
CUST101466,46,1806.74,1,1,35.6,Month-to-Month,Net Banking,South,Standard,No,0,21680.88
CUST101467,28,3146.67,1,1,36.7,Month-to-Month,Cash,North,Basic,Yes,0,37760.04
CUST101468,56,2687.85,3,1,71.5,One Year,Net Banking,East,Standard,Yes,0,32254.2
CUST101469,5,2445.83,2,1,27.1,Month-to-Month,Debit Card,South,Standard,Yes,0,29349.96
CUST101470,65,4901.8,1,2,23.9,Month-to-Month,Credit Card,South,Basic,No,1,58821.6
CUST101471,51,3109.44,2,0,54.3,Month-to-Month,Net Banking,North,Standard,No,0,37313.28
CUST101472,33,4597.05,2,0,31.7,One Year,Net Banking,South,Standard,No,1,55164.6
CUST101473,15,2613.42,0,0,54.6,One Year,UPI,West,Basic,No,0,31361.04
CUST101474,71,3469.25,0,1,38.8,Two Year,Debit Card,West,Basic,No,1,41631.0
CUST101475,22,3138.98,2,0,49.3,Month-to-Month,Net Banking,South,Basic,Yes,0,37667.76
CUST101476,36,1332.62,4,0,16.9,Month-to-Month,Net Banking,South,Premium,No,0,15991.44
CUST101477,29,4771.17,1,2,49.3,Month-to-Month,Net Banking,West,Premium,Yes,1,57254.04
CUST101478,17,3051.33,2,1,45.5,One Year,Net Banking,East,Basic,No,0,36615.96
CUST101479,30,4021.06,1,1,37.9,Month-to-Month,Net Banking,North,Basic,Yes,1,48252.72
CUST101480,11,2372.77,3,1,22.3,Month-to-Month,UPI,West,Basic,No,0,28473.24
CUST101481,1,3018.67,2,3,45.5,Two Year,Debit Card,West,Standard,No,0,36224.04
CUST101482,21,2246.46,1,1,53.6,Month-to-Month,Net Banking,South,Basic,Yes,0,26957.52
CUST101483,9,4559.6,0,2,33.5,Month-to-Month,Debit Card,West,Premium,Yes,1,54715.2
CUST101484,30,3542.55,3,0,33.8,Month-to-Month,Cash,East,Basic,No,1,42510.6
CUST101485,63,3603.76,1,0,54.7,Month-to-Month,UPI,West,Standard,No,1,43245.12
CUST101486,12,4694.0,1,2,69.4,Month-to-Month,UPI,South,Basic,Yes,1,56328.0
CUST101487,1,4471.98,3,0,57.0,Month-to-Month,UPI,South,Basic,No,1,53663.76
CUST101488,8,4041.88,3,1,45.7,Month-to-Month,UPI,South,Basic,Yes,1,48502.56
CUST101489,37,1636.1,2,0,38.1,Month-to-Month,Debit Card,South,Basic,Yes,0,19633.2
CUST101490,20,2434.75,3,3,41.6,Month-to-Month,Credit Card,South,Premium,No,0,29217.0
CUST101491,36,2095.72,1,0,20.8,Month-to-Month,UPI,South,Standard,Yes,0,25148.64
CUST101492,3,4000.29,1,0,39.5,Two Year,Net Banking,North,Standard,Yes,1,48003.48
CUST101493,24,3387.72,1,0,59.9,Month-to-Month,Debit Card,West,Basic,Yes,1,40652.64
CUST101494,30,1670.44,3,0,42.6,Month-to-Month,UPI,North,Basic,No,0,20045.28
CUST101495,32,2992.38,2,2,32.0,One Year,Credit Card,West,Premium,No,0,35908.56
CUST101496,40,1556.48,3,1,30.5,One Year,Net Banking,South,Basic,No,0,18677.76
CUST101497,57,3141.53,1,0,41.5,Month-to-Month,UPI,South,Standard,Yes,1,37698.36
CUST101498,34,1379.09,2,1,22.2,Month-to-Month,Net Banking,West,Premium,No,0,16549.08
CUST101499,61,3781.71,0,3,27.5,One Year,Debit Card,South,Standard,No,1,45380.52
CUST101500,39,3615.76,3,3,66.5,One Year,Debit Card,South,Basic,No,1,43389.12
CUST101501,19,5298.74,1,1,25.4,Month-to-Month,UPI,North,Basic,No,1,63584.88
CUST101502,17,4132.66,1,1,29.2,Month-to-Month,Net Banking,East,Basic,No,1,49591.92
CUST101503,24,2734.79,2,2,46.7,Month-to-Month,UPI,West,Basic,No,0,32817.48
CUST101504,44,4099.88,4,1,34.9,Month-to-Month,Net Banking,South,Standard,No,1,49198.56
CUST101505,18,1662.57,0,1,43.4,Month-to-Month,UPI,South,Premium,No,0,19950.84
CUST101506,66,2141.28,4,0,55.8,Month-to-Month,UPI,West,Standard,No,0,25695.36
CUST101507,35,3566.46,1,1,17.2,Two Year,Debit Card,East,Basic,Yes,1,42797.52
CUST101508,63,825.93,2,0,54.1,One Year,Credit Card,South,Basic,No,0,9911.16
CUST101509,50,3159.12,4,0,32.7,Month-to-Month,Credit Card,West,Basic,No,1,37909.44
CUST101510,25,2077.71,3,0,37.4,Month-to-Month,UPI,South,Premium,No,0,24932.52
CUST101511,17,3311.44,2,1,72.8,One Year,Net Banking,East,Basic,No,1,39737.28
CUST101512,54,2014.49,4,0,19.6,Month-to-Month,Credit Card,South,Standard,Yes,0,24173.88
CUST101513,24,3666.67,1,1,51.5,One Year,Credit Card,South,Premium,Yes,1,44000.04
CUST101514,18,3221.26,2,1,60.0,Two Year,UPI,North,Premium,Yes,0,38655.12
CUST101515,67,4740.4,2,3,31.1,Month-to-Month,Debit Card,West,Basic,No,1,56884.8
CUST101516,35,3207.41,3,1,31.3,Month-to-Month,Debit Card,West,Premium,Yes,1,38488.92
CUST101517,4,2354.49,0,2,36.1,Two Year,UPI,North,Basic,Yes,0,28253.88
CUST101518,36,2928.43,1,0,31.0,Month-to-Month,UPI,North,Premium,No,0,35141.16
CUST101519,34,1721.34,1,2,43.1,Month-to-Month,Debit Card,North,Basic,No,0,20656.08
CUST101520,63,3646.75,0,1,56.3,One Year,UPI,South,Basic,No,1,43761.0
CUST101521,52,3848.84,2,6,36.2,Month-to-Month,Cash,East,Premium,Yes,1,46186.08
CUST101522,14,5916.12,5,1,56.9,Month-to-Month,UPI,East,Standard,Yes,1,70993.44
CUST101523,11,2515.98,0,0,64.4,One Year,UPI,North,Premium,No,0,30191.76
CUST101524,44,2905.43,1,1,48.9,Month-to-Month,UPI,South,Basic,Yes,1,34865.16
CUST101525,4,2566.67,5,1,50.4,Month-to-Month,Debit Card,South,Basic,Yes,0,30800.04
CUST101526,23,3433.33,2,0,32.5,Month-to-Month,UPI,South,Standard,No,1,41199.96
CUST101527,10,3619.86,2,0,2.0,Month-to-Month,UPI,East,Standard,Yes,1,43438.32
CUST101528,2,3141.29,2,0,51.4,One Year,UPI,East,Basic,No,0,37695.48
CUST101529,67,4394.96,2,0,54.7,Two Year,UPI,East,Standard,No,1,52739.52
CUST101530,7,2521.32,2,1,45.9,Two Year,UPI,East,Basic,No,0,30255.84
CUST101531,1,4284.79,0,1,56.6,Month-to-Month,Credit Card,West,Basic,Yes,1,51417.48
CUST101532,68,3792.35,2,2,33.2,Two Year,Debit Card,East,Basic,No,1,45508.2
CUST101533,14,3186.77,2,0,50.3,Month-to-Month,UPI,West,Basic,No,1,38241.24
CUST101534,59,2853.57,1,2,65.6,Month-to-Month,Credit Card,South,Basic,No,0,34242.84
CUST101535,3,5869.33,2,1,52.7,Month-to-Month,Cash,North,Standard,Yes,1,70431.96
CUST101536,12,2301.29,1,0,63.5,One Year,Debit Card,North,Standard,No,0,27615.48
CUST101537,8,3527.73,1,0,63.6,Month-to-Month,Cash,South,Basic,No,1,42332.76
CUST101538,51,2374.76,3,1,22.5,One Year,UPI,West,Standard,No,0,28497.12
CUST101539,45,5164.18,3,1,53.5,One Year,Credit Card,East,Premium,Yes,1,61970.16
CUST101540,35,4175.51,3,0,31.9,Month-to-Month,UPI,North,Premium,No,1,50106.12
CUST101541,18,2453.82,4,0,24.3,One Year,Cash,North,Standard,No,0,29445.84
CUST101542,7,3763.85,1,2,37.4,Month-to-Month,Net Banking,South,Standard,No,1,45166.2
CUST101543,41,3483.47,3,0,70.1,Month-to-Month,Debit Card,South,Basic,No,1,41801.64
CUST101544,17,2631.71,0,0,33.3,Month-to-Month,Credit Card,East,Standard,Yes,0,31580.52
CUST101545,43,4033.98,1,0,13.9,One Year,Debit Card,North,Standard,Yes,1,48407.76
CUST101546,50,3628.24,0,3,18.9,Month-to-Month,Net Banking,South,Standard,No,1,43538.88
CUST101547,62,3437.27,2,2,49.7,One Year,Debit Card,South,Premium,Yes,0,41247.24
CUST101548,36,3153.89,2,1,29.9,Month-to-Month,Net Banking,West,Standard,No,0,37846.68
CUST101549,1,3674.16,1,2,9.3,One Year,Debit Card,West,Basic,No,1,44089.92
CUST101550,21,3452.33,1,3,19.5,Month-to-Month,UPI,South,Premium,No,1,41427.96
CUST101551,62,3265.0,1,0,44.7,Month-to-Month,Net Banking,South,Premium,No,0,39180.0
CUST101552,39,2494.88,1,3,54.5,Month-to-Month,UPI,West,Basic,Yes,0,29938.56
CUST101553,45,5063.14,1,2,34.9,Month-to-Month,Net Banking,West,Standard,Yes,1,60757.68
CUST101554,33,2044.54,0,0,52.4,Month-to-Month,Credit Card,East,Premium,No,0,24534.48
CUST101555,12,3670.4,2,0,56.6,Month-to-Month,Debit Card,East,Standard,No,1,44044.8
CUST101556,65,2847.74,1,1,29.5,Month-to-Month,UPI,East,Premium,No,0,34172.88
CUST101557,56,5135.5,1,1,40.1,Month-to-Month,UPI,East,Basic,Yes,1,61626.0
CUST101558,72,2206.17,2,2,32.4,Month-to-Month,Net Banking,West,Premium,Yes,0,26474.04
CUST101559,62,2391.21,1,0,50.6,Two Year,Debit Card,East,Standard,No,0,28694.52
CUST101560,21,2133.2,3,2,32.2,Month-to-Month,Cash,East,Basic,No,0,25598.4
CUST101561,19,3555.81,2,1,22.6,Month-to-Month,Debit Card,West,Basic,No,1,42669.72
CUST101562,18,1689.64,0,2,42.8,Month-to-Month,UPI,West,Standard,No,0,20275.68
CUST101563,67,2673.62,1,0,59.8,One Year,UPI,South,Basic,No,0,32083.44
CUST101564,41,832.4,5,0,50.2,Month-to-Month,Credit Card,West,Basic,Yes,0,9988.8
CUST101565,33,3464.46,0,0,58.1,Month-to-Month,Credit Card,South,Basic,Yes,1,41573.52
CUST101566,70,2649.76,3,2,56.7,Two Year,Credit Card,North,Basic,No,0,31797.12
CUST101567,44,1563.14,4,2,42.7,Two Year,UPI,North,Basic,No,0,18757.68
CUST101568,66,4394.17,4,0,32.4,Month-to-Month,Cash,North,Standard,No,1,52730.04
CUST101569,71,1761.57,4,2,28.1,One Year,UPI,South,Standard,Yes,0,21138.84
CUST101570,6,4076.64,1,0,16.6,Two Year,Net Banking,West,Standard,No,1,48919.68
CUST101571,27,2428.86,3,0,61.0,Two Year,Debit Card,South,Standard,No,0,29146.32
CUST101572,53,4961.73,3,1,36.7,Month-to-Month,Debit Card,West,Basic,No,1,59540.76
CUST101573,59,4024.51,1,0,14.7,One Year,Debit Card,North,Premium,Yes,1,48294.12
CUST101574,11,2091.15,2,2,61.7,Month-to-Month,Net Banking,North,Premium,Yes,0,25093.8
CUST101575,23,2191.21,2,1,43.5,One Year,Debit Card,North,Premium,No,0,26294.52
CUST101576,40,3866.08,2,3,57.5,Month-to-Month,UPI,South,Basic,No,1,46392.96
CUST101577,58,2911.38,2,1,37.8,One Year,UPI,West,Premium,No,0,34936.56
CUST101578,9,3013.72,3,2,29.3,Two Year,Net Banking,North,Standard,Yes,0,36164.64
CUST101579,44,4599.46,2,1,49.1,Month-to-Month,Credit Card,South,Standard,No,1,55193.52
CUST101580,22,2376.44,4,1,50.5,Month-to-Month,Debit Card,West,Premium,No,0,28517.28
CUST101581,16,3300.42,3,1,37.5,One Year,Credit Card,South,Basic,No,1,39605.04
CUST101582,38,4250.09,1,0,63.0,Month-to-Month,Net Banking,South,Standard,Yes,1,51001.08
CUST101583,30,4090.03,2,0,57.1,Month-to-Month,Credit Card,South,Basic,No,1,49080.36
CUST101584,46,3024.43,2,2,51.0,One Year,Credit Card,East,Basic,No,1,36293.16
CUST101585,23,2882.2,0,2,24.2,One Year,Cash,South,Premium,No,0,34586.4
CUST101586,60,1287.3,1,2,22.0,One Year,Credit Card,East,Standard,No,0,15447.6
CUST101587,6,2038.13,3,1,61.2,Month-to-Month,UPI,West,Standard,Yes,0,24457.56
CUST101588,63,3550.2,2,1,7.0,Month-to-Month,Credit Card,North,Basic,No,1,42602.4
CUST101589,3,3048.33,0,3,40.5,Two Year,UPI,East,Premium,Yes,1,36579.96
CUST101590,53,3282.42,3,2,44.3,Month-to-Month,UPI,West,Standard,No,0,39389.04
CUST101591,25,4343.18,5,1,34.2,One Year,Debit Card,North,Basic,No,1,52118.16
CUST101592,28,1893.94,5,5,41.4,Month-to-Month,UPI,North,Basic,No,0,22727.28
CUST101593,2,2940.2,1,0,48.7,One Year,Credit Card,East,Basic,Yes,0,35282.4
CUST101594,51,3407.58,3,0,32.6,Month-to-Month,Debit Card,East,Standard,No,1,40890.96
CUST101595,12,2425.42,0,2,56.1,One Year,UPI,South,Basic,No,0,29105.04
CUST101596,48,4774.62,1,2,51.3,Month-to-Month,UPI,West,Basic,No,1,57295.44
CUST101597,53,4199.45,5,1,39.1,Month-to-Month,Debit Card,North,Basic,No,1,50393.4
CUST101598,61,3519.15,2,1,28.8,Month-to-Month,Cash,North,Basic,Yes,1,42229.8
CUST101599,51,5173.65,4,2,40.5,Month-to-Month,Credit Card,North,Standard,Yes,1,62083.8
CUST101600,22,1551.22,3,2,75.8,Two Year,UPI,West,Premium,Yes,0,18614.64
CUST101601,54,3191.5,2,2,29.9,Month-to-Month,Cash,North,Premium,No,0,38298.0
CUST101602,60,3602.97,1,1,66.5,Month-to-Month,Net Banking,East,Premium,No,1,43235.64
CUST101603,23,2193.99,3,0,13.9,Month-to-Month,Cash,West,Standard,No,0,26327.88
CUST101604,9,3530.79,4,0,28.2,Month-to-Month,UPI,North,Premium,No,1,42369.48
CUST101605,65,1982.76,1,2,33.3,Month-to-Month,Cash,North,Basic,No,0,23793.12
CUST101606,11,3959.61,2,1,57.2,One Year,Net Banking,West,Basic,No,1,47515.32
CUST101607,43,4363.62,3,3,42.9,Two Year,UPI,South,Premium,No,1,52363.44
CUST101608,18,3499.57,2,2,63.0,Month-to-Month,Debit Card,South,Premium,No,1,41994.84
CUST101609,10,1161.92,1,1,36.7,One Year,UPI,East,Basic,No,0,13943.04
CUST101610,56,2136.53,3,2,41.1,Two Year,Credit Card,East,Basic,No,0,25638.36
CUST101611,11,3821.18,2,0,36.7,Two Year,Debit Card,North,Basic,Yes,1,45854.16
CUST101612,49,3223.32,4,1,74.4,One Year,UPI,West,Standard,No,0,38679.84
CUST101613,50,700.0,4,1,24.1,Two Year,Cash,West,Premium,No,0,8400.0
CUST101614,5,4567.11,2,2,33.9,Month-to-Month,Cash,North,Basic,No,1,54805.32
CUST101615,13,3350.32,2,1,26.4,One Year,Net Banking,North,Standard,No,0,40203.84
CUST101616,58,2299.02,3,0,51.2,One Year,UPI,East,Basic,No,0,27588.24
CUST101617,37,4294.45,3,2,23.7,Month-to-Month,Debit Card,South,Standard,No,1,51533.4
CUST101618,9,2454.71,2,1,71.2,Month-to-Month,Net Banking,South,Standard,No,0,29456.52
CUST101619,72,2442.7,1,1,43.3,Month-to-Month,UPI,North,Basic,No,0,29312.4
CUST101620,20,3594.19,2,1,48.6,Month-to-Month,Debit Card,East,Basic,No,1,43130.28
CUST101621,1,5159.14,3,2,49.4,Month-to-Month,UPI,North,Basic,Yes,1,61909.68
CUST101622,67,4985.95,4,2,41.7,One Year,Debit Card,South,Standard,No,1,59831.4
CUST101623,2,3595.68,1,2,43.9,One Year,Debit Card,East,Basic,No,1,43148.16
CUST101624,40,3708.62,4,1,43.4,One Year,Net Banking,West,Standard,No,1,44503.44
CUST101625,72,4070.65,3,0,50.3,One Year,Credit Card,North,Basic,Yes,1,48847.8
CUST101626,42,1817.32,4,1,28.8,Month-to-Month,Net Banking,East,Premium,No,0,21807.84
CUST101627,43,3908.56,2,2,26.1,Month-to-Month,UPI,North,Premium,No,1,46902.72
CUST101628,28,2392.52,2,0,55.1,Month-to-Month,Debit Card,South,Standard,No,0,28710.24
CUST101629,10,3550.33,8,1,42.0,Two Year,Net Banking,North,Basic,No,1,42603.96
CUST101630,42,2949.79,2,1,9.9,Two Year,Net Banking,West,Basic,No,0,35397.48
CUST101631,65,3751.33,3,0,34.4,Month-to-Month,Net Banking,South,Basic,No,1,45015.96
CUST101632,7,3329.91,4,0,66.5,Month-to-Month,Debit Card,West,Basic,No,1,39958.92
CUST101633,64,700.0,3,1,39.4,Two Year,Debit Card,North,Basic,Yes,0,8400.0
CUST101634,30,3396.78,1,2,33.5,Month-to-Month,Net Banking,East,Standard,Yes,1,40761.36
CUST101635,39,3906.37,5,1,18.1,Month-to-Month,Credit Card,South,Premium,No,1,46876.44
CUST101636,12,3690.52,4,3,32.9,One Year,Net Banking,East,Basic,No,1,44286.24
CUST101637,45,3087.16,0,1,23.4,Month-to-Month,Debit Card,West,Premium,Yes,0,37045.92
CUST101638,14,5006.38,3,1,48.9,Two Year,Net Banking,West,Basic,No,1,60076.56
CUST101639,20,3542.51,0,0,42.8,One Year,Credit Card,West,Basic,No,1,42510.12
CUST101640,52,3681.44,2,0,36.2,Two Year,Credit Card,North,Basic,Yes,1,44177.28
CUST101641,4,4348.94,1,2,29.8,One Year,UPI,West,Basic,Yes,1,52187.28
CUST101642,33,3598.85,1,2,66.4,Two Year,Cash,West,Standard,No,1,43186.2
CUST101643,43,2212.18,3,4,30.7,One Year,Credit Card,South,Basic,Yes,0,26546.16
CUST101644,10,700.0,1,2,30.8,Month-to-Month,Debit Card,South,Standard,No,0,8400.0
CUST101645,22,2675.17,8,0,38.1,One Year,UPI,South,Standard,No,0,32102.04
CUST101646,25,4037.04,2,3,40.4,Two Year,Debit Card,East,Basic,No,1,48444.48
CUST101647,48,2811.59,1,1,49.7,Month-to-Month,Credit Card,North,Basic,No,0,33739.08
CUST101648,71,4081.3,3,1,56.9,Month-to-Month,Debit Card,North,Premium,No,1,48975.6
CUST101649,61,3363.6,2,2,55.7,Month-to-Month,Net Banking,South,Basic,No,1,40363.2
CUST101650,14,4616.87,4,1,80.9,One Year,Debit Card,East,Standard,No,1,55402.44
CUST101651,2,2875.26,2,0,14.9,One Year,UPI,North,Standard,No,0,34503.12
CUST101652,4,3714.38,3,0,45.7,Month-to-Month,Net Banking,West,Premium,No,1,44572.56
CUST101653,43,3756.47,3,2,33.7,One Year,Debit Card,East,Standard,Yes,1,45077.64
CUST101654,12,4851.76,5,1,74.2,Month-to-Month,UPI,North,Premium,Yes,1,58221.12
CUST101655,17,1322.7,1,1,44.8,Month-to-Month,Credit Card,East,Basic,No,0,15872.4
CUST101656,62,2695.75,4,3,9.5,One Year,Net Banking,South,Standard,No,0,32349.0
CUST101657,63,4133.37,0,0,48.9,Month-to-Month,Cash,West,Standard,No,1,49600.44
CUST101658,61,4900.49,2,0,46.3,One Year,Net Banking,West,Premium,No,1,58805.88
CUST101659,19,3464.08,0,2,54.1,Two Year,Net Banking,South,Standard,No,1,41568.96
CUST101660,45,2878.03,1,0,30.4,Month-to-Month,Credit Card,North,Standard,Yes,0,34536.36
CUST101661,44,4032.83,2,0,47.2,Month-to-Month,Credit Card,South,Premium,Yes,1,48393.96
CUST101662,14,4155.57,6,1,37.7,Month-to-Month,Net Banking,East,Basic,No,1,49866.84
CUST101663,40,2804.37,2,3,31.3,One Year,Credit Card,South,Standard,No,0,33652.44
CUST101664,38,3563.34,1,0,47.5,Month-to-Month,Debit Card,West,Standard,Yes,1,42760.08
CUST101665,29,4498.58,2,0,44.4,Month-to-Month,Debit Card,South,Basic,No,1,53982.96
CUST101666,55,5279.5,1,0,58.8,Month-to-Month,UPI,West,Basic,No,1,63354.0
CUST101667,49,4016.87,1,2,42.4,One Year,Credit Card,South,Standard,Yes,1,48202.44
CUST101668,39,3248.55,2,1,51.7,One Year,UPI,East,Basic,No,1,38982.6
CUST101669,53,3140.52,0,1,22.7,Month-to-Month,UPI,North,Premium,Yes,0,37686.24
CUST101670,55,3813.14,1,1,64.3,Month-to-Month,Credit Card,North,Standard,Yes,1,45757.68
CUST101671,41,3072.76,4,2,29.6,One Year,UPI,South,Standard,No,0,36873.12
CUST101672,20,3408.6,2,1,56.4,Month-to-Month,UPI,East,Basic,No,1,40903.2
CUST101673,55,2036.34,2,0,46.2,Month-to-Month,UPI,West,Premium,No,0,24436.08
CUST101674,52,4626.76,4,1,44.2,Month-to-Month,Debit Card,North,Premium,No,1,55521.12
CUST101675,71,1945.8,2,1,54.2,Month-to-Month,Net Banking,West,Standard,Yes,0,23349.6
CUST101676,11,2724.68,4,0,7.8,Month-to-Month,Credit Card,South,Basic,No,0,32696.16
CUST101677,31,3307.35,1,2,32.8,Month-to-Month,Debit Card,West,Standard,Yes,1,39688.2
CUST101678,67,5390.09,1,1,53.9,One Year,Debit Card,North,Basic,No,1,64681.08
CUST101679,38,2735.05,2,0,72.8,Two Year,Debit Card,South,Basic,Yes,0,32820.6
CUST101680,68,2467.38,1,1,41.5,Month-to-Month,Cash,West,Basic,No,0,29608.56
CUST101681,1,2594.1,3,1,3.0,Month-to-Month,Debit Card,South,Basic,No,0,31129.2
CUST101682,3,5024.79,3,0,36.9,One Year,Debit Card,West,Premium,No,1,60297.48
CUST101683,58,700.0,5,1,41.0,Month-to-Month,Net Banking,West,Standard,No,0,8400.0
CUST101684,26,2096.99,3,1,59.8,Month-to-Month,Debit Card,South,Standard,No,0,25163.88
CUST101685,38,6204.42,1,1,42.8,Month-to-Month,Credit Card,North,Standard,Yes,1,74453.04
CUST101686,31,3849.97,4,0,21.6,Month-to-Month,Net Banking,North,Basic,Yes,1,46199.64
CUST101687,30,1983.42,3,0,57.4,Month-to-Month,UPI,North,Premium,Yes,0,23801.04
CUST101688,68,3153.89,1,1,51.1,Month-to-Month,Debit Card,East,Standard,No,0,37846.68
CUST101689,7,3274.2,6,1,30.8,Month-to-Month,Net Banking,North,Basic,No,1,39290.4
CUST101690,56,4130.74,3,1,53.5,Two Year,Debit Card,South,Standard,Yes,1,49568.88
CUST101691,65,5223.45,3,0,33.3,Month-to-Month,UPI,North,Standard,Yes,1,62681.4
CUST101692,48,3627.41,3,1,37.2,Month-to-Month,Credit Card,West,Standard,Yes,1,43528.92
CUST101693,29,2606.23,1,0,33.5,One Year,Net Banking,South,Basic,No,0,31274.76
CUST101694,12,4065.79,3,1,37.0,Two Year,Credit Card,East,Standard,Yes,1,48789.48
CUST101695,50,2431.92,0,3,56.5,Month-to-Month,Cash,East,Basic,No,0,29183.04
CUST101696,34,2063.33,3,1,13.4,One Year,UPI,South,Premium,No,0,24759.96
CUST101697,11,1264.1,2,1,59.7,Month-to-Month,Debit Card,West,Standard,No,0,15169.2
CUST101698,26,1478.36,3,0,44.8,Month-to-Month,UPI,North,Standard,No,0,17740.32
CUST101699,70,2213.91,5,0,35.8,Two Year,Debit Card,East,Standard,Yes,0,26566.92
CUST101700,20,1904.43,3,1,42.3,One Year,Cash,North,Premium,Yes,0,22853.16
CUST101701,13,3544.56,4,1,27.5,Month-to-Month,Debit Card,North,Basic,No,1,42534.72
CUST101702,50,1880.66,2,1,15.9,Month-to-Month,Credit Card,West,Standard,No,0,22567.92
CUST101703,15,700.0,2,0,27.9,Month-to-Month,Net Banking,North,Standard,No,0,8400.0
CUST101704,67,2051.7,0,1,11.7,Month-to-Month,Credit Card,South,Standard,No,0,24620.4
CUST101705,62,2680.95,1,2,20.4,Month-to-Month,Debit Card,North,Standard,Yes,0,32171.4
CUST101706,71,2534.01,4,0,16.0,One Year,Credit Card,East,Premium,No,0,30408.12
CUST101707,66,4871.48,2,0,61.6,Month-to-Month,Debit Card,West,Standard,No,1,58457.76
CUST101708,18,2525.1,3,1,21.5,One Year,Debit Card,North,Standard,Yes,0,30301.2
CUST101709,16,4169.02,2,1,41.3,Month-to-Month,Credit Card,South,Standard,Yes,1,50028.24
CUST101710,25,3179.12,3,1,59.9,One Year,UPI,West,Standard,Yes,0,38149.44
CUST101711,34,3153.46,1,2,55.6,Two Year,UPI,West,Standard,No,0,37841.52
CUST101712,64,2281.08,3,0,37.3,Two Year,UPI,West,Standard,No,0,27372.96
CUST101713,53,3135.34,0,1,37.4,Month-to-Month,Net Banking,North,Premium,No,0,37624.08
CUST101714,47,2358.39,0,1,44.9,Month-to-Month,Cash,South,Standard,Yes,0,28300.68
CUST101715,64,3387.03,2,1,75.8,Month-to-Month,Debit Card,South,Standard,No,1,40644.36
CUST101716,47,2940.13,3,4,48.6,Month-to-Month,Net Banking,South,Standard,Yes,1,35281.56
CUST101717,28,2160.91,2,1,52.7,Two Year,UPI,West,Basic,No,0,25930.92
CUST101718,30,4291.08,1,0,78.3,Month-to-Month,Net Banking,West,Basic,Yes,1,51492.96
CUST101719,38,3669.52,2,3,46.4,Month-to-Month,UPI,East,Basic,No,1,44034.24
CUST101720,7,2707.13,3,3,60.4,Month-to-Month,UPI,South,Standard,No,0,32485.56
CUST101721,54,3360.04,1,1,49.6,Two Year,UPI,East,Standard,Yes,0,40320.48
CUST101722,47,3107.8,0,4,49.4,Month-to-Month,Credit Card,North,Basic,Yes,0,37293.6
CUST101723,53,2245.65,5,2,26.6,Two Year,Debit Card,South,Standard,Yes,0,26947.8
CUST101724,39,3277.55,6,3,23.9,Two Year,UPI,North,Premium,Yes,1,39330.6
CUST101725,57,2516.89,1,0,33.8,Month-to-Month,Credit Card,East,Basic,No,0,30202.68
CUST101726,69,2160.57,2,4,56.1,One Year,Debit Card,West,Basic,No,0,25926.84
CUST101727,42,1414.96,3,1,55.4,Month-to-Month,Net Banking,West,Basic,Yes,0,16979.52
CUST101728,32,2805.53,1,1,63.3,Month-to-Month,UPI,South,Standard,Yes,0,33666.36
CUST101729,8,3823.67,1,1,41.8,Month-to-Month,UPI,North,Standard,Yes,1,45884.04
CUST101730,57,2435.87,4,2,50.6,Two Year,Debit Card,North,Basic,No,0,29230.44
CUST101731,66,5972.78,1,2,50.7,Month-to-Month,Debit Card,West,Premium,No,1,71673.36
CUST101732,51,4174.25,1,2,40.3,Month-to-Month,Credit Card,North,Basic,No,1,50091.0
CUST101733,63,4634.76,4,3,36.9,Month-to-Month,Debit Card,South,Basic,Yes,1,55617.12
CUST101734,63,4074.77,2,1,18.2,Month-to-Month,Credit Card,North,Standard,Yes,1,48897.24
CUST101735,58,5238.15,3,1,39.6,Month-to-Month,Credit Card,West,Basic,No,1,62857.8
CUST101736,37,2334.3,2,0,40.3,Month-to-Month,Net Banking,South,Standard,Yes,0,28011.6
CUST101737,8,700.0,1,0,60.2,Month-to-Month,Net Banking,South,Standard,No,0,8400.0
CUST101738,1,2709.26,4,3,61.7,Month-to-Month,Debit Card,East,Basic,Yes,0,32511.12
CUST101739,15,3814.04,3,2,44.3,One Year,UPI,East,Basic,No,1,45768.48
CUST101740,32,3366.67,2,2,75.0,One Year,Cash,East,Premium,No,1,40400.04
CUST101741,54,3503.02,2,1,45.0,Month-to-Month,UPI,North,Basic,No,1,42036.24
CUST101742,33,4653.0,1,0,58.5,One Year,Cash,North,Premium,No,1,55836.0
CUST101743,2,3620.26,0,1,40.4,Month-to-Month,Debit Card,South,Standard,Yes,1,43443.12
CUST101744,16,4078.8,0,1,23.8,Month-to-Month,Debit Card,West,Standard,Yes,1,48945.6
CUST101745,71,2166.48,0,0,35.2,Two Year,Credit Card,North,Standard,No,0,25997.76
CUST101746,72,1995.07,2,0,65.6,One Year,Credit Card,South,Premium,Yes,0,23940.84
CUST101747,28,4975.53,2,1,37.8,Month-to-Month,UPI,North,Basic,Yes,1,59706.36
CUST101748,58,3310.99,2,1,34.5,Month-to-Month,UPI,South,Basic,Yes,1,39731.88
CUST101749,52,2514.45,1,1,41.9,Month-to-Month,Credit Card,North,Premium,No,0,30173.4
CUST101750,68,2516.47,3,1,35.8,Month-to-Month,UPI,West,Basic,No,0,30197.64
CUST101751,64,2485.96,2,2,61.1,Two Year,Credit Card,West,Standard,Yes,0,29831.52
CUST101752,46,2420.15,2,1,72.2,One Year,Net Banking,South,Premium,No,0,29041.8
CUST101753,29,1788.54,1,2,42.1,Month-to-Month,UPI,West,Premium,No,0,21462.48
CUST101754,46,1549.54,1,0,50.6,One Year,Net Banking,North,Premium,Yes,0,18594.48
CUST101755,23,2985.5,2,3,57.6,Month-to-Month,UPI,South,Basic,No,0,35826.0
CUST101756,26,2547.78,6,3,43.7,Month-to-Month,Debit Card,North,Standard,No,0,30573.36
CUST101757,44,4417.88,2,0,28.0,One Year,Debit Card,South,Standard,Yes,1,53014.56
CUST101758,42,3522.38,1,0,35.4,Month-to-Month,Net Banking,South,Basic,No,1,42268.56
CUST101759,42,3491.85,3,1,48.6,One Year,UPI,East,Standard,No,1,41902.2
CUST101760,28,2382.57,3,0,48.3,Month-to-Month,UPI,West,Premium,No,0,28590.84
CUST101761,30,3066.87,0,0,13.3,Month-to-Month,UPI,West,Standard,No,0,36802.44
CUST101762,1,3597.1,3,1,35.0,Month-to-Month,Cash,South,Standard,No,1,43165.2
CUST101763,44,3987.82,0,1,30.2,Month-to-Month,Credit Card,East,Standard,No,1,47853.84
CUST101764,42,3096.72,2,3,56.1,One Year,Debit Card,West,Basic,Yes,1,37160.64
CUST101765,68,4387.04,3,0,30.8,One Year,Credit Card,South,Standard,No,1,52644.48
CUST101766,37,3208.79,0,0,34.6,One Year,Credit Card,East,Standard,Yes,1,38505.48
CUST101767,34,4072.13,2,1,34.1,One Year,Credit Card,East,Standard,Yes,1,48865.56
CUST101768,5,2661.16,5,1,54.7,Month-to-Month,UPI,North,Standard,No,0,31933.92
CUST101769,15,1206.15,3,1,57.5,Month-to-Month,Credit Card,East,Basic,Yes,0,14473.8
CUST101770,25,3495.19,0,2,49.9,One Year,UPI,South,Basic,Yes,1,41942.28
CUST101771,28,3997.86,0,3,59.7,Month-to-Month,UPI,South,Standard,No,1,47974.32
CUST101772,27,3832.88,1,0,61.8,Month-to-Month,Credit Card,West,Premium,No,1,45994.56
CUST101773,29,3664.41,4,3,13.0,Two Year,Net Banking,North,Basic,Yes,1,43972.92
CUST101774,56,2816.55,4,2,51.5,Month-to-Month,UPI,West,Standard,Yes,0,33798.6
CUST101775,10,2312.58,1,1,36.1,Two Year,UPI,East,Standard,Yes,0,27750.96
CUST101776,24,3806.9,0,1,21.9,One Year,UPI,North,Standard,Yes,1,45682.8
CUST101777,12,3669.09,2,3,36.9,One Year,Net Banking,North,Premium,Yes,1,44029.08
CUST101778,23,2583.01,3,0,53.7,Month-to-Month,UPI,West,Premium,No,0,30996.12
CUST101779,50,4420.37,1,1,65.3,Month-to-Month,Net Banking,North,Premium,Yes,1,53044.44
CUST101780,4,2228.85,3,1,20.5,Month-to-Month,Credit Card,North,Standard,No,0,26746.2
CUST101781,25,2558.12,1,1,51.9,Two Year,Credit Card,South,Basic,No,0,30697.44
CUST101782,2,5000.07,1,1,73.5,Month-to-Month,Credit Card,West,Basic,Yes,1,60000.84
CUST101783,69,4155.44,3,1,71.3,Month-to-Month,Credit Card,South,Standard,No,1,49865.28
CUST101784,53,2806.19,3,3,2.0,One Year,Credit Card,South,Basic,Yes,0,33674.28
CUST101785,18,3516.12,2,2,76.9,Month-to-Month,Credit Card,West,Premium,No,1,42193.44
CUST101786,15,3370.27,1,0,57.4,Month-to-Month,Cash,East,Premium,Yes,0,40443.24
CUST101787,8,700.0,3,2,5.1,One Year,Debit Card,South,Standard,No,0,8400.0
CUST101788,35,2202.88,2,1,29.7,Month-to-Month,Net Banking,South,Standard,No,0,26434.56
CUST101789,55,3144.07,1,0,62.1,Month-to-Month,Net Banking,South,Basic,No,0,37728.84
CUST101790,43,2807.73,1,2,47.8,Month-to-Month,Credit Card,North,Premium,Yes,0,33692.76
CUST101791,64,3471.81,2,1,32.8,Month-to-Month,Net Banking,North,Standard,Yes,1,41661.72
CUST101792,25,4442.43,1,0,43.1,Month-to-Month,Credit Card,East,Basic,Yes,1,53309.16
CUST101793,21,2846.31,3,1,50.7,Month-to-Month,Debit Card,North,Premium,Yes,0,34155.72
CUST101794,35,2036.58,0,3,32.7,Month-to-Month,Net Banking,West,Premium,No,0,24438.96
CUST101795,15,3557.34,4,0,40.0,Month-to-Month,Debit Card,South,Basic,No,1,42688.08
CUST101796,71,2840.71,2,1,56.4,Month-to-Month,Credit Card,North,Standard,No,0,34088.52
CUST101797,14,3028.33,2,0,30.8,Month-to-Month,UPI,West,Standard,No,0,36339.96
CUST101798,35,2879.05,4,1,20.3,Month-to-Month,Cash,West,Premium,No,0,34548.6
CUST101799,38,5666.02,3,0,31.8,Month-to-Month,UPI,East,Standard,Yes,1,67992.24
CUST101800,5,735.23,1,2,27.8,Month-to-Month,UPI,East,Basic,No,0,8822.76
CUST101801,34,2772.83,5,1,32.3,One Year,UPI,East,Standard,No,0,33273.96
CUST101802,33,3195.94,0,1,14.4,Month-to-Month,Debit Card,North,Premium,Yes,1,38351.28
CUST101803,19,2340.74,6,2,45.8,Month-to-Month,Credit Card,East,Basic,Yes,0,28088.88
CUST101804,10,4189.81,2,0,55.9,One Year,Net Banking,North,Standard,No,1,50277.72
CUST101805,4,4094.58,0,1,29.0,Two Year,Debit Card,West,Basic,No,1,49134.96
CUST101806,1,3147.47,2,0,31.6,Two Year,Net Banking,South,Basic,No,0,37769.64
CUST101807,35,2902.26,3,1,39.0,One Year,UPI,East,Standard,No,0,34827.12
CUST101808,7,3076.85,3,1,27.4,Month-to-Month,Credit Card,North,Standard,No,0,36922.2
CUST101809,70,3084.73,1,4,57.7,One Year,Debit Card,South,Premium,No,0,37016.76
CUST101810,18,3113.79,3,4,27.8,One Year,UPI,North,Standard,No,1,37365.48
CUST101811,47,2993.2,6,2,33.6,Two Year,Credit Card,South,Premium,No,0,35918.4
CUST101812,49,3477.69,1,0,29.8,Month-to-Month,Net Banking,East,Standard,No,1,41732.28
CUST101813,36,4028.53,2,0,58.1,Month-to-Month,Debit Card,East,Basic,Yes,1,48342.36
CUST101814,64,1846.71,0,1,38.3,Month-to-Month,Net Banking,South,Standard,Yes,0,22160.52
CUST101815,8,2044.27,0,0,73.9,Month-to-Month,Debit Card,North,Basic,No,0,24531.24
CUST101816,17,1276.63,1,1,47.7,One Year,UPI,East,Standard,Yes,0,15319.56
CUST101817,19,4153.04,4,0,60.5,Two Year,Net Banking,North,Standard,Yes,1,49836.48
CUST101818,10,3475.36,1,2,36.8,Month-to-Month,Cash,West,Basic,No,1,41704.32
CUST101819,22,3755.79,4,1,26.9,Month-to-Month,Credit Card,East,Standard,No,1,45069.48
CUST101820,23,1627.55,3,2,41.5,Month-to-Month,UPI,West,Standard,No,0,19530.6
CUST101821,56,5163.44,3,0,31.1,Month-to-Month,UPI,West,Standard,Yes,1,61961.28
CUST101822,22,2530.26,1,4,10.0,Two Year,Net Banking,South,Basic,Yes,0,30363.12
CUST101823,64,3385.03,1,1,58.2,Month-to-Month,UPI,South,Premium,No,1,40620.36
CUST101824,56,4139.82,1,0,42.5,Month-to-Month,UPI,East,Premium,Yes,1,49677.84
CUST101825,65,2114.32,0,0,30.8,Month-to-Month,Credit Card,East,Basic,No,0,25371.84
CUST101826,8,2599.04,2,0,41.5,Month-to-Month,Net Banking,East,Standard,No,0,31188.48
CUST101827,71,3397.09,3,0,42.8,One Year,Credit Card,West,Basic,No,1,40765.08
CUST101828,45,6343.22,2,2,64.6,Month-to-Month,Credit Card,South,Premium,No,1,76118.64
CUST101829,71,3531.24,5,2,48.9,Two Year,Debit Card,West,Standard,Yes,1,42374.88
CUST101830,26,4967.0,1,0,39.5,One Year,Net Banking,East,Standard,No,1,59604.0
CUST101831,69,4526.24,2,2,53.1,Month-to-Month,Credit Card,West,Basic,No,1,54314.88
CUST101832,43,3604.81,6,0,41.4,Month-to-Month,UPI,South,Basic,Yes,1,43257.72
CUST101833,6,2111.88,3,2,44.9,Month-to-Month,UPI,South,Premium,No,0,25342.56
CUST101834,30,4365.73,1,1,61.6,Month-to-Month,UPI,West,Standard,No,1,52388.76
CUST101835,10,1552.08,2,0,23.3,Month-to-Month,UPI,West,Basic,No,0,18624.96
CUST101836,68,4960.96,2,1,28.2,Month-to-Month,Credit Card,South,Standard,Yes,1,59531.52
CUST101837,22,3420.01,1,2,35.3,Month-to-Month,UPI,South,Standard,No,1,41040.12
CUST101838,17,700.0,4,1,37.6,Month-to-Month,Net Banking,South,Basic,Yes,0,8400.0
CUST101839,40,2825.44,4,0,60.5,One Year,UPI,North,Standard,Yes,0,33905.28
CUST101840,31,3919.34,0,0,19.4,One Year,Cash,North,Basic,No,1,47032.08
CUST101841,7,2939.27,2,2,41.5,Month-to-Month,UPI,West,Standard,No,0,35271.24
CUST101842,59,3986.51,3,2,33.2,Month-to-Month,Credit Card,South,Premium,No,1,47838.12
CUST101843,61,2264.97,5,0,69.2,Two Year,Net Banking,South,Standard,No,0,27179.64
CUST101844,54,1763.42,4,1,56.1,Month-to-Month,Net Banking,East,Premium,Yes,0,21161.04
CUST101845,45,3121.41,1,0,45.8,Month-to-Month,UPI,East,Basic,Yes,0,37456.92
CUST101846,29,3234.72,2,2,57.5,Month-to-Month,Net Banking,West,Standard,No,0,38816.64
CUST101847,40,2816.78,0,1,20.9,Month-to-Month,Net Banking,South,Standard,Yes,0,33801.36
CUST101848,38,4550.02,2,2,74.4,Month-to-Month,Credit Card,South,Basic,No,1,54600.24
CUST101849,12,2264.77,2,1,28.5,Two Year,Debit Card,South,Standard,No,0,27177.24
CUST101850,6,3544.48,2,1,62.1,One Year,Credit Card,East,Basic,Yes,1,42533.76
CUST101851,19,3274.77,1,1,50.8,One Year,Credit Card,West,Premium,No,0,39297.24
CUST101852,33,1487.61,1,2,46.2,Two Year,UPI,East,Standard,No,0,17851.32
CUST101853,12,1749.07,1,3,61.4,Month-to-Month,UPI,West,Basic,Yes,0,20988.84
CUST101854,8,3213.1,1,1,57.9,Two Year,Credit Card,West,Standard,No,0,38557.2
CUST101855,62,5379.32,2,2,43.7,Two Year,UPI,North,Basic,Yes,1,64551.84
CUST101856,27,3837.2,2,0,35.3,One Year,UPI,South,Basic,Yes,1,46046.4
CUST101857,43,1301.8,5,0,44.0,Two Year,UPI,North,Basic,No,0,15621.6
CUST101858,38,700.0,2,2,40.4,One Year,Debit Card,West,Standard,No,0,8400.0
CUST101859,53,4006.36,3,0,47.7,Month-to-Month,Debit Card,South,Standard,Yes,1,48076.32
CUST101860,54,3094.17,2,0,58.3,Month-to-Month,Net Banking,East,Premium,No,1,37130.04
CUST101861,22,4455.39,1,0,49.5,One Year,Cash,South,Standard,No,1,53464.68
CUST101862,62,2231.21,4,1,45.0,Month-to-Month,Cash,West,Basic,Yes,0,26774.52
CUST101863,27,3585.23,1,3,31.5,Month-to-Month,UPI,South,Standard,No,1,43022.76
CUST101864,61,4130.79,1,1,47.2,Month-to-Month,Credit Card,North,Basic,No,1,49569.48
CUST101865,30,2707.79,1,1,14.9,Month-to-Month,Debit Card,South,Standard,Yes,0,32493.48
CUST101866,8,2731.31,2,0,29.2,Month-to-Month,UPI,South,Standard,Yes,0,32775.72
CUST101867,55,3227.79,2,1,51.7,Month-to-Month,UPI,South,Basic,No,1,38733.48
CUST101868,3,3796.94,1,0,56.2,Month-to-Month,Net Banking,South,Basic,Yes,1,45563.28
CUST101869,56,3184.23,2,1,41.7,Month-to-Month,Credit Card,North,Basic,No,0,38210.76
CUST101870,4,4271.4,2,0,45.2,Two Year,Credit Card,North,Basic,Yes,1,51256.8
CUST101871,15,2691.87,2,1,47.9,Month-to-Month,Net Banking,West,Standard,No,0,32302.44
CUST101872,44,1738.77,2,1,52.9,Two Year,Net Banking,North,Basic,No,0,20865.24
CUST101873,68,5374.67,3,0,38.8,Month-to-Month,Net Banking,South,Standard,Yes,1,64496.04
CUST101874,30,2534.9,1,2,26.3,Month-to-Month,Net Banking,North,Standard,Yes,0,30418.8
CUST101875,9,2574.71,3,0,48.2,One Year,UPI,North,Basic,Yes,0,30896.52
CUST101876,17,3127.62,3,0,73.3,Two Year,Debit Card,East,Basic,No,0,37531.44
CUST101877,65,3273.9,4,1,27.2,One Year,UPI,West,Premium,No,0,39286.8
CUST101878,53,2774.65,3,1,40.0,Two Year,Cash,South,Standard,No,0,33295.8
CUST101879,8,3180.82,1,0,35.8,Month-to-Month,UPI,East,Basic,No,1,38169.84
CUST101880,28,3156.26,5,0,80.6,Month-to-Month,Credit Card,West,Standard,No,0,37875.12
CUST101881,20,3392.3,2,0,26.6,Two Year,Cash,East,Basic,No,1,40707.6
CUST101882,13,700.0,1,1,39.4,Month-to-Month,Debit Card,West,Standard,Yes,0,8400.0
CUST101883,61,5268.96,2,1,36.2,Month-to-Month,UPI,North,Basic,Yes,1,63227.52
CUST101884,45,3037.98,1,1,21.9,Month-to-Month,UPI,North,Basic,Yes,0,36455.76
CUST101885,13,3838.68,1,0,21.1,One Year,Credit Card,South,Standard,No,1,46064.16
CUST101886,47,1684.09,2,0,51.1,Month-to-Month,Debit Card,South,Standard,No,0,20209.08
CUST101887,30,2681.9,1,0,53.3,Month-to-Month,Debit Card,South,Basic,No,0,32182.8
CUST101888,5,2460.45,3,0,33.0,Month-to-Month,UPI,West,Premium,No,0,29525.4
CUST101889,33,4816.7,4,1,64.5,Month-to-Month,Debit Card,North,Basic,Yes,1,57800.4
CUST101890,14,2555.61,4,1,6.0,Month-to-Month,Credit Card,West,Standard,No,0,30667.32
CUST101891,18,4033.89,5,1,21.9,Month-to-Month,Cash,South,Premium,No,1,48406.68
CUST101892,64,2484.54,1,1,28.8,One Year,Debit Card,West,Standard,Yes,0,29814.48
CUST101893,52,2702.12,2,1,41.9,Month-to-Month,Net Banking,South,Standard,No,0,32425.44
CUST101894,10,2929.89,2,0,34.8,One Year,UPI,South,Standard,Yes,0,35158.68
CUST101895,62,4612.23,3,1,38.8,Month-to-Month,Net Banking,East,Basic,No,1,55346.76
CUST101896,42,1121.16,1,0,49.8,Month-to-Month,Net Banking,South,Premium,No,0,13453.92
CUST101897,63,1752.77,3,2,65.3,One Year,Credit Card,West,Basic,Yes,0,21033.24
CUST101898,54,1057.96,0,0,54.8,Month-to-Month,Cash,South,Standard,No,0,12695.52
CUST101899,25,2003.75,4,0,42.9,Month-to-Month,Net Banking,North,Standard,No,0,24045.0
CUST101900,39,2307.24,0,0,40.7,Month-to-Month,Cash,West,Standard,No,0,27686.88
CUST101901,39,1424.07,3,1,59.6,Month-to-Month,Net Banking,South,Standard,No,0,17088.84
CUST101902,52,2392.44,2,3,72.1,Month-to-Month,Net Banking,East,Standard,Yes,0,28709.28
CUST101903,18,983.81,3,2,52.2,One Year,UPI,South,Standard,Yes,0,11805.72
CUST101904,24,2080.21,3,3,34.2,Month-to-Month,UPI,East,Standard,Yes,0,24962.52
CUST101905,18,4520.46,2,1,46.1,Month-to-Month,Credit Card,East,Standard,Yes,1,54245.52
CUST101906,22,3643.95,0,2,51.3,Month-to-Month,Net Banking,West,Basic,No,1,43727.4
CUST101907,12,3406.21,0,2,33.1,Month-to-Month,UPI,South,Standard,No,1,40874.52
CUST101908,3,2096.94,2,2,55.9,Month-to-Month,Credit Card,North,Premium,Yes,0,25163.28
CUST101909,68,1510.31,0,1,46.2,Month-to-Month,UPI,South,Basic,No,0,18123.72
CUST101910,6,1946.93,1,1,60.6,Month-to-Month,Cash,East,Basic,No,0,23363.16
CUST101911,64,3152.47,1,2,26.4,Month-to-Month,Net Banking,South,Premium,Yes,1,37829.64
CUST101912,1,4154.99,1,0,14.1,Month-to-Month,UPI,West,Basic,Yes,1,49859.88
CUST101913,56,4192.6,3,0,35.7,Two Year,UPI,West,Standard,No,1,50311.2
CUST101914,24,3893.67,2,0,42.4,Month-to-Month,Cash,West,Standard,No,1,46724.04
CUST101915,38,2388.69,1,0,13.2,One Year,Credit Card,North,Standard,Yes,0,28664.28
CUST101916,21,3227.0,2,0,32.3,Month-to-Month,Debit Card,North,Basic,Yes,0,38724.0
CUST101917,36,2846.52,1,3,62.5,Month-to-Month,Cash,South,Standard,No,0,34158.24
CUST101918,33,2978.69,0,2,50.5,Month-to-Month,Cash,West,Standard,No,0,35744.28
CUST101919,39,5440.84,1,3,44.2,Month-to-Month,UPI,West,Standard,Yes,1,65290.08
CUST101920,29,1261.8,2,2,25.1,One Year,Debit Card,North,Standard,No,0,15141.6
CUST101921,39,2941.86,5,0,62.0,Two Year,Cash,South,Premium,No,0,35302.32
CUST101922,60,4532.92,1,1,35.3,Month-to-Month,UPI,West,Premium,No,1,54395.04
CUST101923,32,1587.52,1,0,43.5,Month-to-Month,Debit Card,North,Basic,No,0,19050.24
CUST101924,27,2491.88,1,0,48.5,One Year,Net Banking,East,Basic,Yes,0,29902.56
CUST101925,10,2618.06,0,5,44.7,Month-to-Month,UPI,East,Basic,No,0,31416.72
CUST101926,26,2954.38,5,1,65.9,One Year,Credit Card,North,Premium,No,0,35452.56
CUST101927,10,1444.45,2,0,51.2,One Year,UPI,South,Basic,Yes,0,17333.4
CUST101928,14,3854.81,3,1,47.4,One Year,UPI,West,Standard,No,1,46257.72
CUST101929,69,3932.92,0,1,40.6,Month-to-Month,UPI,North,Standard,Yes,1,47195.04
CUST101930,7,3759.21,0,0,48.9,Month-to-Month,Credit Card,East,Standard,Yes,1,45110.52
CUST101931,35,2242.59,3,1,38.6,Month-to-Month,Debit Card,West,Standard,No,0,26911.08
CUST101932,61,3295.16,1,2,45.0,Month-to-Month,Cash,South,Basic,Yes,1,39541.92
CUST101933,69,2210.62,2,1,36.5,One Year,Cash,South,Standard,No,0,26527.44
CUST101934,11,2834.14,2,0,34.0,Month-to-Month,Net Banking,East,Basic,No,0,34009.68
CUST101935,12,5568.81,2,1,27.3,Month-to-Month,Net Banking,South,Basic,No,1,66825.72
CUST101936,27,3305.26,0,2,37.7,Month-to-Month,UPI,South,Basic,No,1,39663.12
CUST101937,40,1893.72,2,2,36.6,Month-to-Month,Credit Card,South,Premium,No,0,22724.64
CUST101938,70,3398.37,4,1,71.3,Month-to-Month,Net Banking,West,Basic,Yes,1,40780.44
CUST101939,15,1713.02,1,1,57.9,Month-to-Month,Cash,East,Basic,Yes,0,20556.24
CUST101940,12,1881.09,3,0,39.9,Month-to-Month,Credit Card,North,Basic,No,0,22573.08
CUST101941,19,2054.76,1,2,35.2,One Year,Debit Card,South,Basic,Yes,0,24657.12
CUST101942,63,2711.26,2,1,51.8,One Year,Cash,West,Basic,No,0,32535.12
CUST101943,3,4230.67,1,1,73.1,Month-to-Month,Debit Card,West,Standard,Yes,1,50768.04
CUST101944,28,3836.24,1,2,54.7,Month-to-Month,Net Banking,South,Standard,No,1,46034.88
CUST101945,9,3775.29,2,1,14.5,One Year,Cash,East,Standard,Yes,1,45303.48
CUST101946,12,1991.18,2,3,55.8,One Year,Debit Card,North,Premium,No,0,23894.16
CUST101947,67,2604.55,2,2,58.6,Month-to-Month,UPI,North,Basic,No,0,31254.6
CUST101948,1,3499.2,3,0,77.2,Month-to-Month,Cash,West,Standard,No,1,41990.4
CUST101949,24,2508.85,2,2,38.0,One Year,Net Banking,South,Standard,Yes,0,30106.2
CUST101950,66,2893.8,2,0,44.2,Month-to-Month,UPI,North,Standard,Yes,0,34725.6
CUST101951,44,3685.49,2,2,49.2,Month-to-Month,Cash,South,Basic,Yes,1,44225.88
CUST101952,6,2816.35,1,2,29.8,Month-to-Month,UPI,South,Standard,Yes,0,33796.2
CUST101953,34,3448.67,0,1,28.3,One Year,Cash,West,Basic,No,1,41384.04
CUST101954,70,4952.0,4,0,48.4,Month-to-Month,Net Banking,North,Basic,No,1,59424.0
CUST101955,29,3010.96,6,1,17.3,Month-to-Month,UPI,East,Standard,No,0,36131.52
CUST101956,39,4497.27,4,0,20.9,One Year,Net Banking,West,Basic,No,1,53967.24
CUST101957,39,3815.31,0,0,55.1,Month-to-Month,UPI,West,Premium,No,1,45783.72
CUST101958,48,1586.03,6,0,50.0,Month-to-Month,Cash,West,Premium,No,0,19032.36
CUST101959,14,1987.65,3,0,62.0,Month-to-Month,Debit Card,East,Standard,No,0,23851.8
CUST101960,61,2283.04,1,1,49.4,One Year,Credit Card,South,Premium,No,0,27396.48
CUST101961,72,2259.68,3,2,42.2,Two Year,Cash,North,Standard,Yes,0,27116.16
CUST101962,11,3100.68,2,0,62.6,Two Year,UPI,West,Basic,No,0,37208.16
CUST101963,59,3876.11,0,3,35.2,One Year,Credit Card,North,Premium,Yes,1,46513.32
CUST101964,59,4580.67,2,1,36.7,One Year,Net Banking,South,Basic,Yes,1,54968.04
CUST101965,54,3538.99,1,0,41.0,Two Year,UPI,North,Basic,Yes,1,42467.88
CUST101966,27,2709.75,3,1,49.2,Month-to-Month,UPI,South,Basic,No,0,32517.0
CUST101967,34,909.53,3,1,40.9,Two Year,Debit Card,South,Standard,No,0,10914.36
CUST101968,61,3277.65,3,2,18.2,Month-to-Month,Credit Card,South,Basic,No,1,39331.8
CUST101969,12,3228.35,5,1,37.7,One Year,Credit Card,South,Standard,No,1,38740.2
CUST101970,60,3401.22,2,4,41.5,Month-to-Month,Debit Card,East,Premium,No,1,40814.64
CUST101971,67,5516.86,4,2,43.8,Month-to-Month,Credit Card,West,Premium,No,1,66202.32
CUST101972,50,4564.66,2,2,34.8,Month-to-Month,UPI,South,Premium,No,1,54775.92
CUST101973,25,4063.57,1,0,50.1,Month-to-Month,UPI,West,Basic,No,1,48762.84
CUST101974,41,2141.72,2,0,16.2,One Year,UPI,North,Standard,No,0,25700.64
CUST101975,4,2635.71,1,2,48.7,Two Year,UPI,South,Premium,Yes,0,31628.52
CUST101976,68,3095.67,3,1,70.7,One Year,UPI,North,Basic,No,0,37148.04
CUST101977,25,2347.05,5,0,32.3,Month-to-Month,Cash,East,Premium,Yes,0,28164.6
CUST101978,5,3750.51,6,0,42.9,One Year,UPI,West,Standard,No,0,45006.12
CUST101979,58,3592.6,3,0,38.0,Month-to-Month,Credit Card,North,Premium,No,1,43111.2
CUST101980,48,2002.86,4,3,38.3,Month-to-Month,Net Banking,East,Basic,No,0,24034.32
CUST101981,45,4516.5,1,2,25.5,Two Year,UPI,West,Basic,No,1,54198.0
CUST101982,4,3312.54,2,2,73.9,Month-to-Month,Debit Card,North,Premium,No,1,39750.48
CUST101983,55,1298.02,4,1,48.2,One Year,UPI,South,Basic,No,0,15576.24
CUST101984,46,3143.52,0,0,31.3,Month-to-Month,Cash,North,Premium,Yes,0,37722.24
CUST101985,58,3509.33,2,0,29.4,Two Year,UPI,South,Basic,Yes,1,42111.96
CUST101986,60,4270.07,3,0,43.0,One Year,UPI,West,Basic,No,1,51240.84
CUST101987,16,2828.78,2,1,7.3,Month-to-Month,Debit Card,South,Standard,Yes,0,33945.36
CUST101988,16,4110.73,2,3,58.8,Month-to-Month,Credit Card,West,Premium,No,1,49328.76
CUST101989,67,3405.86,6,0,33.8,Month-to-Month,Net Banking,West,Standard,No,1,40870.32
CUST101990,39,1753.44,3,1,48.2,Month-to-Month,Net Banking,South,Standard,No,0,21041.28
CUST101991,32,1643.32,2,1,49.0,One Year,Net Banking,South,Basic,Yes,0,19719.84
CUST101992,21,4434.82,1,1,57.4,One Year,UPI,East,Basic,No,1,53217.84
CUST101993,47,4515.58,2,0,49.9,Month-to-Month,Debit Card,East,Standard,No,1,54186.96
CUST101994,55,3555.2,2,3,41.5,Month-to-Month,UPI,East,Standard,Yes,1,42662.4
CUST101995,1,4845.28,1,1,58.3,Month-to-Month,UPI,South,Premium,No,1,58143.36
CUST101996,40,4362.27,3,1,36.7,One Year,UPI,West,Basic,No,1,52347.24
CUST101997,72,3951.99,1,1,76.4,Month-to-Month,Credit Card,North,Basic,Yes,1,47423.88
CUST101998,21,2197.56,4,3,47.6,One Year,Credit Card,East,Standard,Yes,0,26370.72
CUST101999,21,5104.57,1,2,41.6,One Year,Net Banking,North,Standard,No,1,61254.84
CUST102000,64,3789.93,1,1,28.5,Month-to-Month,Credit Card,East,Standard,No,1,45479.16
CUST102001,5,2775.58,3,1,38.7,Month-to-Month,UPI,North,Basic,No,0,33306.96
CUST102002,29,2464.9,0,1,48.4,Month-to-Month,UPI,North,Premium,No,0,29578.8
CUST102003,33,3482.46,2,1,43.5,Two Year,Debit Card,North,Standard,No,1,41789.52
CUST102004,58,1361.84,2,1,71.2,Month-to-Month,Debit Card,West,Standard,Yes,0,16342.08
CUST102005,10,3969.64,2,1,35.8,Month-to-Month,UPI,North,Basic,Yes,1,47635.68
CUST102006,32,2151.07,4,1,52.9,One Year,Debit Card,South,Basic,No,0,25812.84
CUST102007,11,3607.67,3,1,24.0,Month-to-Month,Net Banking,South,Basic,Yes,1,43292.04
CUST102008,57,2626.22,2,1,76.9,Month-to-Month,UPI,North,Standard,No,0,31514.64
CUST102009,46,2909.14,1,1,22.9,Month-to-Month,Net Banking,West,Standard,No,0,34909.68
CUST102010,36,2367.4,0,1,75.2,Month-to-Month,Cash,North,Basic,No,0,28408.8
CUST102011,29,3022.65,2,1,39.8,One Year,Cash,West,Standard,Yes,0,36271.8
CUST102012,12,5278.32,1,2,41.5,Two Year,UPI,North,Standard,No,1,63339.84
CUST102013,67,4723.57,1,0,63.6,Two Year,UPI,South,Basic,No,1,56682.84
CUST102014,47,3589.93,0,0,43.3,Month-to-Month,Net Banking,West,Basic,No,1,43079.16
CUST102015,23,3172.18,3,3,34.7,Month-to-Month,Credit Card,North,Standard,No,0,38066.16
CUST102016,30,4128.62,1,0,52.3,Month-to-Month,UPI,West,Basic,No,1,49543.44
CUST102017,53,4442.97,2,3,52.6,Month-to-Month,Credit Card,South,Basic,No,1,53315.64
CUST102018,52,2287.2,1,0,48.6,One Year,Debit Card,South,Standard,No,0,27446.4
CUST102019,34,3114.82,5,2,60.2,Month-to-Month,UPI,North,Basic,No,0,37377.84
CUST102020,22,1195.85,0,1,46.0,Month-to-Month,UPI,North,Standard,No,0,14350.2
CUST102021,48,4435.41,2,1,52.4,Month-to-Month,Net Banking,West,Standard,No,1,53224.92
CUST102022,48,5471.53,0,4,33.7,Month-to-Month,Credit Card,North,Basic,No,1,65658.36
CUST102023,44,3288.09,1,0,54.2,One Year,UPI,South,Basic,Yes,0,39457.08
CUST102024,6,862.49,2,0,33.7,Two Year,Cash,South,Basic,No,0,10349.88
CUST102025,35,3869.78,1,1,24.0,One Year,Net Banking,South,Premium,No,1,46437.36
CUST102026,45,2205.5,1,0,38.7,Month-to-Month,Credit Card,South,Basic,No,0,26466.0
CUST102027,69,2470.32,0,1,37.6,Month-to-Month,UPI,North,Basic,No,0,29643.84
CUST102028,38,3889.23,3,2,56.8,One Year,Net Banking,North,Standard,No,1,46670.76
CUST102029,25,3480.01,3,5,18.7,Two Year,Net Banking,East,Basic,Yes,1,41760.12
CUST102030,41,2663.08,2,1,59.5,One Year,Net Banking,East,Basic,No,0,31956.96
CUST102031,13,2485.43,2,0,32.0,Month-to-Month,UPI,West,Premium,Yes,0,29825.16
CUST102032,7,3338.42,3,1,2.6,One Year,Debit Card,South,Standard,Yes,1,40061.04
CUST102033,49,2749.59,1,2,22.7,Month-to-Month,UPI,South,Basic,No,0,32995.08
CUST102034,72,1979.84,3,3,37.1,Month-to-Month,Cash,North,Basic,Yes,0,23758.08
CUST102035,61,2834.18,1,1,49.1,Two Year,UPI,East,Standard,Yes,0,34010.16
CUST102036,43,3573.55,1,1,39.9,Two Year,Credit Card,South,Basic,Yes,1,42882.6
CUST102037,3,3004.09,3,0,22.6,Month-to-Month,Debit Card,West,Standard,No,0,36049.08
CUST102038,72,1645.14,1,0,29.5,One Year,Net Banking,North,Basic,No,0,19741.68
CUST102039,33,4287.97,4,3,22.9,Month-to-Month,Debit Card,East,Basic,No,1,51455.64
CUST102040,21,700.0,2,0,46.1,Month-to-Month,Credit Card,East,Basic,No,0,8400.0
CUST102041,65,2709.0,5,3,40.6,Two Year,Net Banking,South,Basic,No,0,32508.0
CUST102042,54,2517.78,0,1,51.8,One Year,Debit Card,South,Standard,Yes,0,30213.36
CUST102043,54,3363.0,1,5,13.7,Month-to-Month,Credit Card,North,Standard,No,1,40356.0
CUST102044,20,3817.83,2,1,33.5,One Year,Net Banking,South,Basic,Yes,1,45813.96
CUST102045,72,4439.44,0,0,74.5,Month-to-Month,Credit Card,North,Basic,No,1,53273.28
CUST102046,33,2416.35,1,1,52.3,Month-to-Month,Debit Card,South,Standard,No,0,28996.2
CUST102047,39,3845.24,1,2,37.3,Two Year,Credit Card,North,Standard,No,1,46142.88
CUST102048,55,3415.4,3,1,26.2,One Year,UPI,West,Standard,No,1,40984.8
CUST102049,48,1317.31,1,0,59.7,Month-to-Month,Credit Card,East,Basic,Yes,0,15807.72
CUST102050,13,5290.59,1,1,66.5,Month-to-Month,Credit Card,West,Standard,No,1,63487.08
CUST102051,22,1617.35,0,2,23.6,One Year,UPI,West,Basic,Yes,0,19408.2
CUST102052,27,3661.45,0,0,25.1,Two Year,Credit Card,East,Basic,Yes,1,43937.4
CUST102053,69,3628.96,2,0,46.5,Month-to-Month,Debit Card,East,Standard,No,1,43547.52
CUST102054,52,3503.2,3,1,48.0,Month-to-Month,UPI,South,Basic,No,1,42038.4
CUST102055,27,2655.97,4,1,49.7,Month-to-Month,Debit Card,West,Basic,No,0,31871.64
CUST102056,53,4109.98,3,1,71.5,Month-to-Month,Credit Card,South,Standard,No,1,49319.76
CUST102057,54,1483.6,2,1,26.5,Month-to-Month,UPI,East,Basic,Yes,0,17803.2
CUST102058,29,3127.59,2,1,42.6,One Year,UPI,South,Premium,Yes,0,37531.08
CUST102059,30,2579.74,3,3,53.5,Month-to-Month,Debit Card,East,Basic,No,0,30956.88
CUST102060,65,2454.97,0,1,53.4,Two Year,Credit Card,East,Basic,Yes,0,29459.64
CUST102061,41,3671.62,1,0,31.6,Month-to-Month,Cash,North,Basic,Yes,1,44059.44
CUST102062,11,4385.23,1,2,32.3,One Year,Debit Card,East,Premium,No,1,52622.76
CUST102063,52,2822.42,2,1,34.7,Two Year,Cash,South,Premium,Yes,0,33869.04
CUST102064,43,4058.75,2,0,69.3,Month-to-Month,UPI,East,Premium,No,1,48705.0
CUST102065,37,3254.71,3,0,26.3,Month-to-Month,Debit Card,East,Premium,Yes,1,39056.52
CUST102066,53,2217.99,3,1,36.8,Two Year,Debit Card,East,Premium,No,0,26615.88
CUST102067,66,2916.25,2,0,54.4,Month-to-Month,Credit Card,East,Premium,No,0,34995.0
CUST102068,24,2870.57,1,0,24.6,Month-to-Month,Net Banking,South,Basic,No,0,34446.84
CUST102069,31,2433.67,3,2,46.1,Month-to-Month,Credit Card,East,Standard,No,0,29204.04
CUST102070,14,3671.33,2,1,11.6,Month-to-Month,UPI,West,Basic,Yes,1,44055.96
CUST102071,47,3458.11,0,0,45.1,Month-to-Month,Debit Card,North,Premium,Yes,1,41497.32
CUST102072,29,1450.29,2,0,42.8,One Year,UPI,West,Basic,No,0,17403.48
CUST102073,25,1383.32,1,1,44.6,Two Year,UPI,North,Standard,Yes,0,16599.84
CUST102074,51,3667.15,1,2,28.1,One Year,Debit Card,South,Basic,Yes,1,44005.8
CUST102075,30,2303.18,0,4,45.6,Month-to-Month,UPI,North,Standard,No,0,27638.16
CUST102076,34,3532.25,1,1,41.4,Month-to-Month,Debit Card,West,Standard,Yes,1,42387.0
CUST102077,32,4059.02,2,0,62.8,Month-to-Month,Credit Card,North,Standard,Yes,1,48708.24
CUST102078,19,1801.95,2,2,52.2,Month-to-Month,Net Banking,East,Premium,Yes,0,21623.4
CUST102079,10,1647.31,3,1,18.8,Month-to-Month,Credit Card,South,Basic,Yes,0,19767.72
CUST102080,60,5041.87,1,1,28.7,Month-to-Month,Credit Card,South,Standard,No,1,60502.44
CUST102081,7,3586.73,1,0,32.1,Month-to-Month,Credit Card,West,Premium,Yes,1,43040.76
CUST102082,24,2738.84,2,0,44.9,Month-to-Month,Debit Card,South,Standard,Yes,0,32866.08
CUST102083,49,2172.67,1,2,39.3,Month-to-Month,UPI,North,Standard,No,0,26072.04
CUST102084,10,2638.52,2,1,39.2,One Year,Credit Card,South,Basic,No,0,31662.24
CUST102085,48,1890.37,6,0,87.1,Month-to-Month,UPI,South,Standard,No,0,22684.44
CUST102086,53,4171.75,2,2,33.8,Two Year,Credit Card,East,Basic,No,1,50061.0
CUST102087,48,2345.57,1,1,64.3,Two Year,Net Banking,North,Basic,No,0,28146.84
CUST102088,22,4402.89,3,0,39.6,Two Year,Debit Card,East,Basic,No,1,52834.68
CUST102089,2,2759.31,1,1,7.1,Month-to-Month,Credit Card,South,Standard,No,0,33111.72
CUST102090,64,2052.31,2,1,45.1,Month-to-Month,UPI,West,Basic,No,0,24627.72
CUST102091,24,2731.07,3,0,59.9,Month-to-Month,Debit Card,South,Premium,No,0,32772.84
CUST102092,58,700.0,1,1,52.1,Month-to-Month,Net Banking,North,Standard,Yes,0,8400.0
CUST102093,15,3067.15,1,1,46.1,Month-to-Month,Credit Card,West,Premium,No,0,36805.8
CUST102094,12,3012.87,0,1,42.4,Month-to-Month,Net Banking,North,Standard,Yes,0,36154.44
CUST102095,57,4107.22,1,0,34.1,One Year,Credit Card,South,Premium,Yes,1,49286.64
CUST102096,68,1125.06,2,1,56.3,One Year,UPI,West,Basic,No,0,13500.72
CUST102097,62,4478.05,4,3,35.1,Month-to-Month,Net Banking,West,Standard,No,1,53736.6
CUST102098,55,4102.66,1,1,31.8,Month-to-Month,Debit Card,North,Basic,Yes,1,49231.92
CUST102099,18,4577.25,1,0,48.6,One Year,Credit Card,West,Basic,No,1,54927.0
CUST102100,66,3142.01,2,1,37.2,One Year,Cash,West,Basic,No,0,37704.12
CUST102101,49,4315.29,1,1,62.5,One Year,Net Banking,West,Standard,No,1,51783.48
CUST102102,13,1581.63,2,0,49.5,One Year,Cash,West,Standard,No,0,18979.56
CUST102103,10,3984.35,3,0,29.6,One Year,Debit Card,North,Basic,Yes,1,47812.2
CUST102104,63,2351.72,2,1,23.7,Month-to-Month,Debit Card,West,Premium,Yes,0,28220.64
CUST102105,20,1383.46,0,2,32.8,Month-to-Month,Credit Card,North,Premium,No,0,16601.52
CUST102106,56,1963.45,1,1,79.4,Month-to-Month,Credit Card,South,Premium,No,0,23561.4
CUST102107,10,3206.08,1,1,38.2,Month-to-Month,UPI,South,Standard,Yes,0,38472.96
CUST102108,21,2293.27,3,1,54.1,Two Year,Net Banking,South,Standard,Yes,0,27519.24
CUST102109,21,3613.68,0,1,21.1,One Year,UPI,North,Basic,Yes,1,43364.16
CUST102110,21,1210.94,5,0,24.7,One Year,Net Banking,North,Standard,No,0,14531.28
CUST102111,49,860.19,1,0,39.0,Month-to-Month,UPI,West,Basic,No,0,10322.28
CUST102112,66,4709.63,3,1,69.2,One Year,UPI,East,Premium,No,1,56515.56
CUST102113,66,4194.18,4,2,21.3,Month-to-Month,UPI,South,Standard,No,1,50330.16
CUST102114,54,2045.77,3,0,31.9,Month-to-Month,Credit Card,West,Basic,Yes,0,24549.24
CUST102115,15,3196.7,3,2,56.4,One Year,UPI,West,Basic,No,1,38360.4
CUST102116,70,4321.46,3,0,67.5,Month-to-Month,UPI,North,Basic,Yes,1,51857.52
CUST102117,40,3661.12,2,1,49.0,Month-to-Month,Debit Card,South,Basic,No,1,43933.44
CUST102118,40,3363.05,2,1,52.8,Month-to-Month,Credit Card,West,Standard,No,1,40356.6
CUST102119,51,4404.67,1,3,27.6,Month-to-Month,UPI,South,Standard,Yes,1,52856.04
CUST102120,56,2396.22,1,2,20.8,Month-to-Month,Credit Card,South,Standard,Yes,0,28754.64
CUST102121,69,3234.3,0,1,23.7,One Year,UPI,North,Standard,Yes,0,38811.6
CUST102122,42,3180.37,1,2,28.0,Month-to-Month,Net Banking,West,Premium,No,0,38164.44
CUST102123,44,2899.96,3,1,45.6,Month-to-Month,Net Banking,South,Basic,No,0,34799.52
CUST102124,54,2771.21,3,2,22.5,Month-to-Month,Credit Card,West,Standard,No,0,33254.52
CUST102125,19,3280.16,1,1,46.0,Month-to-Month,UPI,East,Standard,No,1,39361.92
CUST102126,23,3237.85,1,0,37.0,One Year,UPI,South,Premium,Yes,0,38854.2
CUST102127,46,2046.73,0,1,33.0,One Year,Debit Card,West,Basic,No,0,24560.76
CUST102128,5,4081.98,0,0,56.2,One Year,UPI,South,Basic,Yes,1,48983.76
CUST102129,24,2125.98,1,0,26.7,One Year,Debit Card,West,Basic,No,0,25511.76
CUST102130,52,2959.94,4,1,65.0,One Year,UPI,South,Premium,No,0,35519.28
CUST102131,71,2875.19,2,1,55.3,Month-to-Month,Net Banking,West,Basic,No,0,34502.28
CUST102132,38,3593.91,3,1,26.2,One Year,Credit Card,South,Basic,Yes,1,43126.92
CUST102133,29,868.99,1,4,61.2,Month-to-Month,UPI,South,Premium,Yes,0,10427.88
CUST102134,32,4180.0,3,0,24.3,Month-to-Month,UPI,East,Premium,No,1,50160.0
CUST102135,50,2455.31,3,1,62.7,One Year,Debit Card,West,Standard,Yes,0,29463.72
CUST102136,40,4541.96,1,1,47.3,One Year,Debit Card,West,Basic,No,1,54503.52
CUST102137,2,2674.02,3,1,16.7,Month-to-Month,Debit Card,South,Standard,Yes,0,32088.24
CUST102138,39,3146.27,2,2,21.3,Two Year,Credit Card,South,Basic,Yes,1,37755.24
CUST102139,29,5305.16,2,0,35.5,Month-to-Month,Debit Card,North,Basic,Yes,1,63661.92
CUST102140,51,2894.93,2,0,55.9,Month-to-Month,UPI,North,Standard,Yes,0,34739.16
CUST102141,64,4562.73,4,1,39.3,Month-to-Month,Debit Card,West,Premium,Yes,1,54752.76
CUST102142,70,3242.95,3,4,38.9,One Year,Net Banking,East,Basic,No,1,38915.4
CUST102143,44,3656.96,2,2,42.6,Two Year,UPI,East,Standard,No,1,43883.52
CUST102144,27,3276.95,1,2,10.1,One Year,Net Banking,East,Basic,No,1,39323.4
CUST102145,32,4132.64,3,1,55.2,Month-to-Month,Net Banking,North,Basic,Yes,1,49591.68
CUST102146,13,2445.92,1,0,63.4,Month-to-Month,Cash,South,Basic,No,0,29351.04
CUST102147,68,2117.55,2,0,54.6,Month-to-Month,UPI,West,Basic,Yes,0,25410.6
CUST102148,62,2497.57,3,1,35.2,One Year,Net Banking,South,Basic,No,0,29970.84
CUST102149,62,3309.68,3,0,27.8,Two Year,UPI,East,Basic,Yes,0,39716.16
CUST102150,24,2957.1,2,1,24.7,Two Year,Credit Card,South,Basic,No,0,35485.2
CUST102151,24,3981.3,0,1,23.9,Month-to-Month,Debit Card,North,Basic,No,1,47775.6
CUST102152,62,4635.2,1,0,78.2,Month-to-Month,UPI,South,Basic,No,1,55622.4
CUST102153,40,2126.58,6,0,40.7,Month-to-Month,Credit Card,North,Basic,No,0,25518.96
CUST102154,51,2392.66,1,0,56.5,Month-to-Month,Net Banking,East,Standard,No,0,28711.92
CUST102155,36,1620.14,2,2,55.6,Two Year,UPI,West,Standard,No,0,19441.68
CUST102156,32,5433.41,2,0,44.3,Month-to-Month,Credit Card,South,Basic,Yes,1,65200.92
CUST102157,46,3535.14,1,0,27.1,One Year,Net Banking,West,Premium,Yes,1,42421.68
CUST102158,59,3727.78,2,1,50.3,Month-to-Month,UPI,North,Basic,No,1,44733.36
CUST102159,25,1725.77,2,2,24.7,One Year,Cash,South,Standard,No,0,20709.24
CUST102160,59,3198.71,2,2,51.6,Two Year,Cash,East,Standard,Yes,0,38384.52
CUST102161,18,3760.17,1,1,25.4,One Year,UPI,South,Basic,No,1,45122.04
CUST102162,30,2921.97,2,0,35.0,One Year,Credit Card,North,Basic,No,0,35063.64
CUST102163,66,4383.28,3,1,35.0,Month-to-Month,UPI,North,Basic,No,1,52599.36
CUST102164,69,5743.01,0,0,64.4,Month-to-Month,Cash,North,Standard,No,1,68916.12
CUST102165,67,2158.23,3,2,3.1,Month-to-Month,UPI,West,Basic,Yes,0,25898.76
CUST102166,23,2075.7,2,1,79.3,Month-to-Month,Credit Card,North,Premium,Yes,0,24908.4
CUST102167,61,2234.47,2,1,29.1,One Year,Debit Card,North,Basic,Yes,0,26813.64
CUST102168,68,4966.82,1,2,40.0,Month-to-Month,Debit Card,West,Standard,Yes,1,59601.84
CUST102169,71,4346.59,1,0,48.6,Month-to-Month,Debit Card,South,Basic,No,1,52159.08
CUST102170,2,3050.92,2,1,47.2,One Year,UPI,South,Premium,No,0,36611.04
CUST102171,54,3240.22,3,3,55.5,One Year,Net Banking,South,Basic,Yes,0,38882.64
CUST102172,72,2301.8,1,2,51.8,Two Year,Net Banking,West,Basic,No,0,27621.6
CUST102173,56,4179.03,2,1,74.6,Month-to-Month,Debit Card,West,Standard,Yes,1,50148.36
CUST102174,17,2782.11,1,0,53.7,Month-to-Month,Net Banking,West,Basic,No,0,33385.32
CUST102175,55,2913.92,3,1,40.1,Month-to-Month,UPI,South,Standard,No,0,34967.04
CUST102176,8,3869.67,2,1,33.2,Two Year,UPI,North,Basic,Yes,1,46436.04
CUST102177,35,2993.21,0,1,32.7,One Year,UPI,West,Premium,No,0,35918.52
CUST102178,46,2941.54,4,2,62.7,Two Year,Credit Card,West,Premium,Yes,1,35298.48
CUST102179,33,3211.63,2,1,70.1,Two Year,UPI,South,Basic,Yes,0,38539.56
CUST102180,51,4074.89,2,3,58.1,Month-to-Month,UPI,East,Standard,Yes,1,48898.68
CUST102181,18,5011.14,1,1,2.0,Month-to-Month,Credit Card,South,Basic,No,1,60133.68
CUST102182,44,3844.03,3,0,6.0,Month-to-Month,Debit Card,North,Premium,Yes,1,46128.36
CUST102183,47,4083.65,3,0,41.9,Month-to-Month,Debit Card,South,Basic,Yes,1,49003.8
CUST102184,46,2980.16,0,1,39.3,Two Year,Net Banking,West,Basic,Yes,0,35761.92
CUST102185,21,2421.42,2,0,42.3,Month-to-Month,Credit Card,West,Premium,No,0,29057.04
CUST102186,22,3919.38,6,1,62.0,One Year,Credit Card,North,Basic,Yes,1,47032.56
CUST102187,19,3388.36,3,4,61.2,Month-to-Month,UPI,South,Premium,Yes,1,40660.32
CUST102188,34,1635.11,2,1,44.8,One Year,Net Banking,North,Standard,No,0,19621.32
CUST102189,43,2839.12,2,2,17.6,Month-to-Month,Debit Card,South,Standard,No,0,34069.44
CUST102190,27,3108.81,1,0,22.3,Month-to-Month,UPI,South,Basic,Yes,0,37305.72
CUST102191,30,2638.5,0,1,43.1,One Year,UPI,North,Standard,No,0,31662.0
CUST102192,21,4829.91,4,1,48.7,Month-to-Month,UPI,West,Standard,Yes,1,57958.92
CUST102193,16,3727.82,1,0,22.5,Two Year,Credit Card,West,Standard,No,1,44733.84
CUST102194,48,4710.49,2,1,52.6,One Year,UPI,West,Basic,No,1,56525.88
CUST102195,59,3489.77,2,1,14.0,Month-to-Month,Net Banking,East,Standard,No,1,41877.24
CUST102196,21,3289.53,1,0,2.0,Month-to-Month,Credit Card,West,Basic,No,1,39474.36
CUST102197,62,2169.74,4,2,28.0,Month-to-Month,Net Banking,West,Standard,Yes,0,26036.88
CUST102198,42,3213.12,1,2,64.0,Month-to-Month,UPI,East,Standard,No,1,38557.44
CUST102199,13,3214.36,4,1,66.4,Month-to-Month,Credit Card,North,Premium,No,1,38572.32
CUST102200,27,1696.17,0,4,16.5,Month-to-Month,Cash,North,Standard,No,0,20354.04
CUST102201,1,2606.52,3,3,17.7,Two Year,UPI,South,Basic,No,0,31278.24
CUST102202,3,2844.39,3,0,54.2,Two Year,Net Banking,East,Premium,No,0,34132.68
CUST102203,25,3654.83,2,0,34.9,Month-to-Month,UPI,North,Premium,Yes,1,43857.96
CUST102204,33,3707.49,4,0,63.9,One Year,Credit Card,South,Premium,No,1,44489.88
CUST102205,58,2560.55,4,2,53.9,Month-to-Month,Net Banking,West,Basic,No,0,30726.6
CUST102206,10,3715.76,5,0,56.7,Month-to-Month,UPI,North,Basic,No,1,44589.12
CUST102207,61,2999.71,5,1,28.8,Month-to-Month,UPI,South,Basic,No,0,35996.52
CUST102208,17,700.0,3,1,49.1,Month-to-Month,UPI,West,Premium,No,0,8400.0
CUST102209,10,2666.83,1,0,74.3,Month-to-Month,UPI,South,Standard,No,0,32001.96
CUST102210,51,4386.89,1,0,44.3,One Year,Credit Card,North,Basic,No,1,52642.68
CUST102211,56,1350.01,2,4,41.3,Month-to-Month,Net Banking,East,Basic,No,0,16200.12
CUST102212,44,3323.96,0,1,35.0,One Year,UPI,West,Premium,No,1,39887.52
CUST102213,9,4943.79,3,0,16.4,Month-to-Month,Debit Card,North,Basic,No,1,59325.48
CUST102214,9,2363.33,1,0,24.4,Month-to-Month,Net Banking,North,Standard,No,0,28359.96
CUST102215,29,3202.36,0,2,27.7,Month-to-Month,Net Banking,South,Basic,No,1,38428.32
CUST102216,33,1765.58,2,1,15.7,Month-to-Month,Cash,South,Basic,No,0,21186.96
CUST102217,72,4989.95,3,2,17.3,Month-to-Month,Net Banking,West,Basic,No,1,59879.4
CUST102218,21,3108.33,1,0,2.8,Month-to-Month,UPI,West,Basic,Yes,0,37299.96
CUST102219,14,3251.29,4,2,29.5,One Year,UPI,West,Basic,No,0,39015.48
CUST102220,69,4689.73,1,1,52.8,Month-to-Month,Net Banking,South,Basic,No,1,56276.76
CUST102221,12,3927.63,2,0,36.9,One Year,UPI,West,Basic,Yes,1,47131.56
CUST102222,2,2236.81,3,2,37.0,Month-to-Month,UPI,East,Premium,No,0,26841.72
CUST102223,31,2487.99,2,0,54.3,Month-to-Month,Net Banking,South,Standard,No,0,29855.88
CUST102224,29,3744.42,1,0,69.0,Month-to-Month,Credit Card,East,Basic,No,1,44933.04
CUST102225,45,2513.47,3,1,78.4,Month-to-Month,Credit Card,South,Basic,No,0,30161.64
CUST102226,64,871.03,3,1,44.3,Month-to-Month,Credit Card,East,Standard,No,0,10452.36
CUST102227,68,3141.44,2,1,37.5,Month-to-Month,UPI,East,Standard,No,0,37697.28
CUST102228,21,1571.77,1,1,35.4,Two Year,UPI,North,Standard,No,0,18861.24
CUST102229,71,4977.91,5,0,51.5,Month-to-Month,Cash,East,Standard,No,1,59734.92
CUST102230,46,3394.47,2,0,39.5,Month-to-Month,UPI,North,Standard,No,1,40733.64
CUST102231,6,2204.31,0,2,39.6,Month-to-Month,Credit Card,South,Basic,No,0,26451.72
CUST102232,68,2431.5,1,1,40.6,Two Year,UPI,South,Basic,No,0,29178.0
CUST102233,10,1121.66,3,0,26.9,Month-to-Month,UPI,West,Basic,No,0,13459.92
CUST102234,43,1990.59,3,0,4.7,Month-to-Month,UPI,South,Basic,No,0,23887.08
CUST102235,57,4317.96,3,0,31.3,Two Year,UPI,West,Basic,Yes,1,51815.52
CUST102236,18,5654.96,3,0,65.3,Two Year,Debit Card,South,Basic,No,1,67859.52
CUST102237,20,3999.04,2,4,64.6,Month-to-Month,UPI,North,Basic,No,1,47988.48
CUST102238,35,3098.75,4,2,57.0,Month-to-Month,Credit Card,South,Basic,Yes,0,37185.0
CUST102239,64,2724.84,1,2,34.1,Month-to-Month,Debit Card,North,Premium,No,0,32698.08
CUST102240,17,2147.85,5,3,29.4,Two Year,Credit Card,West,Basic,No,0,25774.2
CUST102241,48,5465.74,0,1,68.0,One Year,UPI,South,Standard,No,1,65588.88
CUST102242,33,2992.38,2,1,24.7,Month-to-Month,UPI,East,Premium,No,1,35908.56
CUST102243,9,5527.19,3,0,42.6,Month-to-Month,UPI,West,Premium,Yes,1,66326.28
CUST102244,52,4732.87,2,1,69.0,Month-to-Month,UPI,South,Premium,Yes,1,56794.44
CUST102245,60,1285.12,3,2,44.0,One Year,Credit Card,South,Standard,No,0,15421.44
CUST102246,42,2467.45,4,2,37.3,One Year,Credit Card,South,Basic,No,0,29609.4
CUST102247,13,2464.05,2,1,60.6,Month-to-Month,UPI,East,Standard,No,0,29568.6
CUST102248,12,3112.17,1,0,43.2,One Year,UPI,West,Basic,No,0,37346.04
CUST102249,31,3133.65,2,1,45.1,One Year,Debit Card,East,Standard,Yes,0,37603.8
CUST102250,37,6495.86,1,1,66.2,One Year,UPI,North,Basic,No,1,77950.32
CUST102251,40,2015.05,7,2,2.0,Month-to-Month,Credit Card,East,Basic,No,0,24180.6
CUST102252,18,3451.87,1,1,47.7,Two Year,Cash,East,Basic,No,1,41422.44
CUST102253,37,3878.16,4,0,29.7,Month-to-Month,Net Banking,South,Basic,No,1,46537.92
CUST102254,22,3198.27,1,3,38.7,Month-to-Month,Credit Card,South,Premium,Yes,1,38379.24
CUST102255,50,3321.2,2,0,43.8,Month-to-Month,Debit Card,South,Standard,No,1,39854.4
CUST102256,58,2050.71,3,1,31.2,One Year,Cash,West,Basic,No,0,24608.52
CUST102257,47,3317.13,1,1,45.7,Month-to-Month,Debit Card,East,Premium,No,0,39805.56
CUST102258,1,3762.54,1,1,48.2,Month-to-Month,Debit Card,South,Standard,No,1,45150.48
CUST102259,72,3560.36,4,0,45.3,Month-to-Month,Debit Card,West,Premium,Yes,1,42724.32
CUST102260,2,3827.22,1,1,43.8,Month-to-Month,Net Banking,West,Premium,No,1,45926.64
CUST102261,72,4753.87,3,1,40.1,Month-to-Month,UPI,North,Standard,Yes,1,57046.44
CUST102262,3,4230.66,3,1,40.4,Month-to-Month,Debit Card,North,Premium,Yes,1,50767.92
CUST102263,38,3278.42,2,2,43.3,Month-to-Month,Credit Card,South,Standard,No,1,39341.04
CUST102264,8,1911.07,1,2,26.9,Two Year,Credit Card,West,Standard,No,0,22932.84
CUST102265,7,3190.645,1,1,62.3,Month-to-Month,UPI,North,Basic,No,0,38287.74
CUST102266,50,2958.41,5,0,40.5,Month-to-Month,Net Banking,West,Premium,No,0,35500.92
CUST102267,53,3477.58,1,1,35.5,Month-to-Month,UPI,North,Standard,No,1,41730.96
CUST102268,9,2673.83,1,1,48.3,One Year,Debit Card,East,Basic,No,0,32085.96
CUST102269,71,2170.69,2,2,40.2,Month-to-Month,Cash,West,Standard,No,0,26048.28
CUST102270,24,1892.98,3,1,61.9,One Year,UPI,North,Basic,No,0,22715.76
CUST102271,23,1383.7,2,0,56.3,One Year,Credit Card,West,Standard,No,0,16604.4
CUST102272,22,2941.55,2,1,43.5,Month-to-Month,Credit Card,West,Standard,No,0,35298.6
CUST102273,34,1583.37,0,0,57.0,Two Year,Debit Card,North,Basic,No,0,19000.44
CUST102274,13,2099.42,1,1,45.8,One Year,UPI,North,Standard,No,0,25193.04
CUST102275,31,2766.71,2,3,23.5,One Year,Net Banking,West,Standard,No,0,33200.52
CUST102276,16,1730.49,1,2,56.2,One Year,Debit Card,West,Premium,No,0,20765.88
CUST102277,4,3617.73,4,2,11.6,Month-to-Month,UPI,South,Premium,No,1,43412.76
CUST102278,27,4014.25,0,0,2.0,One Year,Credit Card,North,Basic,No,1,48171.0
CUST102279,49,2595.63,4,3,53.2,One Year,Credit Card,South,Basic,No,0,31147.56
CUST102280,55,2719.27,2,0,49.1,Two Year,Credit Card,South,Basic,No,0,32631.24
CUST102281,26,3791.17,0,3,48.0,Two Year,Cash,East,Basic,No,1,45494.04
CUST102282,24,2414.61,2,0,64.2,Month-to-Month,Credit Card,East,Basic,No,0,28975.32
CUST102283,57,2338.99,3,2,41.6,One Year,UPI,East,Standard,No,0,28067.88
CUST102284,50,4516.15,2,1,35.9,Month-to-Month,Credit Card,West,Premium,No,1,54193.8
CUST102285,60,4172.61,1,0,54.7,One Year,Debit Card,North,Standard,No,1,50071.32
CUST102286,66,3861.71,2,0,30.6,One Year,Credit Card,South,Standard,No,1,46340.52
CUST102287,60,4218.21,1,0,38.2,Two Year,UPI,South,Basic,No,1,50618.52
CUST102288,68,1024.99,2,1,46.0,One Year,UPI,West,Basic,Yes,0,12299.88
CUST102289,30,4689.22,1,1,47.3,One Year,Net Banking,East,Basic,Yes,1,56270.64
CUST102290,29,3631.27,1,2,36.7,Month-to-Month,UPI,West,Basic,No,1,43575.24
CUST102291,24,4311.86,4,3,34.2,One Year,UPI,South,Standard,No,1,51742.32
CUST102292,17,3625.88,3,1,24.1,Month-to-Month,Cash,West,Premium,Yes,1,43510.56
CUST102293,54,3253.82,1,1,29.4,Month-to-Month,Debit Card,South,Premium,Yes,1,39045.84
CUST102294,52,2897.16,0,2,71.1,Month-to-Month,UPI,North,Premium,Yes,0,34765.92
CUST102295,58,3603.86,3,2,37.8,Month-to-Month,UPI,West,Basic,No,1,43246.32
CUST102296,13,2857.08,2,2,45.0,One Year,Credit Card,North,Basic,Yes,0,34284.96
CUST102297,36,4154.66,2,0,18.1,Month-to-Month,Debit Card,West,Basic,No,1,49855.92
CUST102298,16,1454.9,1,0,83.0,Month-to-Month,UPI,South,Basic,Yes,0,17458.8
CUST102299,65,2604.27,3,0,28.2,One Year,Net Banking,South,Basic,No,0,31251.24
CUST102300,20,5449.31,8,1,23.2,Month-to-Month,UPI,South,Standard,No,1,65391.72
CUST102301,11,2511.31,2,4,41.0,Month-to-Month,UPI,West,Standard,No,0,30135.72
CUST102302,42,2937.45,1,3,27.7,Month-to-Month,Debit Card,East,Premium,No,0,35249.4
CUST102303,64,2229.16,2,0,47.8,Month-to-Month,Debit Card,North,Basic,No,0,26749.92
CUST102304,66,3569.43,1,1,17.8,One Year,Debit Card,West,Standard,Yes,1,42833.16
CUST102305,7,2390.11,2,0,60.2,One Year,UPI,South,Standard,Yes,0,28681.32
CUST102306,24,2995.83,3,0,57.0,One Year,Credit Card,South,Standard,Yes,0,35949.96
CUST102307,12,4133.75,4,1,40.1,One Year,UPI,West,Standard,No,1,49605.0
CUST102308,23,2431.36,7,0,15.5,Month-to-Month,UPI,North,Basic,No,0,29176.32
CUST102309,39,4067.47,1,1,29.0,One Year,Credit Card,North,Basic,No,1,48809.64
CUST102310,21,4104.45,2,1,43.0,One Year,Debit Card,West,Basic,Yes,1,49253.4
CUST102311,5,4360.45,2,2,22.6,Month-to-Month,Net Banking,North,Basic,Yes,1,52325.4
CUST102312,37,3354.6,1,4,25.2,Month-to-Month,Cash,South,Basic,No,1,40255.2
CUST102313,4,6765.38,0,0,58.8,Month-to-Month,Debit Card,North,Standard,No,1,81184.56
CUST102314,17,4359.99,2,0,44.5,Month-to-Month,Net Banking,South,Premium,Yes,1,52319.88
CUST102315,1,3557.37,2,0,44.0,Month-to-Month,UPI,West,Basic,No,1,42688.44
CUST102316,7,2236.48,1,2,50.4,One Year,Net Banking,West,Basic,No,0,26837.76
CUST102317,32,3093.23,0,2,39.4,Month-to-Month,UPI,East,Basic,No,0,37118.76
CUST102318,62,4768.96,2,0,41.0,One Year,Credit Card,South,Basic,No,1,57227.52
CUST102319,56,5080.49,3,0,49.3,Month-to-Month,UPI,North,Basic,No,1,60965.88
CUST102320,8,4826.16,0,0,54.9,Month-to-Month,Credit Card,South,Standard,No,1,57913.92
CUST102321,3,4063.71,2,1,50.0,One Year,Debit Card,West,Basic,No,1,48764.52
CUST102322,25,1818.77,2,1,65.4,Month-to-Month,UPI,West,Basic,No,0,21825.24
CUST102323,47,3735.88,2,1,42.4,Two Year,Net Banking,South,Premium,No,1,44830.56
CUST102324,54,1834.46,0,1,20.4,Month-to-Month,Cash,North,Standard,No,0,22013.52
CUST102325,60,1563.78,3,2,59.4,One Year,Debit Card,South,Basic,No,0,18765.36
CUST102326,25,3463.07,1,1,38.1,Month-to-Month,UPI,West,Basic,No,1,41556.84
CUST102327,13,3775.52,2,2,29.7,Month-to-Month,Debit Card,East,Premium,Yes,1,45306.24
CUST102328,2,4193.71,7,1,53.4,Month-to-Month,UPI,South,Premium,No,1,50324.52
CUST102329,11,3746.85,1,1,47.9,Month-to-Month,UPI,East,Standard,Yes,1,44962.2
CUST102330,5,3784.74,5,2,21.5,Month-to-Month,UPI,North,Basic,No,1,45416.88
CUST102331,62,2116.88,1,1,52.7,Month-to-Month,Credit Card,East,Standard,Yes,0,25402.56
CUST102332,20,3084.53,3,2,72.0,One Year,UPI,North,Standard,Yes,0,37014.36
CUST102333,60,1542.17,1,0,47.2,Month-to-Month,Credit Card,North,Basic,Yes,0,18506.04
CUST102334,40,996.29,2,2,37.9,Month-to-Month,Credit Card,North,Basic,No,0,11955.48
CUST102335,39,4014.71,3,3,15.3,Month-to-Month,Net Banking,East,Basic,No,1,48176.52
CUST102336,33,2371.56,2,1,74.8,Two Year,Net Banking,West,Basic,No,0,28458.72
CUST102337,59,4159.75,1,0,33.7,Month-to-Month,Net Banking,North,Standard,No,1,49917.0
CUST102338,4,4419.18,3,0,19.5,One Year,UPI,South,Standard,No,1,53030.16
CUST102339,7,2518.75,1,0,43.8,Month-to-Month,Net Banking,West,Premium,No,0,30225.0
CUST102340,31,3849.34,0,1,58.1,Month-to-Month,Debit Card,West,Premium,Yes,1,46192.08
CUST102341,29,2472.73,1,0,61.8,Month-to-Month,UPI,South,Premium,Yes,0,29672.76
CUST102342,40,1169.53,2,2,31.2,Two Year,Credit Card,East,Basic,No,0,14034.36
CUST102343,54,3335.64,5,1,40.4,Month-to-Month,Credit Card,North,Standard,Yes,1,40027.68
CUST102344,43,2682.04,2,2,42.0,Month-to-Month,Credit Card,West,Basic,No,0,32184.48
CUST102345,19,2715.9,0,0,57.6,One Year,Net Banking,East,Standard,No,0,32590.8
CUST102346,24,5372.88,0,1,51.5,Month-to-Month,Credit Card,East,Basic,No,1,64474.56
CUST102347,55,1521.56,2,0,46.3,Two Year,UPI,North,Standard,No,0,18258.72
CUST102348,15,3621.16,2,0,56.6,Month-to-Month,Net Banking,South,Basic,Yes,1,43453.92
CUST102349,37,2105.71,1,4,20.2,Two Year,Net Banking,North,Standard,No,0,25268.52
CUST102350,39,4199.09,4,0,48.7,One Year,Debit Card,North,Standard,Yes,1,50389.08
CUST102351,55,3528.27,4,1,45.5,Month-to-Month,Credit Card,West,Basic,Yes,1,42339.24
CUST102352,52,3617.28,0,4,41.2,Two Year,Net Banking,North,Premium,No,1,43407.36
CUST102353,34,2160.62,1,1,38.0,Two Year,UPI,North,Basic,No,0,25927.44
CUST102354,23,2357.85,2,0,44.1,One Year,Debit Card,East,Basic,No,0,28294.2
CUST102355,27,4219.98,1,0,32.9,Month-to-Month,Cash,South,Standard,No,1,50639.76
CUST102356,30,5147.88,4,0,85.6,One Year,Net Banking,South,Basic,Yes,1,61774.56
CUST102357,16,3728.34,1,0,63.7,Month-to-Month,UPI,North,Premium,No,1,44740.08
CUST102358,46,2212.84,1,0,59.5,Two Year,Net Banking,West,Standard,Yes,0,26554.08
CUST102359,16,3572.83,2,2,33.5,Month-to-Month,UPI,West,Basic,No,1,42873.96
CUST102360,47,5870.22,3,1,26.7,One Year,Debit Card,South,Standard,No,1,70442.64
CUST102361,55,3312.67,1,1,38.6,One Year,Debit Card,North,Premium,Yes,1,39752.04
CUST102362,70,4808.02,2,0,43.8,Two Year,UPI,East,Basic,No,1,57696.24
CUST102363,9,2385.64,0,2,18.8,One Year,UPI,West,Basic,Yes,0,28627.68
CUST102364,55,3153.71,4,1,49.7,One Year,Debit Card,North,Premium,Yes,0,37844.52
CUST102365,7,3881.52,2,2,59.3,One Year,UPI,South,Premium,Yes,1,46578.24
CUST102366,25,3637.06,3,2,6.2,Month-to-Month,Credit Card,North,Premium,Yes,1,43644.72
CUST102367,13,2356.97,4,2,27.6,Month-to-Month,Debit Card,North,Basic,No,0,28283.64
CUST102368,12,2309.53,2,0,61.6,Two Year,Debit Card,South,Standard,Yes,0,27714.36
CUST102369,13,4287.11,1,1,48.0,Month-to-Month,Net Banking,South,Basic,No,1,51445.32
CUST102370,4,4510.71,2,1,28.1,One Year,Cash,South,Standard,No,1,54128.52
CUST102371,60,4863.36,4,1,53.8,Month-to-Month,Cash,South,Basic,No,1,58360.32
CUST102372,5,5184.32,1,1,32.5,Month-to-Month,Credit Card,North,Basic,Yes,1,62211.84
CUST102373,29,3348.08,1,1,38.2,Month-to-Month,UPI,North,Premium,No,1,40176.96
CUST102374,51,2857.68,2,1,23.8,Two Year,Debit Card,South,Basic,Yes,0,34292.16
CUST102375,72,4686.09,2,1,42.3,Month-to-Month,Net Banking,South,Basic,No,1,56233.08
CUST102376,62,3984.38,1,0,58.3,Month-to-Month,Net Banking,North,Standard,Yes,1,47812.56
CUST102377,10,2119.3,1,0,34.4,Month-to-Month,Debit Card,East,Standard,No,0,25431.6
CUST102378,72,2063.0,2,0,52.3,Month-to-Month,Net Banking,West,Standard,Yes,0,24756.0
CUST102379,48,3741.12,2,2,41.2,Month-to-Month,Credit Card,West,Standard,No,1,44893.44
CUST102380,13,3005.0,3,0,59.3,Month-to-Month,Credit Card,West,Premium,No,0,36060.0
CUST102381,33,3170.93,4,1,34.6,One Year,UPI,South,Standard,No,0,38051.16
CUST102382,67,4379.79,2,1,66.9,One Year,Debit Card,West,Standard,No,1,52557.48
CUST102383,29,4034.94,2,1,52.9,One Year,Credit Card,West,Standard,No,1,48419.28
CUST102384,14,4662.86,0,3,45.9,One Year,UPI,South,Basic,No,1,55954.32
CUST102385,64,1075.31,3,0,46.5,Month-to-Month,UPI,South,Basic,No,0,12903.72
CUST102386,69,3478.74,3,3,34.6,One Year,Credit Card,North,Basic,No,1,41744.88
CUST102387,71,3964.16,0,1,33.5,One Year,Credit Card,West,Standard,No,1,47569.92
CUST102388,69,1520.76,2,2,46.2,One Year,Net Banking,South,Basic,No,0,18249.12
CUST102389,63,2479.61,2,2,22.8,One Year,Net Banking,North,Basic,Yes,0,29755.32
CUST102390,33,2275.47,1,0,32.4,One Year,Credit Card,West,Basic,Yes,0,27305.64
CUST102391,14,3223.87,2,0,27.0,One Year,Credit Card,West,Premium,Yes,0,38686.44
CUST102392,45,4990.64,1,1,51.1,Two Year,UPI,East,Basic,No,1,59887.68
CUST102393,16,5424.85,3,0,51.4,Month-to-Month,Credit Card,South,Premium,No,1,65098.2
CUST102394,35,2304.28,5,0,62.3,Month-to-Month,Net Banking,North,Basic,Yes,0,27651.36
CUST102395,48,3779.21,2,0,36.6,One Year,Debit Card,West,Standard,No,1,45350.52
CUST102396,69,3814.68,4,3,29.1,One Year,UPI,West,Premium,No,1,45776.16
CUST102397,21,3626.39,2,0,18.5,One Year,Debit Card,South,Basic,No,1,43516.68
CUST102398,19,3638.88,1,1,46.3,Month-to-Month,Net Banking,East,Standard,Yes,1,43666.56
CUST102399,53,3534.12,3,2,64.3,Month-to-Month,UPI,North,Standard,Yes,1,42409.44
CUST102400,1,5056.33,0,0,40.8,One Year,Net Banking,South,Standard,No,1,60675.96
CUST102401,41,4412.71,3,2,42.4,Month-to-Month,UPI,South,Basic,Yes,1,52952.52
CUST102402,54,2033.83,2,1,41.9,Month-to-Month,Credit Card,West,Standard,No,0,24405.96
CUST102403,40,4075.29,2,0,46.1,Month-to-Month,Credit Card,South,Basic,Yes,1,48903.48
CUST102404,28,4181.61,2,2,58.0,Month-to-Month,UPI,North,Basic,Yes,1,50179.32
CUST102405,60,3546.46,0,0,72.7,One Year,UPI,North,Basic,Yes,1,42557.52
CUST102406,27,4444.57,1,0,50.0,Month-to-Month,UPI,West,Standard,Yes,1,53334.84
CUST102407,52,3406.88,3,0,51.0,Month-to-Month,UPI,West,Premium,No,1,40882.56
CUST102408,34,3420.51,0,1,38.2,Two Year,Debit Card,West,Basic,No,1,41046.12
CUST102409,2,3333.36,2,1,40.3,Month-to-Month,UPI,South,Standard,No,1,40000.32
CUST102410,39,979.93,3,2,40.1,Two Year,UPI,East,Premium,No,0,11759.16
CUST102411,4,3111.56,2,0,36.1,Month-to-Month,Debit Card,East,Standard,Yes,1,37338.72
CUST102412,68,2464.92,2,0,44.0,One Year,Debit Card,North,Premium,No,0,29579.04
CUST102413,44,1894.91,1,1,52.0,Month-to-Month,Debit Card,North,Basic,No,0,22738.92
CUST102414,27,4777.42,2,0,43.0,Month-to-Month,Credit Card,South,Basic,No,1,57329.04
CUST102415,36,3754.63,1,2,37.5,Month-to-Month,Net Banking,South,Basic,Yes,1,45055.56
CUST102416,45,3167.19,5,0,44.0,Month-to-Month,UPI,South,Premium,No,1,38006.28
CUST102417,19,2578.72,1,2,26.6,Two Year,Net Banking,South,Standard,Yes,0,30944.64
CUST102418,21,3525.79,2,1,54.9,Month-to-Month,Credit Card,East,Basic,No,1,42309.48
CUST102419,31,4290.58,1,2,35.4,One Year,Net Banking,West,Basic,No,1,51486.96
CUST102420,19,2290.34,2,0,23.5,Month-to-Month,UPI,West,Basic,No,0,27484.08
CUST102421,55,3194.69,2,2,49.4,Month-to-Month,Cash,South,Premium,No,0,38336.28
CUST102422,8,4154.87,4,2,50.2,Two Year,Net Banking,South,Basic,No,1,49858.44
CUST102423,60,1070.4,1,1,28.2,One Year,UPI,North,Basic,Yes,0,12844.8
CUST102424,26,3136.67,4,0,52.0,Month-to-Month,Credit Card,East,Basic,Yes,1,37640.04
CUST102425,41,2727.78,3,1,52.1,Month-to-Month,UPI,North,Standard,Yes,0,32733.36
CUST102426,12,3052.79,1,0,73.6,Month-to-Month,UPI,West,Basic,Yes,1,36633.48
CUST102427,28,2648.21,2,0,38.2,One Year,Credit Card,South,Premium,No,0,31778.52
CUST102428,55,3351.39,5,5,41.1,Month-to-Month,Credit Card,East,Premium,No,1,40216.68
CUST102429,20,5315.99,2,2,32.3,Two Year,Credit Card,South,Standard,Yes,1,63791.88
CUST102430,10,2843.69,5,2,49.9,Two Year,Credit Card,North,Standard,No,0,34124.28
CUST102431,38,3520.88,1,1,41.9,Month-to-Month,Credit Card,West,Basic,No,1,42250.56
CUST102432,12,5394.22,0,0,57.8,Month-to-Month,UPI,South,Basic,No,1,64730.64
CUST102433,23,2594.98,0,0,35.1,Two Year,UPI,South,Basic,No,0,31139.76
CUST102434,33,5196.14,3,0,49.5,Month-to-Month,Credit Card,West,Standard,Yes,1,62353.68
CUST102435,41,3205.86,1,1,38.2,Month-to-Month,UPI,South,Basic,No,1,38470.32
CUST102436,47,5160.09,3,1,12.5,Month-to-Month,Net Banking,East,Standard,No,1,61921.08
CUST102437,49,4025.22,2,0,52.0,Month-to-Month,Net Banking,East,Standard,No,1,48302.64
CUST102438,61,3537.82,2,1,14.0,One Year,Cash,West,Premium,No,1,42453.84
CUST102439,5,3127.81,1,0,39.4,Two Year,Credit Card,West,Standard,No,0,37533.72
CUST102440,27,2513.55,0,0,39.7,One Year,UPI,North,Standard,No,0,30162.6
CUST102441,1,3283.37,3,1,41.9,Month-to-Month,UPI,East,Basic,No,1,39400.44
CUST102442,1,4187.1,1,1,42.8,Month-to-Month,Credit Card,East,Premium,No,1,50245.2
CUST102443,16,3185.58,5,0,42.6,Two Year,Cash,North,Basic,No,1,38226.96
CUST102444,44,2851.71,1,0,47.8,Month-to-Month,Debit Card,West,Basic,Yes,0,34220.52
CUST102445,65,2924.14,0,0,40.3,Month-to-Month,Cash,South,Standard,No,0,35089.68
CUST102446,56,4291.72,4,2,83.9,Month-to-Month,Net Banking,East,Premium,Yes,1,51500.64
CUST102447,47,4547.68,1,1,36.5,Two Year,Credit Card,South,Basic,No,1,54572.16
CUST102448,57,2466.13,3,4,22.4,Month-to-Month,Credit Card,North,Premium,No,0,29593.56
CUST102449,13,2464.55,4,1,19.4,Two Year,UPI,South,Basic,No,0,29574.6
CUST102450,61,3617.29,3,1,52.5,Month-to-Month,Net Banking,North,Standard,Yes,1,43407.48
CUST102451,65,4880.29,5,0,16.5,Month-to-Month,Debit Card,West,Standard,No,1,58563.48
CUST102452,7,4460.59,1,2,22.6,Month-to-Month,UPI,East,Standard,Yes,1,53527.08
CUST102453,34,1822.96,2,0,20.3,Month-to-Month,Net Banking,North,Premium,No,0,21875.52
CUST102454,60,2909.52,4,1,49.3,Two Year,Net Banking,South,Basic,Yes,0,34914.24
CUST102455,35,2176.34,2,0,63.3,Month-to-Month,Cash,West,Standard,Yes,0,26116.08
CUST102456,61,2905.74,3,1,26.9,One Year,UPI,East,Standard,Yes,0,34868.88
CUST102457,68,4964.85,1,0,48.8,One Year,Net Banking,South,Standard,No,1,59578.2
CUST102458,35,1635.14,0,1,2.0,Month-to-Month,Debit Card,South,Premium,Yes,0,19621.68
CUST102459,5,1419.25,1,0,30.1,Month-to-Month,UPI,South,Basic,No,0,17031.0
CUST102460,25,2288.59,2,2,51.6,Two Year,UPI,South,Basic,No,0,27463.08
CUST102461,16,3516.04,3,3,37.0,One Year,UPI,North,Standard,Yes,1,42192.48
CUST102462,35,3882.83,2,1,57.9,Month-to-Month,UPI,East,Basic,No,1,46593.96
CUST102463,43,3681.19,1,1,6.3,Two Year,Debit Card,North,Basic,No,1,44174.28
CUST102464,34,4493.25,2,0,30.2,Month-to-Month,Net Banking,South,Standard,No,1,53919.0
CUST102465,15,1260.61,0,1,49.2,Two Year,Cash,West,Basic,No,0,15127.32
CUST102466,22,4507.17,0,0,49.0,One Year,UPI,South,Premium,Yes,1,54086.04
CUST102467,49,2856.7,0,0,50.3,Month-to-Month,Debit Card,South,Basic,No,0,34280.4
CUST102468,2,4004.64,1,2,45.3,Month-to-Month,UPI,South,Basic,No,1,48055.68
CUST102469,16,1744.23,3,3,23.7,Two Year,UPI,North,Standard,Yes,0,20930.76
CUST102470,65,3205.45,3,0,29.5,Two Year,Net Banking,East,Basic,Yes,0,38465.4
CUST102471,8,3459.9,5,1,79.1,Month-to-Month,Cash,East,Standard,No,1,41518.8
CUST102472,30,4471.33,2,1,21.8,Month-to-Month,Cash,South,Basic,Yes,1,53655.96
CUST102473,15,1456.22,1,2,19.4,Month-to-Month,Credit Card,South,Standard,No,0,17474.64
CUST102474,8,3233.83,4,2,52.9,Month-to-Month,Net Banking,South,Basic,No,0,38805.96
CUST102475,31,2006.24,1,0,25.1,Month-to-Month,Credit Card,West,Standard,No,0,24074.88
CUST102476,38,3756.05,1,1,70.7,Month-to-Month,Debit Card,South,Basic,Yes,1,45072.6
CUST102477,13,4054.94,2,1,85.8,Month-to-Month,UPI,East,Premium,No,1,48659.28
CUST102478,6,4615.89,3,0,38.1,Month-to-Month,UPI,West,Basic,No,1,55390.68
CUST102479,10,2611.47,2,1,47.0,Two Year,Cash,South,Basic,No,0,31337.64
CUST102480,47,4219.95,3,0,12.8,Month-to-Month,Credit Card,East,Basic,Yes,1,50639.4
CUST102481,62,4696.99,2,0,58.5,One Year,Net Banking,East,Basic,Yes,1,56363.88
CUST102482,13,1392.43,0,0,6.2,Month-to-Month,UPI,North,Basic,No,0,16709.16
CUST102483,24,3873.58,1,2,20.6,One Year,Net Banking,West,Basic,Yes,1,46482.96
CUST102484,25,4254.36,2,0,43.9,Two Year,Cash,West,Standard,No,1,51052.32
CUST102485,26,2915.4,2,0,50.8,Month-to-Month,UPI,South,Standard,Yes,0,34984.8
CUST102486,18,1868.15,6,1,18.3,One Year,Credit Card,East,Basic,Yes,0,22417.8
CUST102487,4,4237.25,1,0,33.3,Month-to-Month,Net Banking,South,Basic,No,1,50847.0
CUST102488,38,1880.54,1,1,15.4,Month-to-Month,UPI,South,Basic,Yes,0,22566.48
CUST102489,26,3003.81,2,1,36.9,Month-to-Month,Credit Card,West,Standard,No,0,36045.72
CUST102490,25,3155.86,1,0,29.2,Month-to-Month,UPI,East,Basic,No,1,37870.32
CUST102491,20,3987.09,0,0,31.8,Month-to-Month,UPI,South,Basic,Yes,1,47845.08
CUST102492,67,2510.71,0,1,52.4,One Year,UPI,West,Standard,No,0,30128.52
CUST102493,44,2446.96,1,1,46.5,Month-to-Month,UPI,South,Standard,Yes,0,29363.52
CUST102494,31,3308.81,2,3,51.0,One Year,UPI,North,Basic,No,1,39705.72
CUST102495,15,4307.03,2,1,39.9,Month-to-Month,Cash,North,Standard,No,1,51684.36
CUST102496,58,5716.2,0,0,53.5,Month-to-Month,UPI,West,Standard,Yes,1,68594.4
CUST102497,64,1541.77,3,2,41.4,Month-to-Month,UPI,South,Standard,Yes,0,18501.24
CUST102498,3,3546.88,5,0,34.1,One Year,Net Banking,South,Basic,No,1,42562.56
CUST102499,67,2004.81,1,3,51.1,Two Year,Net Banking,South,Basic,Yes,0,24057.72
CUST102500,51,4320.69,2,2,35.2,One Year,Credit Card,East,Premium,Yes,1,51848.28
CUST102501,8,2167.6,0,3,36.7,Month-to-Month,Credit Card,South,Standard,No,0,26011.2
CUST102502,55,2457.89,0,0,59.1,Two Year,Credit Card,West,Basic,No,0,29494.68
CUST102503,8,2551.8,0,3,57.6,Month-to-Month,Cash,South,Standard,No,0,30621.6
CUST102504,4,3116.18,1,1,37.2,Two Year,Net Banking,North,Standard,No,0,37394.16
CUST102505,9,3555.52,0,1,56.0,Month-to-Month,UPI,West,Premium,No,1,42666.24
CUST102506,34,3732.07,4,0,21.5,Month-to-Month,Credit Card,North,Standard,No,1,44784.84
CUST102507,45,3193.66,2,0,37.3,Month-to-Month,Net Banking,West,Standard,No,1,38323.92
CUST102508,30,1737.12,3,0,41.5,One Year,Net Banking,West,Basic,No,0,20845.44
CUST102509,9,4000.56,4,0,42.0,Month-to-Month,UPI,West,Standard,No,1,48006.72
CUST102510,15,3141.75,3,2,53.8,Month-to-Month,Cash,North,Basic,No,0,37701.0
CUST102511,62,4477.91,2,1,50.9,Month-to-Month,Net Banking,North,Premium,No,1,53734.92
CUST102512,70,2421.49,2,2,48.7,Month-to-Month,Credit Card,North,Standard,Yes,0,29057.88
CUST102513,55,1437.5,2,1,44.2,One Year,Credit Card,South,Standard,No,0,17250.0
CUST102514,8,3162.57,1,3,39.5,Two Year,Credit Card,West,Standard,Yes,1,37950.84
CUST102515,60,4625.55,3,0,61.2,Two Year,Net Banking,South,Basic,No,1,55506.6
CUST102516,50,3377.04,2,0,17.3,Month-to-Month,Debit Card,North,Basic,No,1,40524.48
CUST102517,38,2980.36,4,0,31.3,Month-to-Month,Net Banking,North,Standard,Yes,0,35764.32
CUST102518,11,2242.62,2,0,48.6,One Year,Net Banking,South,Standard,No,0,26911.44
CUST102519,72,5133.54,2,0,66.4,One Year,Debit Card,North,Premium,No,1,61602.48
CUST102520,32,2067.44,3,1,36.5,One Year,UPI,West,Standard,No,0,24809.28
CUST102521,4,2402.07,2,1,37.8,One Year,Credit Card,North,Basic,No,0,28824.84
CUST102522,16,3827.04,2,0,21.4,Month-to-Month,UPI,South,Standard,Yes,1,45924.48
CUST102523,29,1158.38,2,2,33.3,Two Year,UPI,West,Standard,Yes,0,13900.56
CUST102524,5,4602.05,3,2,53.3,One Year,Debit Card,East,Standard,Yes,1,55224.6
CUST102525,24,3886.61,0,3,67.3,Month-to-Month,Credit Card,West,Standard,No,1,46639.32
CUST102526,34,4189.15,0,1,37.3,One Year,UPI,West,Standard,No,1,50269.8
CUST102527,69,3813.93,2,2,29.2,Month-to-Month,Debit Card,North,Premium,No,1,45767.16
CUST102528,7,3022.76,2,0,43.1,Month-to-Month,UPI,North,Basic,No,0,36273.12
CUST102529,42,2030.54,1,2,16.2,One Year,Cash,West,Premium,No,0,24366.48
CUST102530,66,3045.92,2,4,61.8,One Year,Debit Card,East,Basic,Yes,0,36551.04
CUST102531,59,2127.24,0,0,22.3,Two Year,UPI,West,Premium,No,0,25526.88
CUST102532,67,3734.77,1,0,47.0,Two Year,Net Banking,North,Basic,No,1,44817.24
CUST102533,13,4087.46,2,1,46.8,Month-to-Month,UPI,West,Standard,No,1,49049.52
CUST102534,58,4824.49,2,2,52.0,Month-to-Month,UPI,West,Standard,Yes,1,57893.88
CUST102535,71,3608.94,1,1,46.1,Month-to-Month,Credit Card,South,Basic,Yes,1,43307.28
CUST102536,24,4217.03,2,2,42.0,Two Year,UPI,North,Basic,No,1,50604.36
CUST102537,36,2873.14,2,0,48.9,Month-to-Month,Net Banking,South,Standard,Yes,0,34477.68
CUST102538,39,2673.9,3,1,55.4,Month-to-Month,Cash,South,Basic,No,0,32086.8
CUST102539,36,3721.04,8,1,70.7,One Year,Net Banking,South,Basic,No,1,44652.48
CUST102540,21,2774.88,0,1,24.4,Month-to-Month,Credit Card,North,Standard,Yes,0,33298.56
CUST102541,70,3496.1,1,1,12.6,One Year,UPI,West,Standard,Yes,1,41953.2
CUST102542,69,2032.69,3,6,17.2,Two Year,Credit Card,North,Basic,No,0,24392.28
CUST102543,28,2230.21,2,3,13.0,One Year,UPI,West,Standard,No,0,26762.52
CUST102544,58,3898.95,2,0,22.8,Month-to-Month,Net Banking,South,Premium,Yes,1,46787.4
CUST102545,29,4175.36,5,2,20.8,Month-to-Month,UPI,West,Basic,No,1,50104.32
CUST102546,58,2115.78,0,1,35.3,Month-to-Month,UPI,South,Basic,Yes,0,25389.36
CUST102547,43,3937.68,2,3,55.7,Month-to-Month,Debit Card,North,Standard,No,1,47252.16
CUST102548,34,2613.99,2,4,52.0,Month-to-Month,Debit Card,West,Basic,No,0,31367.88
CUST102549,10,3218.16,3,0,32.0,Month-to-Month,Cash,South,Premium,No,1,38617.92
CUST102550,48,4758.64,3,0,33.4,Month-to-Month,Cash,South,Basic,No,1,57103.68
CUST102551,24,4088.24,1,0,74.2,Month-to-Month,Credit Card,South,Standard,No,1,49058.88
CUST102552,16,4075.46,2,0,51.5,Month-to-Month,Cash,East,Standard,No,1,48905.52
CUST102553,14,5299.67,1,0,44.8,Month-to-Month,UPI,East,Standard,Yes,1,63596.04
CUST102554,71,2425.73,2,0,43.9,Month-to-Month,Net Banking,North,Premium,No,0,29108.76
CUST102555,8,2115.54,2,1,37.4,One Year,Cash,West,Standard,No,0,25386.48
CUST102556,58,2405.67,3,0,74.1,Month-to-Month,Debit Card,North,Premium,No,0,28868.04
CUST102557,63,2920.05,3,0,39.0,Month-to-Month,UPI,West,Standard,No,0,35040.6
CUST102558,3,700.0,2,0,44.4,One Year,Net Banking,East,Premium,Yes,0,8400.0
CUST102559,43,2971.83,2,3,15.6,One Year,Credit Card,South,Basic,Yes,0,35661.96
CUST102560,42,2600.97,2,2,31.8,Two Year,Cash,East,Premium,Yes,0,31211.64
CUST102561,26,4062.14,5,0,33.2,One Year,Credit Card,South,Standard,No,1,48745.68
CUST102562,49,3587.66,3,3,49.8,One Year,Credit Card,East,Premium,No,1,43051.92
CUST102563,30,2539.23,4,3,29.6,Two Year,Net Banking,East,Basic,Yes,0,30470.76
CUST102564,32,3848.96,1,0,42.8,Two Year,Credit Card,South,Standard,Yes,1,46187.52
CUST102565,32,3995.59,2,1,32.3,One Year,UPI,East,Standard,No,1,47947.08
CUST102566,58,2354.6,3,0,24.4,One Year,Net Banking,North,Standard,No,0,28255.2
CUST102567,46,2657.67,0,2,23.7,One Year,UPI,East,Standard,No,0,31892.04
CUST102568,28,752.1,4,1,39.2,Month-to-Month,Net Banking,South,Premium,Yes,0,9025.2
CUST102569,67,2000.27,2,0,43.6,Two Year,Net Banking,West,Standard,No,0,24003.24
CUST102570,58,2383.28,1,0,38.9,Month-to-Month,Credit Card,West,Standard,Yes,0,28599.36
CUST102571,68,3281.58,2,1,28.7,Month-to-Month,Debit Card,North,Premium,Yes,1,39378.96
CUST102572,53,2160.08,1,1,39.8,Month-to-Month,UPI,West,Standard,No,0,25920.96
CUST102573,29,2635.2,1,2,36.8,One Year,Net Banking,East,Standard,Yes,0,31622.4
CUST102574,56,1852.14,2,1,25.3,Month-to-Month,Credit Card,East,Standard,No,0,22225.68
CUST102575,24,3388.23,3,2,43.3,One Year,UPI,South,Standard,No,1,40658.76
CUST102576,20,3668.29,1,0,71.0,Month-to-Month,Net Banking,West,Premium,Yes,1,44019.48
CUST102577,33,3642.6,3,1,39.6,Month-to-Month,Credit Card,North,Basic,No,1,43711.2
CUST102578,70,3213.6,0,0,18.6,Two Year,Net Banking,West,Basic,No,1,38563.2
CUST102579,41,1504.82,3,0,65.5,Month-to-Month,Credit Card,South,Basic,No,0,18057.84
CUST102580,28,2518.05,0,2,62.1,One Year,Cash,North,Basic,Yes,0,30216.6
CUST102581,34,2751.96,5,2,64.9,Two Year,Debit Card,East,Basic,No,0,33023.52
CUST102582,21,2756.38,0,0,41.3,Month-to-Month,Debit Card,South,Standard,Yes,0,33076.56
CUST102583,48,3282.48,1,1,29.5,Month-to-Month,UPI,South,Basic,No,1,39389.76
CUST102584,26,4768.1,2,0,27.7,Month-to-Month,Net Banking,East,Standard,No,1,57217.2
CUST102585,40,4093.31,0,0,60.3,Month-to-Month,Credit Card,South,Premium,No,1,49119.72
CUST102586,27,2113.73,2,1,67.7,One Year,Debit Card,North,Premium,No,0,25364.76
CUST102587,24,3946.24,3,4,27.3,Month-to-Month,Net Banking,East,Standard,No,1,47354.88
CUST102588,70,3904.33,1,1,2.0,Month-to-Month,Debit Card,South,Basic,No,1,46851.96
CUST102589,25,2313.33,1,2,41.7,One Year,Credit Card,North,Standard,Yes,0,27759.96
CUST102590,6,4133.75,1,3,27.5,One Year,Net Banking,North,Premium,No,1,49605.0
CUST102591,28,3023.59,5,1,30.7,Month-to-Month,Net Banking,South,Premium,No,0,36283.08
CUST102592,39,1649.05,0,1,38.2,Month-to-Month,Net Banking,East,Basic,No,0,19788.6
CUST102593,7,3700.72,2,2,48.6,Month-to-Month,Net Banking,South,Premium,No,1,44408.64
CUST102594,23,3438.66,1,0,29.5,Month-to-Month,UPI,West,Basic,No,0,41263.92
CUST102595,12,2949.55,3,0,44.2,Month-to-Month,Credit Card,South,Premium,No,1,35394.6
CUST102596,37,3158.8,2,0,40.0,One Year,UPI,West,Premium,No,0,37905.6
CUST102597,53,2409.01,2,1,5.1,Two Year,Net Banking,South,Basic,No,0,28908.12
CUST102598,70,3871.14,1,2,50.7,Month-to-Month,Credit Card,East,Basic,Yes,1,46453.68
CUST102599,29,3152.2,0,0,34.8,Month-to-Month,Net Banking,South,Standard,Yes,1,37826.4
CUST102600,63,3383.09,1,1,21.8,Month-to-Month,UPI,North,Basic,No,1,40597.08
CUST102601,16,3592.86,5,1,30.4,One Year,Debit Card,South,Premium,No,1,43114.32
CUST102602,57,1929.96,1,4,45.2,One Year,UPI,East,Basic,Yes,0,23159.52
CUST102603,41,2216.29,1,1,42.7,One Year,Credit Card,South,Premium,Yes,0,26595.48
CUST102604,55,769.06,2,1,52.3,Month-to-Month,Credit Card,South,Basic,Yes,0,9228.72
CUST102605,55,3821.22,4,1,49.0,Month-to-Month,Debit Card,East,Premium,No,1,45854.64
CUST102606,39,1866.57,2,1,23.3,Two Year,Credit Card,East,Standard,No,0,22398.84
CUST102607,19,3345.83,5,1,2.0,Month-to-Month,Net Banking,South,Basic,Yes,1,40149.96
CUST102608,38,3608.09,2,2,43.9,Month-to-Month,UPI,East,Basic,No,1,43297.08
CUST102609,60,3862.59,3,0,52.1,One Year,Debit Card,West,Basic,No,1,46351.08
CUST102610,70,1875.58,1,1,38.8,One Year,Credit Card,South,Standard,Yes,0,22506.96
CUST102611,67,3128.32,1,2,52.6,Month-to-Month,UPI,East,Premium,No,0,37539.84
CUST102612,14,5037.31,4,1,26.0,One Year,Net Banking,North,Standard,Yes,1,60447.72
CUST102613,44,5085.75,2,1,36.5,Month-to-Month,Cash,North,Standard,Yes,1,61029.0
CUST102614,8,4286.06,0,1,27.3,One Year,UPI,East,Standard,Yes,1,51432.72
CUST102615,49,3571.24,4,2,53.2,One Year,UPI,East,Premium,Yes,1,42854.88
CUST102616,72,2094.38,2,2,27.4,One Year,Net Banking,South,Standard,No,0,25132.56
CUST102617,4,3990.48,4,3,75.0,Month-to-Month,Cash,East,Standard,No,1,47885.76
CUST102618,48,3026.18,1,1,34.0,Month-to-Month,Credit Card,North,Basic,Yes,0,36314.16
CUST102619,69,3816.58,2,0,54.8,One Year,Net Banking,West,Basic,Yes,1,45798.96
CUST102620,61,2503.87,3,0,34.2,Month-to-Month,UPI,South,Basic,Yes,0,30046.44
CUST102621,29,3009.77,3,1,63.4,Month-to-Month,UPI,East,Premium,Yes,0,36117.24
CUST102622,8,3380.56,0,0,62.8,Two Year,UPI,West,Standard,Yes,0,40566.72
CUST102623,67,3470.91,3,1,36.8,One Year,Debit Card,South,Premium,Yes,1,41650.92
CUST102624,67,3743.09,1,0,46.4,Two Year,Debit Card,South,Basic,No,1,44917.08
CUST102625,42,2562.89,2,1,62.4,Month-to-Month,Debit Card,North,Basic,No,0,30754.68
CUST102626,71,1722.39,2,0,46.9,Month-to-Month,UPI,North,Basic,No,0,20668.68
CUST102627,1,4987.26,2,0,27.3,Month-to-Month,UPI,West,Standard,Yes,1,59847.12
CUST102628,45,5938.18,2,2,43.1,One Year,Credit Card,West,Premium,Yes,1,71258.16
CUST102629,3,3692.16,1,1,30.0,One Year,Credit Card,West,Basic,Yes,1,44305.92
CUST102630,68,1743.61,3,1,44.4,Month-to-Month,Credit Card,West,Premium,Yes,0,20923.32
CUST102631,49,2349.49,1,3,29.4,Month-to-Month,Debit Card,North,Basic,Yes,0,28193.88
CUST102632,66,3760.03,0,1,48.0,One Year,Credit Card,West,Basic,Yes,1,45120.36
CUST102633,41,4675.23,1,2,13.4,Month-to-Month,Net Banking,North,Basic,No,1,56102.76
CUST102634,6,1865.82,0,3,24.0,Month-to-Month,Net Banking,East,Basic,No,0,22389.84
CUST102635,2,3063.23,3,1,29.3,Two Year,Credit Card,East,Standard,No,0,36758.76
CUST102636,25,3415.53,1,2,39.4,Month-to-Month,Net Banking,East,Premium,No,1,40986.36
CUST102637,54,4151.04,2,1,17.8,One Year,Credit Card,South,Premium,No,1,49812.48
CUST102638,11,2822.04,2,2,27.9,Two Year,Credit Card,West,Basic,Yes,0,33864.48
CUST102639,62,1479.8,1,0,54.4,One Year,Net Banking,East,Standard,Yes,0,17757.6
CUST102640,18,3883.32,2,1,56.4,Month-to-Month,Cash,West,Standard,No,1,46599.84
CUST102641,36,4437.28,0,1,2.0,One Year,UPI,South,Basic,No,1,53247.36
CUST102642,15,3109.15,2,3,32.6,One Year,UPI,South,Standard,No,0,37309.8
CUST102643,34,3645.76,2,1,62.4,Two Year,Net Banking,West,Basic,Yes,1,43749.12
CUST102644,33,2678.06,2,0,48.2,Month-to-Month,Credit Card,West,Basic,No,0,32136.72
CUST102645,1,2269.65,2,2,48.5,One Year,Net Banking,North,Premium,No,0,27235.8
CUST102646,41,4329.07,5,1,51.0,Two Year,Credit Card,South,Standard,No,1,51948.84
CUST102647,57,3626.25,3,0,26.7,Month-to-Month,Cash,North,Standard,Yes,1,43515.0
CUST102648,68,3739.41,1,2,45.4,One Year,UPI,West,Standard,No,1,44872.92
CUST102649,24,4852.33,0,1,49.5,Month-to-Month,Cash,South,Standard,No,1,58227.96
CUST102650,64,2039.67,2,0,43.7,Month-to-Month,Net Banking,South,Basic,No,0,24476.04
CUST102651,64,2592.77,0,1,35.7,Month-to-Month,Cash,North,Basic,No,0,31113.24
CUST102652,72,3373.73,1,1,41.2,Month-to-Month,UPI,South,Premium,No,1,40484.76
CUST102653,27,2579.26,1,2,23.8,Month-to-Month,Credit Card,South,Standard,Yes,0,30951.12
CUST102654,62,4061.45,3,1,51.8,One Year,UPI,West,Standard,Yes,1,48737.4
CUST102655,41,2993.86,3,2,19.0,Month-to-Month,Net Banking,West,Standard,No,0,35926.32
CUST102656,5,2108.21,2,1,28.9,Month-to-Month,UPI,South,Premium,Yes,0,25298.52
CUST102657,20,3272.35,2,2,52.9,Month-to-Month,Credit Card,West,Basic,No,1,39268.2
CUST102658,49,3387.37,2,2,46.6,One Year,UPI,West,Premium,Yes,1,40648.44
CUST102659,12,4228.15,3,0,34.3,Month-to-Month,Debit Card,West,Basic,Yes,1,50737.8
CUST102660,32,3632.45,4,2,14.6,One Year,Net Banking,South,Basic,Yes,1,43589.4
CUST102661,56,3707.26,1,2,41.3,One Year,UPI,East,Premium,No,1,44487.12
CUST102662,11,3552.32,2,1,31.9,One Year,Debit Card,West,Basic,No,1,42627.84
CUST102663,36,2992.96,2,0,49.7,One Year,UPI,West,Standard,Yes,0,35915.52
CUST102664,16,2412.16,1,1,33.7,One Year,Cash,South,Standard,No,0,28945.92
CUST102665,39,3517.72,3,0,14.0,Month-to-Month,Net Banking,North,Basic,Yes,1,42212.64
CUST102666,18,2833.56,0,2,19.9,Month-to-Month,UPI,South,Premium,No,0,34002.72
CUST102667,70,5058.8,3,1,35.2,Month-to-Month,Credit Card,East,Basic,Yes,1,60705.6
CUST102668,6,4676.4,4,2,43.7,Two Year,Debit Card,North,Basic,Yes,1,56116.8
CUST102669,70,3896.12,2,2,23.4,One Year,Net Banking,South,Basic,No,1,46753.44
CUST102670,58,3616.31,3,3,29.9,One Year,Cash,East,Premium,Yes,1,43395.72
CUST102671,62,3103.25,3,3,54.7,One Year,Credit Card,West,Premium,No,0,37239.0
CUST102672,62,1812.76,1,1,59.8,Month-to-Month,Credit Card,East,Basic,No,0,21753.12
CUST102673,14,2962.21,1,2,46.4,Month-to-Month,UPI,East,Standard,No,0,35546.52
CUST102674,68,3311.54,1,0,37.4,Month-to-Month,Credit Card,North,Standard,Yes,1,39738.48
CUST102675,43,3452.4,4,1,32.1,Month-to-Month,Cash,East,Premium,Yes,1,41428.8
CUST102676,70,3716.49,0,1,50.6,One Year,Cash,West,Standard,No,1,44597.88
CUST102677,64,4213.46,1,2,36.9,One Year,Credit Card,South,Premium,Yes,1,50561.52
CUST102678,42,2438.63,3,2,56.7,Month-to-Month,UPI,West,Basic,Yes,0,29263.56
CUST102679,27,2448.62,6,1,57.6,Month-to-Month,Debit Card,South,Standard,Yes,0,29383.44
CUST102680,9,4795.94,0,1,48.6,Two Year,Credit Card,East,Standard,Yes,1,57551.28
CUST102681,8,4048.08,2,2,34.0,One Year,Net Banking,West,Basic,Yes,1,48576.96
CUST102682,29,2770.15,2,1,35.3,One Year,Debit Card,West,Standard,No,0,33241.8
CUST102683,59,3082.07,3,1,15.7,Month-to-Month,Debit Card,South,Premium,No,1,36984.84
CUST102684,37,3087.01,1,0,41.2,Month-to-Month,Credit Card,South,Standard,No,0,37044.12
CUST102685,35,3234.73,3,1,40.7,Month-to-Month,Debit Card,West,Basic,Yes,1,38816.76
CUST102686,18,3719.95,3,0,20.0,Month-to-Month,Debit Card,South,Standard,No,1,44639.4
CUST102687,41,5988.49,2,0,79.8,Month-to-Month,Debit Card,North,Standard,Yes,1,71861.88
CUST102688,46,3408.73,1,0,50.9,Month-to-Month,Debit Card,South,Basic,Yes,1,40904.76
CUST102689,71,3928.86,1,0,28.6,One Year,Net Banking,East,Basic,No,1,47146.32
CUST102690,53,1344.88,2,1,74.9,Month-to-Month,UPI,East,Basic,Yes,0,16138.56
CUST102691,44,2666.61,2,1,34.1,Month-to-Month,UPI,North,Premium,No,0,31999.32
CUST102692,66,4551.7,1,0,55.3,Month-to-Month,UPI,East,Standard,Yes,1,54620.4
CUST102693,31,3642.55,2,3,43.4,Month-to-Month,Debit Card,East,Basic,Yes,1,43710.6
CUST102694,68,700.0,1,0,34.6,One Year,Credit Card,East,Standard,No,0,8400.0
CUST102695,27,3941.43,3,2,36.6,Two Year,Credit Card,South,Basic,No,1,47297.16
CUST102696,10,5309.98,6,1,65.0,Month-to-Month,UPI,West,Premium,No,1,63719.76
CUST102697,31,1004.5,2,1,56.0,Month-to-Month,Cash,West,Standard,Yes,0,12054.0
CUST102698,10,4871.33,0,1,40.0,Month-to-Month,Debit Card,North,Standard,No,1,58455.96
CUST102699,9,700.0,2,3,9.2,One Year,UPI,West,Standard,No,0,8400.0
CUST102700,64,4231.8,1,1,46.9,Two Year,Credit Card,East,Basic,No,1,50781.6
CUST102701,58,3190.49,2,1,22.1,Month-to-Month,Credit Card,South,Basic,Yes,1,38285.88
CUST102702,16,700.0,3,0,50.6,One Year,Net Banking,West,Basic,No,0,8400.0
CUST102703,61,3690.75,4,0,30.6,Month-to-Month,Net Banking,North,Basic,No,1,44289.0
CUST102704,5,4465.92,2,1,32.2,Two Year,Net Banking,South,Basic,Yes,1,53591.04
CUST102705,21,3600.28,0,2,31.8,One Year,Credit Card,West,Basic,Yes,1,43203.36
CUST102706,51,3843.31,2,0,58.3,Month-to-Month,Cash,North,Standard,No,1,46119.72
CUST102707,22,2747.16,3,3,13.7,One Year,UPI,West,Basic,Yes,0,32965.92
CUST102708,53,3190.645,1,3,53.8,Month-to-Month,Debit Card,East,Basic,Yes,0,38287.74
CUST102709,63,3961.05,4,0,47.5,Two Year,Credit Card,North,Basic,No,1,47532.6
CUST102710,5,5124.73,3,2,40.8,Month-to-Month,Credit Card,North,Basic,No,1,61496.76
CUST102711,2,4442.54,3,0,34.8,One Year,UPI,North,Basic,No,1,53310.48
CUST102712,68,1013.34,0,1,49.8,Month-to-Month,UPI,West,Basic,No,0,12160.08
CUST102713,38,1533.62,3,3,35.0,Month-to-Month,Net Banking,South,Premium,No,0,18403.44
CUST102714,37,2269.44,3,0,34.8,One Year,Debit Card,East,Basic,No,0,27233.28
CUST102715,34,1447.73,2,0,43.0,One Year,Cash,West,Standard,No,0,17372.76
CUST102716,32,3248.61,0,4,69.5,Month-to-Month,Debit Card,West,Standard,No,1,38983.32
CUST102717,50,3632.76,3,0,17.8,Two Year,UPI,West,Premium,Yes,1,43593.12
CUST102718,42,1626.72,0,1,50.0,Two Year,UPI,South,Basic,No,0,19520.64
CUST102719,12,4054.84,0,1,39.7,One Year,Net Banking,North,Basic,No,1,48658.08
CUST102720,46,3861.21,2,1,38.5,Month-to-Month,UPI,South,Standard,Yes,1,46334.52
CUST102721,49,2597.02,2,0,17.6,Two Year,UPI,South,Standard,Yes,0,31164.24
CUST102722,9,3010.23,2,1,13.9,Month-to-Month,Credit Card,West,Standard,No,0,36122.76
CUST102723,28,1055.22,1,1,47.4,Month-to-Month,Net Banking,West,Basic,Yes,0,12662.64
CUST102724,57,2834.51,2,2,21.7,Two Year,Debit Card,South,Premium,No,0,34014.12
CUST102725,45,3208.12,3,0,58.3,Month-to-Month,UPI,South,Basic,No,1,38497.44
CUST102726,10,3385.62,0,1,25.7,Month-to-Month,Net Banking,South,Basic,Yes,1,40627.44
CUST102727,3,3616.76,1,0,50.8,Two Year,Cash,South,Premium,No,1,43401.12
CUST102728,42,3468.67,4,0,32.8,Month-to-Month,Net Banking,North,Standard,No,1,41624.04
CUST102729,34,2909.22,4,2,32.0,Month-to-Month,UPI,West,Premium,Yes,0,34910.64
CUST102730,70,3514.81,2,0,27.4,Month-to-Month,Net Banking,South,Basic,No,1,42177.72
CUST102731,38,4302.24,3,1,49.0,One Year,Credit Card,East,Basic,No,1,51626.88
CUST102732,68,3094.95,1,1,53.4,Month-to-Month,UPI,North,Basic,No,1,37139.4
CUST102733,16,3549.35,2,2,37.0,Month-to-Month,Debit Card,South,Standard,Yes,1,42592.2
CUST102734,33,2995.21,2,4,51.5,Two Year,Cash,South,Premium,No,0,35942.52
CUST102735,11,2488.57,1,0,42.2,One Year,Credit Card,North,Premium,No,0,29862.84
CUST102736,42,3775.17,0,2,20.7,One Year,UPI,North,Standard,No,1,45302.04
CUST102737,14,2589.25,1,4,48.1,Month-to-Month,UPI,East,Standard,No,0,31071.0
CUST102738,36,3624.76,2,0,37.2,Two Year,Debit Card,East,Basic,No,1,43497.12
CUST102739,25,3231.08,4,0,2.0,Month-to-Month,Net Banking,East,Basic,No,0,38772.96
CUST102740,14,2865.67,2,1,35.7,Two Year,UPI,West,Basic,No,0,34388.04
CUST102741,7,2839.04,1,2,14.9,Month-to-Month,UPI,West,Standard,No,0,34068.48
CUST102742,37,2641.07,2,3,22.3,One Year,Cash,West,Premium,Yes,0,31692.84
CUST102743,69,1389.62,1,1,38.0,Two Year,Net Banking,North,Standard,Yes,0,16675.44
CUST102744,15,3621.18,2,3,40.8,Month-to-Month,Net Banking,South,Standard,No,1,43454.16
CUST102745,30,3454.7,0,1,28.6,Month-to-Month,UPI,West,Basic,No,1,41456.4
CUST102746,17,4134.64,4,0,50.4,Month-to-Month,Cash,West,Standard,No,1,49615.68
CUST102747,59,2615.4,2,4,40.2,Month-to-Month,Credit Card,West,Basic,Yes,0,31384.8
CUST102748,30,5284.92,1,1,35.2,Month-to-Month,Credit Card,East,Premium,No,1,63419.04
CUST102749,71,2782.29,1,2,42.7,Month-to-Month,Credit Card,West,Standard,No,0,33387.48
CUST102750,18,2237.38,1,1,61.3,Month-to-Month,Cash,North,Basic,No,0,26848.56
CUST102751,6,2106.95,2,2,7.6,Month-to-Month,UPI,South,Standard,No,0,25283.4
CUST102752,42,1292.69,3,0,62.8,Month-to-Month,Cash,North,Basic,No,0,15512.28
CUST102753,47,4885.89,6,2,32.1,One Year,Cash,South,Basic,No,1,58630.68
CUST102754,72,4708.17,2,0,29.5,Month-to-Month,Net Banking,West,Standard,No,1,56498.04
CUST102755,63,3860.82,0,1,35.6,Month-to-Month,Credit Card,North,Standard,Yes,1,46329.84
CUST102756,64,2214.3,5,0,27.8,Month-to-Month,Credit Card,East,Basic,No,0,26571.6
CUST102757,46,5192.39,1,3,25.4,Month-to-Month,UPI,West,Basic,Yes,1,62308.68
CUST102758,26,2813.11,2,1,55.5,Month-to-Month,Credit Card,West,Basic,No,0,33757.32
CUST102759,31,2904.07,2,2,44.6,Month-to-Month,UPI,West,Basic,Yes,0,34848.84
CUST102760,10,4780.98,3,0,11.3,Month-to-Month,Debit Card,East,Basic,Yes,1,57371.76
CUST102761,32,3924.8,2,0,52.8,Month-to-Month,Net Banking,East,Standard,No,1,47097.6
CUST102762,27,5621.21,5,0,50.5,Month-to-Month,Cash,West,Standard,No,1,67454.52
CUST102763,3,3473.59,2,0,18.2,One Year,Credit Card,North,Basic,No,1,41683.08
CUST102764,15,2763.27,0,1,44.9,Two Year,Credit Card,East,Premium,No,0,33159.24
CUST102765,39,2527.01,1,0,51.9,One Year,Credit Card,West,Standard,No,0,30324.12
CUST102766,27,1168.3,3,1,16.3,Month-to-Month,Net Banking,South,Standard,No,0,14019.6
CUST102767,72,2893.54,0,2,46.6,Month-to-Month,UPI,North,Standard,Yes,0,34722.48
CUST102768,35,4459.05,3,0,31.2,One Year,Credit Card,South,Premium,Yes,1,53508.6
CUST102769,70,3858.72,2,0,50.7,Month-to-Month,UPI,North,Standard,Yes,1,46304.64
CUST102770,48,3222.34,1,2,27.1,Month-to-Month,Net Banking,East,Standard,No,1,38668.08
CUST102771,3,2105.57,1,1,58.7,One Year,Credit Card,West,Standard,No,0,25266.84
CUST102772,15,3449.56,3,0,38.1,Month-to-Month,Cash,North,Premium,No,1,41394.72
CUST102773,51,4314.1,1,0,32.2,Month-to-Month,Cash,South,Standard,No,1,51769.2
CUST102774,40,3673.79,2,1,30.4,One Year,Net Banking,East,Premium,Yes,1,44085.48
CUST102775,22,3383.41,2,1,56.0,Two Year,Credit Card,West,Basic,No,1,40600.92
CUST102776,38,2323.35,2,2,30.4,Two Year,Cash,North,Standard,Yes,0,27880.2
CUST102777,66,4153.9,1,1,59.0,Two Year,Credit Card,South,Standard,No,1,49846.8
CUST102778,28,700.0,1,0,45.4,Month-to-Month,Credit Card,North,Basic,No,0,8400.0
CUST102779,4,3621.13,3,2,19.8,Month-to-Month,Credit Card,South,Basic,No,1,43453.56
CUST102780,23,6027.35,1,0,42.4,Month-to-Month,Debit Card,South,Premium,No,1,72328.2
CUST102781,68,1540.79,3,1,42.7,Month-to-Month,UPI,North,Basic,Yes,0,18489.48
CUST102782,55,2934.49,2,3,19.3,One Year,Credit Card,North,Standard,No,0,35213.88
CUST102783,61,3191.3,2,2,42.1,Month-to-Month,Cash,South,Standard,No,0,38295.6
CUST102784,66,2691.16,3,1,50.7,Month-to-Month,UPI,North,Standard,Yes,0,32293.92
CUST102785,9,4340.01,4,1,60.1,Two Year,UPI,West,Premium,No,1,52080.12
CUST102786,21,3719.7,2,4,59.3,Month-to-Month,Cash,West,Premium,No,1,44636.4
CUST102787,5,3367.53,1,2,80.2,Month-to-Month,Net Banking,West,Standard,No,1,40410.36
CUST102788,1,4077.0,1,0,42.0,Two Year,UPI,North,Basic,Yes,1,48924.0
CUST102789,61,3218.43,2,2,50.9,Month-to-Month,Credit Card,South,Basic,No,1,38621.16
CUST102790,68,6697.85,4,1,32.3,One Year,Credit Card,South,Basic,No,1,80374.2
CUST102791,12,3366.48,1,1,72.1,Month-to-Month,UPI,South,Standard,Yes,1,40397.76
CUST102792,52,3414.81,2,0,27.7,Month-to-Month,UPI,West,Basic,No,1,40977.72
CUST102793,39,1318.49,1,1,71.4,Month-to-Month,UPI,East,Standard,No,0,15821.88
CUST102794,5,2602.2,1,1,69.4,Month-to-Month,Debit Card,North,Basic,No,0,31226.4
CUST102795,66,4462.12,2,1,29.4,Month-to-Month,Credit Card,North,Basic,Yes,1,53545.44
CUST102796,63,1731.0,2,1,58.6,One Year,Credit Card,East,Standard,Yes,0,20772.0
CUST102797,41,826.69,0,1,49.3,Month-to-Month,UPI,West,Premium,Yes,0,9920.28
CUST102798,51,3235.55,2,0,35.4,Month-to-Month,UPI,East,Basic,Yes,1,38826.6
CUST102799,29,4707.82,2,1,39.8,Month-to-Month,Debit Card,North,Basic,No,1,56493.84
CUST102800,58,3246.62,1,2,46.2,One Year,Net Banking,East,Basic,No,0,38959.44
CUST102801,33,2830.26,3,1,47.8,Month-to-Month,Cash,South,Basic,No,0,33963.12
CUST102802,72,1155.66,3,1,65.9,Month-to-Month,UPI,West,Standard,No,0,13867.92
CUST102803,5,3697.48,3,2,51.1,Two Year,UPI,South,Standard,No,1,44369.76
CUST102804,13,3927.4,2,1,29.7,Two Year,Debit Card,East,Standard,Yes,1,47128.8
CUST102805,70,1240.09,1,1,53.9,Month-to-Month,Credit Card,South,Standard,No,0,14881.08
CUST102806,21,4447.99,2,0,14.0,Month-to-Month,Credit Card,North,Basic,No,1,53375.88
CUST102807,23,4042.27,3,0,35.8,One Year,Debit Card,West,Premium,Yes,1,48507.24
CUST102808,57,4445.55,1,5,37.4,Month-to-Month,Credit Card,West,Premium,No,1,53346.6
CUST102809,14,3841.88,1,1,52.5,Two Year,Credit Card,West,Standard,No,1,46102.56
CUST102810,37,3919.05,2,1,70.3,Month-to-Month,Credit Card,West,Premium,No,1,47028.6
CUST102811,21,3772.79,1,2,45.5,Month-to-Month,Credit Card,East,Premium,No,1,45273.48
CUST102812,15,4155.32,0,1,36.2,Month-to-Month,UPI,South,Standard,No,1,49863.84
CUST102813,70,1199.37,2,4,30.8,Month-to-Month,UPI,West,Premium,No,0,14392.44
CUST102814,15,1548.83,0,2,55.4,Month-to-Month,Debit Card,South,Standard,Yes,0,18585.96
CUST102815,7,2390.39,2,0,38.9,Month-to-Month,UPI,East,Standard,Yes,0,28684.68
CUST102816,49,3057.2,1,1,33.9,Two Year,UPI,East,Basic,Yes,0,36686.4
CUST102817,63,3626.95,4,1,57.2,Month-to-Month,Credit Card,West,Standard,No,1,43523.4
CUST102818,10,3557.15,1,0,60.7,One Year,Credit Card,East,Basic,Yes,1,42685.8
CUST102819,51,4428.82,0,1,26.7,Month-to-Month,UPI,South,Standard,No,1,53145.84
CUST102820,39,4463.34,2,0,18.1,Two Year,Net Banking,West,Basic,No,1,53560.08
CUST102821,60,2240.38,4,0,40.4,Month-to-Month,UPI,North,Basic,No,0,26884.56
CUST102822,10,3462.43,0,1,23.8,Month-to-Month,Net Banking,North,Standard,No,1,41549.16
CUST102823,71,2267.39,2,0,21.6,Month-to-Month,Cash,South,Premium,No,0,27208.68
CUST102824,45,2992.93,2,1,25.3,One Year,UPI,South,Premium,No,0,35915.16
CUST102825,61,3553.97,3,3,58.7,Month-to-Month,UPI,West,Premium,No,1,42647.64
CUST102826,27,700.0,1,0,52.4,One Year,UPI,South,Standard,No,0,8400.0
CUST102827,68,5852.37,2,1,81.3,Month-to-Month,Net Banking,West,Premium,No,1,70228.44
CUST102828,46,3823.05,3,1,31.7,One Year,Cash,South,Basic,Yes,1,45876.6
CUST102829,10,2544.73,1,1,63.3,Two Year,Debit Card,South,Standard,Yes,0,30536.76
CUST102830,67,5320.11,2,1,49.9,Month-to-Month,Cash,West,Basic,Yes,1,63841.32
CUST102831,58,2817.83,1,0,33.1,One Year,Net Banking,North,Basic,Yes,0,33813.96
CUST102832,22,3345.77,0,1,39.7,Month-to-Month,Debit Card,North,Standard,No,1,40149.24
CUST102833,40,2664.17,2,2,33.0,Month-to-Month,Net Banking,North,Basic,Yes,0,31970.04
CUST102834,28,5017.19,2,1,46.1,Month-to-Month,Credit Card,North,Premium,No,1,60206.28
CUST102835,40,3084.52,1,1,57.8,Month-to-Month,Credit Card,East,Premium,No,0,37014.24
CUST102836,70,3364.43,3,2,36.1,One Year,Debit Card,North,Basic,No,1,40373.16
CUST102837,65,4524.16,2,1,55.6,Month-to-Month,Net Banking,East,Basic,Yes,1,54289.92
CUST102838,16,3843.65,0,1,62.3,Month-to-Month,Credit Card,West,Standard,No,1,46123.8
CUST102839,70,3140.22,2,2,65.9,Month-to-Month,Credit Card,East,Premium,Yes,0,37682.64
CUST102840,32,4421.43,6,2,23.2,One Year,UPI,East,Standard,No,1,53057.16
CUST102841,51,5992.33,2,1,41.2,Two Year,UPI,South,Standard,Yes,1,71907.96
CUST102842,56,3549.15,2,0,53.4,Two Year,Credit Card,West,Standard,No,1,42589.8
CUST102843,35,3328.44,2,0,24.6,One Year,Credit Card,North,Premium,No,1,39941.28
CUST102844,33,3387.69,4,1,21.0,Two Year,UPI,West,Basic,No,1,40652.28
CUST102845,33,4641.47,1,0,41.6,One Year,UPI,South,Premium,Yes,1,55697.64
CUST102846,63,2540.88,2,1,35.4,Month-to-Month,UPI,West,Standard,No,0,30490.56
CUST102847,28,2893.85,0,0,39.2,Month-to-Month,Net Banking,East,Standard,Yes,0,34726.2
CUST102848,21,1508.81,1,0,34.5,Two Year,Debit Card,North,Basic,No,0,18105.72
CUST102849,27,1897.75,2,1,76.6,Month-to-Month,UPI,West,Premium,Yes,0,22773.0
CUST102850,15,2630.42,2,0,34.6,Month-to-Month,Debit Card,North,Basic,No,0,31565.04
CUST102851,29,3138.47,0,1,51.4,One Year,Credit Card,West,Standard,Yes,0,37661.64
CUST102852,9,5145.99,1,1,50.3,Month-to-Month,Debit Card,East,Basic,No,1,61751.88
CUST102853,7,3789.59,1,1,15.0,One Year,Net Banking,North,Standard,Yes,1,45475.08
CUST102854,53,2196.71,1,0,65.5,One Year,Credit Card,East,Standard,No,0,26360.52
CUST102855,6,2399.22,2,1,52.0,Month-to-Month,UPI,East,Basic,Yes,0,28790.64
CUST102856,41,4712.22,3,2,44.5,One Year,Net Banking,South,Basic,No,1,56546.64
CUST102857,57,4439.27,2,0,58.9,Month-to-Month,UPI,West,Basic,Yes,1,53271.24
CUST102858,53,3230.96,5,1,41.2,Two Year,Cash,North,Basic,No,0,38771.52
CUST102859,33,2713.22,3,1,56.1,Month-to-Month,Cash,North,Basic,No,0,32558.64
CUST102860,14,4437.43,1,1,12.0,Month-to-Month,Credit Card,North,Standard,No,1,53249.16
CUST102861,68,2107.34,2,0,55.1,Month-to-Month,Net Banking,West,Standard,Yes,0,25288.08
CUST102862,61,3631.23,0,0,44.9,One Year,Cash,North,Standard,No,1,43574.76
CUST102863,45,5699.92,4,0,45.2,One Year,Net Banking,West,Basic,Yes,1,68399.04
CUST102864,7,3425.89,5,0,28.5,Month-to-Month,UPI,West,Standard,No,1,41110.68
CUST102865,3,2346.83,0,1,38.5,One Year,UPI,East,Standard,No,0,28161.96
CUST102866,23,3651.41,3,0,38.0,One Year,Credit Card,South,Standard,No,1,43816.92
CUST102867,12,2682.99,6,0,23.8,Two Year,Debit Card,South,Premium,No,0,32195.88
CUST102868,62,1666.47,3,1,47.7,Month-to-Month,Credit Card,North,Premium,No,0,19997.64
CUST102869,15,3971.14,2,0,67.2,Two Year,UPI,East,Premium,No,1,47653.68
CUST102870,21,4429.62,2,1,19.3,Two Year,Credit Card,South,Standard,Yes,1,53155.44
CUST102871,71,2858.0,4,0,49.8,Two Year,UPI,South,Basic,No,0,34296.0
CUST102872,59,2785.04,1,0,35.3,Month-to-Month,Credit Card,South,Basic,No,0,33420.48
CUST102873,16,2142.28,1,2,33.4,Two Year,UPI,North,Standard,No,0,25707.36
CUST102874,28,3035.07,2,2,43.2,Month-to-Month,Credit Card,North,Standard,Yes,0,36420.84
CUST102875,38,2581.39,3,1,43.4,Month-to-Month,Debit Card,South,Standard,Yes,0,30976.68
CUST102876,48,2087.86,1,1,45.0,Month-to-Month,Credit Card,West,Standard,Yes,0,25054.32
CUST102877,68,5281.39,5,0,23.9,Two Year,UPI,West,Standard,No,1,63376.68
CUST102878,63,3713.14,2,0,59.4,Two Year,Credit Card,North,Basic,No,1,44557.68
CUST102879,71,3829.63,2,1,43.3,Month-to-Month,UPI,East,Premium,No,1,45955.56
CUST102880,3,4171.74,3,2,51.5,One Year,UPI,South,Premium,Yes,1,50060.88
CUST102881,18,4048.14,0,2,61.4,Month-to-Month,Debit Card,East,Basic,No,1,48577.68
CUST102882,41,2745.58,3,2,11.3,Month-to-Month,Debit Card,North,Standard,Yes,0,32946.96
CUST102883,4,3499.81,1,2,52.1,One Year,Credit Card,South,Premium,No,1,41997.72
CUST102884,26,2904.07,2,2,39.4,Month-to-Month,Cash,South,Standard,No,0,34848.84
CUST102885,12,3682.31,4,2,58.3,One Year,Net Banking,East,Standard,No,1,44187.72
CUST102886,68,3575.86,2,3,29.2,Month-to-Month,Net Banking,North,Premium,No,1,42910.32
CUST102887,5,2779.07,1,0,57.0,Month-to-Month,Credit Card,East,Standard,Yes,0,33348.84
CUST102888,11,1737.77,1,2,25.1,One Year,Credit Card,South,Standard,No,0,20853.24
CUST102889,15,3360.86,3,0,48.4,Month-to-Month,Debit Card,South,Standard,No,1,40330.32
CUST102890,11,2975.3,1,1,46.5,One Year,Debit Card,West,Standard,No,0,35703.6
CUST102891,41,1120.59,2,2,39.5,One Year,Debit Card,North,Premium,No,0,13447.08
CUST102892,27,3758.43,1,2,25.5,Month-to-Month,Credit Card,South,Basic,No,1,45101.16
CUST102893,66,4261.88,1,1,36.1,One Year,UPI,South,Standard,No,1,51142.56
CUST102894,19,5981.19,3,3,56.8,Month-to-Month,Net Banking,South,Standard,Yes,1,71774.28
CUST102895,39,2769.68,0,2,65.8,One Year,Credit Card,South,Basic,No,0,33236.16
CUST102896,48,2607.42,4,0,73.3,Month-to-Month,Debit Card,East,Premium,Yes,0,31289.04
CUST102897,46,1979.64,2,0,50.4,Month-to-Month,Credit Card,East,Premium,No,0,23755.68
CUST102898,58,3429.51,3,2,46.0,Month-to-Month,Credit Card,South,Basic,No,1,41154.12
CUST102899,15,3422.55,4,0,49.2,Two Year,Debit Card,South,Standard,Yes,1,41070.6
CUST102900,37,2307.57,2,0,72.9,Month-to-Month,Debit Card,South,Basic,No,0,27690.84
CUST102901,58,3007.58,2,2,50.3,Two Year,UPI,West,Basic,No,0,36090.96
CUST102902,63,1023.47,4,0,43.4,One Year,UPI,South,Basic,No,0,12281.64
CUST102903,45,4219.01,2,0,37.6,Month-to-Month,UPI,South,Standard,No,1,50628.12
CUST102904,47,2352.25,1,0,39.4,One Year,Debit Card,East,Premium,No,0,28227.0
CUST102905,63,3161.88,1,1,48.2,One Year,Credit Card,South,Standard,No,0,37942.56
CUST102906,45,1630.64,2,0,30.0,Month-to-Month,UPI,South,Basic,No,0,19567.68
CUST102907,69,2559.41,3,1,32.0,Month-to-Month,UPI,North,Basic,No,0,30712.92
CUST102908,10,2892.45,3,2,41.0,One Year,Net Banking,West,Basic,Yes,0,34709.4
CUST102909,26,3187.58,2,0,34.8,One Year,UPI,West,Basic,No,0,38250.96
CUST102910,9,3727.71,0,2,51.5,One Year,Credit Card,West,Standard,No,1,44732.52
CUST102911,7,4782.98,3,3,52.8,One Year,Credit Card,North,Premium,Yes,1,57395.76
CUST102912,34,4005.98,2,1,46.2,Month-to-Month,Credit Card,South,Premium,No,1,48071.76
CUST102913,17,4258.38,2,0,49.8,Month-to-Month,UPI,West,Basic,No,1,51100.56
CUST102914,30,4790.71,3,2,43.9,One Year,Debit Card,West,Basic,No,1,57488.52
CUST102915,32,3826.68,3,2,2.0,Month-to-Month,UPI,North,Standard,No,1,45920.16
CUST102916,45,3159.62,1,2,28.0,One Year,Debit Card,North,Standard,Yes,1,37915.44
CUST102917,69,4310.02,4,0,53.3,Month-to-Month,Credit Card,South,Basic,No,1,51720.24
CUST102918,62,3190.645,0,2,28.6,One Year,Credit Card,North,Premium,No,1,38287.74
CUST102919,28,3913.42,0,0,55.7,Month-to-Month,Credit Card,North,Standard,No,1,46961.04
CUST102920,24,1599.91,0,1,56.6,One Year,Cash,South,Standard,Yes,0,19198.92
CUST102921,56,2274.39,2,1,37.8,Month-to-Month,Credit Card,North,Premium,No,0,27292.68
CUST102922,9,2897.66,2,2,32.6,Two Year,UPI,East,Basic,No,0,34771.92
CUST102923,39,4057.58,0,1,42.2,One Year,Credit Card,South,Standard,No,1,48690.96
CUST102924,31,3176.52,3,3,41.3,Month-to-Month,Credit Card,North,Premium,Yes,1,38118.24
CUST102925,14,4450.56,2,2,52.0,Month-to-Month,UPI,West,Premium,No,1,53406.72
CUST102926,45,4646.76,2,1,4.5,One Year,Net Banking,South,Basic,Yes,1,55761.12
CUST102927,24,4519.09,3,3,30.3,Month-to-Month,UPI,West,Basic,No,1,54229.08
CUST102928,14,4526.09,3,1,25.8,One Year,Cash,North,Standard,No,1,54313.08
CUST102929,48,2059.31,3,1,2.0,One Year,Credit Card,East,Basic,Yes,0,24711.72
CUST102930,13,3730.9,6,1,34.1,One Year,Debit Card,South,Standard,No,1,44770.8
CUST102931,49,2531.72,3,0,18.0,Month-to-Month,Debit Card,West,Premium,No,0,30380.64
CUST102932,12,1386.03,2,4,35.8,Month-to-Month,UPI,North,Basic,No,0,16632.36
CUST102933,32,2883.78,3,2,34.2,Month-to-Month,Credit Card,South,Basic,No,0,34605.36
CUST102934,59,4657.21,4,0,49.3,Month-to-Month,UPI,North,Standard,No,1,55886.52
CUST102935,17,3706.82,2,4,38.0,One Year,UPI,West,Premium,No,1,44481.84
CUST102936,56,5419.59,0,0,14.9,Month-to-Month,Debit Card,South,Standard,Yes,1,65035.08
CUST102937,52,3394.95,2,0,47.5,Month-to-Month,UPI,South,Premium,Yes,1,40739.4
CUST102938,65,5892.58,0,2,80.7,Month-to-Month,Debit Card,East,Standard,No,1,70710.96
CUST102939,13,3395.27,3,1,59.2,Month-to-Month,Credit Card,South,Basic,Yes,1,40743.24
CUST102940,52,3224.73,0,1,52.9,Two Year,Cash,North,Basic,No,0,38696.76
CUST102941,68,1792.67,0,0,38.9,Month-to-Month,Net Banking,South,Standard,Yes,0,21512.04
CUST102942,55,4421.62,2,1,34.1,Month-to-Month,UPI,South,Basic,Yes,1,53059.44
CUST102943,14,2647.66,2,5,33.0,Month-to-Month,Net Banking,South,Basic,No,0,31771.92
CUST102944,60,2488.25,3,0,45.9,Month-to-Month,UPI,North,Basic,No,0,29859.0
CUST102945,8,4609.35,2,0,23.8,One Year,Credit Card,West,Standard,Yes,1,55312.2
CUST102946,43,4474.04,6,1,45.5,One Year,Net Banking,East,Premium,Yes,1,53688.48
CUST102947,36,4445.26,5,0,31.4,One Year,UPI,East,Premium,No,1,53343.12
CUST102948,39,2801.59,0,0,14.6,Two Year,Net Banking,South,Standard,No,0,33619.08
CUST102949,38,3143.93,2,1,31.2,Month-to-Month,UPI,South,Basic,Yes,0,37727.16
CUST102950,3,3134.16,6,2,62.0,Month-to-Month,Net Banking,East,Standard,No,1,37609.92
CUST102951,37,4060.77,5,1,44.2,Month-to-Month,Credit Card,West,Basic,No,1,48729.24
CUST102952,68,4908.92,0,2,2.0,One Year,UPI,South,Standard,No,1,58907.04
CUST102953,32,3604.96,3,2,31.2,Month-to-Month,UPI,East,Standard,Yes,1,43259.52
CUST102954,20,5372.38,2,0,56.5,Month-to-Month,Debit Card,East,Basic,No,1,64468.56
CUST102955,72,4186.91,1,1,37.2,Month-to-Month,Debit Card,East,Basic,No,1,50242.92
CUST102956,8,2941.72,3,1,50.4,Two Year,Debit Card,North,Premium,Yes,0,35300.64
CUST102957,36,4111.58,1,0,35.7,Month-to-Month,Credit Card,West,Basic,No,1,49338.96
CUST102958,37,5076.53,5,2,44.9,Month-to-Month,Credit Card,South,Standard,No,1,60918.36
CUST102959,35,5398.12,0,3,42.6,Month-to-Month,Debit Card,South,Standard,Yes,1,64777.44
CUST102960,67,4505.58,0,1,31.7,Month-to-Month,UPI,South,Standard,No,1,54066.96
CUST102961,31,3228.24,3,1,51.1,One Year,UPI,West,Basic,No,1,38738.88
CUST102962,71,2961.64,0,0,66.5,One Year,UPI,East,Premium,Yes,0,35539.68
CUST102963,5,3833.68,4,2,48.2,One Year,Net Banking,North,Standard,No,1,46004.16
CUST102964,53,5041.37,3,0,43.7,One Year,Credit Card,North,Standard,No,1,60496.44
CUST102965,43,3677.15,3,0,28.5,Month-to-Month,UPI,East,Standard,Yes,1,44125.8
CUST102966,18,3699.99,2,1,57.0,Two Year,Net Banking,West,Basic,No,1,44399.88
CUST102967,17,3256.54,3,1,33.8,One Year,Credit Card,South,Standard,Yes,1,39078.48
CUST102968,52,2839.32,0,2,51.0,Two Year,UPI,East,Standard,Yes,0,34071.84
CUST102969,46,3021.65,4,3,54.2,Month-to-Month,Credit Card,South,Basic,Yes,0,36259.8
CUST102970,45,3348.97,3,1,57.8,Month-to-Month,Cash,North,Standard,Yes,1,40187.64
CUST102971,4,5089.91,0,3,58.1,One Year,Net Banking,South,Basic,No,1,61078.92
CUST102972,44,2936.31,0,0,57.5,Two Year,Debit Card,South,Premium,No,0,35235.72
CUST102973,71,3257.87,4,2,21.9,Two Year,Net Banking,East,Premium,Yes,0,39094.44
CUST102974,2,2248.08,1,1,28.3,Month-to-Month,Credit Card,North,Premium,Yes,0,26976.96
CUST102975,34,3988.29,0,1,20.0,Month-to-Month,Net Banking,North,Standard,No,1,47859.48
CUST102976,36,4703.35,1,0,19.0,Two Year,Net Banking,South,Standard,No,1,56440.2
CUST102977,65,4986.95,4,2,66.4,Month-to-Month,Credit Card,West,Premium,No,1,59843.4
CUST102978,21,3423.7,4,0,26.2,Month-to-Month,Credit Card,South,Basic,Yes,1,41084.4
CUST102979,35,3831.79,2,0,24.0,Two Year,UPI,East,Premium,No,1,45981.48
CUST102980,52,3031.09,3,1,41.1,Month-to-Month,Debit Card,South,Premium,No,0,36373.08
CUST102981,5,3780.82,3,0,30.1,Month-to-Month,UPI,North,Basic,No,1,45369.84
CUST102982,58,3545.36,3,2,78.2,Month-to-Month,Credit Card,North,Basic,No,1,42544.32
CUST102983,60,3264.09,3,2,37.6,Month-to-Month,Cash,South,Premium,Yes,0,39169.08
CUST102984,52,3351.53,2,3,49.1,Month-to-Month,Credit Card,South,Basic,No,1,40218.36
CUST102985,47,3697.11,3,0,29.5,Two Year,UPI,South,Basic,Yes,1,44365.32
CUST102986,54,2876.43,2,2,15.4,One Year,UPI,East,Basic,No,0,34517.16
CUST102987,57,2933.25,1,2,30.3,Month-to-Month,Cash,West,Premium,No,0,35199.0
CUST102988,66,5078.1,2,1,30.5,One Year,Debit Card,West,Basic,Yes,1,60937.2
CUST102989,31,6181.6,1,0,30.4,Month-to-Month,Debit Card,South,Basic,No,1,74179.2
CUST102990,33,1875.2,1,1,16.4,Month-to-Month,Credit Card,South,Basic,No,0,22502.4
CUST102991,46,1814.58,1,1,44.2,Month-to-Month,Credit Card,East,Standard,No,0,21774.96
CUST102992,14,2147.13,5,2,36.6,Month-to-Month,Debit Card,South,Basic,No,0,25765.56
CUST102993,62,3086.38,1,0,17.3,Month-to-Month,Net Banking,West,Basic,Yes,0,37036.56
CUST102994,56,4185.36,0,0,43.7,Month-to-Month,Credit Card,West,Standard,No,1,50224.32
CUST102995,46,3850.38,1,0,54.2,Two Year,Credit Card,South,Standard,Yes,1,46204.56
CUST102996,22,3389.23,3,2,61.2,One Year,Credit Card,South,Basic,No,1,40670.76
CUST102997,26,3190.645,1,2,3.3,Month-to-Month,Debit Card,North,Standard,No,1,38287.74
CUST102998,32,2438.71,2,1,30.3,Two Year,UPI,South,Standard,Yes,0,29264.52
CUST102999,48,2931.46,3,1,20.1,Month-to-Month,Credit Card,South,Standard,No,1,35177.52
CUST103000,57,3177.9,0,0,31.6,Month-to-Month,Credit Card,West,Basic,No,0,38134.8
CUST103001,49,1457.36,1,0,64.2,Month-to-Month,Net Banking,South,Standard,No,0,17488.32
CUST103002,67,1922.56,2,0,30.4,Month-to-Month,Credit Card,South,Premium,No,0,23070.72
CUST103003,70,1966.28,3,1,34.4,Month-to-Month,Debit Card,South,Basic,No,0,23595.36
CUST103004,51,4040.52,2,2,28.7,Month-to-Month,Credit Card,North,Premium,Yes,1,48486.24
CUST103005,27,3469.89,4,1,68.0,Month-to-Month,Net Banking,East,Standard,Yes,1,41638.68
CUST103006,44,3872.17,2,0,5.2,Month-to-Month,Cash,North,Standard,Yes,1,46466.04
CUST103007,31,1176.38,0,0,33.1,Month-to-Month,UPI,South,Basic,No,0,14116.56
CUST103008,46,1568.08,2,0,28.2,One Year,UPI,West,Standard,Yes,0,18816.96
CUST103009,59,3929.54,5,0,14.5,Month-to-Month,Debit Card,East,Basic,No,1,47154.48
CUST103010,27,700.0,3,1,59.6,One Year,Debit Card,North,Standard,No,0,8400.0
CUST103011,37,4547.09,8,0,13.2,Month-to-Month,Debit Card,South,Basic,No,1,54565.08
CUST103012,4,1194.35,0,0,34.6,One Year,Credit Card,West,Basic,No,0,14332.2
CUST103013,54,4127.68,0,1,40.7,Two Year,Net Banking,North,Basic,Yes,1,49532.16
CUST103014,36,2222.56,3,0,30.0,Month-to-Month,Debit Card,North,Premium,No,0,26670.72
CUST103015,34,4353.79,2,0,14.3,One Year,Credit Card,South,Premium,Yes,1,52245.48
CUST103016,39,6728.98,1,2,39.3,One Year,Credit Card,South,Basic,No,1,80747.76
CUST103017,16,700.0,2,1,29.8,Month-to-Month,Cash,South,Basic,No,0,8400.0
CUST103018,44,3964.91,2,2,54.9,Month-to-Month,Credit Card,West,Premium,Yes,1,47578.92
CUST103019,54,1211.02,1,1,50.3,Month-to-Month,UPI,East,Basic,Yes,0,14532.24
CUST103020,26,3669.45,1,2,73.1,One Year,Cash,West,Basic,No,1,44033.4
CUST103021,10,2972.55,0,1,43.8,Month-to-Month,Debit Card,West,Basic,No,0,35670.6
CUST103022,28,3342.76,0,0,51.4,One Year,Debit Card,North,Basic,No,0,40113.12
CUST103023,15,2197.15,1,0,36.3,Month-to-Month,Net Banking,North,Premium,No,0,26365.8
CUST103024,27,4058.6,2,1,69.4,Month-to-Month,UPI,West,Standard,No,1,48703.2
CUST103025,46,1606.81,0,2,42.2,Month-to-Month,Debit Card,West,Basic,No,0,19281.72
CUST103026,9,4565.8,0,1,40.4,Month-to-Month,UPI,East,Standard,No,1,54789.6
CUST103027,54,2749.82,3,0,50.6,One Year,Net Banking,North,Standard,No,0,32997.84
CUST103028,17,1657.04,0,0,31.7,Month-to-Month,UPI,North,Basic,Yes,0,19884.48
CUST103029,65,4954.43,1,1,34.0,One Year,UPI,West,Basic,No,1,59453.16
CUST103030,53,3125.92,1,0,50.6,One Year,UPI,North,Basic,No,0,37511.04
CUST103031,20,5298.4,3,0,53.7,Two Year,Credit Card,West,Basic,No,1,63580.8
CUST103032,41,4543.49,1,3,51.6,Two Year,UPI,South,Basic,Yes,1,54521.88
CUST103033,8,2322.04,2,1,40.7,Month-to-Month,Debit Card,West,Standard,No,0,27864.48
CUST103034,8,3106.51,3,1,46.3,Two Year,Net Banking,North,Basic,No,0,37278.12
CUST103035,69,3333.14,1,0,57.4,Month-to-Month,UPI,West,Standard,Yes,1,39997.68
CUST103036,58,4878.93,1,1,24.5,Month-to-Month,Net Banking,South,Basic,No,1,58547.16
CUST103037,12,3681.27,3,1,42.0,Two Year,Net Banking,West,Standard,No,1,44175.24
CUST103038,21,3393.92,3,1,2.0,Month-to-Month,UPI,North,Standard,Yes,1,40727.04
CUST103039,15,2980.13,0,0,53.8,Month-to-Month,UPI,North,Standard,Yes,0,35761.56
CUST103040,29,3144.39,1,3,29.5,Month-to-Month,Debit Card,North,Standard,No,1,37732.68
CUST103041,21,4635.05,2,1,29.9,Month-to-Month,Credit Card,East,Basic,No,1,55620.6
CUST103042,24,3204.08,4,3,40.0,Month-to-Month,Credit Card,North,Basic,Yes,0,38448.96
CUST103043,39,2765.5,1,0,51.9,One Year,Debit Card,East,Basic,No,0,33186.0
CUST103044,14,2579.04,1,3,80.3,Month-to-Month,Debit Card,North,Basic,No,0,30948.48
CUST103045,64,2590.86,2,2,17.2,Month-to-Month,Net Banking,East,Basic,No,0,31090.32
CUST103046,53,1657.69,2,0,28.4,Month-to-Month,Net Banking,South,Standard,Yes,0,19892.28
CUST103047,55,2374.59,4,2,45.7,Month-to-Month,Debit Card,West,Standard,No,0,28495.08
CUST103048,13,4848.26,2,1,30.4,Month-to-Month,UPI,South,Standard,No,1,58179.12
CUST103049,51,2972.74,1,0,55.4,Month-to-Month,UPI,West,Premium,No,0,35672.88
CUST103050,61,3974.85,0,0,39.3,Two Year,Debit Card,East,Basic,No,1,47698.2
CUST103051,13,700.0,2,4,56.2,One Year,Debit Card,North,Standard,No,0,8400.0
CUST103052,55,3825.14,1,2,38.0,Month-to-Month,Net Banking,West,Standard,No,1,45901.68
CUST103053,26,3022.51,2,1,50.7,Month-to-Month,Credit Card,South,Basic,No,1,36270.12
CUST103054,57,2670.42,1,0,26.7,Two Year,Debit Card,East,Standard,No,0,32045.04
CUST103055,35,3399.06,2,1,73.0,One Year,Cash,South,Premium,No,1,40788.72
CUST103056,58,2654.59,3,1,14.8,One Year,Credit Card,West,Basic,Yes,0,31855.08
CUST103057,11,863.74,0,1,30.7,Two Year,UPI,South,Basic,No,0,10364.88
CUST103058,29,4214.47,3,3,19.3,Month-to-Month,Cash,North,Basic,No,1,50573.64
CUST103059,20,3467.32,3,0,54.8,Month-to-Month,Net Banking,West,Standard,No,1,41607.84
CUST103060,18,2854.66,2,1,50.6,Month-to-Month,UPI,South,Basic,No,0,34255.92
CUST103061,23,2137.2,1,1,22.5,One Year,Credit Card,East,Standard,No,0,25646.4
CUST103062,28,1583.16,1,2,58.0,Two Year,Net Banking,West,Basic,Yes,0,18997.92
CUST103063,10,3446.28,3,1,30.8,Month-to-Month,UPI,North,Basic,Yes,1,41355.36
CUST103064,51,4974.79,1,3,48.2,Two Year,UPI,South,Basic,Yes,1,59697.48
CUST103065,40,3423.48,1,3,52.0,One Year,UPI,North,Basic,No,1,41081.76
CUST103066,60,1678.96,1,1,38.1,One Year,Debit Card,West,Standard,No,0,20147.52
CUST103067,51,3447.63,0,1,56.6,One Year,UPI,West,Basic,No,1,41371.56
CUST103068,11,3141.32,1,3,39.7,Month-to-Month,UPI,West,Premium,No,1,37695.84
CUST103069,6,4150.45,2,0,47.4,One Year,UPI,South,Standard,No,1,49805.4
CUST103070,31,3867.41,4,0,37.6,One Year,Net Banking,South,Basic,Yes,1,46408.92
CUST103071,35,700.0,3,1,12.1,One Year,UPI,West,Basic,Yes,0,8400.0
CUST103072,18,3799.77,1,0,40.0,Month-to-Month,Net Banking,West,Standard,No,1,45597.24
CUST103073,57,2096.17,3,2,28.0,Month-to-Month,UPI,North,Basic,No,0,25154.04
CUST103074,42,1636.1,2,0,64.3,One Year,Cash,North,Basic,No,0,19633.2
CUST103075,54,2992.68,3,1,20.2,Two Year,Cash,South,Premium,No,0,35912.16
CUST103076,8,3652.07,1,2,61.6,Month-to-Month,UPI,West,Basic,No,1,43824.84
CUST103077,59,1395.19,2,1,39.1,Month-to-Month,Cash,South,Premium,Yes,0,16742.28
CUST103078,15,3975.03,1,1,48.5,Month-to-Month,Credit Card,North,Basic,No,1,47700.36
CUST103079,33,4039.67,1,2,19.9,One Year,UPI,West,Basic,Yes,1,48476.04
CUST103080,32,3251.67,3,1,37.1,Month-to-Month,Debit Card,South,Premium,No,1,39020.04
CUST103081,60,2245.61,0,0,31.4,Month-to-Month,Credit Card,North,Standard,No,0,26947.32
CUST103082,20,2122.68,0,1,75.7,One Year,Net Banking,East,Basic,No,0,25472.16
CUST103083,18,4328.53,1,1,31.0,Month-to-Month,Credit Card,West,Standard,No,1,51942.36
CUST103084,25,1537.66,0,2,60.5,Month-to-Month,Net Banking,East,Standard,No,0,18451.92
CUST103085,26,4370.92,2,2,60.7,Month-to-Month,Net Banking,West,Standard,Yes,1,52451.04
CUST103086,14,3018.28,1,2,60.2,One Year,UPI,West,Standard,No,0,36219.36
CUST103087,13,3094.58,3,0,32.5,Month-to-Month,Debit Card,North,Basic,No,0,37134.96
CUST103088,17,1321.1,2,1,70.9,Month-to-Month,Credit Card,South,Basic,No,0,15853.2
CUST103089,34,3038.61,2,0,74.2,One Year,UPI,North,Basic,No,0,36463.32
CUST103090,25,3874.94,5,0,47.9,Month-to-Month,Credit Card,East,Premium,No,1,46499.28
CUST103091,29,1729.95,0,1,34.6,Month-to-Month,UPI,East,Basic,Yes,0,20759.4
CUST103092,52,3748.5,2,1,28.2,Month-to-Month,Debit Card,East,Premium,No,1,44982.0
CUST103093,18,3297.91,2,1,49.5,One Year,Debit Card,South,Basic,No,1,39574.92
CUST103094,66,2491.87,2,0,43.0,One Year,UPI,North,Standard,Yes,0,29902.44
CUST103095,55,4140.14,1,1,44.9,One Year,Debit Card,South,Standard,No,1,49681.68
CUST103096,13,777.52,3,2,20.4,Month-to-Month,Net Banking,South,Basic,No,0,9330.24
CUST103097,23,3581.35,4,2,42.5,Month-to-Month,Cash,South,Basic,No,1,42976.2
CUST103098,14,4981.38,0,1,60.3,Two Year,Net Banking,North,Basic,Yes,1,59776.56
CUST103099,20,4783.94,0,2,55.0,Month-to-Month,UPI,West,Standard,No,1,57407.28
CUST103100,27,3628.79,2,3,35.4,One Year,Cash,South,Basic,Yes,1,43545.48
CUST103101,10,2868.15,1,1,40.3,Month-to-Month,Net Banking,East,Basic,Yes,1,34417.8
CUST103102,2,2500.62,4,0,18.5,Month-to-Month,UPI,North,Basic,No,0,30007.44
CUST103103,32,2866.78,0,3,31.4,One Year,Debit Card,West,Premium,No,0,34401.36
CUST103104,51,3798.19,1,2,36.6,Month-to-Month,Credit Card,West,Standard,No,1,45578.28
CUST103105,22,2312.03,2,2,52.1,Month-to-Month,Debit Card,South,Premium,Yes,0,27744.36
CUST103106,62,4033.17,1,1,30.7,Month-to-Month,UPI,North,Basic,No,1,48398.04
CUST103107,27,5546.48,3,1,25.4,Month-to-Month,Net Banking,West,Basic,Yes,1,66557.76
CUST103108,65,3131.93,5,3,54.1,Month-to-Month,UPI,East,Standard,Yes,0,37583.16
CUST103109,17,1721.17,4,2,35.2,One Year,Net Banking,West,Basic,No,0,20654.04
CUST103110,39,1720.78,2,1,28.6,Month-to-Month,UPI,South,Basic,Yes,0,20649.36
CUST103111,55,4054.22,2,0,55.0,Month-to-Month,UPI,West,Basic,No,1,48650.64
CUST103112,5,3134.28,2,1,49.3,Two Year,UPI,East,Standard,No,0,37611.36
CUST103113,67,4164.51,1,1,38.7,Month-to-Month,Credit Card,South,Basic,Yes,1,49974.12
CUST103114,27,2613.0,2,0,36.4,Month-to-Month,Debit Card,West,Premium,Yes,0,31356.0
CUST103115,36,4113.69,6,5,48.1,Month-to-Month,Credit Card,South,Premium,Yes,1,49364.28
CUST103116,46,3025.87,2,1,50.6,One Year,Credit Card,South,Standard,No,0,36310.44
CUST103117,47,2394.25,1,1,45.3,Month-to-Month,Net Banking,South,Standard,Yes,0,28731.0
CUST103118,2,2758.9,3,1,43.9,Month-to-Month,Debit Card,South,Standard,No,0,33106.8
CUST103119,63,1883.24,0,1,32.3,Month-to-Month,Credit Card,East,Basic,Yes,0,22598.88
CUST103120,45,5388.3,3,2,33.3,Month-to-Month,Credit Card,North,Standard,No,1,64659.6
CUST103121,72,3093.98,3,1,39.3,Month-to-Month,Cash,South,Basic,Yes,0,37127.76
CUST103122,34,3908.97,3,1,26.6,Month-to-Month,UPI,South,Premium,No,1,46907.64
CUST103123,45,2609.44,2,1,24.8,Month-to-Month,UPI,South,Standard,Yes,0,31313.28
CUST103124,32,2042.88,4,2,40.6,Month-to-Month,Credit Card,North,Standard,No,0,24514.56
CUST103125,65,2942.73,1,0,57.8,Month-to-Month,Debit Card,East,Standard,No,0,35312.76
CUST103126,60,4411.31,2,0,8.8,Month-to-Month,UPI,East,Standard,No,1,52935.72
CUST103127,66,2627.2,3,0,35.7,Month-to-Month,Net Banking,West,Basic,Yes,0,31526.4
CUST103128,37,2242.41,3,2,46.4,One Year,UPI,East,Standard,No,0,26908.92
CUST103129,57,3371.01,2,1,59.2,One Year,Debit Card,East,Premium,Yes,0,40452.12
CUST103130,26,3748.92,3,2,70.8,Month-to-Month,UPI,South,Basic,Yes,1,44987.04
CUST103131,34,5007.13,3,0,37.9,Month-to-Month,Net Banking,North,Basic,No,1,60085.56
CUST103132,55,3589.13,2,4,73.6,Month-to-Month,Credit Card,South,Premium,No,1,43069.56
CUST103133,6,3908.39,4,1,49.3,Two Year,UPI,South,Premium,Yes,1,46900.68
CUST103134,52,3991.2,1,1,55.0,Two Year,UPI,South,Basic,No,1,47894.4
CUST103135,2,1931.68,1,1,25.0,Month-to-Month,Credit Card,South,Basic,No,0,23180.16
CUST103136,42,2140.33,2,3,49.3,Two Year,Credit Card,North,Basic,Yes,0,25683.96
CUST103137,35,2007.71,2,1,56.4,Month-to-Month,UPI,South,Premium,Yes,0,24092.52
CUST103138,34,1734.64,2,0,31.0,One Year,Debit Card,North,Premium,No,0,20815.68
CUST103139,36,4075.01,2,3,2.0,One Year,Credit Card,East,Basic,No,1,48900.12
CUST103140,36,3519.06,3,1,44.4,Month-to-Month,Credit Card,East,Premium,Yes,1,42228.72
CUST103141,30,3287.45,5,0,38.6,One Year,UPI,East,Basic,Yes,0,39449.4
CUST103142,33,700.0,0,3,63.5,Month-to-Month,Credit Card,East,Basic,No,0,8400.0
CUST103143,41,5461.02,3,1,33.4,Two Year,Cash,East,Basic,No,1,65532.24
CUST103144,55,2216.3,1,1,30.7,Month-to-Month,Credit Card,West,Premium,No,0,26595.6
CUST103145,40,5456.99,4,1,23.3,Month-to-Month,Net Banking,North,Basic,Yes,1,65483.88
CUST103146,47,1605.83,2,0,31.9,Month-to-Month,UPI,West,Premium,Yes,0,19269.96
CUST103147,61,2306.36,2,1,84.7,Month-to-Month,UPI,South,Standard,No,0,27676.32
CUST103148,72,776.87,3,0,16.6,Month-to-Month,Cash,East,Premium,Yes,0,9322.44
CUST103149,8,3598.34,4,2,20.6,Month-to-Month,Debit Card,North,Standard,Yes,1,43180.08
CUST103150,52,1988.62,3,0,41.1,Month-to-Month,Debit Card,North,Standard,Yes,0,23863.44
CUST103151,17,2019.7,0,3,73.6,One Year,Credit Card,West,Basic,No,0,24236.4
CUST103152,15,1690.23,2,2,53.9,Month-to-Month,Net Banking,North,Basic,Yes,0,20282.76
CUST103153,58,4055.09,3,1,66.8,Month-to-Month,Cash,South,Standard,No,1,48661.08
CUST103154,5,3982.61,1,0,35.8,Month-to-Month,UPI,North,Basic,No,1,47791.32
CUST103155,62,5193.24,0,0,19.8,Month-to-Month,UPI,North,Standard,Yes,1,62318.88
CUST103156,56,2445.72,0,0,34.8,Month-to-Month,Net Banking,West,Basic,No,0,29348.64
CUST103157,72,3440.7,0,1,40.0,Month-to-Month,UPI,East,Standard,Yes,1,41288.4
CUST103158,49,1781.73,1,0,42.2,Month-to-Month,Credit Card,East,Basic,No,0,21380.76
CUST103159,63,2831.46,1,0,38.6,Month-to-Month,UPI,South,Basic,No,0,33977.52
CUST103160,9,2629.27,0,2,51.5,Month-to-Month,Credit Card,North,Basic,No,0,31551.24
CUST103161,65,3710.89,0,3,30.6,Two Year,Credit Card,East,Basic,No,1,44530.68
CUST103162,12,4318.72,1,2,27.2,One Year,UPI,North,Standard,Yes,1,51824.64
CUST103163,23,4290.17,1,3,22.7,Two Year,UPI,South,Basic,No,1,51482.04
CUST103164,10,2272.91,2,1,45.3,One Year,Credit Card,South,Standard,No,0,27274.92
CUST103165,29,4298.31,2,2,43.7,Month-to-Month,Credit Card,North,Standard,Yes,1,51579.72
CUST103166,54,3151.51,6,1,59.5,One Year,Net Banking,West,Basic,No,0,37818.12
CUST103167,20,2842.94,3,0,66.8,Two Year,Net Banking,East,Standard,No,0,34115.28
CUST103168,60,2420.64,3,0,22.7,Two Year,UPI,North,Basic,Yes,0,29047.68
CUST103169,44,2584.07,1,0,42.4,Month-to-Month,Credit Card,South,Basic,Yes,0,31008.84
CUST103170,46,5116.55,2,1,38.7,Month-to-Month,Net Banking,East,Standard,No,1,61398.6
CUST103171,68,3538.15,1,0,17.4,One Year,Debit Card,South,Standard,No,1,42457.8
CUST103172,32,3392.07,2,0,33.5,Month-to-Month,Net Banking,West,Premium,Yes,1,40704.84
CUST103173,25,2911.53,2,0,67.1,Month-to-Month,Cash,South,Premium,Yes,0,34938.36
CUST103174,72,5890.58,6,2,31.9,Month-to-Month,Credit Card,North,Basic,Yes,1,70686.96
CUST103175,41,4635.51,0,2,29.2,Month-to-Month,UPI,South,Premium,No,1,55626.12
CUST103176,45,2406.83,2,1,41.2,Month-to-Month,UPI,East,Basic,No,0,28881.96
CUST103177,22,2899.02,1,0,56.6,Two Year,UPI,South,Basic,No,0,34788.24
CUST103178,16,2964.33,1,0,37.1,One Year,Debit Card,West,Standard,Yes,0,35571.96
CUST103179,13,3360.46,1,2,44.0,One Year,UPI,North,Standard,No,1,40325.52
CUST103180,17,2428.65,3,0,5.4,One Year,Cash,South,Premium,No,0,29143.8
CUST103181,15,3682.7,2,1,51.2,Month-to-Month,Debit Card,West,Premium,No,1,44192.4
CUST103182,54,4797.3,2,1,45.5,Month-to-Month,Cash,South,Standard,No,1,57567.6
CUST103183,5,1755.01,0,0,56.2,One Year,Debit Card,North,Premium,No,0,21060.12
CUST103184,46,1959.04,2,1,12.1,Month-to-Month,UPI,North,Premium,No,0,23508.48
CUST103185,69,2668.53,2,1,37.2,Month-to-Month,UPI,West,Standard,No,0,32022.36
CUST103186,56,2719.52,4,2,57.4,One Year,Net Banking,South,Standard,No,0,32634.24
CUST103187,30,5398.31,2,0,33.1,One Year,UPI,West,Standard,No,1,64779.72
CUST103188,5,4301.88,1,2,42.8,Month-to-Month,Net Banking,East,Standard,No,1,51622.56
CUST103189,61,4238.75,4,0,35.4,One Year,UPI,West,Basic,Yes,1,50865.0
CUST103190,1,2909.2,2,1,35.8,One Year,Debit Card,West,Basic,No,0,34910.4
CUST103191,50,2885.06,0,0,60.7,Two Year,Credit Card,West,Basic,Yes,0,34620.72
CUST103192,49,1603.12,2,1,19.2,One Year,Debit Card,North,Premium,No,0,19237.44
CUST103193,14,4059.91,1,1,41.2,Month-to-Month,Net Banking,West,Basic,No,1,48718.92
CUST103194,54,3740.16,3,0,46.0,One Year,UPI,South,Basic,Yes,1,44881.92
CUST103195,13,4614.6,2,1,57.0,Two Year,Cash,West,Standard,No,1,55375.2
CUST103196,17,2968.09,4,2,40.0,Month-to-Month,Debit Card,South,Basic,No,0,35617.08
CUST103197,59,3044.04,0,3,57.5,One Year,Credit Card,North,Premium,No,0,36528.48
CUST103198,71,3387.05,2,1,41.1,Month-to-Month,Cash,East,Basic,Yes,1,40644.6
CUST103199,20,4181.09,4,0,43.9,Month-to-Month,Net Banking,East,Standard,No,1,50173.08
CUST103200,67,1582.76,4,0,43.3,Month-to-Month,UPI,West,Premium,No,0,18993.12
CUST103201,66,4009.66,1,4,52.5,Month-to-Month,UPI,South,Premium,No,1,48115.92
CUST103202,56,3177.45,4,1,50.7,Month-to-Month,Cash,East,Premium,No,1,38129.4
CUST103203,11,2035.5,2,1,24.2,One Year,Debit Card,South,Standard,No,0,24426.0
CUST103204,22,906.93,3,0,45.5,Month-to-Month,Credit Card,East,Basic,No,0,10883.16
CUST103205,49,3049.88,3,1,50.7,Two Year,UPI,South,Standard,No,0,36598.56
CUST103206,72,4792.48,2,0,65.4,Month-to-Month,Debit Card,South,Standard,No,1,57509.76
CUST103207,59,5042.15,0,2,25.9,One Year,UPI,West,Basic,No,1,60505.8
CUST103208,31,3590.91,1,1,50.6,Month-to-Month,UPI,East,Standard,No,1,43090.92
CUST103209,17,5358.21,4,0,36.4,One Year,Credit Card,East,Premium,Yes,1,64298.52
CUST103210,70,3152.76,1,1,45.1,Two Year,UPI,West,Basic,No,1,37833.12
CUST103211,20,4248.63,1,2,24.8,One Year,Debit Card,East,Premium,No,1,50983.56
CUST103212,25,2703.65,2,2,41.8,One Year,Debit Card,East,Standard,Yes,0,32443.8
CUST103213,70,2633.94,0,1,47.1,Month-to-Month,Debit Card,West,Basic,Yes,0,31607.28
CUST103214,41,2454.74,2,2,26.5,Two Year,UPI,South,Basic,No,0,29456.88
CUST103215,20,933.42,1,1,65.2,Month-to-Month,UPI,South,Standard,No,0,11201.04
CUST103216,1,4615.8,1,1,17.3,Month-to-Month,Net Banking,West,Standard,Yes,1,55389.6
CUST103217,31,2494.2,2,1,50.6,Month-to-Month,Debit Card,East,Basic,No,0,29930.4
CUST103218,71,2318.42,1,2,3.1,One Year,UPI,South,Basic,No,0,27821.04
CUST103219,32,1902.03,4,0,37.9,One Year,Net Banking,North,Standard,No,0,22824.36
CUST103220,51,2975.2,1,1,49.7,One Year,Credit Card,North,Basic,Yes,0,35702.4
CUST103221,19,5139.84,2,2,53.4,Month-to-Month,UPI,West,Basic,No,1,61678.08
CUST103222,56,5503.16,1,1,40.3,One Year,Net Banking,West,Premium,No,1,66037.92
CUST103223,56,1373.05,3,1,38.1,Two Year,Credit Card,West,Standard,No,0,16476.6
CUST103224,44,2810.11,0,3,51.1,One Year,Credit Card,West,Premium,No,0,33721.32
CUST103225,56,2062.21,1,0,57.2,Month-to-Month,Net Banking,West,Standard,No,0,24746.52
CUST103226,42,4287.17,1,0,64.1,Two Year,UPI,South,Basic,Yes,1,51446.04
CUST103227,28,3515.25,6,1,21.3,Two Year,Debit Card,North,Premium,No,1,42183.0
CUST103228,54,2499.77,2,3,38.8,One Year,UPI,East,Standard,No,0,29997.24
CUST103229,61,3279.83,2,1,6.9,Month-to-Month,Cash,West,Standard,No,0,39357.96
CUST103230,61,2674.84,0,2,20.1,Two Year,Credit Card,South,Basic,No,0,32098.08
CUST103231,16,4975.67,1,0,30.7,One Year,Net Banking,West,Basic,Yes,1,59708.04
CUST103232,49,3801.66,3,0,55.8,Month-to-Month,Credit Card,West,Basic,No,1,45619.92
CUST103233,1,3936.81,5,1,34.3,Two Year,Net Banking,North,Basic,Yes,1,47241.72
CUST103234,42,700.0,3,2,37.4,One Year,Net Banking,South,Premium,No,0,8400.0
CUST103235,42,3126.53,2,0,46.8,One Year,UPI,South,Standard,No,0,37518.36
CUST103236,27,5491.53,3,2,31.3,Month-to-Month,Debit Card,South,Basic,No,1,65898.36
CUST103237,72,4658.74,2,1,10.1,Month-to-Month,UPI,South,Basic,No,1,55904.88
CUST103238,64,1168.2,5,4,30.1,Month-to-Month,UPI,South,Standard,No,0,14018.4
CUST103239,3,2855.23,2,2,40.1,Month-to-Month,Credit Card,East,Basic,No,0,34262.76
CUST103240,16,1878.33,1,1,49.5,Month-to-Month,Debit Card,East,Standard,No,0,22539.96
CUST103241,15,5082.21,3,2,38.7,One Year,UPI,West,Basic,No,1,60986.52
CUST103242,65,3468.71,0,1,49.2,Month-to-Month,Debit Card,East,Basic,Yes,1,41624.52
CUST103243,38,2355.42,1,0,56.8,Month-to-Month,Net Banking,West,Premium,No,0,28265.04
CUST103244,53,3237.57,3,1,59.9,Month-to-Month,Credit Card,South,Standard,No,0,38850.84
CUST103245,59,700.0,2,1,44.8,One Year,UPI,North,Premium,Yes,0,8400.0
CUST103246,56,2006.54,5,1,23.8,One Year,Debit Card,South,Standard,No,0,24078.48
CUST103247,7,3240.09,2,0,22.1,Month-to-Month,UPI,West,Standard,No,1,38881.08
CUST103248,11,4130.24,3,3,23.6,Month-to-Month,UPI,South,Standard,No,1,49562.88
CUST103249,29,1064.55,1,2,24.8,Month-to-Month,UPI,West,Standard,No,0,12774.6
CUST103250,25,2780.73,0,1,43.6,One Year,UPI,East,Premium,No,0,33368.76
CUST103251,54,4310.65,0,1,72.2,One Year,Debit Card,South,Basic,No,1,51727.8
CUST103252,12,1603.4,1,0,45.4,One Year,Credit Card,South,Standard,No,0,19240.8
CUST103253,27,3452.1,2,0,40.7,Two Year,Net Banking,East,Standard,No,1,41425.2
CUST103254,18,3272.57,1,1,57.4,One Year,Net Banking,East,Basic,Yes,0,39270.84
CUST103255,14,5085.82,0,1,28.7,Month-to-Month,Cash,North,Standard,No,1,61029.84
CUST103256,13,2946.85,2,0,58.7,Month-to-Month,Debit Card,East,Basic,Yes,0,35362.2
CUST103257,15,3011.24,3,0,57.5,Month-to-Month,UPI,North,Basic,No,0,36134.88
CUST103258,41,4140.46,2,0,42.9,Month-to-Month,UPI,South,Basic,No,1,49685.52
CUST103259,30,1741.02,2,1,75.5,Month-to-Month,UPI,West,Basic,Yes,0,20892.24
CUST103260,32,2957.03,2,1,59.8,Month-to-Month,Debit Card,North,Standard,No,0,35484.36
CUST103261,35,2698.7,6,0,42.7,Month-to-Month,Debit Card,South,Premium,No,0,32384.4
CUST103262,54,3047.2,1,3,39.7,Month-to-Month,UPI,West,Basic,No,0,36566.4
CUST103263,63,4133.25,3,0,35.1,One Year,Debit Card,South,Standard,No,1,49599.0
CUST103264,38,3809.58,1,0,39.9,Month-to-Month,UPI,South,Basic,No,1,45714.96
CUST103265,47,2376.45,1,2,40.4,Month-to-Month,Debit Card,East,Premium,No,0,28517.4
CUST103266,54,3350.37,4,0,36.9,Month-to-Month,Credit Card,West,Standard,No,0,40204.44
CUST103267,50,4839.49,2,0,38.6,One Year,UPI,West,Premium,No,1,58073.88
CUST103268,10,2285.5,2,1,22.9,Two Year,Credit Card,South,Standard,No,0,27426.0
CUST103269,71,3359.68,2,2,32.9,Month-to-Month,Cash,West,Standard,No,0,40316.16
CUST103270,12,2987.52,2,0,16.4,One Year,Debit Card,North,Premium,No,0,35850.24
CUST103271,30,3130.69,4,0,48.6,Two Year,Credit Card,North,Basic,No,0,37568.28
CUST103272,47,1406.28,3,1,43.3,One Year,Credit Card,East,Premium,No,0,16875.36
CUST103273,30,4751.84,3,2,40.0,One Year,Credit Card,West,Standard,Yes,1,57022.08
CUST103274,18,2348.21,0,1,56.2,Month-to-Month,UPI,North,Premium,No,0,28178.52
CUST103275,67,4328.68,2,0,28.2,Month-to-Month,Debit Card,South,Basic,No,1,51944.16
CUST103276,6,2516.49,2,1,30.6,One Year,UPI,North,Basic,No,0,30197.88
CUST103277,18,2511.94,5,0,18.3,Two Year,Credit Card,South,Basic,No,0,30143.28
CUST103278,72,4534.44,3,2,58.4,One Year,UPI,South,Basic,No,1,54413.28
CUST103279,53,4293.27,2,1,51.7,Month-to-Month,Net Banking,East,Basic,No,1,51519.24
CUST103280,7,3429.53,1,1,63.3,Month-to-Month,UPI,North,Basic,No,1,41154.36
CUST103281,55,4037.27,1,2,67.3,Month-to-Month,Credit Card,South,Basic,No,1,48447.24
CUST103282,70,2882.59,4,1,35.2,Two Year,Credit Card,West,Basic,No,0,34591.08
CUST103283,8,3190.8,1,1,30.6,Month-to-Month,Net Banking,North,Standard,No,0,38289.6
CUST103284,30,2472.21,0,0,13.3,Month-to-Month,Cash,North,Standard,No,0,29666.52
CUST103285,34,4194.47,0,0,24.4,Month-to-Month,UPI,South,Basic,Yes,1,50333.64
CUST103286,10,2437.25,1,1,36.8,Month-to-Month,UPI,East,Standard,Yes,0,29247.0
CUST103287,15,4833.67,1,2,9.0,Month-to-Month,Debit Card,West,Standard,No,1,58004.04
CUST103288,13,2852.58,0,1,24.8,Month-to-Month,UPI,North,Basic,Yes,0,34230.96
CUST103289,14,3222.56,3,2,40.7,Month-to-Month,UPI,South,Basic,No,1,38670.72
CUST103290,30,4034.6,0,1,56.3,Month-to-Month,UPI,West,Standard,No,1,48415.2
CUST103291,34,3226.25,2,0,30.5,Month-to-Month,UPI,East,Standard,Yes,1,38715.0
CUST103292,18,2872.3,2,1,44.0,Month-to-Month,Debit Card,East,Basic,No,0,34467.6
CUST103293,21,3166.97,4,1,71.8,One Year,Credit Card,North,Standard,No,1,38003.64
CUST103294,14,4183.2,3,0,13.1,One Year,Credit Card,South,Basic,No,1,50198.4
CUST103295,58,2470.86,1,0,59.4,One Year,UPI,West,Standard,No,0,29650.32
CUST103296,16,3061.14,4,1,48.1,Month-to-Month,UPI,East,Standard,No,0,36733.68
CUST103297,66,3211.32,2,2,62.3,One Year,Net Banking,West,Standard,No,0,38535.84
CUST103298,39,4151.04,1,3,57.5,Month-to-Month,Credit Card,South,Standard,No,1,49812.48
CUST103299,58,3090.17,3,1,31.4,Month-to-Month,Net Banking,South,Premium,No,0,37082.04
CUST103300,46,5189.13,2,0,42.0,One Year,Cash,South,Standard,No,1,62269.56
CUST103301,20,3027.81,1,1,18.6,Month-to-Month,Credit Card,West,Standard,No,0,36333.72
CUST103302,44,2938.55,4,0,33.6,Month-to-Month,Cash,South,Standard,No,0,35262.6
CUST103303,20,3011.86,1,0,42.5,Month-to-Month,UPI,South,Basic,No,0,36142.32
CUST103304,9,1751.69,1,0,46.9,Two Year,Credit Card,East,Premium,Yes,0,21020.28
CUST103305,19,2059.6,7,1,54.6,One Year,Debit Card,West,Standard,No,0,24715.2
CUST103306,20,2616.27,0,2,67.3,Month-to-Month,UPI,South,Basic,Yes,0,31395.24
CUST103307,10,4449.41,3,0,35.0,Month-to-Month,Debit Card,North,Premium,No,1,53392.92
CUST103308,2,3163.56,2,1,60.3,Month-to-Month,Net Banking,East,Standard,No,0,37962.72
CUST103309,68,2666.89,3,0,46.3,Month-to-Month,Cash,South,Basic,Yes,0,32002.68
CUST103310,37,4549.19,2,1,21.1,Month-to-Month,UPI,East,Standard,No,1,54590.28
CUST103311,29,4906.29,2,2,39.6,Month-to-Month,Net Banking,West,Premium,Yes,1,58875.48
CUST103312,67,4580.92,2,0,43.9,One Year,Debit Card,South,Premium,No,1,54971.04
CUST103313,17,2261.6,1,0,28.6,Two Year,Credit Card,South,Basic,No,0,27139.2
CUST103314,30,2655.23,4,0,25.4,Month-to-Month,Credit Card,West,Premium,Yes,0,31862.76
CUST103315,61,5195.11,4,1,24.8,Month-to-Month,Debit Card,East,Standard,No,1,62341.32
CUST103316,46,3465.25,4,0,33.3,One Year,Credit Card,South,Basic,No,1,41583.0
CUST103317,29,2905.61,0,0,28.2,Month-to-Month,Net Banking,South,Standard,No,0,34867.32
CUST103318,19,3990.18,2,0,61.7,Month-to-Month,UPI,East,Basic,No,1,47882.16
CUST103319,3,4308.03,2,1,2.8,Month-to-Month,Debit Card,South,Basic,No,1,51696.36
CUST103320,7,2571.41,3,2,43.8,One Year,Credit Card,West,Standard,No,0,30856.92
CUST103321,12,3441.38,2,1,50.5,Month-to-Month,UPI,North,Basic,No,1,41296.56
CUST103322,57,4219.22,3,1,26.6,Month-to-Month,Net Banking,North,Basic,Yes,1,50630.64
CUST103323,47,1923.68,1,1,38.3,One Year,Debit Card,North,Premium,No,0,23084.16
CUST103324,32,3213.58,2,2,36.5,Month-to-Month,Net Banking,West,Premium,No,1,38562.96
CUST103325,57,1974.17,0,1,40.8,Two Year,UPI,North,Basic,No,0,23690.04
CUST103326,12,2118.06,1,0,52.6,Month-to-Month,UPI,East,Premium,No,0,25416.72
CUST103327,16,2580.59,3,0,51.2,Month-to-Month,Net Banking,West,Standard,Yes,0,30967.08
CUST103328,29,3724.83,0,2,32.4,Month-to-Month,Credit Card,North,Basic,No,1,44697.96
CUST103329,67,2845.78,3,3,17.9,Two Year,UPI,West,Standard,Yes,0,34149.36
CUST103330,45,2486.74,0,1,44.6,Month-to-Month,Credit Card,East,Basic,Yes,0,29840.88
CUST103331,62,3256.71,2,0,31.5,Month-to-Month,Credit Card,North,Standard,No,1,39080.52
CUST103332,18,1938.34,0,1,33.6,Month-to-Month,Cash,West,Standard,No,0,23260.08
CUST103333,62,3671.68,0,4,45.6,Two Year,UPI,West,Standard,No,1,44060.16
CUST103334,6,4444.53,2,1,35.0,Two Year,Credit Card,North,Premium,No,1,53334.36
CUST103335,17,3112.88,1,1,46.9,One Year,Credit Card,West,Premium,Yes,0,37354.56
CUST103336,38,2977.09,2,2,82.2,Month-to-Month,UPI,East,Standard,No,0,35725.08
CUST103337,4,3610.78,0,1,53.0,Month-to-Month,Debit Card,West,Standard,Yes,1,43329.36
CUST103338,62,968.68,1,0,63.5,Month-to-Month,UPI,East,Basic,No,0,11624.16
CUST103339,63,3790.5,1,1,50.2,Month-to-Month,UPI,West,Standard,Yes,1,45486.0
CUST103340,39,6612.07,4,1,43.2,Two Year,Credit Card,West,Standard,Yes,1,79344.84
CUST103341,23,3065.06,4,0,50.4,One Year,Credit Card,West,Basic,No,0,36780.72
CUST103342,8,3068.96,3,2,49.6,Month-to-Month,Net Banking,North,Standard,No,1,36827.52
CUST103343,45,4017.97,5,0,55.8,One Year,Debit Card,East,Standard,No,1,48215.64
CUST103344,39,5009.87,1,3,42.9,Month-to-Month,UPI,West,Premium,No,1,60118.44
CUST103345,55,4272.46,1,3,21.1,Month-to-Month,UPI,West,Basic,Yes,1,51269.52
CUST103346,44,828.83,5,1,18.5,Month-to-Month,Debit Card,West,Standard,Yes,0,9945.96
CUST103347,10,3819.74,3,2,49.4,Month-to-Month,UPI,South,Premium,No,1,45836.88
CUST103348,9,6029.12,0,2,24.0,Month-to-Month,UPI,West,Basic,Yes,1,72349.44
CUST103349,57,3884.69,4,0,53.0,Month-to-Month,Cash,North,Basic,Yes,1,46616.28
CUST103350,12,1929.94,3,1,63.4,Two Year,Debit Card,West,Premium,Yes,0,23159.28
CUST103351,68,3510.01,2,0,38.5,Two Year,Credit Card,South,Basic,No,1,42120.12
CUST103352,8,1791.24,1,1,61.4,Month-to-Month,UPI,West,Standard,No,0,21494.88
CUST103353,53,4556.08,2,0,46.1,One Year,Net Banking,South,Standard,Yes,1,54672.96
CUST103354,71,2148.53,1,1,42.4,Month-to-Month,Debit Card,South,Premium,No,0,25782.36
CUST103355,32,3281.67,6,1,43.2,Month-to-Month,Credit Card,West,Standard,No,1,39380.04
CUST103356,5,2256.44,5,1,28.7,Month-to-Month,Credit Card,South,Premium,No,0,27077.28
CUST103357,64,2598.91,1,1,26.7,Month-to-Month,Net Banking,South,Standard,No,0,31186.92
CUST103358,14,4834.77,3,1,15.7,Month-to-Month,UPI,West,Basic,Yes,1,58017.24
CUST103359,38,3313.8,2,0,30.3,One Year,Net Banking,North,Basic,No,1,39765.6
CUST103360,71,2584.88,1,1,76.2,One Year,Net Banking,South,Basic,Yes,0,31018.56
CUST103361,54,1940.25,4,1,18.1,Month-to-Month,Credit Card,West,Standard,Yes,0,23283.0
CUST103362,4,1141.13,7,1,23.2,Month-to-Month,Cash,West,Standard,No,0,13693.56
CUST103363,60,1823.59,1,1,29.1,One Year,UPI,North,Basic,No,0,21883.08
CUST103364,12,3323.16,2,2,29.9,Two Year,Net Banking,South,Premium,Yes,1,39877.92
CUST103365,54,4278.26,1,0,46.3,Month-to-Month,Credit Card,South,Basic,No,1,51339.12
CUST103366,45,2583.61,2,1,32.2,Month-to-Month,Credit Card,West,Basic,No,0,31003.32
CUST103367,21,4927.6,5,1,38.8,Two Year,Debit Card,East,Standard,No,1,59131.2
CUST103368,31,2410.75,2,2,28.4,Month-to-Month,Debit Card,South,Standard,No,0,28929.0
CUST103369,9,2938.19,5,2,34.4,One Year,Credit Card,West,Basic,No,0,35258.28
CUST103370,72,2012.47,0,0,41.0,Month-to-Month,Credit Card,East,Premium,No,0,24149.64
CUST103371,18,4289.84,0,1,39.8,Two Year,Credit Card,East,Basic,No,1,51478.08
CUST103372,23,5507.26,2,0,73.7,Two Year,Cash,East,Basic,Yes,1,66087.12
CUST103373,37,1262.0,1,1,41.5,Month-to-Month,Net Banking,South,Standard,No,0,15144.0
CUST103374,49,2819.22,2,2,38.6,Month-to-Month,Credit Card,North,Standard,No,0,33830.64
CUST103375,37,4591.26,0,2,2.0,Month-to-Month,Credit Card,East,Standard,Yes,1,55095.12
CUST103376,37,1608.36,3,0,45.8,Month-to-Month,Net Banking,South,Basic,Yes,0,19300.32
CUST103377,42,3823.35,3,1,10.4,Month-to-Month,Net Banking,South,Basic,No,1,45880.2
CUST103378,62,4543.62,0,0,50.8,Month-to-Month,Debit Card,West,Standard,Yes,1,54523.44
CUST103379,29,3286.05,4,1,44.3,Month-to-Month,Debit Card,East,Premium,No,1,39432.6
CUST103380,60,3805.29,0,0,54.8,Two Year,UPI,West,Standard,Yes,1,45663.48
CUST103381,57,5136.99,0,0,31.8,Month-to-Month,UPI,West,Basic,No,1,61643.88
CUST103382,70,5343.27,2,0,42.4,Month-to-Month,Credit Card,South,Premium,Yes,1,64119.24
CUST103383,66,3131.84,0,1,52.8,One Year,Credit Card,East,Premium,No,0,37582.08
CUST103384,58,2614.38,0,0,27.1,One Year,Debit Card,South,Basic,No,0,31372.56
CUST103385,18,2188.02,2,4,51.8,Month-to-Month,Net Banking,North,Basic,No,0,26256.24
CUST103386,56,4274.66,3,1,51.0,Month-to-Month,Net Banking,East,Basic,Yes,1,51295.92
CUST103387,54,1691.05,3,2,39.8,Month-to-Month,UPI,South,Standard,No,0,20292.6
CUST103388,21,2922.17,1,0,67.3,Two Year,Net Banking,North,Basic,No,0,35066.04
CUST103389,49,3312.96,0,2,50.2,Month-to-Month,Cash,West,Standard,No,0,39755.52
CUST103390,19,2646.7,2,2,15.2,Month-to-Month,UPI,South,Basic,No,0,31760.4
CUST103391,38,3507.8,1,1,57.8,Two Year,UPI,South,Standard,Yes,1,42093.6
CUST103392,58,6020.96,2,1,31.5,Month-to-Month,Net Banking,East,Basic,Yes,1,72251.52
CUST103393,14,3066.24,7,2,54.8,Two Year,UPI,South,Standard,Yes,0,36794.88
CUST103394,25,2721.05,1,0,46.7,One Year,Debit Card,West,Standard,Yes,0,32652.6
CUST103395,58,4316.87,1,3,2.0,Month-to-Month,Credit Card,North,Premium,Yes,1,51802.44
CUST103396,33,3463.54,4,1,51.7,Two Year,Credit Card,West,Basic,No,1,41562.48
CUST103397,70,4783.27,1,1,38.5,Month-to-Month,Cash,North,Standard,No,1,57399.24
CUST103398,1,3381.16,2,0,34.6,Two Year,Credit Card,North,Standard,No,1,40573.92
CUST103399,52,2926.73,2,1,35.2,Month-to-Month,Credit Card,North,Standard,Yes,0,35120.76
CUST103400,59,1237.9,1,1,54.6,Month-to-Month,UPI,South,Standard,Yes,0,14854.8
CUST103401,67,1418.29,1,2,27.3,Month-to-Month,UPI,West,Basic,No,0,17019.48
CUST103402,12,1180.73,3,0,59.8,Month-to-Month,Credit Card,North,Basic,No,0,14168.76
CUST103403,71,3617.27,3,0,17.7,Month-to-Month,Debit Card,South,Standard,No,1,43407.24
CUST103404,29,1701.53,6,3,46.7,Month-to-Month,UPI,South,Standard,No,0,20418.36
CUST103405,26,4581.14,4,1,54.4,Month-to-Month,Credit Card,North,Standard,No,1,54973.68
CUST103406,26,3233.27,3,0,54.0,Month-to-Month,Credit Card,South,Basic,Yes,1,38799.24
CUST103407,46,2931.39,3,1,44.9,Month-to-Month,Net Banking,West,Basic,No,0,35176.68
CUST103408,48,2271.76,1,1,38.7,One Year,UPI,East,Standard,No,0,27261.12
CUST103409,35,3884.48,5,1,33.2,One Year,Net Banking,South,Standard,Yes,1,46613.76
CUST103410,6,2315.05,0,0,22.4,One Year,Cash,South,Standard,Yes,0,27780.6
CUST103411,72,2116.08,4,0,31.0,One Year,UPI,South,Basic,No,0,25392.96
CUST103412,16,4507.18,4,1,26.6,Month-to-Month,Credit Card,North,Standard,No,1,54086.16
CUST103413,7,3590.08,3,1,24.0,Month-to-Month,Net Banking,North,Standard,No,1,43080.96
CUST103414,44,2941.58,1,0,70.9,One Year,UPI,North,Standard,Yes,0,35298.96
CUST103415,30,3905.58,3,1,14.5,Month-to-Month,Net Banking,North,Basic,No,1,46866.96
CUST103416,45,3209.83,3,2,60.0,One Year,Cash,West,Basic,No,1,38517.96
CUST103417,64,3621.31,1,1,22.2,Month-to-Month,Debit Card,South,Basic,Yes,1,43455.72
CUST103418,8,2301.47,0,5,25.6,Month-to-Month,UPI,North,Standard,No,0,27617.64
CUST103419,21,5477.44,2,0,25.4,Month-to-Month,UPI,East,Basic,No,1,65729.28
CUST103420,38,2562.42,2,2,24.2,One Year,Credit Card,South,Basic,Yes,0,30749.04
CUST103421,57,4911.62,5,1,56.8,Two Year,UPI,East,Premium,No,1,58939.44
CUST103422,44,2992.24,3,0,51.4,Month-to-Month,Net Banking,South,Premium,Yes,0,35906.88
CUST103423,28,4087.81,3,1,38.3,One Year,Credit Card,North,Premium,No,1,49053.72
CUST103424,44,4007.65,2,1,85.3,One Year,Debit Card,East,Standard,No,1,48091.8
CUST103425,71,4461.54,2,2,41.7,Two Year,Debit Card,South,Basic,Yes,1,53538.48
CUST103426,35,2275.31,6,0,43.0,One Year,UPI,West,Basic,Yes,0,27303.72
CUST103427,64,4383.2,0,0,41.5,Month-to-Month,Debit Card,East,Basic,No,1,52598.4
CUST103428,57,5231.08,4,2,29.1,Month-to-Month,Net Banking,South,Basic,Yes,1,62772.96
CUST103429,22,2915.44,2,2,33.5,Two Year,Credit Card,South,Premium,No,0,34985.28
CUST103430,18,3238.18,4,0,55.6,One Year,Debit Card,South,Premium,No,1,38858.16
CUST103431,56,2624.21,1,2,51.1,Month-to-Month,UPI,South,Standard,No,0,31490.52
CUST103432,15,2818.92,1,1,62.6,One Year,Debit Card,South,Basic,No,0,33827.04
CUST103433,25,5082.57,1,2,30.5,Month-to-Month,Cash,West,Standard,Yes,1,60990.84
CUST103434,17,2095.34,2,2,51.4,One Year,Debit Card,South,Standard,No,0,25144.08
CUST103435,44,2163.67,3,2,46.9,Month-to-Month,UPI,South,Standard,No,0,25964.04
CUST103436,22,4971.99,1,0,48.9,Two Year,Credit Card,South,Premium,No,1,59663.88
CUST103437,48,3887.0,4,0,28.2,One Year,Cash,North,Basic,No,1,46644.0
CUST103438,68,5532.41,1,2,25.4,Month-to-Month,Debit Card,South,Basic,Yes,1,66388.92
CUST103439,60,2704.52,2,1,50.6,Two Year,Credit Card,West,Basic,No,0,32454.24
CUST103440,69,3338.91,0,0,56.0,Month-to-Month,Debit Card,North,Basic,Yes,1,40066.92
CUST103441,2,2473.26,4,0,32.1,One Year,UPI,North,Standard,No,0,29679.12
CUST103442,33,3357.63,2,0,51.7,Month-to-Month,Cash,North,Premium,Yes,1,40291.56
CUST103443,16,1248.49,0,1,61.2,Month-to-Month,Credit Card,East,Basic,No,0,14981.88
CUST103444,67,3953.45,3,0,36.2,One Year,UPI,West,Standard,No,1,47441.4
CUST103445,52,3555.82,1,2,19.0,One Year,UPI,East,Basic,Yes,1,42669.84
CUST103446,24,3136.69,1,0,21.0,Two Year,UPI,East,Standard,No,0,37640.28
CUST103447,41,2770.6,5,2,31.2,One Year,Debit Card,West,Standard,No,0,33247.2
CUST103448,44,2215.77,1,0,34.9,Month-to-Month,Debit Card,West,Basic,Yes,0,26589.24
CUST103449,36,4000.48,2,4,41.4,Two Year,Debit Card,South,Basic,No,1,48005.76
CUST103450,35,1911.8,3,0,41.7,Two Year,Credit Card,East,Standard,No,0,22941.6
CUST103451,4,3763.09,4,2,37.6,Two Year,Net Banking,East,Standard,No,1,45157.08
CUST103452,33,5481.9,5,0,52.9,Two Year,Net Banking,South,Basic,No,1,65782.8
CUST103453,26,4834.07,1,0,29.8,One Year,Debit Card,East,Basic,No,1,58008.84
CUST103454,59,1544.36,1,4,62.2,One Year,Debit Card,East,Basic,No,0,18532.32
CUST103455,63,2609.59,2,1,57.0,One Year,UPI,North,Standard,No,0,31315.08
CUST103456,55,3663.6,1,0,55.9,Month-to-Month,Net Banking,North,Basic,Yes,0,43963.2
CUST103457,3,3122.69,2,4,31.4,One Year,UPI,East,Standard,No,1,37472.28
CUST103458,61,1660.65,2,0,40.1,Month-to-Month,Net Banking,North,Basic,No,0,19927.8
CUST103459,29,3623.85,3,0,53.6,Month-to-Month,Credit Card,South,Standard,Yes,1,43486.2
CUST103460,30,3188.98,3,1,38.8,Month-to-Month,UPI,North,Standard,Yes,1,38267.76
CUST103461,69,5305.76,6,1,30.8,Month-to-Month,UPI,West,Standard,Yes,1,63669.12
CUST103462,63,2921.45,0,2,30.2,One Year,Cash,East,Standard,Yes,0,35057.4
CUST103463,4,4484.8,1,1,31.0,Month-to-Month,Debit Card,North,Premium,No,1,53817.6
CUST103464,26,1806.2,3,2,23.4,Month-to-Month,Credit Card,West,Premium,No,0,21674.4
CUST103465,54,2069.19,4,2,87.9,Month-to-Month,Cash,North,Standard,Yes,0,24830.28
CUST103466,39,3993.83,1,3,10.8,One Year,Credit Card,West,Standard,No,1,47925.96
CUST103467,19,4392.1,1,1,26.3,Month-to-Month,Net Banking,West,Basic,No,1,52705.2
CUST103468,38,2146.87,1,0,51.5,Month-to-Month,Net Banking,East,Premium,No,0,25762.44
CUST103469,63,3226.49,0,2,31.1,Month-to-Month,Net Banking,West,Premium,Yes,1,38717.88
CUST103470,17,1680.26,2,2,36.4,Two Year,UPI,West,Basic,Yes,0,20163.12
CUST103471,54,3000.66,0,1,48.3,Month-to-Month,Cash,South,Basic,Yes,1,36007.92
CUST103472,53,4120.62,1,1,58.5,Two Year,Debit Card,North,Standard,Yes,1,49447.44
CUST103473,64,2721.55,1,0,37.6,Month-to-Month,Credit Card,North,Basic,No,0,32658.6
CUST103474,22,2926.06,2,1,56.8,Month-to-Month,Net Banking,North,Premium,Yes,0,35112.72
CUST103475,16,1957.23,7,0,14.8,Two Year,UPI,South,Premium,No,0,23486.76
CUST103476,40,2486.81,2,0,32.3,One Year,UPI,North,Basic,No,0,29841.72
CUST103477,39,5133.92,1,0,49.9,Month-to-Month,Debit Card,South,Standard,Yes,1,61607.04
CUST103478,30,3280.22,1,1,73.6,One Year,Debit Card,South,Premium,No,0,39362.64
CUST103479,57,2097.46,1,0,26.6,Month-to-Month,Credit Card,West,Standard,Yes,0,25169.52
CUST103480,58,2853.75,1,4,23.7,Month-to-Month,Debit Card,North,Basic,No,0,34245.0
CUST103481,18,1442.83,1,1,47.5,Month-to-Month,Cash,East,Standard,No,0,17313.96
CUST103482,58,2084.42,1,0,42.9,Month-to-Month,UPI,North,Basic,No,0,25013.04
CUST103483,17,4696.37,2,3,30.5,Month-to-Month,Credit Card,South,Standard,No,1,56356.44
CUST103484,30,3043.27,3,0,22.5,Month-to-Month,UPI,South,Premium,No,1,36519.24
CUST103485,2,5279.8,2,0,33.8,Two Year,Cash,South,Premium,Yes,1,63357.6
CUST103486,25,3095.12,3,1,50.3,Month-to-Month,UPI,North,Standard,No,0,37141.44
CUST103487,70,3160.42,3,2,36.7,Month-to-Month,Credit Card,South,Basic,No,1,37925.04
CUST103488,32,3904.98,1,1,60.7,Month-to-Month,Net Banking,South,Basic,No,1,46859.76
CUST103489,52,700.0,3,1,41.5,Two Year,Debit Card,West,Basic,No,0,8400.0
CUST103490,8,3425.43,2,2,51.6,Month-to-Month,UPI,North,Standard,Yes,1,41105.16
CUST103491,46,3146.11,2,0,46.5,Month-to-Month,Cash,North,Standard,No,1,37753.32
CUST103492,27,4834.64,2,1,35.5,Two Year,UPI,West,Standard,Yes,1,58015.68
CUST103493,54,4261.15,0,1,55.3,Month-to-Month,Credit Card,South,Standard,No,1,51133.8
CUST103494,67,1952.94,0,0,22.5,Month-to-Month,UPI,East,Basic,Yes,0,23435.28
CUST103495,39,4566.35,4,1,33.1,One Year,Debit Card,South,Standard,No,1,54796.2
CUST103496,8,2911.45,2,0,35.4,Month-to-Month,UPI,East,Premium,Yes,0,34937.4
CUST103497,35,2205.1,5,2,48.1,Month-to-Month,UPI,South,Premium,No,0,26461.2
CUST103498,9,3416.81,1,0,52.1,One Year,Debit Card,West,Standard,No,1,41001.72
CUST103499,33,2976.95,1,0,29.0,Two Year,Credit Card,South,Premium,No,0,35723.4
CUST103500,5,4892.31,0,0,26.7,Two Year,Net Banking,East,Standard,Yes,1,58707.72
CUST103501,47,3574.68,3,2,43.3,One Year,Net Banking,South,Standard,No,1,42896.16
CUST103502,23,3426.22,0,0,17.4,Month-to-Month,Credit Card,North,Standard,No,1,41114.64
CUST103503,15,4190.71,1,2,58.1,Month-to-Month,Credit Card,North,Basic,No,1,50288.52
CUST103504,2,4402.16,4,1,38.4,Two Year,Credit Card,East,Premium,Yes,1,52825.92
CUST103505,64,4061.97,1,0,23.3,One Year,Debit Card,South,Standard,Yes,1,48743.64
CUST103506,61,4761.41,0,2,23.0,Month-to-Month,Net Banking,East,Basic,No,1,57136.92
CUST103507,59,3869.55,3,2,47.0,Two Year,UPI,West,Basic,Yes,1,46434.6
CUST103508,5,3384.42,1,3,46.6,Two Year,Credit Card,North,Standard,No,1,40613.04
CUST103509,26,4563.09,3,0,29.7,Month-to-Month,Net Banking,West,Standard,No,1,54757.08
CUST103510,70,3100.01,0,1,40.2,One Year,Cash,West,Standard,Yes,0,37200.12
CUST103511,42,3236.57,2,2,23.9,Two Year,UPI,East,Standard,Yes,1,38838.84
CUST103512,10,5093.73,1,3,37.9,Month-to-Month,UPI,East,Standard,No,1,61124.76
CUST103513,11,4984.12,3,1,65.6,Two Year,Net Banking,West,Standard,No,1,59809.44
CUST103514,19,3191.01,2,0,76.1,Month-to-Month,Cash,West,Basic,No,0,38292.12
CUST103515,71,2701.09,1,2,38.6,Month-to-Month,Debit Card,South,Basic,No,0,32413.08
CUST103516,13,4809.49,0,3,48.9,Two Year,Debit Card,East,Basic,Yes,1,57713.88
CUST103517,66,4080.46,2,0,48.3,Two Year,UPI,South,Standard,No,1,48965.52
CUST103518,49,3547.14,4,2,14.5,Month-to-Month,Cash,North,Basic,No,1,42565.68
CUST103519,67,2845.94,3,1,23.6,Two Year,Net Banking,North,Premium,Yes,0,34151.28
CUST103520,60,3564.87,0,5,41.5,One Year,Debit Card,South,Basic,No,1,42778.44
CUST103521,24,3176.12,1,1,49.2,Two Year,Net Banking,South,Standard,No,0,38113.44
CUST103522,60,2469.23,2,1,73.1,Month-to-Month,Net Banking,East,Basic,No,0,29630.76
CUST103523,13,3341.95,4,1,59.1,Two Year,UPI,West,Basic,No,0,40103.4
CUST103524,21,3491.97,2,0,42.7,One Year,UPI,West,Basic,Yes,1,41903.64
CUST103525,16,2787.07,2,4,40.5,One Year,UPI,South,Standard,Yes,0,33444.84
CUST103526,10,4194.21,4,0,36.4,Month-to-Month,Net Banking,South,Basic,No,1,50330.52
CUST103527,7,4617.72,2,2,59.0,Month-to-Month,Credit Card,East,Basic,No,1,55412.64
CUST103528,14,4266.89,1,0,45.5,Month-to-Month,Debit Card,South,Basic,No,1,51202.68
CUST103529,9,2896.13,2,0,43.0,Month-to-Month,Credit Card,West,Standard,No,0,34753.56
CUST103530,28,4031.4,0,1,24.3,Two Year,Credit Card,East,Standard,No,1,48376.8
CUST103531,6,3285.76,2,0,51.6,One Year,Credit Card,South,Premium,No,1,39429.12
CUST103532,5,1840.68,3,1,39.6,Month-to-Month,Cash,North,Basic,No,0,22088.16
CUST103533,72,3940.0,3,1,48.4,Month-to-Month,Credit Card,East,Basic,Yes,1,47280.0
CUST103534,7,3360.74,2,0,58.0,One Year,Net Banking,South,Standard,No,0,40328.88
CUST103535,6,6052.9,1,0,15.8,Month-to-Month,UPI,North,Standard,No,1,72634.8
CUST103536,3,4803.0,3,1,37.3,One Year,Credit Card,South,Basic,No,1,57636.0
CUST103537,10,3982.27,1,1,35.0,Month-to-Month,UPI,East,Basic,No,1,47787.24
CUST103538,39,3474.09,3,1,33.5,Month-to-Month,UPI,East,Basic,Yes,1,41689.08
CUST103539,60,3380.09,1,2,24.1,Month-to-Month,Debit Card,North,Premium,No,1,40561.08
CUST103540,53,2095.94,2,1,30.4,Month-to-Month,UPI,East,Premium,No,0,25151.28
CUST103541,42,1287.11,4,2,24.4,One Year,Credit Card,East,Premium,No,0,15445.32
CUST103542,7,2240.18,2,1,55.2,One Year,UPI,West,Basic,No,0,26882.16
CUST103543,56,3147.51,1,2,48.0,Month-to-Month,Cash,North,Standard,Yes,0,37770.12
CUST103544,3,883.91,1,0,46.9,One Year,UPI,South,Standard,Yes,0,10606.92
CUST103545,46,2601.25,2,0,11.2,Two Year,Net Banking,West,Standard,Yes,0,31215.0
CUST103546,30,2927.63,1,0,73.2,One Year,Net Banking,South,Basic,No,0,35131.56
CUST103547,64,2963.03,1,1,35.5,One Year,Cash,West,Basic,Yes,0,35556.36
CUST103548,23,2472.1,2,0,69.9,Month-to-Month,Debit Card,East,Basic,No,0,29665.2
CUST103549,46,2824.33,1,0,54.0,Month-to-Month,Debit Card,North,Standard,Yes,0,33891.96
CUST103550,32,5096.28,0,0,38.3,Month-to-Month,Debit Card,South,Premium,No,1,61155.36
CUST103551,38,3928.36,2,1,74.7,Month-to-Month,Net Banking,South,Basic,Yes,1,47140.32
CUST103552,68,2583.67,2,0,51.1,Month-to-Month,Net Banking,West,Standard,No,0,31004.04
CUST103553,52,3124.82,2,0,38.3,Month-to-Month,Credit Card,North,Basic,Yes,0,37497.84
CUST103554,30,3168.86,2,2,35.7,Month-to-Month,Net Banking,West,Basic,No,1,38026.32
CUST103555,33,3190.645,1,0,58.5,Month-to-Month,Cash,East,Standard,Yes,0,38287.74
CUST103556,51,2353.96,1,0,33.4,One Year,UPI,East,Basic,Yes,0,28247.52
CUST103557,25,4311.58,3,1,35.9,Month-to-Month,Debit Card,East,Standard,No,1,51738.96
CUST103558,13,2738.24,1,1,32.4,Month-to-Month,UPI,West,Basic,No,0,32858.88
CUST103559,34,1995.83,1,0,29.9,Month-to-Month,Credit Card,West,Basic,Yes,0,23949.96
CUST103560,5,3152.55,3,1,30.9,Month-to-Month,Net Banking,West,Standard,No,0,37830.6
CUST103561,13,3329.81,0,0,70.4,Month-to-Month,Credit Card,West,Standard,No,1,39957.72
CUST103562,31,1030.03,2,1,58.1,One Year,UPI,South,Premium,No,0,12360.36
CUST103563,58,3155.18,4,2,45.8,Month-to-Month,Net Banking,North,Standard,No,1,37862.16
CUST103564,57,4154.78,0,0,33.2,Month-to-Month,UPI,South,Basic,No,1,49857.36
CUST103565,19,3696.35,4,0,33.2,One Year,Credit Card,West,Premium,No,1,44356.2
CUST103566,31,5652.77,4,1,36.1,Month-to-Month,UPI,West,Standard,No,1,67833.24
CUST103567,12,4576.22,4,2,70.6,Two Year,Cash,North,Basic,No,1,54914.64
CUST103568,55,4793.83,2,1,46.7,Month-to-Month,Credit Card,North,Premium,Yes,1,57525.96
CUST103569,18,6280.09,6,0,54.0,Month-to-Month,Net Banking,East,Standard,Yes,1,75361.08
CUST103570,58,4033.97,4,3,45.2,Month-to-Month,Credit Card,East,Premium,Yes,1,48407.64
CUST103571,61,3379.38,2,0,27.8,Two Year,Credit Card,East,Standard,No,1,40552.56
CUST103572,50,4271.11,3,3,43.6,Month-to-Month,UPI,West,Standard,Yes,1,51253.32
CUST103573,24,2584.84,0,1,24.8,Month-to-Month,Credit Card,East,Standard,No,0,31018.08
CUST103574,69,3318.45,6,0,61.1,Month-to-Month,Net Banking,East,Standard,No,1,39821.4
CUST103575,50,2487.5,3,1,30.0,Two Year,Debit Card,East,Basic,No,0,29850.0
CUST103576,47,3637.78,2,0,32.8,Month-to-Month,UPI,South,Standard,No,1,43653.36
CUST103577,62,2482.9,3,0,55.0,Month-to-Month,Debit Card,East,Basic,No,0,29794.8
CUST103578,64,2444.38,1,1,30.8,One Year,Credit Card,East,Basic,No,0,29332.56
CUST103579,6,3654.82,1,2,38.5,One Year,Debit Card,West,Premium,No,1,43857.84
CUST103580,64,3048.52,2,1,2.0,Month-to-Month,Net Banking,West,Basic,No,0,36582.24
CUST103581,56,3190.645,2,1,36.8,Month-to-Month,Debit Card,East,Premium,No,0,38287.74
CUST103582,15,1598.89,1,2,51.5,Month-to-Month,Net Banking,South,Basic,No,0,19186.68
CUST103583,23,1938.01,5,0,32.0,Month-to-Month,Debit Card,West,Standard,Yes,0,23256.12
CUST103584,55,2228.73,1,1,50.9,Month-to-Month,Credit Card,East,Standard,No,0,26744.76
CUST103585,16,3655.87,1,1,41.7,Two Year,Credit Card,South,Premium,Yes,1,43870.44
CUST103586,33,3440.83,2,1,59.4,Month-to-Month,Net Banking,East,Basic,Yes,1,41289.96
CUST103587,50,4371.81,3,1,30.2,Month-to-Month,UPI,South,Standard,No,1,52461.72
CUST103588,47,4028.08,2,2,38.1,Month-to-Month,UPI,West,Premium,No,1,48336.96
CUST103589,66,4379.09,1,0,18.5,Month-to-Month,Net Banking,South,Basic,Yes,1,52549.08
CUST103590,9,3869.24,3,1,40.5,One Year,Credit Card,South,Basic,Yes,1,46430.88
CUST103591,22,3430.65,1,1,35.3,One Year,UPI,West,Basic,No,1,41167.8
CUST103592,71,4409.29,1,2,57.4,One Year,Net Banking,North,Basic,Yes,1,52911.48
CUST103593,41,4211.35,3,1,32.0,Two Year,UPI,East,Basic,No,1,50536.2
CUST103594,18,3613.7,3,0,35.2,Month-to-Month,Net Banking,South,Standard,No,1,43364.4
CUST103595,21,4598.18,3,3,31.2,One Year,Credit Card,South,Basic,No,1,55178.16
CUST103596,25,700.0,0,0,42.4,Two Year,Debit Card,North,Standard,No,0,8400.0
CUST103597,40,2880.49,3,1,73.8,Month-to-Month,Net Banking,North,Standard,No,0,34565.88
CUST103598,21,2863.63,3,3,2.0,One Year,UPI,East,Standard,No,0,34363.56
CUST103599,45,4467.95,0,2,41.2,Month-to-Month,Net Banking,East,Premium,Yes,1,53615.4
CUST103600,33,4928.53,1,0,60.8,Month-to-Month,Debit Card,West,Standard,No,1,59142.36
CUST103601,44,1604.8,2,2,33.8,Month-to-Month,Net Banking,South,Basic,No,0,19257.6
CUST103602,12,4752.28,4,1,50.4,Month-to-Month,UPI,North,Basic,Yes,1,57027.36
CUST103603,45,1911.41,3,3,60.8,One Year,Net Banking,South,Standard,No,0,22936.92
CUST103604,67,1944.66,1,1,37.6,Month-to-Month,Cash,North,Standard,No,0,23335.92
CUST103605,10,2942.29,2,3,31.6,Month-to-Month,Debit Card,South,Standard,No,0,35307.48
CUST103606,24,2849.97,3,0,57.0,One Year,Net Banking,East,Premium,Yes,0,34199.64
CUST103607,50,1485.74,1,0,49.9,Month-to-Month,Credit Card,South,Standard,Yes,0,17828.88
CUST103608,45,3914.87,3,1,41.0,Month-to-Month,Debit Card,South,Standard,No,1,46978.44
CUST103609,49,3947.34,2,0,51.8,One Year,Debit Card,West,Basic,No,1,47368.08
CUST103610,41,4359.45,2,1,57.4,Two Year,Credit Card,South,Premium,No,1,52313.4
CUST103611,50,2723.2,2,1,41.2,Month-to-Month,Debit Card,North,Standard,Yes,0,32678.4
CUST103612,44,3156.46,3,0,46.9,Two Year,Credit Card,South,Basic,Yes,0,37877.52
CUST103613,6,3166.53,3,0,50.4,Two Year,Cash,West,Premium,No,1,37998.36
CUST103614,55,5056.79,2,0,34.6,Month-to-Month,Net Banking,South,Basic,Yes,1,60681.48
CUST103615,33,700.0,2,1,61.0,Two Year,Net Banking,South,Basic,Yes,0,8400.0
CUST103616,4,2147.36,4,2,25.5,One Year,Debit Card,North,Basic,Yes,0,25768.32
CUST103617,30,3206.09,2,2,39.9,One Year,Net Banking,East,Basic,No,0,38473.08
CUST103618,32,2005.87,2,0,54.3,Month-to-Month,Credit Card,South,Basic,No,0,24070.44
CUST103619,7,2915.85,3,2,25.1,One Year,Debit Card,North,Standard,No,0,34990.2
CUST103620,72,3061.32,3,2,55.9,Month-to-Month,Credit Card,East,Basic,Yes,0,36735.84
CUST103621,17,2476.55,0,1,45.0,One Year,Debit Card,West,Premium,Yes,0,29718.6
CUST103622,24,3270.92,1,1,63.2,Month-to-Month,UPI,East,Standard,Yes,0,39251.04
CUST103623,32,3890.96,4,2,51.8,One Year,Net Banking,South,Standard,Yes,1,46691.52
CUST103624,60,2940.11,1,0,39.4,Two Year,Credit Card,West,Standard,No,0,35281.32
CUST103625,54,2701.49,2,1,45.7,Month-to-Month,Cash,South,Basic,No,0,32417.88
CUST103626,56,3017.66,1,0,46.3,Month-to-Month,Net Banking,South,Basic,Yes,0,36211.92
CUST103627,18,3191.82,1,0,74.4,Month-to-Month,Debit Card,North,Standard,No,0,38301.84
CUST103628,61,1285.65,2,0,43.4,Month-to-Month,UPI,South,Basic,No,0,15427.8
CUST103629,60,3707.71,2,2,39.8,Two Year,Debit Card,South,Basic,No,1,44492.52
CUST103630,34,2703.9,1,0,38.9,One Year,Net Banking,West,Standard,Yes,0,32446.8
CUST103631,40,4587.69,2,1,45.0,One Year,Credit Card,South,Basic,Yes,1,55052.28
CUST103632,3,3850.16,1,1,23.9,One Year,Debit Card,North,Premium,No,1,46201.92
CUST103633,55,4487.07,3,3,35.9,One Year,Net Banking,West,Basic,No,1,53844.84
CUST103634,70,2087.9,1,1,25.8,Month-to-Month,UPI,South,Basic,No,0,25054.8
CUST103635,35,2791.47,3,4,27.9,Month-to-Month,Credit Card,North,Standard,No,0,33497.64
CUST103636,39,1833.3,1,1,54.9,Month-to-Month,Net Banking,West,Basic,Yes,0,21999.6
CUST103637,36,2424.29,5,4,42.4,One Year,Credit Card,East,Premium,No,0,29091.48
CUST103638,6,4577.32,0,2,30.1,Two Year,Net Banking,West,Basic,No,1,54927.84
CUST103639,45,4836.24,0,0,39.6,Month-to-Month,Debit Card,South,Standard,Yes,1,58034.88
CUST103640,52,1937.05,3,1,38.1,Month-to-Month,Credit Card,North,Standard,No,0,23244.6
CUST103641,67,2695.89,1,3,42.8,Month-to-Month,Cash,South,Basic,Yes,0,32350.68
CUST103642,67,3116.18,2,1,17.9,One Year,UPI,North,Premium,No,1,37394.16
CUST103643,36,3844.17,1,1,24.5,One Year,Credit Card,East,Standard,No,1,46130.04
CUST103644,70,1264.21,3,2,18.9,Month-to-Month,UPI,North,Basic,Yes,0,15170.52
CUST103645,39,1436.7,0,5,27.6,One Year,Cash,North,Standard,Yes,0,17240.4
CUST103646,47,3738.59,3,1,30.4,One Year,UPI,South,Basic,No,1,44863.08
CUST103647,44,1056.06,3,0,25.4,Month-to-Month,UPI,South,Basic,Yes,0,12672.72
CUST103648,72,2708.52,2,1,54.2,One Year,UPI,South,Basic,No,0,32502.24
CUST103649,54,3378.3,2,0,71.4,Month-to-Month,Debit Card,South,Basic,No,0,40539.6
CUST103650,9,3657.23,1,1,55.2,Two Year,UPI,South,Standard,No,1,43886.76
CUST103651,6,3044.11,2,0,33.0,Two Year,Credit Card,South,Premium,Yes,0,36529.32
CUST103652,30,2797.67,1,1,45.4,One Year,Credit Card,East,Basic,No,1,33572.04
CUST103653,38,4129.03,4,1,40.9,Month-to-Month,Debit Card,South,Basic,No,1,49548.36
CUST103654,49,3513.73,3,2,32.3,Two Year,Debit Card,East,Basic,No,1,42164.76
CUST103655,35,2488.28,2,0,63.2,Month-to-Month,Debit Card,North,Premium,No,0,29859.36
CUST103656,38,3241.5,2,1,74.1,Month-to-Month,Debit Card,North,Basic,No,0,38898.0
CUST103657,67,3621.49,1,1,18.5,Month-to-Month,Net Banking,West,Standard,No,1,43457.88
CUST103658,25,5090.06,1,0,65.0,Month-to-Month,Debit Card,North,Basic,Yes,1,61080.72
CUST103659,36,4064.96,5,0,32.5,Two Year,Net Banking,West,Standard,No,1,48779.52
CUST103660,41,4536.01,2,0,37.8,Month-to-Month,Credit Card,North,Basic,No,1,54432.12
CUST103661,34,2528.33,0,0,46.5,One Year,Cash,East,Basic,Yes,0,30339.96
CUST103662,70,2623.4,3,0,66.8,One Year,Net Banking,East,Basic,No,0,31480.8
CUST103663,70,2941.08,2,2,46.5,One Year,Debit Card,South,Premium,No,0,35292.96
CUST103664,37,3042.07,0,0,48.6,Month-to-Month,Credit Card,South,Standard,No,0,36504.84
CUST103665,33,2091.17,2,0,55.7,Month-to-Month,UPI,West,Basic,No,0,25094.04
CUST103666,43,4592.53,0,1,58.2,Two Year,Cash,East,Basic,Yes,1,55110.36
CUST103667,14,4171.69,2,2,50.2,Month-to-Month,UPI,East,Standard,Yes,1,50060.28
CUST103668,31,2863.75,3,3,58.3,Month-to-Month,Credit Card,West,Basic,No,0,34365.0
CUST103669,16,3905.88,4,0,32.4,One Year,Credit Card,North,Standard,No,1,46870.56
CUST103670,11,3445.19,2,1,14.2,One Year,Credit Card,East,Basic,No,1,41342.28
CUST103671,7,3991.81,3,1,71.2,One Year,Credit Card,West,Basic,No,1,47901.72
CUST103672,43,1721.26,0,0,25.4,Month-to-Month,Debit Card,West,Standard,No,0,20655.12
CUST103673,1,3039.77,3,2,33.5,Month-to-Month,UPI,North,Basic,Yes,1,36477.24
CUST103674,47,3136.16,0,0,36.7,Month-to-Month,UPI,West,Basic,No,0,37633.92
CUST103675,32,3886.01,1,1,33.9,One Year,Debit Card,North,Premium,No,1,46632.12
CUST103676,27,2508.72,4,0,30.4,Two Year,Net Banking,East,Standard,No,0,30104.64
CUST103677,56,700.0,4,1,49.4,One Year,Debit Card,East,Premium,No,0,8400.0
CUST103678,39,2010.13,1,0,49.6,One Year,Cash,South,Basic,Yes,0,24121.56
CUST103679,53,3132.85,3,1,51.9,Month-to-Month,UPI,South,Premium,No,0,37594.2
CUST103680,52,3270.27,1,2,50.9,One Year,Credit Card,North,Standard,No,0,39243.24
CUST103681,3,5052.12,3,0,35.3,Month-to-Month,Credit Card,South,Basic,Yes,1,60625.44
CUST103682,16,3841.02,4,2,35.3,One Year,UPI,North,Standard,Yes,1,46092.24
CUST103683,42,3289.68,1,1,59.9,One Year,Net Banking,South,Basic,Yes,1,39476.16
CUST103684,71,3164.37,2,0,33.7,Month-to-Month,UPI,South,Premium,No,1,37972.44
CUST103685,12,4414.6,1,1,33.3,Month-to-Month,Credit Card,South,Standard,No,1,52975.2
CUST103686,8,2550.88,5,1,56.9,Month-to-Month,UPI,East,Standard,Yes,0,30610.56
CUST103687,68,3045.69,3,2,41.7,Month-to-Month,Credit Card,East,Premium,No,1,36548.28
CUST103688,70,2001.82,7,0,33.9,One Year,Net Banking,North,Basic,No,0,24021.84
CUST103689,13,4760.8,6,2,34.1,One Year,Debit Card,West,Basic,No,1,57129.6
CUST103690,29,3631.75,1,3,60.0,Month-to-Month,Debit Card,South,Standard,Yes,1,43581.0
CUST103691,46,2421.72,0,1,51.4,One Year,UPI,North,Premium,Yes,0,29060.64
CUST103692,15,3074.1,3,0,45.8,Month-to-Month,UPI,North,Standard,No,0,36889.2
CUST103693,24,3760.62,4,0,23.3,One Year,Net Banking,West,Basic,No,1,45127.44
CUST103694,29,2924.21,1,2,45.9,Month-to-Month,UPI,South,Premium,Yes,0,35090.52
CUST103695,47,2612.08,0,1,38.6,One Year,Credit Card,South,Standard,No,0,31344.96
CUST103696,23,2480.3,2,1,27.4,Two Year,Net Banking,West,Basic,Yes,0,29763.6
CUST103697,30,3572.86,1,0,32.4,Month-to-Month,Credit Card,East,Standard,No,1,42874.32
CUST103698,21,2806.14,0,1,53.1,One Year,Credit Card,East,Standard,Yes,0,33673.68
CUST103699,55,2700.87,3,2,61.9,One Year,Cash,North,Premium,Yes,0,32410.44
CUST103700,12,1730.33,1,1,25.1,One Year,Net Banking,South,Basic,No,0,20763.96
CUST103701,17,3285.4,0,0,27.1,Two Year,UPI,South,Standard,Yes,0,39424.8
CUST103702,18,3000.65,2,0,53.1,Month-to-Month,Net Banking,North,Basic,No,0,36007.8
CUST103703,66,2846.19,2,2,35.5,Month-to-Month,Credit Card,West,Standard,Yes,0,34154.28
CUST103704,69,3418.65,4,1,50.8,One Year,Net Banking,North,Premium,No,1,41023.8
CUST103705,37,4022.8,1,1,35.2,Month-to-Month,Credit Card,North,Standard,Yes,1,48273.6
CUST103706,12,3971.72,3,0,51.2,One Year,Cash,South,Premium,Yes,1,47660.64
CUST103707,55,3808.0,2,0,20.0,One Year,Net Banking,East,Basic,No,1,45696.0
CUST103708,36,2935.26,1,1,50.8,One Year,Credit Card,South,Standard,No,0,35223.12
CUST103709,62,2576.3,0,1,8.4,Month-to-Month,Credit Card,North,Standard,No,0,30915.6
CUST103710,26,2051.69,1,0,56.8,Month-to-Month,UPI,North,Basic,Yes,0,24620.28
CUST103711,72,2547.53,2,2,41.5,Two Year,UPI,West,Standard,No,0,30570.36
CUST103712,59,3221.62,4,1,49.1,Month-to-Month,Credit Card,East,Basic,No,1,38659.44
CUST103713,17,2335.09,3,1,45.8,One Year,Credit Card,East,Basic,No,0,28021.08
CUST103714,53,3305.66,0,1,14.7,One Year,Debit Card,East,Basic,No,0,39667.92
CUST103715,21,2138.0,0,2,63.9,Month-to-Month,Debit Card,West,Standard,Yes,0,25656.0
CUST103716,26,1372.91,1,1,47.4,One Year,UPI,South,Basic,No,0,16474.92
CUST103717,19,4101.35,2,1,54.1,Month-to-Month,UPI,West,Basic,No,1,49216.2
CUST103718,50,2678.14,5,3,29.2,Two Year,UPI,North,Premium,Yes,0,32137.68
CUST103719,19,2279.26,1,1,45.9,Month-to-Month,Credit Card,West,Standard,Yes,0,27351.12
CUST103720,46,1996.77,2,0,21.0,Month-to-Month,Credit Card,East,Standard,Yes,0,23961.24
CUST103721,42,3665.34,1,2,44.4,One Year,UPI,West,Basic,No,1,43984.08
CUST103722,55,4712.4,3,1,27.0,One Year,UPI,South,Basic,No,1,56548.8
CUST103723,72,2756.62,2,0,100.0,Month-to-Month,UPI,South,Premium,No,0,33079.44
CUST103724,1,2962.88,3,1,51.7,Month-to-Month,Credit Card,East,Standard,Yes,1,35554.56
CUST103725,72,4378.8,2,0,63.3,Month-to-Month,Cash,South,Standard,Yes,1,52545.6
CUST103726,8,1208.51,3,0,38.0,One Year,Net Banking,East,Basic,No,0,14502.12
CUST103727,38,5363.56,1,1,48.4,Month-to-Month,Credit Card,North,Standard,Yes,1,64362.72
CUST103728,25,5888.51,1,2,56.5,Month-to-Month,Debit Card,West,Basic,No,1,70662.12
CUST103729,47,700.0,2,3,24.8,Month-to-Month,Debit Card,North,Standard,Yes,0,8400.0
CUST103730,52,3092.75,1,0,31.2,Two Year,Credit Card,East,Basic,No,0,37113.0
CUST103731,62,2409.16,3,0,57.6,One Year,Net Banking,West,Standard,No,0,28909.92
CUST103732,29,2908.75,4,3,38.5,Month-to-Month,UPI,East,Premium,Yes,0,34905.0
CUST103733,68,2739.78,0,2,30.0,One Year,Credit Card,South,Basic,No,0,32877.36
CUST103734,24,4092.94,3,0,31.9,Month-to-Month,Net Banking,South,Basic,Yes,1,49115.28
CUST103735,15,3076.17,0,0,22.4,Month-to-Month,Credit Card,South,Standard,No,0,36914.04
CUST103736,28,2198.0,0,1,10.7,Month-to-Month,Credit Card,North,Basic,No,0,26376.0
CUST103737,39,3010.6,2,2,14.9,One Year,Net Banking,West,Premium,No,0,36127.2
CUST103738,49,3766.26,1,3,42.7,Two Year,Credit Card,West,Basic,Yes,1,45195.12
CUST103739,60,1897.91,2,2,52.7,Month-to-Month,Cash,East,Basic,Yes,0,22774.92
CUST103740,17,1389.14,2,1,82.3,Month-to-Month,UPI,West,Standard,Yes,0,16669.68
CUST103741,22,5392.02,0,0,41.3,One Year,Debit Card,West,Standard,No,1,64704.24
CUST103742,68,2493.33,3,1,21.5,Two Year,UPI,South,Basic,No,0,29919.96
CUST103743,32,3048.91,1,2,41.5,One Year,Credit Card,South,Basic,Yes,0,36586.92
CUST103744,18,2762.43,4,0,53.2,Month-to-Month,UPI,South,Basic,Yes,0,33149.16
CUST103745,71,3802.9,3,0,58.5,Two Year,Debit Card,North,Basic,No,1,45634.8
CUST103746,33,5150.07,4,0,56.9,Month-to-Month,Debit Card,North,Basic,No,1,61800.84
CUST103747,71,3837.93,2,0,51.2,Month-to-Month,Credit Card,North,Standard,No,1,46055.16
CUST103748,67,1529.8,1,1,43.5,Month-to-Month,Cash,South,Standard,No,0,18357.6
CUST103749,66,1677.46,3,2,53.8,Month-to-Month,Net Banking,South,Standard,No,0,20129.52
CUST103750,42,2761.14,1,1,23.0,Month-to-Month,Net Banking,North,Basic,Yes,0,33133.68
CUST103751,58,2904.94,1,0,9.9,One Year,Debit Card,North,Standard,No,0,34859.28
CUST103752,70,1305.85,1,0,75.5,One Year,UPI,East,Basic,No,0,15670.2
CUST103753,20,4101.28,1,0,41.2,Two Year,Credit Card,South,Standard,No,1,49215.36
CUST103754,3,2005.05,4,2,50.5,Month-to-Month,UPI,West,Basic,No,0,24060.6
CUST103755,24,4842.63,0,3,2.0,One Year,Credit Card,North,Standard,No,1,58111.56
CUST103756,46,5202.7,0,1,66.7,One Year,UPI,East,Standard,No,1,62432.4
CUST103757,40,2926.92,2,1,60.5,Month-to-Month,Credit Card,North,Premium,Yes,0,35123.04
CUST103758,6,3682.87,5,0,17.0,Month-to-Month,Debit Card,West,Basic,Yes,1,44194.44
CUST103759,41,1844.86,2,3,36.9,One Year,UPI,West,Standard,No,0,22138.32
CUST103760,13,3886.04,5,0,46.3,Month-to-Month,UPI,South,Basic,No,1,46632.48
CUST103761,37,2651.99,4,0,21.8,Two Year,Debit Card,North,Basic,No,0,31823.88
CUST103762,42,2004.04,3,4,49.8,One Year,UPI,North,Standard,No,0,24048.48
CUST103763,46,2881.73,0,1,58.7,Month-to-Month,Credit Card,North,Standard,Yes,0,34580.76
CUST103764,30,2687.68,4,0,47.2,Month-to-Month,Net Banking,East,Standard,No,0,32252.16
CUST103765,30,2842.32,1,1,16.9,One Year,Credit Card,North,Basic,No,0,34107.84
CUST103766,49,4244.65,2,2,25.4,Month-to-Month,UPI,North,Standard,Yes,1,50935.8
CUST103767,54,2336.16,2,2,40.0,One Year,Net Banking,South,Standard,Yes,0,28033.92
CUST103768,59,5108.53,1,2,38.0,Month-to-Month,Net Banking,West,Basic,No,1,61302.36
CUST103769,25,1742.43,7,0,38.3,Two Year,Debit Card,North,Basic,No,0,20909.16
CUST103770,31,4976.97,1,0,37.8,Month-to-Month,Credit Card,North,Basic,Yes,1,59723.64
CUST103771,24,2081.84,2,0,13.1,Month-to-Month,Net Banking,North,Standard,No,0,24982.08
CUST103772,38,3198.89,1,1,54.9,Two Year,Credit Card,North,Basic,Yes,1,38386.68
CUST103773,10,2660.78,5,1,52.0,One Year,Credit Card,North,Basic,Yes,0,31929.36
CUST103774,31,2821.9,4,0,50.4,One Year,Debit Card,West,Standard,No,0,33862.8
CUST103775,14,4081.49,1,1,48.9,Two Year,UPI,West,Standard,No,1,48977.88
CUST103776,39,4849.81,4,1,37.5,Two Year,Debit Card,North,Basic,No,1,58197.72
CUST103777,62,4509.58,2,0,32.3,One Year,Net Banking,North,Premium,No,1,54114.96
CUST103778,71,2754.66,3,4,25.7,One Year,Credit Card,North,Standard,Yes,0,33055.92
CUST103779,33,3402.68,3,0,66.7,Month-to-Month,UPI,North,Basic,No,1,40832.16
CUST103780,5,2339.71,2,3,41.7,Two Year,Debit Card,West,Premium,No,0,28076.52
CUST103781,17,2109.29,0,1,15.4,Two Year,Net Banking,South,Standard,No,0,25311.48
CUST103782,8,1939.07,3,1,41.5,One Year,UPI,South,Basic,No,0,23268.84
CUST103783,55,2718.67,2,1,8.7,One Year,Debit Card,North,Basic,No,0,32624.04
CUST103784,71,3474.57,1,1,46.0,One Year,UPI,North,Standard,No,1,41694.84
CUST103785,40,1097.0,3,0,44.3,Month-to-Month,Net Banking,North,Basic,Yes,0,13164.0
CUST103786,13,3149.01,3,1,33.3,Month-to-Month,UPI,East,Premium,No,1,37788.12
CUST103787,2,4867.63,2,0,27.0,One Year,Debit Card,East,Basic,No,1,58411.56
CUST103788,71,4434.1,1,3,51.0,Month-to-Month,Debit Card,North,Basic,No,1,53209.2
CUST103789,23,2556.3,2,1,40.7,Month-to-Month,Credit Card,North,Standard,No,0,30675.6
CUST103790,9,1663.44,3,1,10.9,Two Year,Net Banking,West,Standard,Yes,0,19961.28
CUST103791,13,3705.81,1,2,61.3,Month-to-Month,Net Banking,South,Premium,No,1,44469.72
CUST103792,19,700.0,2,2,27.0,Two Year,Credit Card,North,Basic,Yes,0,8400.0
CUST103793,48,4421.17,2,2,20.9,Month-to-Month,Credit Card,East,Basic,Yes,1,53054.04
CUST103794,65,2965.05,0,2,63.7,Two Year,Debit Card,West,Standard,No,0,35580.6
CUST103795,20,5214.43,3,0,59.0,Month-to-Month,UPI,South,Basic,No,1,62573.16
CUST103796,50,1300.34,3,2,35.3,Month-to-Month,Credit Card,West,Basic,No,0,15604.08
CUST103797,5,4209.96,1,2,22.0,One Year,UPI,West,Basic,No,1,50519.52
CUST103798,1,3089.44,3,0,27.4,Month-to-Month,UPI,South,Premium,No,1,37073.28
CUST103799,4,2835.84,1,1,35.0,One Year,Debit Card,West,Standard,No,0,34030.08
CUST103800,67,1693.17,4,1,61.5,One Year,Credit Card,South,Basic,Yes,0,20318.04
CUST103801,42,3855.32,3,0,62.7,Month-to-Month,UPI,North,Standard,No,1,46263.84
CUST103802,58,3943.75,4,1,44.7,Two Year,Cash,West,Premium,Yes,1,47325.0
CUST103803,2,5163.64,0,2,52.4,Month-to-Month,UPI,North,Premium,No,1,61963.68
CUST103804,2,4308.86,3,0,38.7,Month-to-Month,UPI,North,Standard,No,1,51706.32
CUST103805,62,2546.72,2,0,28.0,One Year,Credit Card,East,Premium,No,0,30560.64
CUST103806,8,2095.75,1,1,18.0,Month-to-Month,Net Banking,South,Standard,Yes,0,25149.0
CUST103807,12,1694.66,1,0,47.2,Month-to-Month,Net Banking,North,Standard,No,0,20335.92
CUST103808,38,4820.55,0,0,56.4,One Year,Credit Card,West,Basic,Yes,1,57846.6
CUST103809,44,2344.01,1,1,33.8,Month-to-Month,Net Banking,North,Premium,No,0,28128.12
CUST103810,17,4828.25,1,1,61.0,Month-to-Month,Credit Card,North,Basic,No,1,57939.0
CUST103811,33,3777.58,0,1,35.8,Month-to-Month,Debit Card,East,Standard,No,1,45330.96
CUST103812,49,3562.89,0,0,43.3,Month-to-Month,Credit Card,West,Basic,No,1,42754.68
CUST103813,32,2862.44,2,1,38.5,Month-to-Month,UPI,South,Basic,No,0,34349.28
CUST103814,28,3926.74,4,2,61.8,Month-to-Month,Net Banking,South,Basic,Yes,1,47120.88
CUST103815,6,3182.98,4,2,49.9,One Year,Debit Card,West,Basic,Yes,1,38195.76
CUST103816,33,2793.87,3,1,41.1,Two Year,Credit Card,South,Standard,No,0,33526.44
CUST103817,58,3965.61,1,0,43.2,Month-to-Month,Debit Card,South,Basic,No,1,47587.32
CUST103818,46,3041.63,4,1,23.0,One Year,Credit Card,East,Premium,No,0,36499.56
CUST103819,65,2321.83,1,1,6.3,Month-to-Month,Net Banking,West,Premium,No,0,27861.96
CUST103820,10,3859.81,4,0,33.5,Month-to-Month,UPI,West,Standard,No,1,46317.72
CUST103821,1,3129.62,4,2,38.9,Month-to-Month,UPI,North,Standard,No,1,37555.44
CUST103822,40,3737.8,0,2,50.5,One Year,Debit Card,West,Standard,Yes,1,44853.6
CUST103823,13,2700.75,4,2,39.4,Month-to-Month,UPI,East,Standard,No,0,32409.0
CUST103824,43,1869.97,2,2,34.5,Two Year,UPI,West,Basic,No,0,22439.64
CUST103825,66,5108.58,1,1,2.0,One Year,UPI,North,Standard,No,1,61302.96
CUST103826,25,4901.27,0,2,50.4,One Year,Net Banking,West,Basic,No,1,58815.24
CUST103827,40,4172.16,1,0,45.4,One Year,Cash,West,Basic,Yes,1,50065.92
CUST103828,50,2773.41,5,1,55.0,Month-to-Month,Debit Card,West,Basic,No,0,33280.92
CUST103829,11,2869.65,3,3,42.4,One Year,Net Banking,West,Standard,Yes,0,34435.8
CUST103830,65,4720.56,1,0,60.3,Month-to-Month,Net Banking,North,Basic,Yes,1,56646.72
CUST103831,15,2810.79,4,1,33.2,Month-to-Month,Net Banking,West,Premium,No,0,33729.48
CUST103832,59,2504.19,1,0,41.4,Month-to-Month,Credit Card,East,Standard,Yes,0,30050.28
CUST103833,48,5259.46,2,0,45.8,Month-to-Month,UPI,East,Standard,Yes,1,63113.52
CUST103834,11,3147.55,1,2,52.6,One Year,Debit Card,South,Standard,No,0,37770.6
CUST103835,53,5145.27,5,3,48.7,Month-to-Month,Cash,South,Standard,No,1,61743.24
CUST103836,15,1661.77,1,0,41.5,Month-to-Month,Net Banking,East,Premium,Yes,0,19941.24
CUST103837,44,3770.0,1,0,46.3,Two Year,UPI,South,Standard,Yes,1,45240.0
CUST103838,70,5478.19,4,2,38.9,Month-to-Month,Net Banking,West,Basic,No,1,65738.28
CUST103839,69,3232.73,2,0,56.4,Month-to-Month,UPI,East,Standard,No,0,38792.76
CUST103840,63,2909.6,2,2,15.2,Month-to-Month,Credit Card,South,Premium,No,0,34915.2
CUST103841,36,1915.47,2,3,31.9,Month-to-Month,Net Banking,North,Basic,Yes,0,22985.64
CUST103842,41,4390.58,3,3,67.5,One Year,Credit Card,North,Standard,No,1,52686.96
CUST103843,22,2352.86,3,0,31.2,Two Year,Debit Card,South,Basic,No,0,28234.32
CUST103844,67,3095.71,3,0,40.7,One Year,UPI,North,Premium,No,0,37148.52
CUST103845,35,1842.05,6,0,64.2,Month-to-Month,Cash,South,Standard,Yes,0,22104.6
CUST103846,56,4912.58,0,1,40.0,Two Year,UPI,East,Premium,No,1,58950.96
CUST103847,26,4470.37,4,2,28.7,One Year,Debit Card,West,Basic,Yes,1,53644.44
CUST103848,54,3165.26,2,0,61.2,Two Year,UPI,East,Basic,No,0,37983.12
CUST103849,17,1930.44,3,0,37.4,Month-to-Month,UPI,East,Standard,No,0,23165.28
CUST103850,53,4889.5,1,0,38.5,One Year,UPI,North,Basic,Yes,1,58674.0
CUST103851,4,2797.48,1,1,10.3,Month-to-Month,UPI,West,Basic,No,0,33569.76
CUST103852,8,1984.27,3,0,40.0,Month-to-Month,UPI,South,Basic,Yes,0,23811.24
CUST103853,26,1261.67,3,0,52.9,Two Year,UPI,East,Basic,No,0,15140.04
CUST103854,35,2489.44,3,3,35.1,One Year,Net Banking,East,Basic,No,0,29873.28
CUST103855,52,1599.9,3,0,21.5,One Year,UPI,North,Basic,No,0,19198.8
CUST103856,26,2514.9,2,1,34.3,Month-to-Month,Debit Card,East,Standard,No,0,30178.8
CUST103857,2,4018.85,1,0,32.2,Month-to-Month,Debit Card,West,Basic,Yes,1,48226.2
CUST103858,24,2787.06,2,2,37.9,Two Year,Net Banking,East,Standard,Yes,0,33444.72
CUST103859,32,3591.26,4,1,33.7,Month-to-Month,Credit Card,South,Standard,No,1,43095.12
CUST103860,40,2404.33,2,0,68.6,Month-to-Month,UPI,South,Basic,No,0,28851.96
CUST103861,47,3271.69,2,0,46.8,Month-to-Month,UPI,North,Basic,No,0,39260.28
CUST103862,18,5312.99,0,0,14.2,One Year,UPI,North,Premium,No,1,63755.88
CUST103863,44,2816.67,0,2,43.1,Month-to-Month,Credit Card,West,Basic,Yes,0,33800.04
CUST103864,46,3622.87,3,2,41.4,Month-to-Month,Debit Card,South,Premium,No,1,43474.44
CUST103865,56,1477.92,2,0,61.1,One Year,Net Banking,North,Basic,No,0,17735.04
CUST103866,38,4872.12,0,0,39.5,One Year,Net Banking,South,Basic,No,1,58465.44
CUST103867,59,2675.07,1,1,39.0,One Year,Net Banking,South,Premium,No,0,32100.84
CUST103868,16,4355.59,4,0,71.8,Month-to-Month,UPI,South,Standard,No,1,52267.08
CUST103869,52,3064.5,3,1,24.9,Month-to-Month,Net Banking,North,Standard,No,0,36774.0
CUST103870,4,3872.74,4,1,54.8,Month-to-Month,UPI,South,Standard,No,1,46472.88
CUST103871,8,3938.11,1,2,43.0,Month-to-Month,Net Banking,West,Premium,Yes,1,47257.32
CUST103872,63,2702.32,2,0,34.0,Month-to-Month,Credit Card,South,Basic,No,0,32427.84
CUST103873,35,4401.1,4,2,31.6,Two Year,Debit Card,South,Basic,No,1,52813.2
CUST103874,45,2365.12,2,1,63.7,Two Year,Debit Card,East,Basic,Yes,0,28381.44
CUST103875,44,4055.73,2,0,49.4,Month-to-Month,Debit Card,North,Standard,No,1,48668.76
CUST103876,51,2770.77,5,1,51.6,Month-to-Month,Credit Card,West,Basic,No,0,33249.24
CUST103877,18,3584.51,1,1,56.2,Month-to-Month,Cash,South,Standard,No,1,43014.12
CUST103878,13,2691.81,1,1,47.5,Month-to-Month,Credit Card,South,Basic,No,0,32301.72
CUST103879,4,3254.97,2,2,25.0,One Year,Net Banking,North,Basic,No,1,39059.64
CUST103880,63,2017.84,6,0,16.9,Month-to-Month,Credit Card,North,Basic,No,0,24214.08
CUST103881,17,3472.31,0,2,66.6,Month-to-Month,UPI,West,Premium,No,1,41667.72
CUST103882,42,3248.61,3,1,45.3,Month-to-Month,Credit Card,North,Standard,No,1,38983.32
CUST103883,33,2605.83,4,0,43.3,One Year,UPI,South,Basic,No,0,31269.96
CUST103884,12,3139.47,0,0,70.9,Month-to-Month,Credit Card,South,Standard,No,0,37673.64
CUST103885,30,3347.4,1,0,25.0,Month-to-Month,UPI,North,Standard,Yes,1,40168.8
CUST103886,6,2522.01,0,1,2.0,Month-to-Month,Net Banking,East,Premium,Yes,0,30264.12
CUST103887,13,3058.37,5,0,13.0,Month-to-Month,Debit Card,South,Basic,No,1,36700.44
CUST103888,11,2093.89,0,2,33.5,Month-to-Month,UPI,West,Basic,No,0,25126.68
CUST103889,60,5780.31,2,0,43.9,Month-to-Month,Debit Card,North,Basic,Yes,1,69363.72
CUST103890,41,4365.03,3,0,64.3,One Year,Cash,North,Premium,Yes,1,52380.36
CUST103891,67,3500.4,1,1,55.5,One Year,UPI,South,Premium,No,1,42004.8
CUST103892,32,4489.32,4,0,2.0,One Year,Credit Card,South,Basic,No,1,53871.84
CUST103893,15,1022.82,0,3,86.8,Month-to-Month,Net Banking,West,Standard,No,0,12273.84
CUST103894,44,700.0,1,1,35.4,One Year,UPI,East,Standard,No,0,8400.0
CUST103895,67,2760.78,0,1,61.6,One Year,Net Banking,South,Basic,Yes,0,33129.36
CUST103896,39,1683.58,2,4,50.7,Month-to-Month,Cash,North,Basic,No,0,20202.96
CUST103897,2,2939.73,0,1,42.1,Month-to-Month,Credit Card,South,Basic,No,1,35276.76
CUST103898,22,3426.22,0,1,38.2,Two Year,Credit Card,North,Standard,No,1,41114.64
CUST103899,67,4212.46,1,0,24.2,One Year,Cash,North,Premium,No,1,50549.52
CUST103900,38,1947.91,0,0,21.4,Month-to-Month,UPI,East,Basic,No,0,23374.92
CUST103901,69,3639.59,2,1,39.3,One Year,Credit Card,East,Basic,No,1,43675.08
CUST103902,37,3215.83,1,1,19.8,Month-to-Month,UPI,North,Standard,No,1,38589.96
CUST103903,1,3582.26,1,1,68.4,Month-to-Month,Net Banking,South,Standard,Yes,1,42987.12
CUST103904,63,2628.25,4,0,43.6,One Year,Debit Card,East,Basic,No,0,31539.0
CUST103905,55,4721.45,2,1,75.5,One Year,Net Banking,East,Basic,No,1,56657.4
CUST103906,52,3086.14,0,1,35.0,Month-to-Month,UPI,North,Basic,No,1,37033.68
CUST103907,70,5151.6,2,2,32.6,Month-to-Month,Debit Card,West,Basic,No,1,61819.2
CUST103908,15,2330.57,1,1,51.5,Two Year,Debit Card,South,Premium,Yes,0,27966.84
CUST103909,66,4017.11,2,1,37.9,One Year,UPI,South,Standard,No,1,48205.32
CUST103910,17,3134.36,0,0,57.6,Month-to-Month,Net Banking,South,Premium,Yes,0,37612.32
CUST103911,70,2839.48,3,0,65.0,Month-to-Month,UPI,South,Premium,Yes,0,34073.76
CUST103912,14,3895.55,2,1,59.6,Month-to-Month,UPI,West,Standard,Yes,1,46746.6
CUST103913,40,2870.91,2,1,63.8,Month-to-Month,UPI,East,Premium,No,0,34450.92
CUST103914,57,700.0,2,4,55.1,Month-to-Month,Net Banking,South,Basic,No,0,8400.0
CUST103915,6,700.0,3,0,33.2,Two Year,Debit Card,North,Standard,Yes,0,8400.0
CUST103916,5,4599.66,0,0,60.2,One Year,Net Banking,South,Premium,No,1,55195.92
CUST103917,62,4553.28,3,1,53.2,Two Year,Debit Card,North,Standard,No,1,54639.36
CUST103918,5,5276.08,2,2,32.1,Month-to-Month,Net Banking,East,Standard,No,1,63312.96
CUST103919,45,3180.72,1,3,34.1,Month-to-Month,Debit Card,East,Standard,No,1,38168.64
CUST103920,68,1778.1,1,0,40.5,Two Year,Net Banking,South,Basic,No,0,21337.2
CUST103921,45,2738.46,3,1,59.8,Two Year,Net Banking,West,Basic,No,0,32861.52
CUST103922,35,3212.57,2,2,43.9,Month-to-Month,Credit Card,West,Basic,Yes,1,38550.84
CUST103923,31,2092.26,0,0,41.9,Month-to-Month,UPI,South,Basic,Yes,0,25107.12
CUST103924,46,5013.43,6,0,39.5,One Year,Cash,South,Standard,No,1,60161.16
CUST103925,42,5663.45,3,1,36.3,Month-to-Month,Credit Card,North,Standard,Yes,1,67961.4
CUST103926,37,3726.11,5,0,23.4,Two Year,Net Banking,West,Premium,No,1,44713.32
CUST103927,12,3188.05,1,1,54.7,One Year,Credit Card,North,Standard,No,1,38256.6
CUST103928,48,1775.54,0,1,25.7,Month-to-Month,Credit Card,East,Premium,No,0,21306.48
CUST103929,54,4901.08,3,1,43.1,Month-to-Month,Credit Card,East,Basic,No,1,58812.96
CUST103930,52,3283.94,2,1,35.5,Month-to-Month,Credit Card,South,Basic,Yes,0,39407.28
CUST103931,6,2881.92,3,2,54.3,One Year,Debit Card,North,Basic,No,0,34583.04
CUST103932,51,3729.29,2,2,36.5,Month-to-Month,Net Banking,East,Basic,No,1,44751.48
CUST103933,53,2555.72,3,0,25.9,Month-to-Month,Debit Card,South,Standard,Yes,0,30668.64
CUST103934,14,3361.56,1,2,57.8,Month-to-Month,Credit Card,North,Standard,No,1,40338.72
CUST103935,62,1613.29,3,0,28.8,Month-to-Month,Credit Card,West,Premium,No,0,19359.48
CUST103936,38,4395.8,2,0,44.5,One Year,Credit Card,South,Basic,No,1,52749.6
CUST103937,35,3085.15,6,1,62.4,Month-to-Month,UPI,East,Premium,No,0,37021.8
CUST103938,53,4474.68,3,3,30.3,Month-to-Month,Net Banking,South,Standard,No,1,53696.16
CUST103939,37,2978.75,1,1,40.3,Month-to-Month,Net Banking,North,Premium,Yes,0,35745.0
CUST103940,40,3050.18,2,0,35.1,Two Year,UPI,North,Standard,No,0,36602.16
CUST103941,23,1866.45,5,1,44.1,Month-to-Month,Debit Card,South,Basic,No,0,22397.4
CUST103942,67,4035.73,1,0,40.9,Month-to-Month,UPI,North,Standard,No,1,48428.76
CUST103943,70,2236.58,4,3,56.7,Month-to-Month,Cash,West,Premium,No,0,26838.96
CUST103944,10,2664.94,3,2,32.1,Month-to-Month,UPI,North,Basic,Yes,0,31979.28
CUST103945,53,3201.15,3,1,41.5,One Year,Net Banking,North,Standard,Yes,0,38413.8
CUST103946,2,3333.35,2,2,67.7,Month-to-Month,Debit Card,West,Basic,No,1,40000.2
CUST103947,27,1323.29,2,1,46.1,Two Year,Cash,West,Basic,Yes,0,15879.48
CUST103948,70,2946.11,2,3,29.4,One Year,Debit Card,West,Standard,No,0,35353.32
CUST103949,13,4074.75,3,1,41.3,One Year,Debit Card,North,Basic,Yes,1,48897.0
CUST103950,28,2783.83,5,2,40.0,Month-to-Month,Credit Card,North,Basic,No,0,33405.96
CUST103951,16,2952.8,2,1,70.4,Month-to-Month,Credit Card,East,Basic,Yes,0,35433.6
CUST103952,53,3378.65,2,0,40.3,Month-to-Month,UPI,West,Basic,Yes,0,40543.8
CUST103953,34,3061.44,2,3,64.1,Two Year,Cash,South,Basic,No,0,36737.28
CUST103954,43,2066.43,2,1,43.8,Two Year,Debit Card,West,Basic,Yes,0,24797.16
CUST103955,68,3160.02,3,1,42.7,Month-to-Month,Debit Card,West,Standard,No,1,37920.24
CUST103956,38,4293.48,1,1,36.3,Two Year,UPI,South,Standard,Yes,1,51521.76
CUST103957,53,2043.71,2,0,37.8,One Year,Credit Card,East,Basic,No,0,24524.52
CUST103958,8,2788.07,0,1,56.2,One Year,UPI,North,Basic,No,0,33456.84
CUST103959,16,1680.21,2,1,30.3,Two Year,UPI,South,Basic,No,0,20162.52
CUST103960,69,4235.52,1,0,57.4,Two Year,Debit Card,North,Basic,No,1,50826.24
CUST103961,62,3098.41,3,2,65.1,Month-to-Month,UPI,South,Basic,No,0,37180.92
CUST103962,48,2264.78,2,0,32.5,Month-to-Month,Debit Card,North,Basic,No,0,27177.36
CUST103963,28,3301.49,1,3,61.3,One Year,Credit Card,East,Basic,No,0,39617.88
CUST103964,15,1876.04,2,3,58.8,Month-to-Month,Credit Card,West,Standard,Yes,0,22512.48
CUST103965,62,2063.15,2,0,55.9,Month-to-Month,Debit Card,North,Basic,No,0,24757.8
CUST103966,57,1593.85,1,1,31.8,One Year,Debit Card,South,Standard,No,0,19126.2
CUST103967,18,2026.54,0,3,40.1,Month-to-Month,Credit Card,East,Premium,Yes,0,24318.48
CUST103968,43,4693.07,3,1,40.1,Month-to-Month,Cash,North,Basic,No,1,56316.84
CUST103969,45,2393.57,3,2,75.5,Month-to-Month,Credit Card,South,Basic,No,0,28722.84
CUST103970,35,3712.85,3,1,41.8,One Year,Debit Card,North,Standard,No,1,44554.2
CUST103971,67,2280.07,5,1,39.1,Month-to-Month,Net Banking,East,Basic,No,0,27360.84
CUST103972,9,4035.49,4,0,23.6,Two Year,UPI,West,Standard,No,1,48425.88
CUST103973,19,2071.31,1,1,26.5,One Year,Credit Card,South,Standard,No,0,24855.72
CUST103974,7,3243.15,1,0,31.1,Month-to-Month,UPI,East,Premium,No,1,38917.8
CUST103975,50,3258.14,0,1,47.8,Month-to-Month,Credit Card,East,Premium,Yes,0,39097.68
CUST103976,47,5760.59,3,0,19.2,Month-to-Month,UPI,West,Basic,Yes,1,69127.08
CUST103977,72,3893.47,0,1,31.3,Month-to-Month,Net Banking,East,Premium,Yes,1,46721.64
CUST103978,40,2547.81,2,1,12.2,Month-to-Month,UPI,North,Basic,No,0,30573.72
CUST103979,11,3953.55,1,1,64.4,Month-to-Month,UPI,North,Standard,No,1,47442.6
CUST103980,33,5551.99,2,1,43.7,Month-to-Month,UPI,North,Standard,Yes,1,66623.88
CUST103981,7,1407.4,1,0,47.0,Month-to-Month,Net Banking,North,Basic,Yes,0,16888.8
CUST103982,49,2273.27,2,1,24.6,Month-to-Month,UPI,South,Basic,No,0,27279.24
CUST103983,49,2939.41,4,3,60.6,Two Year,Debit Card,South,Standard,No,0,35272.92
CUST103984,62,2741.2,0,1,66.0,Two Year,UPI,East,Basic,No,0,32894.4
CUST103985,25,2833.97,2,2,43.1,Month-to-Month,UPI,North,Standard,Yes,0,34007.64
CUST103986,23,1765.34,3,2,34.3,One Year,Net Banking,West,Premium,No,0,21184.08
CUST103987,6,4744.35,1,2,50.8,Month-to-Month,Debit Card,North,Basic,Yes,1,56932.2
CUST103988,30,1635.13,5,0,53.8,One Year,Debit Card,East,Basic,No,0,19621.56
CUST103989,35,2979.77,0,0,55.9,One Year,Cash,East,Basic,No,0,35757.24
CUST103990,55,4350.41,0,2,52.6,One Year,Net Banking,East,Basic,Yes,1,52204.92
CUST103991,55,3166.8,2,2,57.4,One Year,Net Banking,North,Basic,Yes,1,38001.6
CUST103992,11,2122.67,3,1,30.9,Two Year,UPI,East,Basic,No,0,25472.04
CUST103993,21,1716.46,1,0,56.6,Month-to-Month,UPI,West,Standard,Yes,0,20597.52
CUST103994,37,2947.0,3,0,34.7,One Year,Cash,West,Standard,No,0,35364.0
CUST103995,25,2367.27,1,2,2.0,Month-to-Month,Debit Card,North,Basic,Yes,0,28407.24
CUST103996,2,3425.75,1,1,34.6,Month-to-Month,Debit Card,South,Standard,No,1,41109.0
CUST103997,61,1658.4,1,0,33.1,One Year,Credit Card,West,Standard,No,0,19900.8
CUST103998,53,4094.34,3,3,45.9,Month-to-Month,Net Banking,North,Standard,Yes,1,49132.08
CUST103999,38,3327.1,2,0,55.4,Month-to-Month,Debit Card,East,Standard,No,1,39925.2
CUST104000,23,3408.82,1,1,45.1,Month-to-Month,UPI,West,Standard,No,1,40905.84
CUST104001,61,4785.18,1,0,74.1,Two Year,UPI,South,Standard,Yes,1,57422.16
CUST104002,3,2718.42,1,2,33.6,Month-to-Month,Credit Card,North,Basic,No,0,32621.04
CUST104003,33,2401.6,2,1,10.2,Month-to-Month,Net Banking,South,Basic,No,0,28819.2
CUST104004,58,2597.46,1,1,46.4,Month-to-Month,Credit Card,South,Basic,Yes,0,31169.52
CUST104005,69,2988.22,3,3,33.3,Two Year,Net Banking,South,Basic,No,0,35858.64
CUST104006,19,3099.94,4,2,24.6,Month-to-Month,Debit Card,South,Standard,Yes,0,37199.28
CUST104007,47,2286.23,1,0,37.2,Month-to-Month,Cash,South,Standard,No,0,27434.76
CUST104008,14,974.61,1,2,29.5,Month-to-Month,Net Banking,North,Basic,No,0,11695.32
CUST104009,9,2582.98,3,2,31.0,One Year,Credit Card,North,Premium,Yes,0,30995.76
CUST104010,26,3595.81,0,1,66.4,Two Year,Debit Card,South,Basic,Yes,1,43149.72
CUST104011,64,3349.88,4,1,44.0,Month-to-Month,Debit Card,North,Basic,No,0,40198.56
CUST104012,50,4519.51,2,2,37.8,Month-to-Month,UPI,West,Standard,No,1,54234.12
CUST104013,36,5351.04,2,0,67.6,Month-to-Month,UPI,South,Basic,No,1,64212.48
CUST104014,21,4035.27,0,1,37.3,Month-to-Month,Net Banking,North,Premium,No,1,48423.24
CUST104015,11,4720.77,2,1,22.3,Two Year,Net Banking,East,Standard,No,1,56649.24
CUST104016,20,4043.45,3,1,20.8,Month-to-Month,Credit Card,South,Basic,Yes,1,48521.4
CUST104017,11,5080.89,1,4,40.7,One Year,Credit Card,West,Basic,No,1,60970.68
CUST104018,14,5235.94,2,1,15.7,Month-to-Month,Net Banking,North,Basic,No,1,62831.28
CUST104019,50,4246.28,2,0,23.2,Month-to-Month,UPI,South,Standard,Yes,1,50955.36
CUST104020,10,3977.02,1,0,35.9,One Year,Cash,North,Standard,No,1,47724.24
CUST104021,4,2974.24,1,0,60.1,One Year,UPI,East,Basic,No,0,35690.88
CUST104022,40,3154.53,2,3,62.7,Month-to-Month,UPI,South,Standard,No,0,37854.36
CUST104023,21,2828.38,2,3,52.6,Two Year,UPI,North,Basic,Yes,0,33940.56
CUST104024,33,3883.38,1,1,41.9,Month-to-Month,UPI,South,Basic,No,1,46600.56
CUST104025,11,2407.62,1,0,32.9,Two Year,UPI,West,Basic,No,0,28891.44
CUST104026,16,2989.78,4,0,48.2,Month-to-Month,Debit Card,West,Basic,No,1,35877.36
CUST104027,32,700.0,2,0,70.5,Month-to-Month,UPI,North,Premium,Yes,0,8400.0
CUST104028,50,5095.4,3,3,44.3,Two Year,Cash,North,Standard,No,1,61144.8
CUST104029,30,2957.48,0,1,34.6,Month-to-Month,Credit Card,East,Premium,No,0,35489.76
CUST104030,40,3701.14,0,1,39.5,Month-to-Month,Credit Card,South,Standard,No,1,44413.68
CUST104031,38,4803.57,2,4,37.7,One Year,Debit Card,East,Basic,No,1,57642.84
CUST104032,20,3530.32,2,1,50.8,Month-to-Month,UPI,West,Basic,Yes,1,42363.84
CUST104033,21,4788.78,1,1,29.8,One Year,Debit Card,North,Standard,No,1,57465.36
CUST104034,31,1834.09,2,4,48.5,Month-to-Month,UPI,South,Basic,No,0,22009.08
CUST104035,3,5837.11,2,0,51.1,Month-to-Month,Net Banking,North,Standard,No,1,70045.32
CUST104036,50,4395.82,3,1,47.5,Month-to-Month,Credit Card,East,Premium,No,1,52749.84
CUST104037,45,3430.12,1,2,24.6,Month-to-Month,UPI,South,Basic,Yes,1,41161.44
CUST104038,23,4767.59,2,0,39.6,Month-to-Month,Debit Card,West,Premium,No,1,57211.08
CUST104039,27,1914.5,3,0,33.6,Month-to-Month,UPI,South,Premium,No,0,22974.0
CUST104040,24,2882.52,1,1,40.8,One Year,Cash,East,Basic,Yes,0,34590.24
CUST104041,47,4788.68,2,1,31.3,Month-to-Month,Credit Card,East,Standard,No,1,57464.16
CUST104042,55,1146.23,3,2,61.9,Month-to-Month,Credit Card,East,Basic,No,0,13754.76
CUST104043,8,3816.5,0,1,45.0,One Year,Credit Card,South,Basic,No,1,45798.0
CUST104044,30,3785.39,3,0,16.1,Month-to-Month,Credit Card,South,Basic,No,1,45424.68
CUST104045,1,5366.15,2,1,20.7,Two Year,Net Banking,North,Basic,Yes,1,64393.8
CUST104046,33,1458.75,3,3,61.3,Month-to-Month,Credit Card,East,Standard,No,0,17505.0
CUST104047,18,4970.59,2,2,39.1,Two Year,Debit Card,East,Premium,No,1,59647.08
CUST104048,25,2584.58,5,4,35.8,Two Year,UPI,East,Basic,No,0,31014.96
CUST104049,33,2708.29,3,3,60.1,Month-to-Month,Net Banking,West,Basic,No,0,32499.48
CUST104050,24,1855.8,4,1,39.6,One Year,Credit Card,South,Standard,Yes,0,22269.6
CUST104051,29,2003.36,1,0,22.9,Month-to-Month,Credit Card,North,Standard,No,0,24040.32
CUST104052,56,3643.87,4,3,24.0,Month-to-Month,UPI,North,Basic,No,1,43726.44
CUST104053,59,1976.43,1,1,52.0,Month-to-Month,UPI,North,Premium,No,0,23717.16
CUST104054,1,4014.31,7,1,74.5,Month-to-Month,Credit Card,South,Standard,No,1,48171.72
CUST104055,28,2470.74,3,3,55.4,Month-to-Month,Net Banking,North,Basic,Yes,0,29648.88
CUST104056,61,1865.66,4,1,35.9,Two Year,Debit Card,West,Standard,No,0,22387.92
CUST104057,39,2619.41,1,2,38.4,Month-to-Month,UPI,South,Basic,No,0,31432.92
CUST104058,15,3570.38,3,0,42.8,One Year,Debit Card,West,Basic,No,1,42844.56
CUST104059,43,2894.91,0,2,9.7,Two Year,Credit Card,South,Basic,No,0,34738.92
CUST104060,11,3237.63,2,3,42.4,Month-to-Month,UPI,South,Basic,No,1,38851.56
CUST104061,2,3965.83,0,1,51.3,Month-to-Month,Net Banking,East,Premium,No,1,47589.96
CUST104062,46,4390.66,1,2,70.4,One Year,UPI,South,Standard,Yes,1,52687.92
CUST104063,38,2858.9,4,1,59.5,Two Year,Debit Card,South,Premium,Yes,0,34306.8
CUST104064,55,2051.36,3,1,72.9,Two Year,Net Banking,East,Standard,No,0,24616.32
CUST104065,25,3283.7,2,1,68.9,Month-to-Month,UPI,West,Standard,Yes,1,39404.4
CUST104066,62,3717.71,3,1,64.3,Two Year,Debit Card,East,Standard,No,1,44612.52
CUST104067,31,1593.2,4,1,42.4,Month-to-Month,UPI,South,Basic,No,0,19118.4
CUST104068,54,2220.33,1,0,47.5,Month-to-Month,Net Banking,West,Basic,Yes,0,26643.96
CUST104069,8,2408.89,3,0,15.3,Month-to-Month,UPI,East,Basic,No,0,28906.68
CUST104070,7,2971.4,1,0,44.1,One Year,UPI,South,Standard,No,0,35656.8
CUST104071,57,2362.86,1,0,51.1,Month-to-Month,UPI,West,Premium,No,0,28354.32
CUST104072,61,3977.74,1,1,37.5,One Year,Credit Card,South,Basic,No,1,47732.88
CUST104073,68,1434.35,1,0,17.3,Month-to-Month,UPI,South,Basic,Yes,0,17212.2
CUST104074,24,1462.31,2,1,67.3,Month-to-Month,Credit Card,East,Premium,No,0,17547.72
CUST104075,2,2832.72,3,2,48.5,Two Year,Net Banking,South,Basic,Yes,0,33992.64
CUST104076,71,3006.78,0,0,69.5,One Year,UPI,South,Basic,No,0,36081.36
CUST104077,44,1599.89,0,1,53.9,Month-to-Month,UPI,South,Basic,No,0,19198.68
CUST104078,18,2532.58,3,1,63.9,One Year,UPI,West,Basic,No,0,30390.96
CUST104079,55,2758.85,6,2,60.6,Month-to-Month,Debit Card,South,Basic,Yes,0,33106.2
CUST104080,66,2767.37,5,2,31.1,Month-to-Month,Debit Card,West,Standard,Yes,0,33208.44
CUST104081,21,3367.07,3,0,33.9,Month-to-Month,Net Banking,West,Basic,Yes,1,40404.84
CUST104082,56,2472.26,2,1,35.1,Two Year,Net Banking,South,Standard,No,0,29667.12
CUST104083,57,4825.62,2,1,26.5,Month-to-Month,Debit Card,South,Standard,No,1,57907.44
CUST104084,37,3737.03,1,0,70.2,Month-to-Month,UPI,East,Basic,Yes,1,44844.36
CUST104085,46,2312.18,2,1,42.7,One Year,Net Banking,West,Premium,No,0,27746.16
CUST104086,20,3303.96,1,0,49.4,Month-to-Month,UPI,South,Premium,Yes,1,39647.52
CUST104087,67,3336.42,0,0,20.7,Month-to-Month,Debit Card,North,Premium,No,0,40037.04
CUST104088,71,4536.19,1,0,55.1,Month-to-Month,Net Banking,North,Basic,No,1,54434.28
CUST104089,71,2539.58,3,0,35.4,Two Year,UPI,South,Standard,No,0,30474.96
CUST104090,54,4044.07,3,0,62.2,Month-to-Month,Credit Card,South,Standard,No,1,48528.84
CUST104091,4,3246.04,0,2,31.0,Month-to-Month,UPI,South,Basic,No,1,38952.48
CUST104092,27,4840.72,6,0,63.3,Month-to-Month,Net Banking,South,Standard,Yes,1,58088.64
CUST104093,33,4619.98,0,0,57.1,Month-to-Month,Credit Card,East,Standard,No,1,55439.76
CUST104094,70,3416.68,0,1,34.5,Month-to-Month,Credit Card,South,Basic,No,1,41000.16
CUST104095,40,2911.49,3,1,64.7,One Year,Credit Card,South,Standard,Yes,0,34937.88
CUST104096,39,3757.27,2,1,60.4,Month-to-Month,Net Banking,South,Premium,No,1,45087.24
CUST104097,11,3001.5,1,0,49.8,One Year,Debit Card,South,Standard,No,0,36018.0
CUST104098,58,5048.34,3,2,26.1,Month-to-Month,Debit Card,South,Premium,No,1,60580.08
CUST104099,25,3286.32,1,1,54.8,Month-to-Month,Cash,East,Basic,Yes,0,39435.84
CUST104100,7,2753.79,1,0,43.1,Month-to-Month,UPI,East,Standard,No,0,33045.48
CUST104101,72,2694.42,1,2,42.8,One Year,UPI,South,Standard,No,0,32333.04
CUST104102,14,1865.66,3,1,43.2,One Year,Debit Card,East,Basic,No,0,22387.92
CUST104103,2,3812.22,4,2,41.5,Month-to-Month,UPI,West,Basic,No,1,45746.64
CUST104104,6,2297.99,2,2,28.2,One Year,Debit Card,West,Basic,No,0,27575.88
CUST104105,33,4407.96,3,1,17.8,Month-to-Month,Cash,West,Standard,No,1,52895.52
CUST104106,8,1777.77,3,2,14.5,Two Year,Credit Card,East,Basic,No,0,21333.24
CUST104107,61,3339.97,1,1,46.8,One Year,UPI,South,Basic,No,1,40079.64
CUST104108,37,4465.25,3,5,3.2,Month-to-Month,Cash,West,Premium,No,1,53583.0
CUST104109,24,832.53,5,1,53.6,Month-to-Month,Credit Card,North,Premium,No,0,9990.36
CUST104110,1,5420.09,2,2,50.1,Month-to-Month,UPI,South,Standard,No,1,65041.08
CUST104111,35,2732.19,3,0,37.2,Month-to-Month,Credit Card,North,Standard,No,0,32786.28
CUST104112,11,3355.2,7,0,58.4,Month-to-Month,UPI,South,Standard,Yes,1,40262.4
CUST104113,71,3828.59,4,0,37.8,Month-to-Month,UPI,East,Standard,No,1,45943.08
CUST104114,21,3998.74,2,1,48.7,One Year,UPI,South,Standard,Yes,1,47984.88
CUST104115,35,3501.27,1,0,10.7,Month-to-Month,Credit Card,West,Standard,No,1,42015.24
CUST104116,2,4297.12,1,1,6.1,Month-to-Month,Credit Card,East,Basic,No,1,51565.44
CUST104117,10,3770.98,0,1,38.2,Month-to-Month,Net Banking,West,Basic,No,1,45251.76
CUST104118,15,5136.97,2,1,48.8,Month-to-Month,Debit Card,East,Standard,Yes,1,61643.64
CUST104119,4,3774.56,0,3,57.2,Month-to-Month,Net Banking,East,Standard,Yes,1,45294.72
CUST104120,53,5361.1,1,0,39.2,One Year,Net Banking,West,Premium,Yes,1,64333.2
CUST104121,69,4191.19,3,3,45.9,Month-to-Month,UPI,West,Basic,No,1,50294.28
CUST104122,71,1213.67,0,4,54.6,Month-to-Month,UPI,East,Standard,Yes,0,14564.04
CUST104123,20,6072.21,2,0,40.0,Two Year,Debit Card,North,Standard,Yes,1,72866.52
CUST104124,57,2568.22,1,2,51.4,Month-to-Month,UPI,North,Standard,Yes,0,30818.64
CUST104125,37,4845.1,1,0,23.9,Month-to-Month,Credit Card,North,Standard,No,1,58141.2
CUST104126,4,3229.47,2,1,15.5,Month-to-Month,UPI,North,Premium,No,1,38753.64
CUST104127,7,4367.2,1,2,33.5,Month-to-Month,Credit Card,South,Standard,No,1,52406.4
CUST104128,40,2442.67,3,1,54.4,One Year,Credit Card,South,Premium,No,0,29312.04
CUST104129,31,3888.32,4,2,30.6,One Year,Net Banking,East,Standard,Yes,1,46659.84
CUST104130,1,2921.49,3,0,52.4,Month-to-Month,Debit Card,West,Basic,No,0,35057.88
CUST104131,67,4936.9,3,1,25.6,Month-to-Month,Credit Card,South,Standard,No,1,59242.8
CUST104132,53,3682.53,4,1,32.7,Month-to-Month,Credit Card,West,Standard,Yes,1,44190.36
CUST104133,37,4229.54,2,0,45.9,Month-to-Month,Debit Card,West,Premium,Yes,1,50754.48
CUST104134,72,819.52,3,0,31.3,Two Year,UPI,East,Standard,No,0,9834.24
CUST104135,70,3105.87,0,2,34.0,Month-to-Month,Net Banking,West,Standard,Yes,0,37270.44
CUST104136,71,3651.61,2,1,2.0,Two Year,Credit Card,West,Standard,No,1,43819.32
CUST104137,19,3445.98,4,3,55.4,Month-to-Month,Debit Card,South,Standard,No,1,41351.76
CUST104138,64,4257.27,2,2,40.1,Month-to-Month,UPI,South,Premium,Yes,1,51087.24
CUST104139,37,2797.51,4,1,26.9,Month-to-Month,UPI,South,Basic,Yes,0,33570.12
CUST104140,53,3253.67,1,0,71.3,Two Year,Debit Card,South,Premium,Yes,0,39044.04
CUST104141,62,4499.35,1,2,29.4,Month-to-Month,Net Banking,West,Premium,Yes,1,53992.2
CUST104142,12,700.0,1,1,33.8,One Year,Credit Card,North,Premium,No,0,8400.0
CUST104143,33,3848.29,1,1,26.6,Month-to-Month,Cash,South,Basic,No,1,46179.48
CUST104144,10,2832.73,2,2,59.7,Month-to-Month,Net Banking,West,Premium,Yes,0,33992.76
CUST104145,21,2196.45,1,1,64.9,Month-to-Month,Credit Card,West,Basic,No,0,26357.4
CUST104146,30,3570.2,0,1,63.3,Month-to-Month,Debit Card,South,Basic,No,0,42842.4
CUST104147,62,4550.2,4,1,63.2,One Year,Debit Card,East,Basic,Yes,1,54602.4
CUST104148,63,4343.06,1,1,32.4,Month-to-Month,Credit Card,North,Basic,Yes,1,52116.72
CUST104149,29,3051.38,0,0,68.8,Month-to-Month,UPI,South,Basic,Yes,0,36616.56
CUST104150,24,4163.32,0,1,38.9,Month-to-Month,Net Banking,West,Premium,No,1,49959.84
CUST104151,39,4154.87,3,0,17.3,One Year,Credit Card,East,Standard,Yes,1,49858.44
CUST104152,66,3103.89,0,0,35.2,Month-to-Month,Net Banking,West,Standard,Yes,0,37246.68
CUST104153,71,2437.61,4,4,47.2,Month-to-Month,Credit Card,North,Premium,No,0,29251.32
CUST104154,17,2501.24,2,1,31.7,Two Year,UPI,South,Premium,Yes,0,30014.88
CUST104155,14,4121.64,2,2,44.4,Month-to-Month,UPI,East,Premium,Yes,1,49459.68
CUST104156,51,3153.64,4,1,50.6,Two Year,UPI,North,Premium,No,1,37843.68
CUST104157,22,2049.2,1,1,48.6,Two Year,Net Banking,West,Premium,No,0,24590.4
CUST104158,15,1346.65,1,1,52.5,Month-to-Month,UPI,South,Basic,Yes,0,16159.8
CUST104159,3,4115.01,3,1,39.1,Month-to-Month,Net Banking,West,Standard,Yes,1,49380.12
CUST104160,30,2598.54,3,2,30.4,One Year,Debit Card,South,Basic,No,0,31182.48
CUST104161,29,3563.43,1,2,18.5,Two Year,Credit Card,West,Basic,No,1,42761.16
CUST104162,41,4563.68,2,0,40.6,Month-to-Month,Credit Card,West,Basic,No,1,54764.16
CUST104163,15,1760.18,2,1,33.4,Two Year,Cash,West,Standard,Yes,0,21122.16
CUST104164,52,3150.35,1,0,40.1,Month-to-Month,UPI,East,Premium,No,0,37804.2
CUST104165,49,3012.24,2,2,8.9,Month-to-Month,Credit Card,South,Standard,Yes,0,36146.88
CUST104166,34,3617.72,0,1,17.7,Two Year,Credit Card,South,Standard,No,1,43412.64
CUST104167,14,4563.08,2,2,50.2,Month-to-Month,Cash,East,Basic,No,1,54756.96
CUST104168,37,1737.6,2,0,15.8,One Year,Cash,South,Basic,No,0,20851.2
CUST104169,49,3826.78,5,1,39.0,Month-to-Month,Net Banking,South,Premium,No,1,45921.36
CUST104170,27,4334.68,4,1,28.7,Month-to-Month,Credit Card,South,Basic,No,1,52016.16
CUST104171,19,2994.99,1,2,27.7,Two Year,Net Banking,South,Standard,No,0,35939.88
CUST104172,37,3048.81,2,2,43.4,Month-to-Month,Credit Card,West,Basic,No,0,36585.72
CUST104173,26,3660.29,3,0,42.5,One Year,Debit Card,East,Basic,No,1,43923.48
CUST104174,29,3579.3,3,2,50.7,Two Year,Cash,East,Standard,Yes,1,42951.6
CUST104175,26,3840.59,4,0,24.4,One Year,UPI,East,Standard,No,1,46087.08
CUST104176,22,3817.41,2,1,27.8,Two Year,Net Banking,West,Basic,No,1,45808.92
CUST104177,52,2119.83,2,2,60.0,Two Year,Credit Card,North,Standard,Yes,0,25437.96
CUST104178,34,4289.29,2,2,38.4,Month-to-Month,Net Banking,East,Basic,No,1,51471.48
CUST104179,34,4483.46,2,1,47.9,One Year,Debit Card,North,Standard,Yes,1,53801.52
CUST104180,48,3404.69,4,2,34.0,Month-to-Month,UPI,North,Standard,Yes,1,40856.28
CUST104181,27,1556.43,2,0,49.3,One Year,Net Banking,South,Standard,Yes,0,18677.16
CUST104182,8,3073.78,2,1,2.2,One Year,UPI,South,Standard,Yes,0,36885.36
CUST104183,62,3413.85,0,1,60.4,Month-to-Month,UPI,East,Basic,No,1,40966.2
CUST104184,5,1940.94,0,2,34.7,One Year,UPI,West,Standard,Yes,0,23291.28
CUST104185,42,2803.85,3,2,22.0,Month-to-Month,Net Banking,West,Basic,No,0,33646.2
CUST104186,20,1649.69,5,1,25.0,One Year,Net Banking,East,Basic,No,0,19796.28
CUST104187,16,3868.02,4,1,37.8,Month-to-Month,Debit Card,North,Basic,No,1,46416.24
CUST104188,4,3382.55,4,4,40.2,Month-to-Month,UPI,North,Standard,No,1,40590.6
CUST104189,65,1389.64,3,3,44.3,One Year,Credit Card,North,Premium,No,0,16675.68
CUST104190,31,3586.61,0,0,22.9,Month-to-Month,UPI,South,Basic,Yes,1,43039.32
CUST104191,25,3137.84,2,4,55.9,Two Year,UPI,South,Standard,No,0,37654.08
CUST104192,54,3768.06,4,1,33.6,One Year,Net Banking,South,Standard,No,1,45216.72
CUST104193,3,2769.31,1,0,32.8,Two Year,UPI,North,Basic,No,0,33231.72
CUST104194,41,2318.37,1,0,38.4,One Year,UPI,North,Standard,Yes,0,27820.44
CUST104195,36,2352.07,0,0,52.6,Two Year,UPI,North,Premium,No,0,28224.84
CUST104196,40,2608.01,3,1,41.5,Month-to-Month,Cash,North,Premium,No,0,31296.12
CUST104197,9,3220.71,4,3,33.3,One Year,Credit Card,North,Standard,No,1,38648.52
CUST104198,69,3362.75,1,3,36.8,Month-to-Month,Debit Card,North,Standard,No,1,40353.0
CUST104199,18,2990.21,6,1,61.5,Month-to-Month,UPI,South,Basic,Yes,0,35882.52
CUST104200,49,2734.35,2,0,58.9,Two Year,Credit Card,East,Basic,No,0,32812.2
CUST104201,54,2813.46,1,0,47.9,One Year,Net Banking,South,Standard,Yes,0,33761.52
CUST104202,25,5958.5,3,1,44.4,One Year,UPI,South,Basic,No,1,71502.0
CUST104203,10,2352.2,2,1,79.0,One Year,UPI,East,Standard,Yes,0,28226.4
CUST104204,22,2586.23,2,0,49.4,Month-to-Month,Credit Card,East,Basic,No,0,31034.76
CUST104205,59,6823.24,1,1,44.9,Two Year,Net Banking,East,Standard,No,1,81878.88
CUST104206,66,3663.11,4,3,38.8,Month-to-Month,Debit Card,South,Standard,No,1,43957.32
CUST104207,68,1682.02,3,0,47.7,Month-to-Month,Net Banking,West,Premium,No,0,20184.24
CUST104208,17,4126.96,1,2,2.0,Month-to-Month,Credit Card,North,Basic,No,1,49523.52
CUST104209,44,2198.96,1,0,58.4,Two Year,Debit Card,West,Premium,Yes,0,26387.52
CUST104210,11,4199.97,1,2,21.7,Month-to-Month,Credit Card,East,Standard,Yes,1,50399.64
CUST104211,52,2967.94,0,3,30.5,Month-to-Month,UPI,South,Standard,Yes,0,35615.28
CUST104212,30,2716.22,2,1,19.6,Month-to-Month,Credit Card,North,Standard,Yes,0,32594.64
CUST104213,52,4970.08,3,1,30.2,Month-to-Month,UPI,North,Basic,No,1,59640.96
CUST104214,50,3823.04,5,0,36.6,Month-to-Month,UPI,East,Basic,No,1,45876.48
CUST104215,72,4270.29,5,0,56.2,Month-to-Month,Cash,West,Standard,No,1,51243.48
CUST104216,36,3678.41,0,1,62.6,Month-to-Month,Cash,West,Premium,No,1,44140.92
CUST104217,25,2711.11,1,0,73.1,Month-to-Month,Net Banking,West,Premium,No,0,32533.32
CUST104218,38,3872.49,2,1,43.6,Month-to-Month,UPI,South,Basic,No,1,46469.88
CUST104219,12,4530.14,1,0,38.5,Month-to-Month,UPI,South,Basic,No,1,54361.68
CUST104220,9,3348.21,2,3,54.5,Month-to-Month,UPI,East,Standard,Yes,1,40178.52
CUST104221,38,5181.81,4,1,28.3,Two Year,Net Banking,South,Standard,Yes,1,62181.72
CUST104222,60,4135.54,2,2,26.5,Month-to-Month,UPI,South,Basic,No,1,49626.48
CUST104223,39,3433.18,3,1,36.1,Month-to-Month,UPI,South,Standard,No,1,41198.16
CUST104224,57,3476.64,4,2,41.5,Month-to-Month,Debit Card,South,Standard,No,1,41719.68
CUST104225,13,3350.96,2,1,8.9,Two Year,Credit Card,West,Premium,No,1,40211.52
CUST104226,33,1823.64,4,1,59.1,Two Year,Debit Card,North,Basic,No,0,21883.68
CUST104227,45,3100.92,2,0,45.8,Month-to-Month,Debit Card,North,Premium,Yes,1,37211.04
CUST104228,26,3443.31,4,1,54.8,Month-to-Month,Debit Card,North,Premium,No,1,41319.72
CUST104229,2,2742.31,2,1,16.9,Month-to-Month,Net Banking,East,Basic,No,0,32907.72
CUST104230,6,3571.44,5,1,31.4,Month-to-Month,UPI,South,Premium,No,1,42857.28
CUST104231,67,3223.44,0,0,30.5,Month-to-Month,UPI,South,Standard,Yes,1,38681.28
CUST104232,44,4051.06,2,1,38.8,Month-to-Month,Credit Card,South,Standard,No,1,48612.72
CUST104233,20,3929.42,1,1,41.5,Month-to-Month,Credit Card,North,Standard,Yes,1,47153.04
CUST104234,19,3383.87,1,1,55.9,Month-to-Month,Credit Card,West,Standard,No,1,40606.44
CUST104235,3,1696.07,1,0,43.6,Month-to-Month,Credit Card,North,Basic,No,0,20352.84
CUST104236,69,5169.8,4,1,30.1,Month-to-Month,Credit Card,East,Basic,No,1,62037.6
CUST104237,8,3043.92,0,3,77.0,Month-to-Month,Credit Card,East,Standard,No,1,36527.04
CUST104238,55,3111.02,2,2,37.8,Two Year,Cash,South,Basic,No,1,37332.24
CUST104239,18,2823.23,2,1,27.5,Month-to-Month,UPI,East,Standard,No,0,33878.76
CUST104240,25,2662.75,3,1,11.8,Month-to-Month,Cash,North,Premium,No,0,31953.0
CUST104241,20,4898.46,1,4,43.4,Two Year,Debit Card,South,Standard,No,1,58781.52
CUST104242,60,4724.65,3,1,53.1,Month-to-Month,UPI,East,Standard,No,1,56695.8
CUST104243,3,3688.83,2,1,23.8,Month-to-Month,UPI,North,Premium,No,1,44265.96
CUST104244,26,3081.75,1,2,52.0,One Year,Debit Card,East,Basic,No,0,36981.0
CUST104245,21,3881.03,1,1,43.3,Month-to-Month,Debit Card,North,Basic,Yes,1,46572.36
CUST104246,20,3281.18,3,1,13.6,Month-to-Month,Credit Card,North,Standard,No,1,39374.16
CUST104247,14,2990.75,1,3,52.0,One Year,Credit Card,South,Premium,No,1,35889.0
CUST104248,66,3571.92,4,0,37.8,Month-to-Month,UPI,North,Standard,Yes,1,42863.04
CUST104249,28,2714.73,1,1,24.0,One Year,Debit Card,North,Basic,Yes,0,32576.76
CUST104250,31,3477.49,2,0,57.3,Month-to-Month,Net Banking,South,Basic,No,1,41729.88
CUST104251,28,3424.64,3,1,57.0,Month-to-Month,Credit Card,West,Standard,No,1,41095.68
CUST104252,71,3863.23,3,1,23.6,Month-to-Month,Debit Card,West,Basic,Yes,1,46358.76
CUST104253,25,2518.95,0,2,46.7,Month-to-Month,UPI,West,Basic,No,0,30227.4
CUST104254,25,3981.15,1,3,45.3,One Year,Credit Card,West,Premium,No,1,47773.8
CUST104255,24,2203.06,2,2,40.9,One Year,Net Banking,East,Standard,Yes,0,26436.72
CUST104256,24,2570.18,1,2,33.7,Month-to-Month,Net Banking,East,Standard,Yes,0,30842.16
CUST104257,7,2618.18,1,0,39.6,Two Year,Credit Card,South,Basic,No,0,31418.16
CUST104258,44,2020.74,2,0,57.0,Month-to-Month,Debit Card,West,Basic,No,0,24248.88
CUST104259,2,4317.23,1,1,48.5,Two Year,UPI,South,Basic,No,1,51806.76
CUST104260,17,2134.04,0,1,11.2,Month-to-Month,UPI,East,Standard,No,0,25608.48
CUST104261,15,2431.19,1,0,7.7,One Year,Debit Card,West,Premium,Yes,0,29174.28
CUST104262,21,4580.95,3,2,12.3,One Year,Net Banking,West,Premium,Yes,1,54971.4
CUST104263,55,2572.36,1,0,20.3,One Year,UPI,North,Basic,No,0,30868.32
CUST104264,44,2993.04,1,0,29.9,One Year,Cash,South,Basic,No,0,35916.48
CUST104265,72,2086.77,0,1,34.8,One Year,Cash,South,Standard,No,0,25041.24
CUST104266,26,4116.25,0,2,41.0,One Year,UPI,West,Basic,No,1,49395.0
CUST104267,67,4131.41,0,1,41.5,Two Year,UPI,East,Standard,Yes,1,49576.92
CUST104268,4,4012.84,1,0,41.2,Month-to-Month,Credit Card,North,Basic,No,1,48154.08
CUST104269,37,3791.28,2,1,60.3,Month-to-Month,Cash,West,Premium,No,1,45495.36
CUST104270,58,3280.95,2,1,15.2,One Year,Credit Card,South,Standard,No,1,39371.4
CUST104271,39,2623.19,2,1,47.3,Month-to-Month,Credit Card,West,Basic,No,0,31478.28
CUST104272,68,2303.53,0,3,47.3,Month-to-Month,Net Banking,West,Standard,No,0,27642.36
CUST104273,23,4618.9,4,2,21.8,Month-to-Month,UPI,West,Premium,Yes,1,55426.8
CUST104274,3,4041.28,3,2,50.5,Month-to-Month,Cash,West,Premium,Yes,1,48495.36
CUST104275,56,2437.37,1,2,48.0,One Year,Net Banking,West,Basic,Yes,0,29248.44
CUST104276,5,3243.81,1,1,41.3,One Year,Credit Card,South,Standard,No,1,38925.72
CUST104277,56,2869.87,2,0,3.3,Month-to-Month,Net Banking,East,Basic,No,0,34438.44
CUST104278,53,1958.97,0,2,57.4,Month-to-Month,Net Banking,South,Premium,Yes,0,23507.64
CUST104279,61,3395.42,0,0,45.6,Month-to-Month,Debit Card,South,Standard,No,1,40745.04
CUST104280,35,2742.96,3,2,48.5,Two Year,Net Banking,North,Standard,No,0,32915.52
CUST104281,65,2152.21,1,1,2.0,One Year,Credit Card,South,Basic,Yes,0,25826.52
CUST104282,13,1572.95,3,1,33.5,Month-to-Month,Net Banking,North,Basic,Yes,0,18875.4
CUST104283,32,1479.82,3,1,19.1,Month-to-Month,Net Banking,East,Standard,No,0,17757.84
CUST104284,9,2791.43,4,2,62.7,Two Year,Net Banking,South,Standard,Yes,0,33497.16
CUST104285,56,3106.4,1,1,24.3,Month-to-Month,Net Banking,North,Basic,No,0,37276.8
CUST104286,52,2237.17,0,1,65.7,Month-to-Month,Cash,West,Basic,Yes,0,26846.04
CUST104287,59,3915.81,1,2,57.2,One Year,UPI,West,Basic,No,1,46989.72
CUST104288,56,3127.9,1,0,45.5,Month-to-Month,UPI,North,Basic,Yes,1,37534.8
CUST104289,23,3834.57,4,2,60.2,Two Year,Credit Card,West,Basic,No,1,46014.84
CUST104290,5,2998.8,2,1,26.9,Two Year,UPI,North,Standard,No,1,35985.6
CUST104291,67,2334.17,5,0,29.8,Month-to-Month,Net Banking,East,Premium,No,0,28010.04
CUST104292,36,3325.53,1,2,56.8,One Year,UPI,West,Standard,No,1,39906.36
CUST104293,7,1811.06,4,5,27.0,One Year,Credit Card,North,Basic,No,0,21732.72
CUST104294,67,3793.38,1,1,20.8,Month-to-Month,Credit Card,West,Basic,No,1,45520.56
CUST104295,72,2169.14,0,0,36.9,Two Year,Net Banking,East,Basic,No,0,26029.68
CUST104296,33,4210.06,5,0,27.9,Month-to-Month,UPI,West,Basic,No,1,50520.72
CUST104297,56,2827.7,3,0,71.8,Month-to-Month,Cash,North,Basic,Yes,0,33932.4
CUST104298,3,4368.79,2,2,54.4,Two Year,UPI,North,Basic,No,1,52425.48
CUST104299,7,1965.11,2,2,32.8,One Year,UPI,East,Standard,No,0,23581.32
CUST104300,20,2454.45,2,1,26.0,Month-to-Month,UPI,South,Standard,No,0,29453.4
CUST104301,48,3619.03,5,0,47.4,Month-to-Month,Net Banking,West,Basic,No,1,43428.36
CUST104302,10,4487.55,2,2,61.0,One Year,UPI,South,Basic,Yes,1,53850.6
CUST104303,3,5033.27,1,1,46.7,One Year,UPI,North,Basic,Yes,1,60399.24
CUST104304,49,3245.5,2,2,26.8,Month-to-Month,UPI,South,Basic,No,1,38946.0
CUST104305,56,5221.52,2,2,19.0,One Year,Debit Card,East,Premium,No,1,62658.24
CUST104306,54,2881.37,4,1,36.0,One Year,Credit Card,South,Premium,No,0,34576.44
CUST104307,58,4408.64,2,1,47.1,One Year,UPI,South,Basic,No,1,52903.68
CUST104308,58,2163.6,4,0,34.5,Month-to-Month,Credit Card,East,Basic,No,0,25963.2
CUST104309,44,3662.22,2,3,58.1,Two Year,Debit Card,East,Basic,No,1,43946.64
CUST104310,38,700.0,1,1,50.4,Month-to-Month,Credit Card,North,Standard,No,0,8400.0
CUST104311,62,1966.25,0,1,45.8,One Year,Debit Card,South,Basic,No,0,23595.0
CUST104312,26,3713.34,3,1,50.1,Month-to-Month,Cash,East,Premium,No,1,44560.08
CUST104313,8,1756.32,2,1,19.8,Two Year,Net Banking,South,Standard,No,0,21075.84
CUST104314,55,3669.64,1,2,34.0,Two Year,Net Banking,West,Basic,No,1,44035.68
CUST104315,20,4197.1,1,1,25.4,Two Year,UPI,South,Premium,Yes,1,50365.2
CUST104316,71,2648.55,2,2,48.2,Month-to-Month,Credit Card,West,Standard,No,0,31782.6
CUST104317,30,2134.15,4,1,25.6,One Year,Credit Card,North,Basic,No,0,25609.8
CUST104318,62,2678.39,1,2,43.3,Month-to-Month,Credit Card,South,Basic,No,0,32140.68
CUST104319,4,2137.61,4,0,39.4,Month-to-Month,UPI,North,Premium,No,0,25651.32
CUST104320,48,3088.67,2,0,51.6,Two Year,Credit Card,South,Premium,Yes,0,37064.04
CUST104321,33,3312.3,0,2,22.9,One Year,Credit Card,East,Standard,No,1,39747.6
CUST104322,34,2863.39,1,0,49.2,One Year,Debit Card,South,Basic,No,0,34360.68
CUST104323,20,5041.8,1,2,24.9,Month-to-Month,UPI,North,Basic,No,1,60501.6
CUST104324,70,2408.66,1,4,26.6,Month-to-Month,UPI,West,Standard,No,0,28903.92
CUST104325,29,4730.58,2,0,39.7,Month-to-Month,Credit Card,North,Basic,No,1,56766.96
CUST104326,62,2054.64,5,1,61.1,Month-to-Month,Credit Card,East,Basic,No,0,24655.68
CUST104327,31,3280.06,1,0,28.5,Two Year,Credit Card,East,Basic,Yes,1,39360.72
CUST104328,4,4501.42,0,1,13.6,One Year,Debit Card,West,Standard,Yes,1,54017.04
CUST104329,64,4444.49,0,1,26.9,Month-to-Month,Debit Card,West,Standard,No,1,53333.88
CUST104330,14,2737.72,1,2,35.8,Month-to-Month,UPI,North,Premium,No,0,32852.64
CUST104331,20,3810.58,1,1,71.9,Month-to-Month,UPI,West,Basic,Yes,1,45726.96
CUST104332,62,3663.3,3,3,48.2,Month-to-Month,Debit Card,North,Premium,No,1,43959.6
CUST104333,65,2606.07,1,0,29.9,One Year,Credit Card,East,Basic,Yes,0,31272.84
CUST104334,67,3877.54,1,0,39.7,Month-to-Month,Credit Card,North,Premium,No,1,46530.48
CUST104335,31,5248.74,2,1,67.1,Month-to-Month,UPI,South,Standard,Yes,1,62984.88
CUST104336,55,3718.87,1,0,38.2,Month-to-Month,Cash,West,Basic,No,1,44626.44
CUST104337,24,3822.99,0,2,38.3,One Year,Credit Card,West,Premium,Yes,1,45875.88
CUST104338,54,3939.37,0,1,35.5,Month-to-Month,UPI,South,Standard,No,1,47272.44
CUST104339,37,1592.93,2,1,53.1,Month-to-Month,Net Banking,South,Standard,No,0,19115.16
CUST104340,4,3706.25,0,1,33.6,Two Year,UPI,West,Premium,Yes,1,44475.0
CUST104341,31,2081.56,3,1,56.0,Month-to-Month,UPI,East,Standard,No,0,24978.72
CUST104342,34,2551.12,1,0,59.0,Month-to-Month,Net Banking,West,Basic,Yes,0,30613.44
CUST104343,19,5578.14,3,4,51.8,Two Year,Net Banking,South,Basic,No,1,66937.68
CUST104344,27,2921.41,3,2,38.4,Month-to-Month,Credit Card,North,Basic,Yes,0,35056.92
CUST104345,37,2385.81,1,0,19.6,One Year,Debit Card,South,Premium,No,0,28629.72
CUST104346,4,4467.84,3,1,38.4,Month-to-Month,Credit Card,South,Premium,No,1,53614.08
CUST104347,11,2157.56,1,0,31.3,Month-to-Month,Debit Card,West,Standard,Yes,0,25890.72
CUST104348,56,2707.84,1,1,29.5,Month-to-Month,Net Banking,North,Standard,No,0,32494.08
CUST104349,26,4573.96,0,0,38.2,Month-to-Month,Net Banking,North,Basic,Yes,1,54887.52
CUST104350,44,3247.04,1,1,49.7,Month-to-Month,UPI,North,Premium,Yes,0,38964.48
CUST104351,41,1482.24,1,2,32.0,Month-to-Month,UPI,East,Basic,Yes,0,17786.88
CUST104352,40,3798.39,0,1,20.0,Month-to-Month,Debit Card,South,Standard,Yes,1,45580.68
CUST104353,30,2763.89,5,0,26.7,Month-to-Month,Credit Card,North,Premium,No,0,33166.68
CUST104354,35,4893.84,2,2,41.5,Month-to-Month,Cash,West,Standard,No,1,58726.08
CUST104355,60,2533.19,1,2,50.8,Month-to-Month,UPI,West,Standard,Yes,0,30398.28
CUST104356,70,4356.35,2,0,26.7,Month-to-Month,Cash,West,Standard,No,1,52276.2
CUST104357,19,5153.27,2,1,62.6,Two Year,UPI,North,Basic,No,1,61839.24
CUST104358,49,2263.96,0,2,38.2,Two Year,UPI,South,Basic,No,0,27167.52
CUST104359,70,2987.47,3,0,78.4,Month-to-Month,Net Banking,East,Standard,No,0,35849.64
CUST104360,1,3627.49,6,0,46.2,Month-to-Month,Credit Card,North,Standard,Yes,1,43529.88
CUST104361,57,2256.92,0,2,51.0,Month-to-Month,UPI,West,Standard,Yes,0,27083.04
CUST104362,36,3497.32,0,1,55.4,Month-to-Month,Debit Card,West,Premium,No,1,41967.84
CUST104363,70,2952.59,6,3,65.8,Month-to-Month,Credit Card,South,Basic,No,0,35431.08
CUST104364,42,2930.43,1,2,35.0,Two Year,Cash,West,Standard,Yes,0,35165.16
CUST104365,61,3253.83,1,1,64.4,Two Year,Net Banking,West,Premium,No,0,39045.96
CUST104366,12,3278.39,1,0,32.0,Month-to-Month,Debit Card,East,Standard,Yes,0,39340.68
CUST104367,11,3380.27,1,1,36.2,Month-to-Month,Credit Card,North,Basic,No,1,40563.24
CUST104368,67,2541.29,3,1,42.1,Month-to-Month,UPI,North,Standard,Yes,0,30495.48
CUST104369,38,2589.31,5,0,56.7,One Year,Net Banking,South,Basic,No,0,31071.72
CUST104370,41,3069.55,2,1,36.7,One Year,UPI,West,Basic,Yes,0,36834.6
CUST104371,13,3150.77,0,1,68.4,Month-to-Month,UPI,South,Standard,Yes,1,37809.24
CUST104372,17,2717.27,1,2,63.2,Month-to-Month,Debit Card,West,Basic,No,0,32607.24
CUST104373,59,3556.33,2,0,42.6,One Year,Net Banking,East,Premium,No,1,42675.96
CUST104374,22,1203.76,2,1,26.5,Month-to-Month,Credit Card,West,Basic,No,0,14445.12
CUST104375,43,2396.49,2,0,58.0,One Year,Debit Card,South,Basic,No,0,28757.88
CUST104376,23,2892.08,1,1,8.5,Month-to-Month,Cash,East,Premium,Yes,0,34704.96
CUST104377,19,2258.27,0,1,53.9,Month-to-Month,UPI,North,Basic,No,0,27099.24
CUST104378,12,4992.12,2,2,28.8,Month-to-Month,UPI,East,Standard,Yes,1,59905.44
CUST104379,67,3220.75,0,1,62.1,One Year,UPI,South,Standard,No,0,38649.0
CUST104380,68,3394.45,7,0,19.8,Month-to-Month,Credit Card,South,Basic,Yes,0,40733.4
CUST104381,9,2668.45,2,4,31.4,Month-to-Month,Net Banking,East,Basic,No,0,32021.4
CUST104382,26,3182.64,3,2,49.0,Month-to-Month,Credit Card,North,Standard,No,1,38191.68
CUST104383,41,1863.22,1,1,51.6,Two Year,Debit Card,West,Premium,No,0,22358.64
CUST104384,28,3013.2,6,1,32.0,Month-to-Month,Debit Card,South,Standard,Yes,0,36158.4
CUST104385,52,2169.29,2,1,36.7,Two Year,Credit Card,South,Standard,Yes,0,26031.48
CUST104386,19,2894.86,2,4,57.2,Two Year,UPI,South,Standard,No,1,34738.32
CUST104387,5,700.0,1,3,58.1,Month-to-Month,UPI,South,Basic,Yes,0,8400.0
CUST104388,25,1959.2,1,2,36.4,Two Year,UPI,East,Basic,No,0,23510.4
CUST104389,44,4810.32,1,0,32.3,Month-to-Month,UPI,North,Standard,No,1,57723.84
CUST104390,14,4113.44,3,2,20.1,One Year,UPI,West,Standard,No,1,49361.28
CUST104391,59,4650.94,3,3,46.1,Month-to-Month,UPI,West,Basic,No,1,55811.28
CUST104392,1,4726.49,4,0,55.0,One Year,Debit Card,West,Basic,No,1,56717.88
CUST104393,5,3940.29,3,1,44.4,One Year,Credit Card,East,Standard,Yes,1,47283.48
CUST104394,37,2701.84,2,2,27.2,Month-to-Month,UPI,North,Standard,No,0,32422.08
CUST104395,37,2059.02,3,2,70.6,Month-to-Month,UPI,South,Premium,Yes,0,24708.24
CUST104396,22,4461.42,0,0,8.3,Month-to-Month,UPI,East,Standard,No,1,53537.04
CUST104397,19,3271.02,2,2,56.1,Month-to-Month,Debit Card,East,Standard,No,1,39252.24
CUST104398,6,5943.43,0,0,45.5,One Year,Credit Card,East,Standard,Yes,1,71321.16
CUST104399,48,2798.39,1,1,49.5,One Year,Debit Card,South,Premium,No,0,33580.68
CUST104400,28,5370.19,2,0,29.4,Month-to-Month,Credit Card,East,Standard,Yes,1,64442.28
CUST104401,9,3027.53,3,1,39.6,Month-to-Month,UPI,East,Basic,No,1,36330.36
CUST104402,29,4669.65,1,2,46.7,Two Year,Net Banking,North,Standard,No,1,56035.8
CUST104403,68,5066.36,2,1,40.6,Month-to-Month,UPI,East,Basic,No,1,60796.32
CUST104404,19,2074.76,2,0,13.3,One Year,Credit Card,South,Premium,No,0,24897.12
CUST104405,65,2666.5,3,1,69.4,Month-to-Month,Debit Card,South,Premium,No,0,31998.0
CUST104406,19,2063.72,1,2,52.4,One Year,Debit Card,North,Basic,Yes,0,24764.64
CUST104407,14,1847.06,1,2,42.6,One Year,Credit Card,West,Basic,Yes,0,22164.72
CUST104408,19,3933.77,2,1,43.6,Month-to-Month,Net Banking,West,Standard,Yes,1,47205.24
CUST104409,24,2983.71,3,4,68.9,Month-to-Month,Credit Card,North,Standard,No,0,35804.52
CUST104410,9,3257.6,4,1,30.1,Month-to-Month,Net Banking,West,Standard,Yes,1,39091.2
CUST104411,43,3811.86,3,1,26.5,Month-to-Month,UPI,West,Standard,Yes,1,45742.32
CUST104412,25,1156.87,3,0,55.6,One Year,Credit Card,West,Premium,No,0,13882.44
CUST104413,52,4615.44,1,1,49.4,One Year,UPI,West,Standard,No,1,55385.28
CUST104414,36,2816.0,0,1,25.8,Month-to-Month,Debit Card,East,Premium,No,0,33792.0
CUST104415,32,3785.64,2,2,59.4,Month-to-Month,Credit Card,North,Basic,Yes,1,45427.68
CUST104416,34,3882.78,6,2,46.7,Month-to-Month,Debit Card,North,Basic,No,1,46593.36
CUST104417,12,4707.88,4,0,27.6,Month-to-Month,Net Banking,North,Standard,No,1,56494.56
CUST104418,52,3084.66,1,0,49.8,Month-to-Month,Credit Card,South,Standard,No,0,37015.92
CUST104419,8,864.0,0,0,47.5,Month-to-Month,Debit Card,North,Basic,Yes,0,10368.0
CUST104420,52,3262.84,0,0,40.6,Month-to-Month,Net Banking,North,Basic,No,0,39154.08
CUST104421,72,3420.78,1,1,48.1,Two Year,Net Banking,South,Premium,No,1,41049.36
CUST104422,56,2062.31,4,2,52.0,Month-to-Month,UPI,South,Standard,No,0,24747.72
CUST104423,33,3362.24,2,1,56.6,Month-to-Month,Debit Card,North,Basic,No,1,40346.88
CUST104424,23,2802.88,2,1,43.7,Month-to-Month,Cash,East,Basic,No,0,33634.56
CUST104425,63,1722.97,0,2,37.7,One Year,UPI,East,Premium,No,0,20675.64
CUST104426,19,3938.63,1,1,45.8,One Year,Debit Card,East,Basic,No,1,47263.56
CUST104427,35,2579.9,1,1,61.1,One Year,UPI,South,Standard,No,0,30958.8
CUST104428,56,2752.98,1,2,52.1,Month-to-Month,Net Banking,West,Standard,No,0,33035.76
CUST104429,67,2691.16,5,2,36.8,Month-to-Month,Net Banking,North,Premium,Yes,0,32293.92
CUST104430,67,4559.03,2,0,42.9,One Year,Cash,South,Standard,Yes,1,54708.36
CUST104431,7,3154.99,0,1,68.7,Two Year,Debit Card,South,Standard,No,0,37859.88
CUST104432,65,3287.01,1,0,54.0,Two Year,Credit Card,West,Standard,No,0,39444.12
CUST104433,9,2715.3,1,1,44.4,Two Year,Debit Card,North,Premium,No,0,32583.6
CUST104434,43,3709.15,1,0,60.2,Month-to-Month,Net Banking,West,Basic,No,1,44509.8
CUST104435,67,4684.25,3,1,33.3,Month-to-Month,Net Banking,North,Basic,Yes,1,56211.0
CUST104436,48,3912.65,3,0,47.3,One Year,UPI,South,Basic,Yes,1,46951.8
CUST104437,69,3955.55,2,0,72.0,One Year,UPI,East,Premium,No,1,47466.6
CUST104438,25,3866.85,0,2,52.5,Month-to-Month,Debit Card,South,Standard,No,1,46402.2
CUST104439,23,1681.73,4,1,67.9,One Year,UPI,West,Basic,No,0,20180.76
CUST104440,24,2236.27,5,0,40.7,Two Year,Debit Card,East,Basic,No,0,26835.24
CUST104441,26,2974.51,2,0,34.4,Month-to-Month,Net Banking,East,Standard,Yes,1,35694.12
CUST104442,50,2401.55,1,2,60.6,Month-to-Month,Credit Card,West,Basic,Yes,0,28818.6
CUST104443,33,2029.01,3,0,12.7,Month-to-Month,UPI,North,Standard,Yes,0,24348.12
CUST104444,54,1140.61,5,2,44.9,Month-to-Month,Net Banking,South,Basic,Yes,0,13687.32
CUST104445,30,1718.82,2,3,58.5,One Year,Credit Card,South,Standard,No,0,20625.84
CUST104446,23,2917.82,2,0,51.0,One Year,Net Banking,West,Basic,No,0,35013.84
CUST104447,14,3123.63,1,1,8.4,Month-to-Month,UPI,West,Standard,No,1,37483.56
CUST104448,40,2327.64,2,1,20.5,Two Year,UPI,South,Basic,Yes,0,27931.68
CUST104449,65,3286.82,4,3,40.2,Month-to-Month,UPI,North,Standard,No,1,39441.84
CUST104450,62,2722.78,2,1,49.6,Month-to-Month,Credit Card,West,Standard,Yes,0,32673.36
CUST104451,19,4399.63,1,0,50.2,One Year,Net Banking,West,Premium,Yes,1,52795.56
CUST104452,35,3022.21,3,1,41.9,Two Year,Debit Card,South,Standard,Yes,0,36266.52
CUST104453,51,3965.96,4,1,53.7,Month-to-Month,UPI,North,Standard,No,1,47591.52
CUST104454,45,3423.54,1,0,49.0,One Year,UPI,North,Standard,No,1,41082.48
CUST104455,5,1657.72,2,2,39.9,One Year,Net Banking,North,Basic,No,0,19892.64
CUST104456,43,3100.28,4,0,50.6,Two Year,UPI,South,Standard,No,0,37203.36
CUST104457,3,1840.81,1,1,31.6,One Year,UPI,East,Basic,No,0,22089.72
CUST104458,9,3081.07,3,2,52.2,Two Year,Debit Card,South,Standard,Yes,0,36972.84
CUST104459,48,2380.36,4,1,28.4,Month-to-Month,UPI,West,Basic,No,0,28564.32
CUST104460,8,3620.16,1,2,49.8,Month-to-Month,Credit Card,South,Basic,No,1,43441.92
CUST104461,25,1723.41,1,2,49.4,Month-to-Month,Credit Card,East,Standard,Yes,0,20680.92
CUST104462,43,3216.17,3,0,37.2,Month-to-Month,Credit Card,North,Premium,No,0,38594.04
CUST104463,48,3829.66,1,1,52.2,One Year,UPI,North,Standard,No,1,45955.92
CUST104464,33,4198.36,4,0,66.7,Month-to-Month,Credit Card,North,Standard,No,1,50380.32
CUST104465,7,2359.42,1,0,25.7,Month-to-Month,UPI,East,Standard,No,0,28313.04
CUST104466,58,3219.53,3,2,57.3,One Year,Cash,East,Standard,Yes,0,38634.36
CUST104467,69,3402.56,3,0,59.4,Month-to-Month,Credit Card,East,Standard,No,1,40830.72
CUST104468,64,4901.84,1,1,38.7,Month-to-Month,Net Banking,South,Standard,No,1,58822.08
CUST104469,54,1570.54,1,1,54.8,One Year,UPI,East,Premium,No,0,18846.48
CUST104470,29,2197.79,2,1,37.9,One Year,UPI,West,Standard,No,0,26373.48
CUST104471,64,6284.91,0,1,62.1,Month-to-Month,Credit Card,North,Basic,Yes,1,75418.92
CUST104472,36,2899.59,5,2,2.0,Month-to-Month,Net Banking,North,Basic,Yes,0,34795.08
CUST104473,10,1119.91,2,0,65.1,Month-to-Month,UPI,South,Standard,No,0,13438.92
CUST104474,62,2559.19,2,1,24.2,Month-to-Month,UPI,West,Standard,Yes,0,30710.28
CUST104475,24,700.0,2,2,43.4,Month-to-Month,Net Banking,West,Basic,No,0,8400.0
CUST104476,68,3465.01,4,1,29.0,Month-to-Month,Credit Card,East,Standard,No,1,41580.12
CUST104477,27,4090.76,1,1,65.9,One Year,Net Banking,North,Standard,No,1,49089.12
CUST104478,63,2197.17,2,0,38.3,One Year,UPI,West,Basic,No,0,26366.04
CUST104479,39,2682.2,1,0,33.3,Month-to-Month,Net Banking,North,Basic,No,0,32186.4
CUST104480,34,4216.02,1,1,59.9,Month-to-Month,Debit Card,North,Standard,No,1,50592.24
CUST104481,22,1274.76,2,1,53.7,Month-to-Month,UPI,North,Basic,Yes,0,15297.12
CUST104482,61,1746.27,1,1,36.7,Two Year,UPI,West,Premium,Yes,0,20955.24
CUST104483,5,2949.07,2,0,26.1,One Year,Net Banking,East,Standard,Yes,0,35388.84
CUST104484,34,2372.43,1,0,24.0,One Year,UPI,North,Basic,Yes,0,28469.16
CUST104485,27,2876.75,2,1,62.4,Month-to-Month,UPI,South,Premium,No,0,34521.0
CUST104486,40,1809.87,3,1,48.7,One Year,UPI,West,Standard,No,0,21718.44
CUST104487,19,3435.74,4,2,44.8,One Year,Credit Card,East,Premium,No,1,41228.88
CUST104488,48,3035.84,1,1,49.9,Month-to-Month,Credit Card,North,Premium,No,0,36430.08
CUST104489,28,3804.11,3,1,10.8,Month-to-Month,Credit Card,West,Standard,No,1,45649.32
CUST104490,14,3420.44,2,1,36.8,Month-to-Month,Net Banking,East,Basic,No,1,41045.28
CUST104491,15,3427.36,3,0,37.2,Month-to-Month,UPI,South,Premium,No,1,41128.32
CUST104492,51,1609.06,3,0,57.7,Month-to-Month,Net Banking,East,Basic,Yes,0,19308.72
CUST104493,19,3741.85,4,0,18.5,Month-to-Month,Net Banking,East,Standard,No,1,44902.2
CUST104494,23,2836.05,2,1,58.9,One Year,UPI,South,Standard,No,0,34032.6
CUST104495,46,3016.74,2,0,70.7,Month-to-Month,Net Banking,North,Premium,No,0,36200.88
CUST104496,24,4353.09,2,1,14.5,Month-to-Month,UPI,East,Standard,No,1,52237.08
CUST104497,28,2408.62,3,0,42.3,One Year,Credit Card,South,Basic,No,0,28903.44
CUST104498,18,4686.3,1,0,50.0,Month-to-Month,UPI,West,Standard,Yes,1,56235.6
CUST104499,25,4788.92,3,2,56.0,Month-to-Month,UPI,West,Standard,Yes,1,57467.04
CUST104500,50,4028.06,4,0,7.4,Two Year,UPI,East,Basic,No,1,48336.72
CUST104501,39,2121.32,3,1,47.4,Month-to-Month,UPI,East,Basic,No,0,25455.84
CUST104502,72,795.08,2,2,38.5,Month-to-Month,UPI,East,Standard,Yes,0,9540.96
CUST104503,56,4386.72,1,2,37.5,Month-to-Month,Cash,North,Standard,Yes,1,52640.64
CUST104504,2,3322.52,4,0,75.1,Month-to-Month,Net Banking,South,Standard,No,1,39870.24
CUST104505,28,2380.28,0,1,38.6,Month-to-Month,Debit Card,East,Standard,No,0,28563.36
CUST104506,21,4490.92,3,0,49.2,Two Year,Credit Card,South,Premium,No,1,53891.04
CUST104507,43,2252.29,3,1,40.1,Two Year,Cash,West,Standard,Yes,0,27027.48
CUST104508,20,2733.43,1,0,45.9,Month-to-Month,Cash,North,Basic,No,0,32801.16
CUST104509,70,3777.38,2,0,50.8,Month-to-Month,Net Banking,East,Standard,Yes,1,45328.56
CUST104510,22,1975.04,1,3,56.3,Month-to-Month,Debit Card,West,Basic,Yes,0,23700.48
CUST104511,38,3079.57,2,0,29.6,One Year,Credit Card,East,Basic,No,0,36954.84
CUST104512,9,4398.05,3,2,44.4,Two Year,Net Banking,North,Standard,Yes,1,52776.6
CUST104513,66,3432.22,2,1,45.0,Month-to-Month,Credit Card,East,Standard,No,1,41186.64
CUST104514,66,4572.17,3,4,15.6,Two Year,Debit Card,West,Premium,No,1,54866.04
CUST104515,58,4446.96,0,2,26.7,Month-to-Month,UPI,North,Standard,No,1,53363.52
CUST104516,26,3208.51,2,0,56.3,One Year,UPI,East,Standard,No,0,38502.12
CUST104517,5,700.0,5,4,34.6,Month-to-Month,Cash,South,Basic,Yes,0,8400.0
CUST104518,52,1983.65,1,1,83.8,Month-to-Month,Debit Card,North,Premium,Yes,0,23803.8
CUST104519,31,4039.67,3,0,57.4,One Year,Debit Card,South,Basic,No,1,48476.04
CUST104520,72,1494.72,1,0,49.2,One Year,UPI,South,Basic,No,0,17936.64
CUST104521,51,2840.64,3,4,66.2,One Year,Credit Card,East,Standard,Yes,0,34087.68
CUST104522,39,3572.33,4,1,54.4,Month-to-Month,UPI,East,Premium,No,1,42867.96
CUST104523,72,4816.53,5,2,44.9,Month-to-Month,Net Banking,North,Basic,No,1,57798.36
CUST104524,58,2567.48,0,0,19.4,One Year,Credit Card,North,Standard,No,0,30809.76
CUST104525,34,2492.16,1,0,52.6,One Year,Credit Card,East,Standard,No,0,29905.92
CUST104526,2,3142.31,2,2,64.3,Two Year,UPI,North,Basic,No,0,37707.72
CUST104527,7,3586.0,1,2,32.5,One Year,Credit Card,East,Basic,No,1,43032.0
CUST104528,32,3030.33,1,1,12.8,Month-to-Month,Credit Card,East,Basic,No,1,36363.96
CUST104529,41,4354.2,0,1,24.9,Month-to-Month,Net Banking,South,Basic,No,1,52250.4
CUST104530,3,2320.94,1,1,70.1,One Year,Net Banking,West,Basic,No,0,27851.28
CUST104531,10,3332.18,2,0,43.3,Month-to-Month,Credit Card,South,Basic,No,1,39986.16
CUST104532,51,3689.73,3,3,65.4,Month-to-Month,Credit Card,West,Standard,No,1,44276.76
CUST104533,55,2759.74,1,0,42.3,Month-to-Month,Cash,North,Basic,No,0,33116.88
CUST104534,3,4123.68,1,1,34.1,Month-to-Month,Credit Card,West,Basic,No,1,49484.16
CUST104535,37,3363.85,0,2,76.2,One Year,Debit Card,East,Standard,No,1,40366.2
CUST104536,6,4067.73,3,1,36.1,Month-to-Month,UPI,West,Basic,Yes,1,48812.76
CUST104537,53,3413.51,2,2,38.0,Two Year,Credit Card,East,Basic,No,1,40962.12
CUST104538,61,3614.05,2,0,49.4,Two Year,UPI,West,Standard,Yes,1,43368.6
CUST104539,63,2504.37,3,0,37.4,One Year,UPI,South,Standard,Yes,0,30052.44
CUST104540,44,2506.15,5,1,54.5,One Year,UPI,East,Standard,Yes,0,30073.8
CUST104541,46,4546.84,1,3,49.1,Month-to-Month,Credit Card,North,Basic,No,1,54562.08
CUST104542,67,3899.06,2,2,49.8,Month-to-Month,UPI,East,Premium,Yes,1,46788.72
CUST104543,45,2074.74,3,2,32.1,One Year,Net Banking,South,Premium,No,0,24896.88
CUST104544,33,3398.95,2,0,15.4,Month-to-Month,Credit Card,West,Basic,No,1,40787.4
CUST104545,55,700.0,1,3,28.7,Month-to-Month,UPI,South,Standard,No,0,8400.0
CUST104546,43,2568.67,2,1,30.1,Two Year,Credit Card,South,Standard,No,0,30824.04
CUST104547,61,4257.13,3,2,46.7,One Year,UPI,West,Basic,No,1,51085.56
CUST104548,38,3062.34,1,1,29.0,Month-to-Month,UPI,West,Basic,Yes,0,36748.08
CUST104549,63,3329.7,1,2,18.6,One Year,UPI,West,Basic,No,0,39956.4
CUST104550,4,700.0,6,1,23.7,One Year,Net Banking,North,Basic,No,0,8400.0
CUST104551,3,2768.52,3,0,48.2,Two Year,Credit Card,West,Basic,No,0,33222.24
CUST104552,8,3572.1,2,2,53.0,One Year,UPI,South,Basic,No,1,42865.2
CUST104553,41,3711.82,1,0,33.9,Month-to-Month,Credit Card,West,Basic,Yes,1,44541.84
CUST104554,52,4258.59,6,0,35.6,One Year,UPI,South,Standard,No,1,51103.08
CUST104555,16,2968.72,2,2,51.8,One Year,Debit Card,East,Standard,Yes,0,35624.64
CUST104556,12,3017.78,6,2,44.6,Month-to-Month,Cash,South,Standard,No,0,36213.36
CUST104557,62,1734.67,2,0,61.0,One Year,UPI,North,Basic,Yes,0,20816.04
CUST104558,55,2975.03,2,5,39.5,Month-to-Month,UPI,East,Standard,Yes,0,35700.36
CUST104559,47,1812.27,3,2,28.7,Two Year,Debit Card,North,Basic,No,0,21747.24
CUST104560,36,1167.34,0,1,59.4,Two Year,Debit Card,East,Basic,No,0,14008.08
CUST104561,31,2006.3,1,1,37.0,Month-to-Month,Net Banking,North,Premium,No,0,24075.6
CUST104562,2,4859.55,0,1,29.4,Month-to-Month,Debit Card,North,Standard,No,1,58314.6
CUST104563,14,2902.38,3,1,56.3,Month-to-Month,UPI,South,Standard,No,0,34828.56
CUST104564,65,3441.87,3,0,65.2,Month-to-Month,Net Banking,North,Basic,Yes,1,41302.44
CUST104565,25,2635.15,1,3,44.9,Month-to-Month,UPI,North,Premium,Yes,0,31621.8
CUST104566,51,1230.39,0,2,25.9,Month-to-Month,UPI,West,Basic,No,0,14764.68
CUST104567,51,4229.72,1,0,66.6,Month-to-Month,Cash,South,Standard,No,1,50756.64
CUST104568,23,810.58,1,0,48.0,One Year,Debit Card,South,Standard,No,0,9726.96
CUST104569,15,2589.73,3,0,45.5,Month-to-Month,Credit Card,South,Premium,No,0,31076.76
CUST104570,50,3139.92,1,1,35.5,Month-to-Month,UPI,West,Premium,No,0,37679.04
CUST104571,7,3453.54,2,1,60.1,Month-to-Month,UPI,North,Basic,No,1,41442.48
CUST104572,36,2400.88,1,2,24.3,Month-to-Month,Debit Card,West,Basic,No,0,28810.56
CUST104573,64,1178.24,1,0,22.7,Month-to-Month,Net Banking,East,Premium,No,0,14138.88
CUST104574,52,2318.8,2,0,72.3,Two Year,Debit Card,North,Basic,No,0,27825.6
CUST104575,56,2376.37,2,1,28.2,Month-to-Month,Net Banking,West,Premium,No,0,28516.44
CUST104576,6,2349.6,3,1,57.4,Two Year,Debit Card,East,Basic,No,0,28195.2
CUST104577,15,4267.06,0,0,64.1,Month-to-Month,UPI,West,Basic,No,1,51204.72
CUST104578,20,1865.04,3,0,45.4,Month-to-Month,Credit Card,South,Basic,Yes,0,22380.48
CUST104579,22,3531.08,4,2,27.9,One Year,UPI,East,Premium,No,1,42372.96
CUST104580,14,3374.13,1,0,52.1,Month-to-Month,UPI,East,Basic,Yes,1,40489.56
CUST104581,70,4256.5,1,1,64.3,Month-to-Month,UPI,South,Standard,Yes,1,51078.0
CUST104582,12,3053.55,0,1,47.5,Month-to-Month,Net Banking,West,Standard,No,0,36642.6
CUST104583,51,4070.24,0,2,30.1,Two Year,UPI,West,Basic,Yes,1,48842.88
CUST104584,43,3010.56,1,0,46.9,Month-to-Month,Credit Card,East,Basic,No,0,36126.72
CUST104585,44,3677.83,2,0,19.8,Month-to-Month,Net Banking,West,Basic,No,1,44133.96
CUST104586,16,1546.76,7,3,26.4,Two Year,Debit Card,North,Basic,No,0,18561.12
CUST104587,23,700.0,2,0,37.9,One Year,UPI,East,Premium,No,0,8400.0
CUST104588,44,3615.3,3,1,43.0,One Year,Credit Card,South,Basic,No,1,43383.6
CUST104589,22,3674.3,1,0,22.8,Month-to-Month,Net Banking,West,Basic,Yes,1,44091.6
CUST104590,50,3723.05,2,1,46.0,One Year,Credit Card,East,Basic,No,1,44676.6
CUST104591,3,2622.57,1,4,50.3,One Year,UPI,West,Standard,No,0,31470.84
CUST104592,6,4838.69,1,5,38.6,Month-to-Month,Debit Card,North,Standard,No,1,58064.28
CUST104593,53,2694.13,2,1,7.5,Month-to-Month,Credit Card,South,Basic,No,0,32329.56
CUST104594,45,3662.97,2,2,43.7,Two Year,Credit Card,West,Basic,No,1,43955.64
CUST104595,4,3854.1,1,1,71.0,Month-to-Month,UPI,South,Standard,No,1,46249.2
CUST104596,65,5090.61,0,1,49.3,Month-to-Month,Net Banking,North,Premium,Yes,1,61087.32
CUST104597,1,2851.27,6,1,42.2,Month-to-Month,Cash,East,Standard,No,0,34215.24
CUST104598,69,2481.49,1,2,36.0,One Year,Credit Card,North,Basic,No,0,29777.88
CUST104599,53,1552.04,2,2,51.2,One Year,UPI,East,Premium,No,0,18624.48
CUST104600,72,4907.6,1,0,45.3,Month-to-Month,UPI,West,Standard,Yes,1,58891.2
CUST104601,69,3663.55,2,0,53.3,Month-to-Month,Debit Card,East,Standard,No,1,43962.6
CUST104602,23,3698.37,4,3,24.5,Month-to-Month,UPI,South,Basic,Yes,1,44380.44
CUST104603,55,6628.37,1,1,43.9,Month-to-Month,Debit Card,North,Premium,Yes,1,79540.44
CUST104604,16,3557.55,0,1,34.6,One Year,Cash,North,Basic,No,1,42690.6
CUST104605,34,1767.45,5,0,47.9,Month-to-Month,UPI,North,Standard,Yes,0,21209.4
CUST104606,18,2984.51,0,2,10.9,Month-to-Month,UPI,West,Basic,No,1,35814.12
CUST104607,35,2127.74,2,2,35.7,Month-to-Month,UPI,North,Basic,No,0,25532.88
CUST104608,63,2764.54,1,0,50.7,Month-to-Month,Credit Card,West,Basic,No,0,33174.48
CUST104609,32,2757.15,2,1,53.3,One Year,Net Banking,South,Premium,No,0,33085.8
CUST104610,7,2554.27,4,2,41.5,One Year,UPI,West,Standard,No,0,30651.24
CUST104611,24,1667.39,1,0,7.4,One Year,Debit Card,North,Basic,No,0,20008.68
CUST104612,57,4951.75,2,1,52.3,Month-to-Month,Credit Card,West,Basic,No,1,59421.0
CUST104613,38,3528.73,2,0,67.3,One Year,Credit Card,West,Basic,Yes,1,42344.76
CUST104614,41,2951.98,1,1,28.6,Month-to-Month,UPI,South,Basic,No,0,35423.76
CUST104615,32,4033.4,0,1,35.2,Month-to-Month,Net Banking,West,Basic,No,1,48400.8
CUST104616,22,3718.17,2,0,54.9,One Year,Net Banking,North,Standard,No,1,44618.04
CUST104617,44,3503.26,1,1,55.3,Month-to-Month,UPI,North,Basic,No,1,42039.12
CUST104618,46,3953.5,1,1,59.6,Month-to-Month,Debit Card,West,Standard,Yes,1,47442.0
CUST104619,65,3347.33,3,3,58.2,Month-to-Month,Credit Card,South,Standard,Yes,0,40167.96
CUST104620,45,3937.24,2,0,17.5,One Year,UPI,North,Standard,Yes,1,47246.88
CUST104621,72,3190.645,4,2,34.3,Month-to-Month,Credit Card,South,Basic,No,1,38287.74
CUST104622,60,3378.99,2,0,52.0,One Year,UPI,West,Standard,No,1,40547.88
CUST104623,6,2957.57,0,1,40.6,Month-to-Month,Net Banking,West,Premium,No,0,35490.84
CUST104624,29,4883.44,4,1,47.9,Month-to-Month,Credit Card,North,Standard,Yes,1,58601.28
CUST104625,28,2674.31,1,0,39.9,Month-to-Month,Net Banking,South,Standard,Yes,0,32091.72
CUST104626,1,3630.44,1,2,35.0,One Year,Cash,South,Basic,Yes,1,43565.28
CUST104627,14,3655.3,0,0,38.1,One Year,Credit Card,West,Basic,No,1,43863.6
CUST104628,55,2529.49,4,2,24.1,Month-to-Month,Debit Card,North,Basic,No,0,30353.88
CUST104629,26,2311.4,3,0,30.4,One Year,Cash,North,Basic,No,0,27736.8
CUST104630,11,2810.76,1,1,40.9,Month-to-Month,UPI,East,Standard,No,0,33729.12
CUST104631,21,2658.56,2,1,41.2,Two Year,UPI,North,Basic,No,0,31902.72
CUST104632,20,1596.06,0,1,51.1,Month-to-Month,Credit Card,South,Standard,No,0,19152.72
CUST104633,13,2483.36,0,1,37.4,Month-to-Month,Credit Card,East,Premium,No,0,29800.32
CUST104634,8,3492.85,4,0,68.8,One Year,Cash,East,Standard,No,1,41914.2
CUST104635,56,4592.54,2,1,61.7,Month-to-Month,Credit Card,South,Basic,No,1,55110.48
CUST104636,60,3809.83,1,0,34.0,One Year,Credit Card,West,Basic,No,1,45717.96
CUST104637,36,700.0,3,3,45.2,Month-to-Month,Credit Card,East,Standard,No,0,8400.0
CUST104638,45,3905.43,1,3,61.4,Month-to-Month,Credit Card,West,Standard,No,1,46865.16
CUST104639,67,2586.03,3,1,31.7,Month-to-Month,Net Banking,East,Standard,No,0,31032.36
CUST104640,61,3698.39,1,1,30.0,Month-to-Month,Debit Card,South,Premium,No,1,44380.68
CUST104641,3,3184.45,0,1,62.8,Month-to-Month,Net Banking,East,Premium,No,1,38213.4
CUST104642,69,2988.04,0,3,53.1,Month-to-Month,UPI,South,Standard,Yes,0,35856.48
CUST104643,5,3087.54,0,1,59.2,One Year,Net Banking,North,Basic,No,1,37050.48
CUST104644,2,3175.33,1,0,47.0,Month-to-Month,Cash,South,Basic,Yes,0,38103.96
CUST104645,30,4678.85,2,1,37.9,Month-to-Month,Cash,West,Basic,No,1,56146.2
CUST104646,54,3178.37,2,0,20.5,One Year,Cash,East,Standard,No,0,38140.44
CUST104647,6,4394.09,1,0,44.2,Month-to-Month,Debit Card,East,Premium,No,1,52729.08
CUST104648,22,4233.9,2,0,61.7,One Year,Debit Card,East,Standard,No,1,50806.8
CUST104649,19,3933.75,2,2,61.9,Month-to-Month,UPI,South,Premium,No,1,47205.0
CUST104650,29,1234.72,1,2,59.1,One Year,UPI,South,Basic,No,0,14816.64
CUST104651,71,4428.3,1,1,54.6,One Year,Net Banking,North,Standard,No,1,53139.6
CUST104652,24,2696.31,5,2,77.4,Month-to-Month,Credit Card,North,Basic,No,0,32355.72
CUST104653,16,3987.3,1,3,17.2,Month-to-Month,Debit Card,West,Standard,Yes,1,47847.6
CUST104654,9,2130.21,1,1,45.7,Month-to-Month,Debit Card,South,Basic,No,0,25562.52
CUST104655,15,1896.42,3,1,27.0,Month-to-Month,Debit Card,East,Standard,No,0,22757.04
CUST104656,10,5374.03,1,4,66.8,Month-to-Month,Credit Card,South,Premium,No,1,64488.36
CUST104657,42,2147.32,3,2,33.2,One Year,Net Banking,North,Basic,No,0,25767.84
CUST104658,31,4460.72,2,2,58.1,One Year,UPI,North,Premium,No,1,53528.64
CUST104659,36,3330.26,3,1,34.8,Month-to-Month,Net Banking,West,Basic,No,1,39963.12
CUST104660,60,2737.87,1,0,48.7,One Year,UPI,South,Standard,Yes,0,32854.44
CUST104661,42,3150.69,1,0,40.3,Month-to-Month,Net Banking,South,Basic,No,0,37808.28
CUST104662,12,1768.8,2,1,41.8,Month-to-Month,Net Banking,North,Basic,No,0,21225.6
CUST104663,28,3184.87,1,1,47.3,Month-to-Month,Cash,North,Standard,No,1,38218.44
CUST104664,23,2008.99,2,0,56.7,Month-to-Month,UPI,East,Basic,No,0,24107.88
CUST104665,60,2765.01,3,1,40.3,Month-to-Month,Net Banking,West,Standard,Yes,0,33180.12
CUST104666,23,4217.83,3,2,56.3,Month-to-Month,Credit Card,South,Basic,Yes,1,50613.96
CUST104667,10,3479.61,4,2,58.6,Month-to-Month,UPI,South,Basic,No,1,41755.32
CUST104668,53,1569.61,3,1,35.3,Two Year,UPI,East,Basic,No,0,18835.32
CUST104669,31,4136.64,0,1,72.2,One Year,Debit Card,North,Standard,No,1,49639.68
CUST104670,7,3192.19,4,2,53.9,Two Year,Cash,South,Basic,No,0,38306.28
CUST104671,50,2603.6,2,1,35.1,Month-to-Month,Debit Card,South,Basic,No,0,31243.2
CUST104672,16,4021.34,0,2,51.8,Two Year,UPI,East,Basic,No,1,48256.08
CUST104673,63,3016.07,1,1,58.6,Month-to-Month,Credit Card,West,Basic,No,0,36192.84
CUST104674,60,1917.77,2,2,51.4,Month-to-Month,UPI,South,Basic,Yes,0,23013.24
CUST104675,27,5232.59,1,2,45.2,Month-to-Month,UPI,South,Standard,Yes,1,62791.08
CUST104676,41,3180.98,3,0,2.0,Month-to-Month,Net Banking,East,Standard,No,0,38171.76
CUST104677,41,3110.48,5,0,26.5,Month-to-Month,UPI,North,Basic,Yes,0,37325.76
CUST104678,48,2754.38,1,0,52.9,One Year,Debit Card,North,Basic,Yes,0,33052.56
CUST104679,5,4497.96,4,0,26.2,One Year,Credit Card,South,Premium,No,1,53975.52
CUST104680,24,2622.63,0,1,50.2,Month-to-Month,UPI,North,Premium,No,0,31471.56
CUST104681,13,1500.52,2,0,56.2,One Year,Credit Card,South,Premium,No,0,18006.24
CUST104682,51,2453.45,0,2,40.2,Month-to-Month,UPI,South,Standard,Yes,0,29441.4
CUST104683,5,4659.45,1,5,13.8,Month-to-Month,Debit Card,West,Basic,No,1,55913.4
CUST104684,38,4115.35,2,1,30.2,Month-to-Month,Debit Card,North,Basic,Yes,1,49384.2
CUST104685,53,2919.48,1,0,53.0,Month-to-Month,Net Banking,East,Basic,No,0,35033.76
CUST104686,69,4710.58,3,2,62.1,Month-to-Month,UPI,East,Basic,No,1,56526.96
CUST104687,21,4022.74,5,0,8.7,Month-to-Month,UPI,West,Basic,Yes,1,48272.88
CUST104688,1,2906.75,3,3,43.3,Month-to-Month,Credit Card,East,Basic,No,0,34881.0
CUST104689,53,3017.5,4,0,18.5,Two Year,Net Banking,West,Basic,Yes,0,36210.0
CUST104690,1,3562.25,1,0,43.4,Two Year,Debit Card,South,Premium,Yes,1,42747.0
CUST104691,5,2284.92,1,2,39.5,Two Year,Cash,North,Basic,Yes,0,27419.04
CUST104692,72,3204.96,4,1,79.8,Month-to-Month,UPI,South,Basic,No,0,38459.52
CUST104693,63,3539.36,3,0,33.4,Month-to-Month,Debit Card,East,Basic,Yes,1,42472.32
CUST104694,51,1344.34,1,0,58.8,Month-to-Month,Debit Card,South,Standard,No,0,16132.08
CUST104695,61,2991.75,2,3,58.1,One Year,UPI,North,Basic,No,0,35901.0
CUST104696,6,2866.64,1,1,38.9,Month-to-Month,UPI,North,Standard,No,0,34399.68
CUST104697,7,4330.87,4,1,43.9,One Year,Credit Card,South,Standard,Yes,1,51970.44
CUST104698,22,1171.05,3,0,42.0,Two Year,Credit Card,South,Premium,Yes,0,14052.6
CUST104699,2,2780.34,3,0,30.1,Month-to-Month,Credit Card,West,Basic,No,0,33364.08
CUST104700,64,2670.07,1,0,28.7,Two Year,Net Banking,East,Basic,No,0,32040.84
CUST104701,5,4256.08,0,2,35.4,Month-to-Month,UPI,West,Standard,No,1,51072.96
CUST104702,40,3152.1,1,3,23.8,Month-to-Month,Net Banking,West,Standard,No,1,37825.2
CUST104703,62,5175.7,0,2,34.0,Month-to-Month,Credit Card,North,Standard,Yes,1,62108.4
CUST104704,53,3928.43,3,1,38.9,One Year,UPI,North,Standard,No,1,47141.16
CUST104705,17,2748.75,0,0,44.6,Month-to-Month,Debit Card,North,Premium,No,0,32985.0
CUST104706,34,3463.62,2,2,49.1,Month-to-Month,Credit Card,West,Basic,Yes,1,41563.44
CUST104707,40,2810.52,4,0,38.9,Month-to-Month,UPI,North,Premium,No,0,33726.24
CUST104708,56,4145.34,0,0,29.7,Month-to-Month,Debit Card,South,Basic,No,1,49744.08
CUST104709,31,1734.58,1,1,48.8,One Year,Credit Card,North,Basic,Yes,0,20814.96
CUST104710,21,2293.93,4,0,54.7,Month-to-Month,UPI,South,Basic,Yes,0,27527.16
CUST104711,58,3701.26,2,1,34.2,Month-to-Month,Credit Card,North,Standard,No,1,44415.12
CUST104712,64,4548.33,2,0,26.3,Two Year,Credit Card,East,Standard,No,1,54579.96
CUST104713,36,777.83,1,0,34.9,Two Year,Debit Card,South,Basic,No,0,9333.96
CUST104714,3,4711.92,2,0,39.1,Two Year,Credit Card,West,Premium,Yes,1,56543.04
CUST104715,37,3045.85,0,1,60.3,Month-to-Month,Credit Card,West,Premium,No,0,36550.2
CUST104716,65,1127.74,2,2,53.1,Month-to-Month,Debit Card,West,Standard,No,0,13532.88
CUST104717,72,700.0,1,0,41.9,One Year,Cash,South,Basic,No,0,8400.0
CUST104718,29,1517.68,1,0,72.4,Two Year,UPI,North,Standard,Yes,0,18212.16
CUST104719,11,3178.32,0,5,41.4,Month-to-Month,Debit Card,North,Standard,No,1,38139.84
CUST104720,42,3127.51,3,0,64.6,Two Year,UPI,East,Basic,Yes,0,37530.12
CUST104721,60,3896.52,2,3,61.5,Month-to-Month,UPI,North,Basic,No,1,46758.24
CUST104722,69,2595.56,3,3,60.4,One Year,Net Banking,South,Standard,Yes,0,31146.72
CUST104723,4,1981.16,2,1,47.1,Month-to-Month,Credit Card,North,Premium,Yes,0,23773.92
CUST104724,21,2745.6,1,3,43.9,Month-to-Month,UPI,North,Basic,Yes,0,32947.2
CUST104725,35,3236.97,1,1,42.1,Month-to-Month,Credit Card,South,Basic,No,1,38843.64
CUST104726,8,3453.85,2,3,55.6,Month-to-Month,Credit Card,South,Premium,No,1,41446.2
CUST104727,64,2331.92,1,1,29.4,One Year,Cash,North,Standard,No,0,27983.04
CUST104728,9,4191.59,1,1,37.8,Month-to-Month,Cash,West,Standard,No,1,50299.08
CUST104729,48,2516.46,3,0,68.7,Month-to-Month,UPI,East,Basic,Yes,0,30197.52
CUST104730,67,2243.31,5,1,52.0,One Year,Net Banking,South,Premium,No,0,26919.72
CUST104731,50,2603.37,3,1,57.3,Month-to-Month,Credit Card,West,Standard,Yes,0,31240.44
CUST104732,55,4382.32,0,0,22.5,Month-to-Month,Debit Card,East,Basic,No,1,52587.84
CUST104733,19,3053.92,2,0,35.1,Month-to-Month,UPI,South,Basic,Yes,1,36647.04
CUST104734,60,2436.04,3,0,47.3,Month-to-Month,Net Banking,West,Standard,Yes,0,29232.48
CUST104735,31,4218.72,3,0,41.3,Month-to-Month,Debit Card,South,Basic,Yes,1,50624.64
CUST104736,5,5557.02,1,2,22.4,Two Year,Cash,West,Basic,No,1,66684.24
CUST104737,27,3430.65,1,3,54.2,Two Year,Net Banking,North,Standard,Yes,0,41167.8
CUST104738,26,4557.23,2,1,59.2,Month-to-Month,Credit Card,North,Premium,Yes,1,54686.76
CUST104739,38,4339.69,2,0,37.4,Month-to-Month,Net Banking,South,Standard,No,1,52076.28
CUST104740,20,2533.8,1,0,54.7,One Year,Credit Card,West,Basic,Yes,0,30405.6
CUST104741,34,3229.3,2,1,74.5,Month-to-Month,Net Banking,East,Basic,Yes,1,38751.6
CUST104742,31,1789.2,2,1,66.4,Month-to-Month,UPI,West,Standard,No,0,21470.4
CUST104743,24,2974.56,2,1,38.2,Two Year,Credit Card,South,Basic,No,0,35694.72
CUST104744,51,2511.19,2,2,24.3,Two Year,Net Banking,West,Standard,No,0,30134.28
CUST104745,22,2756.83,4,1,45.7,Two Year,UPI,North,Premium,No,0,33081.96
CUST104746,56,2375.12,3,3,79.6,Month-to-Month,Net Banking,North,Basic,No,0,28501.44
CUST104747,19,2884.19,1,3,63.4,Month-to-Month,UPI,South,Standard,Yes,0,34610.28
CUST104748,63,3785.46,1,2,41.9,One Year,Debit Card,North,Basic,No,1,45425.52
CUST104749,27,3068.56,1,1,67.0,Month-to-Month,Debit Card,North,Basic,No,0,36822.72
CUST104750,3,1149.19,0,0,60.7,One Year,UPI,East,Standard,Yes,0,13790.28
CUST104751,11,2379.27,3,1,11.6,Month-to-Month,Net Banking,South,Standard,No,0,28551.24
CUST104752,59,1528.66,0,0,59.0,Two Year,UPI,West,Basic,No,0,18343.92
CUST104753,63,3468.47,0,2,43.9,Month-to-Month,Net Banking,West,Standard,No,1,41621.64
CUST104754,16,3753.65,1,0,28.1,Month-to-Month,Cash,West,Standard,No,1,45043.8
CUST104755,44,3482.2,1,0,43.5,Two Year,Debit Card,South,Basic,No,1,41786.4
CUST104756,42,2333.86,3,0,48.6,One Year,Cash,South,Premium,No,0,28006.32
CUST104757,10,3471.54,0,2,29.3,Month-to-Month,Debit Card,West,Standard,Yes,1,41658.48
CUST104758,33,2682.87,2,2,40.1,Two Year,Cash,South,Premium,Yes,0,32194.44
CUST104759,50,1947.95,1,3,36.7,One Year,Net Banking,South,Standard,No,0,23375.4
CUST104760,70,4016.12,2,1,54.7,One Year,Debit Card,East,Standard,Yes,1,48193.44
CUST104761,62,4099.83,1,2,37.2,Month-to-Month,Cash,East,Basic,Yes,1,49197.96
CUST104762,8,4243.79,3,1,14.8,One Year,Credit Card,North,Standard,No,1,50925.48
CUST104763,18,2530.82,1,2,34.8,One Year,Credit Card,North,Basic,No,0,30369.84
CUST104764,32,4497.3,2,2,26.9,One Year,Net Banking,North,Standard,Yes,1,53967.6
CUST104765,11,2657.06,2,0,21.3,Two Year,Debit Card,North,Standard,No,0,31884.72
CUST104766,42,3918.85,3,2,60.9,Month-to-Month,UPI,South,Standard,No,1,47026.2
CUST104767,1,2638.0,3,0,54.9,One Year,Credit Card,West,Basic,Yes,0,31656.0
CUST104768,9,2953.62,3,1,26.5,One Year,Debit Card,West,Basic,Yes,0,35443.44
CUST104769,4,700.0,3,3,21.7,Month-to-Month,UPI,North,Basic,Yes,0,8400.0
CUST104770,22,2867.9,1,0,40.4,One Year,Credit Card,North,Standard,Yes,0,34414.8
CUST104771,55,3300.2,1,1,20.8,One Year,UPI,West,Basic,Yes,1,39602.4
CUST104772,13,2748.95,1,0,38.1,Month-to-Month,UPI,East,Basic,No,0,32987.4
CUST104773,72,5131.81,3,1,43.1,Month-to-Month,Net Banking,South,Basic,No,1,61581.72
CUST104774,20,1921.29,1,0,46.9,Month-to-Month,UPI,West,Premium,Yes,0,23055.48
CUST104775,4,2580.06,2,0,47.4,Month-to-Month,Net Banking,West,Basic,No,0,30960.72
CUST104776,25,2204.64,2,0,29.5,Month-to-Month,Credit Card,North,Premium,No,0,26455.68
CUST104777,54,2579.85,1,1,43.1,One Year,Cash,East,Basic,No,0,30958.2
CUST104778,8,4334.55,0,4,62.5,Month-to-Month,Net Banking,East,Standard,No,1,52014.6
CUST104779,6,4825.83,1,0,8.4,Month-to-Month,Credit Card,West,Standard,No,1,57909.96
CUST104780,62,2429.13,2,0,47.2,Month-to-Month,UPI,South,Basic,No,0,29149.56
CUST104781,43,2404.69,1,2,23.1,One Year,Net Banking,East,Basic,No,0,28856.28
CUST104782,25,1927.16,4,3,64.5,Two Year,Debit Card,South,Premium,Yes,0,23125.92
CUST104783,55,4636.91,4,1,55.1,One Year,UPI,South,Premium,No,1,55642.92
CUST104784,61,4433.1,0,1,54.6,One Year,Cash,East,Standard,No,1,53197.2
CUST104785,26,3083.42,0,0,28.3,Month-to-Month,Credit Card,North,Basic,Yes,0,37001.04
CUST104786,41,3190.645,0,2,46.2,Two Year,UPI,West,Basic,Yes,0,38287.74
CUST104787,1,1762.67,1,0,48.0,Two Year,UPI,South,Basic,No,0,21152.04
CUST104788,23,3387.69,3,3,4.1,Two Year,Net Banking,West,Premium,No,1,40652.28
CUST104789,43,3804.27,1,0,44.3,One Year,Credit Card,West,Standard,Yes,1,45651.24
CUST104790,15,927.24,4,3,51.8,Month-to-Month,Net Banking,East,Standard,Yes,0,11126.88
CUST104791,72,2846.56,3,1,19.4,Month-to-Month,Credit Card,East,Standard,No,0,34158.72
CUST104792,70,4980.13,3,1,51.6,Month-to-Month,UPI,West,Standard,No,1,59761.56
CUST104793,19,2960.74,0,2,43.6,Month-to-Month,UPI,South,Basic,Yes,1,35528.88
CUST104794,29,4838.6,5,1,41.5,Month-to-Month,Net Banking,East,Basic,Yes,1,58063.2
CUST104795,14,3913.95,2,3,35.4,Two Year,UPI,West,Basic,Yes,1,46967.4
CUST104796,37,2007.29,3,0,44.8,Month-to-Month,Cash,North,Premium,No,0,24087.48
CUST104797,9,2878.06,1,2,47.5,Month-to-Month,UPI,South,Standard,No,0,34536.72
CUST104798,29,3058.44,4,0,2.0,One Year,Cash,North,Basic,No,0,36701.28
CUST104799,40,2152.24,0,0,36.3,Month-to-Month,UPI,South,Premium,No,0,25826.88
CUST104800,45,2133.15,1,2,43.4,Month-to-Month,Debit Card,West,Premium,No,0,25597.8
CUST104801,43,4857.45,2,0,4.3,One Year,UPI,North,Standard,No,1,58289.4
CUST104802,16,2124.9,1,1,52.8,Month-to-Month,UPI,North,Premium,No,0,25498.8
CUST104803,58,4386.28,0,0,43.4,Month-to-Month,Net Banking,South,Basic,No,1,52635.36
CUST104804,50,2719.87,1,1,43.3,Month-to-Month,UPI,West,Standard,No,0,32638.44
CUST104805,55,3171.8,3,0,53.5,Month-to-Month,Net Banking,North,Standard,No,0,38061.6
CUST104806,34,3818.03,1,0,35.4,Month-to-Month,Debit Card,East,Standard,Yes,1,45816.36
CUST104807,65,2541.59,2,0,42.7,Month-to-Month,Net Banking,East,Basic,No,0,30499.08
CUST104808,29,3824.69,2,0,55.8,Two Year,Credit Card,East,Basic,No,1,45896.28
CUST104809,59,948.93,1,0,42.9,Month-to-Month,Cash,West,Standard,Yes,0,11387.16
CUST104810,15,3683.68,1,0,12.5,Month-to-Month,Net Banking,West,Basic,No,1,44204.16
CUST104811,18,700.0,1,2,42.8,Month-to-Month,Net Banking,North,Basic,No,0,8400.0
CUST104812,38,2950.47,2,1,43.0,One Year,UPI,West,Premium,No,1,35405.64
CUST104813,41,4139.67,2,1,56.4,Month-to-Month,UPI,South,Standard,No,1,49676.04
CUST104814,54,3884.52,2,0,36.5,One Year,Net Banking,West,Basic,No,1,46614.24
CUST104815,22,1771.75,3,1,26.4,Two Year,Debit Card,West,Basic,No,0,21261.0
CUST104816,63,1913.37,3,0,26.4,Month-to-Month,Credit Card,North,Basic,No,0,22960.44
CUST104817,24,2442.46,1,1,65.1,One Year,Credit Card,North,Standard,Yes,0,29309.52
CUST104818,39,3404.84,1,0,46.6,Month-to-Month,Credit Card,East,Standard,Yes,1,40858.08
CUST104819,68,964.87,3,0,64.3,One Year,Debit Card,North,Basic,Yes,0,11578.44
CUST104820,39,3185.45,4,1,66.6,One Year,Credit Card,South,Premium,No,0,38225.4
CUST104821,50,3542.57,3,0,30.1,Month-to-Month,Credit Card,West,Basic,No,1,42510.84
CUST104822,66,2888.66,1,1,28.9,Month-to-Month,Credit Card,South,Premium,Yes,0,34663.92
CUST104823,71,3777.85,3,1,40.0,Month-to-Month,Credit Card,South,Standard,Yes,1,45334.2
CUST104824,36,3446.1,0,0,51.8,Month-to-Month,UPI,North,Standard,No,1,41353.2
CUST104825,31,2604.18,1,3,19.6,Month-to-Month,UPI,West,Standard,No,0,31250.16
CUST104826,15,1070.19,3,2,49.3,One Year,Debit Card,West,Premium,Yes,0,12842.28
CUST104827,39,3346.75,2,3,48.5,Month-to-Month,Cash,West,Basic,Yes,1,40161.0
CUST104828,67,2151.62,3,5,24.0,Month-to-Month,UPI,North,Standard,No,0,25819.44
CUST104829,36,2563.82,2,3,24.6,Month-to-Month,Net Banking,North,Basic,No,0,30765.84
CUST104830,26,3727.04,2,2,49.1,One Year,Debit Card,West,Basic,No,1,44724.48
CUST104831,8,4759.07,2,3,75.2,Month-to-Month,Cash,West,Premium,Yes,1,57108.84
CUST104832,29,3158.13,0,1,37.3,One Year,Credit Card,North,Standard,No,0,37897.56
CUST104833,18,3809.47,4,2,47.3,Two Year,Debit Card,North,Basic,No,1,45713.64
CUST104834,71,1611.07,3,1,32.3,Month-to-Month,Debit Card,East,Premium,Yes,0,19332.84
CUST104835,38,3470.08,4,3,45.8,Month-to-Month,Cash,South,Basic,Yes,1,41640.96
CUST104836,10,3134.1,4,2,32.0,Two Year,UPI,East,Standard,No,0,37609.2
CUST104837,5,4552.15,1,3,37.9,One Year,UPI,North,Standard,No,1,54625.8
CUST104838,62,2605.5,5,1,81.2,Month-to-Month,Net Banking,West,Premium,Yes,0,31266.0
CUST104839,68,2934.2,1,1,43.7,Month-to-Month,UPI,South,Standard,No,0,35210.4
CUST104840,55,4364.7,1,0,17.0,Month-to-Month,Net Banking,North,Basic,Yes,1,52376.4
CUST104841,9,3098.76,2,1,52.3,One Year,UPI,South,Basic,No,0,37185.12
CUST104842,8,1980.27,2,0,60.1,Month-to-Month,UPI,North,Standard,No,0,23763.24
CUST104843,15,6006.8,4,1,52.8,One Year,Credit Card,East,Basic,No,1,72081.6
CUST104844,55,2013.55,1,0,39.2,Month-to-Month,Net Banking,North,Standard,No,0,24162.6
CUST104845,56,3128.83,4,0,27.3,Month-to-Month,Debit Card,North,Basic,No,1,37545.96
CUST104846,61,3581.36,1,0,27.7,Month-to-Month,Net Banking,West,Standard,No,1,42976.32
CUST104847,7,3494.38,2,0,39.0,Month-to-Month,Debit Card,South,Basic,No,1,41932.56
CUST104848,12,2991.28,2,1,36.1,Two Year,Debit Card,East,Standard,Yes,0,35895.36
CUST104849,65,2996.76,4,1,33.1,Month-to-Month,Debit Card,South,Standard,No,0,35961.12
CUST104850,67,2941.57,2,3,61.4,One Year,Credit Card,West,Standard,Yes,0,35298.84
CUST104851,53,1972.47,2,1,56.7,Month-to-Month,Debit Card,West,Standard,Yes,0,23669.64
CUST104852,8,5565.24,3,1,62.3,Month-to-Month,Cash,South,Basic,No,1,66782.88
CUST104853,5,2958.01,2,1,29.4,Month-to-Month,Cash,West,Premium,No,1,35496.12
CUST104854,5,3856.62,1,2,27.3,Month-to-Month,UPI,West,Basic,No,1,46279.44
CUST104855,50,2831.88,1,2,43.2,Two Year,Credit Card,West,Basic,No,0,33982.56
CUST104856,61,2809.76,1,0,48.6,Month-to-Month,Debit Card,West,Basic,No,0,33717.12
CUST104857,46,2699.01,3,1,43.1,Month-to-Month,Debit Card,South,Standard,No,0,32388.12
CUST104858,19,1495.17,2,1,47.5,Month-to-Month,Credit Card,South,Basic,Yes,0,17942.04
CUST104859,55,3023.32,0,2,67.4,Month-to-Month,Cash,West,Basic,Yes,0,36279.84
CUST104860,5,2752.29,3,3,38.5,Month-to-Month,Credit Card,South,Standard,No,0,33027.48
CUST104861,60,4488.68,2,1,54.9,Two Year,UPI,South,Premium,No,1,53864.16
CUST104862,65,1883.63,0,1,50.3,One Year,Net Banking,North,Basic,Yes,0,22603.56
CUST104863,52,2565.14,3,0,43.5,One Year,Debit Card,South,Basic,No,0,30781.68
CUST104864,64,2211.72,4,2,54.2,Month-to-Month,Net Banking,North,Basic,No,0,26540.64
CUST104865,43,4786.78,0,1,29.7,Month-to-Month,UPI,North,Standard,No,1,57441.36
CUST104866,34,2243.65,2,1,26.5,One Year,UPI,South,Basic,No,0,26923.8
CUST104867,24,3818.53,2,2,48.9,Month-to-Month,Cash,South,Standard,No,1,45822.36
CUST104868,67,4267.18,2,2,15.8,One Year,Credit Card,West,Standard,No,1,51206.16
CUST104869,51,3039.26,1,2,50.2,One Year,UPI,East,Basic,No,0,36471.12
CUST104870,14,1685.51,2,2,23.9,Two Year,Net Banking,West,Basic,No,0,20226.12
CUST104871,69,1699.43,1,1,66.3,Month-to-Month,Cash,North,Basic,Yes,0,20393.16
CUST104872,5,4145.74,0,0,35.7,One Year,Cash,West,Standard,Yes,1,49748.88
CUST104873,43,1813.35,0,1,65.3,Month-to-Month,Cash,North,Standard,Yes,0,21760.2
CUST104874,14,3631.23,1,2,38.6,Month-to-Month,UPI,South,Standard,Yes,1,43574.76
CUST104875,48,3325.78,1,0,37.9,One Year,Net Banking,South,Basic,No,1,39909.36
CUST104876,30,3614.85,1,1,55.9,Month-to-Month,UPI,West,Basic,Yes,1,43378.2
CUST104877,32,3718.74,2,0,46.7,Month-to-Month,Credit Card,North,Standard,No,1,44624.88
CUST104878,49,2172.96,3,1,40.9,Month-to-Month,UPI,South,Standard,No,0,26075.52
CUST104879,55,2126.92,0,0,35.5,Month-to-Month,Credit Card,North,Standard,No,0,25523.04
CUST104880,28,3986.42,1,1,35.7,Month-to-Month,UPI,South,Standard,No,1,47837.04
CUST104881,72,2507.72,1,2,41.5,Month-to-Month,Net Banking,South,Basic,No,0,30092.64
CUST104882,36,700.0,2,4,15.2,Month-to-Month,Cash,North,Standard,Yes,0,8400.0
CUST104883,12,3913.63,1,2,22.8,Month-to-Month,UPI,South,Basic,No,1,46963.56
CUST104884,1,2060.11,2,2,60.8,Month-to-Month,UPI,South,Basic,No,0,24721.32
CUST104885,15,3713.85,2,1,59.6,One Year,UPI,East,Standard,Yes,0,44566.2
CUST104886,50,4732.1,2,0,27.2,Month-to-Month,Debit Card,West,Standard,No,1,56785.2
CUST104887,39,3218.44,0,0,14.0,One Year,Net Banking,West,Standard,No,1,38621.28
CUST104888,25,4295.34,1,2,62.4,Two Year,Net Banking,North,Basic,No,1,51544.08
CUST104889,35,3369.18,1,1,25.3,Two Year,Credit Card,South,Standard,No,1,40430.16
CUST104890,61,4946.17,2,0,34.1,Month-to-Month,Cash,West,Standard,No,1,59354.04
CUST104891,42,2031.68,2,0,43.5,Month-to-Month,Credit Card,East,Standard,Yes,0,24380.16
CUST104892,5,3190.96,3,1,24.8,Month-to-Month,Net Banking,South,Basic,Yes,0,38291.52
CUST104893,4,3940.48,0,0,56.8,Month-to-Month,Credit Card,South,Standard,Yes,1,47285.76
CUST104894,35,2990.55,4,0,42.3,Month-to-Month,Debit Card,West,Basic,No,0,35886.6
CUST104895,30,4467.44,0,1,27.9,Month-to-Month,Credit Card,West,Standard,Yes,1,53609.28
CUST104896,62,2724.76,1,1,29.3,Two Year,UPI,South,Basic,Yes,0,32697.12
CUST104897,42,5476.31,1,0,62.8,Month-to-Month,Debit Card,South,Standard,No,1,65715.72
CUST104898,55,5534.42,2,0,37.5,Month-to-Month,UPI,East,Standard,No,1,66413.04
CUST104899,43,3510.28,2,2,51.8,Month-to-Month,Debit Card,North,Standard,No,1,42123.36
CUST104900,25,3807.86,4,3,41.8,Month-to-Month,Debit Card,West,Basic,Yes,1,45694.32
CUST104901,48,4510.84,2,2,13.9,Month-to-Month,Credit Card,North,Standard,No,1,54130.08
CUST104902,45,1894.08,1,1,53.9,Month-to-Month,UPI,South,Premium,Yes,0,22728.96
CUST104903,52,1756.8,0,1,59.2,Month-to-Month,Net Banking,West,Basic,No,0,21081.6
CUST104904,14,4582.06,2,1,71.5,Two Year,UPI,West,Basic,No,1,54984.72
CUST104905,47,3501.39,0,1,11.6,One Year,UPI,East,Standard,No,1,42016.68
CUST104906,21,2950.84,2,2,2.0,One Year,Credit Card,South,Standard,No,0,35410.08
CUST104907,57,3212.24,2,0,52.2,Month-to-Month,UPI,East,Basic,Yes,1,38546.88
CUST104908,58,700.0,5,1,32.4,Month-to-Month,Credit Card,West,Basic,No,0,8400.0
CUST104909,45,2990.38,0,0,19.1,One Year,Net Banking,North,Basic,No,0,35884.56
CUST104910,69,2371.65,2,0,43.7,Month-to-Month,Net Banking,East,Basic,Yes,0,28459.8
CUST104911,39,4209.88,3,0,34.8,One Year,Credit Card,West,Basic,Yes,1,50518.56
CUST104912,2,4294.53,5,0,21.6,Month-to-Month,UPI,West,Basic,No,1,51534.36
CUST104913,44,3834.35,0,1,40.7,Month-to-Month,Cash,South,Premium,Yes,1,46012.2
CUST104914,56,3635.0,0,1,51.1,Month-to-Month,Net Banking,West,Premium,No,1,43620.0
CUST104915,8,1552.92,3,2,44.8,Month-to-Month,UPI,East,Standard,Yes,0,18635.04
CUST104916,8,3849.71,2,1,44.9,One Year,Debit Card,South,Standard,No,1,46196.52
CUST104917,20,3892.34,1,0,49.1,One Year,Cash,West,Premium,No,1,46708.08
CUST104918,61,4569.71,2,1,14.9,Two Year,Cash,North,Standard,No,1,54836.52
CUST104919,38,5530.03,3,1,41.2,One Year,Credit Card,West,Basic,Yes,1,66360.36
CUST104920,71,1338.18,0,3,45.8,One Year,Debit Card,South,Basic,No,0,16058.16
CUST104921,63,2772.68,0,2,36.0,One Year,Debit Card,East,Standard,No,0,33272.16
CUST104922,40,2383.51,1,1,28.7,One Year,Net Banking,West,Premium,Yes,0,28602.12
CUST104923,49,3389.76,4,1,30.1,One Year,Cash,West,Basic,Yes,1,40677.12
CUST104924,24,3214.74,5,0,37.3,Month-to-Month,Credit Card,West,Basic,No,1,38576.88
CUST104925,7,2942.51,2,0,56.6,Two Year,UPI,South,Standard,No,0,35310.12
CUST104926,29,4330.36,1,1,66.4,Month-to-Month,Net Banking,East,Basic,No,1,51964.32
CUST104927,43,1988.44,1,1,63.2,Month-to-Month,Cash,West,Basic,No,0,23861.28
CUST104928,14,2054.77,3,3,17.0,Month-to-Month,Net Banking,South,Standard,No,0,24657.24
CUST104929,16,2073.35,5,1,27.0,One Year,UPI,South,Standard,Yes,0,24880.2
CUST104930,2,2803.64,3,2,52.5,One Year,Net Banking,West,Standard,Yes,0,33643.68
CUST104931,53,1848.55,2,1,62.8,Month-to-Month,UPI,South,Basic,No,0,22182.6
CUST104932,65,3146.57,3,3,26.5,Month-to-Month,Cash,North,Basic,No,0,37758.84
CUST104933,60,3017.96,0,1,44.9,One Year,Net Banking,West,Basic,No,0,36215.52
CUST104934,28,2334.83,1,1,23.9,One Year,UPI,South,Standard,No,0,28017.96
CUST104935,43,4161.14,0,0,46.4,Month-to-Month,UPI,West,Premium,Yes,1,49933.68
CUST104936,70,3134.55,2,1,31.7,One Year,UPI,North,Standard,Yes,0,37614.6
CUST104937,43,4368.91,1,1,44.9,One Year,UPI,West,Standard,No,1,52426.92
CUST104938,22,2985.45,0,0,22.6,Month-to-Month,UPI,South,Basic,No,0,35825.4
CUST104939,25,3173.39,3,2,15.9,Month-to-Month,Net Banking,South,Basic,Yes,1,38080.68
CUST104940,53,2580.94,3,0,91.6,Month-to-Month,UPI,South,Standard,No,0,30971.28
CUST104941,33,3192.25,1,0,43.1,One Year,Cash,East,Basic,No,0,38307.0
CUST104942,61,3983.45,4,3,76.2,Two Year,UPI,South,Basic,No,1,47801.4
CUST104943,63,2747.53,2,0,66.1,Two Year,Debit Card,East,Basic,No,0,32970.36
CUST104944,3,3770.25,3,0,15.8,One Year,Debit Card,South,Standard,Yes,1,45243.0
CUST104945,53,2305.98,1,0,47.8,Month-to-Month,Credit Card,East,Basic,No,0,27671.76
CUST104946,27,4034.96,1,2,21.3,Month-to-Month,Credit Card,South,Basic,Yes,1,48419.52
CUST104947,38,2562.1,1,2,37.3,One Year,Net Banking,South,Standard,No,0,30745.2
CUST104948,20,4136.85,2,2,11.8,Month-to-Month,UPI,East,Standard,No,1,49642.2
CUST104949,27,3267.07,4,1,16.8,One Year,Credit Card,South,Basic,No,0,39204.84
CUST104950,24,4873.05,5,0,28.3,Two Year,Net Banking,North,Standard,No,1,58476.6
CUST104951,4,1930.53,1,3,33.3,Month-to-Month,Credit Card,East,Standard,No,0,23166.36
CUST104952,57,1576.21,2,0,42.6,Month-to-Month,UPI,South,Basic,No,0,18914.52
CUST104953,11,2522.16,3,1,25.4,Month-to-Month,UPI,South,Standard,No,0,30265.92
CUST104954,28,1676.93,1,0,44.4,Month-to-Month,Debit Card,West,Basic,No,0,20123.16
CUST104955,14,1678.99,1,0,60.2,Month-to-Month,Cash,North,Standard,No,0,20147.88
CUST104956,12,3883.71,4,1,46.4,One Year,UPI,South,Basic,Yes,1,46604.52
CUST104957,27,3195.4,2,2,40.9,Month-to-Month,Credit Card,North,Basic,Yes,1,38344.8
CUST104958,67,2672.35,3,2,47.5,Month-to-Month,UPI,South,Standard,No,0,32068.2
CUST104959,68,2774.34,2,0,19.0,Two Year,Cash,West,Standard,No,0,33292.08
CUST104960,28,2543.04,2,0,57.2,Month-to-Month,Net Banking,East,Basic,No,0,30516.48
CUST104961,37,5015.41,2,1,22.8,Month-to-Month,Credit Card,West,Premium,No,1,60184.92
CUST104962,71,2390.94,2,1,66.8,One Year,UPI,South,Basic,No,0,28691.28
CUST104963,17,1745.65,2,4,54.3,Month-to-Month,Debit Card,North,Basic,No,0,20947.8
CUST104964,69,4075.66,1,0,50.9,Month-to-Month,Debit Card,South,Basic,Yes,1,48907.92
CUST104965,8,2962.67,0,2,51.6,Two Year,Debit Card,North,Basic,No,0,35552.04
CUST104966,17,5442.65,3,2,42.0,One Year,UPI,South,Premium,No,1,65311.8
CUST104967,25,2621.17,2,2,29.4,Month-to-Month,UPI,North,Basic,No,0,31454.04
CUST104968,3,4130.58,1,1,26.9,One Year,UPI,North,Standard,No,1,49566.96
CUST104969,59,4390.42,1,2,70.0,Month-to-Month,Net Banking,North,Standard,No,1,52685.04
CUST104970,62,2626.53,1,3,43.7,Two Year,Credit Card,South,Basic,No,0,31518.36
CUST104971,28,2382.79,2,0,24.2,Month-to-Month,UPI,West,Standard,No,0,28593.48
CUST104972,61,4015.5,0,1,50.3,One Year,Net Banking,West,Basic,No,1,48186.0
CUST104973,56,3832.38,2,0,47.5,Month-to-Month,Net Banking,North,Premium,No,1,45988.56
CUST104974,58,1648.33,0,0,36.7,Month-to-Month,Net Banking,West,Basic,Yes,0,19779.96
CUST104975,58,1958.72,2,1,27.6,Month-to-Month,Debit Card,North,Premium,No,0,23504.64
CUST104976,42,700.0,2,0,53.8,One Year,Debit Card,North,Basic,Yes,0,8400.0
CUST104977,8,3854.93,3,1,57.1,Month-to-Month,Credit Card,West,Basic,Yes,1,46259.16
CUST104978,67,2911.99,0,0,47.2,Month-to-Month,UPI,South,Standard,No,0,34943.88
CUST104979,44,3021.63,3,0,43.1,Month-to-Month,Net Banking,South,Basic,No,0,36259.56
CUST104980,65,1339.41,1,0,29.5,Month-to-Month,Credit Card,South,Basic,Yes,0,16072.92
CUST104981,70,1992.09,2,0,49.7,Month-to-Month,Debit Card,South,Standard,No,0,23905.08
CUST104982,14,2674.25,3,0,31.8,Two Year,Debit Card,East,Basic,Yes,0,32091.0
CUST104983,29,2460.44,1,1,21.6,One Year,Credit Card,East,Standard,Yes,0,29525.28
CUST104984,14,3329.62,2,0,60.0,One Year,Debit Card,North,Standard,No,1,39955.44
CUST104985,4,3841.81,2,2,25.5,Two Year,UPI,North,Premium,Yes,1,46101.72
CUST104986,70,5696.57,3,3,11.6,One Year,Net Banking,South,Basic,Yes,1,68358.84
CUST104987,67,3177.98,3,0,62.9,Month-to-Month,Cash,West,Standard,No,1,38135.76
CUST104988,68,4426.94,3,1,14.1,One Year,Debit Card,West,Standard,No,1,53123.28
CUST104989,64,2287.03,3,2,35.8,Month-to-Month,Credit Card,North,Standard,Yes,0,27444.36
CUST104990,47,1357.56,1,4,24.5,Month-to-Month,UPI,South,Basic,No,0,16290.72
CUST104991,38,2812.47,1,2,30.4,Month-to-Month,Net Banking,South,Basic,Yes,0,33749.64
CUST104992,72,1442.51,1,3,77.6,Month-to-Month,Credit Card,West,Basic,Yes,0,17310.12
CUST104993,40,3216.14,1,1,40.4,One Year,Net Banking,West,Basic,No,0,38593.68
CUST104994,47,2341.5,0,2,47.8,Month-to-Month,Credit Card,North,Standard,No,0,28098.0
CUST104995,16,1050.3,1,2,54.6,Month-to-Month,Net Banking,South,Standard,Yes,0,12603.6
CUST104996,54,5109.63,3,1,31.7,Month-to-Month,Credit Card,South,Basic,Yes,1,61315.56
CUST104997,60,2608.68,0,2,59.2,Month-to-Month,Debit Card,South,Premium,No,0,31304.16
CUST104998,49,1398.62,3,1,48.0,Month-to-Month,UPI,South,Standard,No,0,16783.44
CUST104999,36,4187.99,1,0,54.1,Month-to-Month,Cash,East,Premium,Yes,1,50255.88
CUST105000,15,2398.52,1,2,30.4,Month-to-Month,Debit Card,East,Basic,No,0,28782.24
CUST105001,3,4399.18,1,1,49.1,Month-to-Month,Debit Card,South,Standard,Yes,1,52790.16
CUST105002,46,2393.27,1,1,41.9,Month-to-Month,UPI,East,Basic,No,0,28719.24
CUST105003,50,2605.01,2,0,60.1,Month-to-Month,Debit Card,South,Premium,No,0,31260.12
CUST105004,56,3579.31,3,0,33.4,One Year,Credit Card,East,Basic,No,1,42951.72
CUST105005,69,3852.54,3,1,74.5,One Year,Credit Card,North,Basic,Yes,1,46230.48
CUST105006,36,4045.33,2,1,47.4,Month-to-Month,Credit Card,South,Standard,Yes,1,48543.96
CUST105007,60,3101.28,2,1,40.0,One Year,Credit Card,East,Basic,Yes,0,37215.36
CUST105008,52,3781.48,0,1,38.1,Two Year,Net Banking,West,Premium,Yes,1,45377.76
CUST105009,20,4020.19,3,2,41.9,Month-to-Month,Credit Card,North,Basic,No,1,48242.28
CUST105010,61,3420.63,2,1,31.9,Two Year,Net Banking,East,Basic,No,1,41047.56
CUST105011,4,3043.08,2,0,52.7,One Year,UPI,South,Basic,No,0,36516.96
CUST105012,44,1610.18,0,2,41.8,Month-to-Month,Credit Card,East,Basic,No,0,19322.16
CUST105013,68,3859.09,2,1,73.1,Month-to-Month,Debit Card,North,Premium,Yes,1,46309.08
CUST105014,48,3246.39,3,1,35.1,Two Year,Cash,East,Premium,Yes,1,38956.68
CUST105015,68,2745.02,2,0,40.1,Month-to-Month,Credit Card,South,Premium,No,0,32940.24
CUST105016,5,4605.54,0,1,35.1,Month-to-Month,Debit Card,South,Premium,No,1,55266.48
CUST105017,39,1629.38,1,1,71.9,Month-to-Month,Net Banking,North,Basic,Yes,0,19552.56
CUST105018,57,5008.44,1,2,18.9,Month-to-Month,Net Banking,South,Standard,No,1,60101.28
CUST105019,47,3175.5,4,2,43.5,Month-to-Month,Net Banking,South,Basic,No,0,38106.0
CUST105020,64,3549.27,1,0,47.0,Month-to-Month,Credit Card,West,Standard,No,1,42591.24
CUST105021,34,2765.45,0,1,24.0,One Year,Net Banking,West,Premium,No,0,33185.4
CUST105022,50,1366.22,3,0,84.3,Month-to-Month,Cash,North,Basic,No,0,16394.64
CUST105023,31,3046.43,2,2,27.1,One Year,Credit Card,South,Standard,Yes,0,36557.16
CUST105024,63,3568.22,5,1,42.5,Two Year,Debit Card,South,Standard,No,1,42818.64
CUST105025,9,3943.85,2,3,68.9,Month-to-Month,Credit Card,East,Premium,Yes,1,47326.2
CUST105026,19,2982.16,1,0,36.0,Two Year,UPI,East,Premium,No,0,35785.92
CUST105027,7,788.21,0,1,44.3,Month-to-Month,UPI,South,Premium,Yes,0,9458.52
CUST105028,51,1504.17,3,0,36.5,Month-to-Month,UPI,North,Standard,No,0,18050.04
CUST105029,17,5457.22,1,0,41.1,Month-to-Month,Debit Card,South,Premium,Yes,1,65486.64
CUST105030,23,1998.21,2,3,59.3,Month-to-Month,Net Banking,South,Premium,Yes,0,23978.52
CUST105031,61,4769.75,1,2,35.3,Two Year,UPI,North,Basic,Yes,1,57237.0
CUST105032,26,2172.5,2,2,2.0,Month-to-Month,UPI,West,Premium,No,0,26070.0
CUST105033,11,2999.3,1,2,41.5,Month-to-Month,UPI,West,Standard,No,1,35991.6
CUST105034,2,3887.73,5,3,43.0,One Year,Net Banking,West,Basic,No,1,46652.76
CUST105035,17,2297.79,1,3,45.1,Two Year,Credit Card,North,Standard,No,0,27573.48
CUST105036,66,4951.44,1,3,39.1,Two Year,Net Banking,West,Standard,Yes,1,59417.28
CUST105037,40,3283.3,3,1,28.2,Month-to-Month,UPI,South,Standard,No,1,39399.6
CUST105038,72,3706.94,4,1,38.1,Month-to-Month,Debit Card,South,Basic,Yes,1,44483.28
CUST105039,16,2905.63,1,5,70.2,Month-to-Month,Net Banking,West,Standard,No,0,34867.56
CUST105040,26,3924.59,1,0,41.3,Month-to-Month,Net Banking,North,Standard,No,1,47095.08
CUST105041,12,4936.67,3,1,52.4,Two Year,Debit Card,North,Basic,Yes,1,59240.04
CUST105042,29,3055.59,1,1,25.5,One Year,Net Banking,West,Standard,No,0,36667.08
CUST105043,41,5102.68,3,1,37.3,Two Year,UPI,North,Standard,Yes,1,61232.16
CUST105044,59,2527.24,2,2,26.0,Month-to-Month,Debit Card,South,Premium,No,0,30326.88
CUST105045,27,4040.51,2,0,62.7,Month-to-Month,Credit Card,South,Standard,Yes,1,48486.12
CUST105046,56,3738.03,5,1,17.1,Month-to-Month,Cash,West,Premium,Yes,1,44856.36
CUST105047,46,2024.56,2,3,48.0,Month-to-Month,Debit Card,South,Standard,Yes,0,24294.72
CUST105048,22,3435.19,2,2,47.5,One Year,Debit Card,South,Standard,No,1,41222.28
CUST105049,66,3208.1,1,1,46.4,One Year,Net Banking,South,Basic,Yes,0,38497.2
CUST105050,32,2261.49,5,1,4.5,One Year,UPI,South,Standard,No,0,27137.88
CUST105051,11,3593.8,1,0,9.6,One Year,Credit Card,South,Standard,No,1,43125.6
CUST105052,70,3360.92,2,0,43.9,Month-to-Month,Credit Card,West,Standard,No,1,40331.04
CUST105053,66,3120.15,1,2,27.2,Month-to-Month,UPI,East,Premium,Yes,0,37441.8
CUST105054,4,3124.56,2,0,31.7,One Year,Debit Card,West,Premium,No,1,37494.72
CUST105055,65,3100.99,1,1,35.2,Month-to-Month,Credit Card,South,Standard,No,0,37211.88
CUST105056,69,2795.53,1,2,25.2,Month-to-Month,UPI,West,Basic,No,0,33546.36
CUST105057,60,3353.82,4,2,22.4,Month-to-Month,UPI,West,Premium,Yes,1,40245.84
CUST105058,19,2491.69,2,1,42.0,Two Year,UPI,North,Basic,No,0,29900.28
CUST105059,46,6122.49,1,1,11.5,One Year,Credit Card,South,Standard,Yes,1,73469.88
CUST105060,39,1649.73,0,3,33.9,Month-to-Month,Debit Card,East,Basic,No,0,19796.76
CUST105061,45,2556.79,1,3,31.3,One Year,UPI,East,Basic,Yes,0,30681.48
CUST105062,45,2643.68,6,1,41.6,Month-to-Month,Net Banking,South,Standard,No,0,31724.16
CUST105063,47,5444.54,3,1,80.2,Month-to-Month,UPI,West,Premium,No,1,65334.48
CUST105064,38,1747.85,2,0,26.3,Month-to-Month,UPI,North,Standard,Yes,0,20974.2
CUST105065,50,3668.51,2,0,48.5,Month-to-Month,Credit Card,West,Standard,No,1,44022.12
CUST105066,38,3473.23,2,1,45.5,Two Year,UPI,West,Standard,Yes,1,41678.76
CUST105067,2,3566.96,3,0,51.0,Month-to-Month,Cash,South,Standard,Yes,1,42803.52
CUST105068,3,4559.98,3,2,38.6,Month-to-Month,Debit Card,North,Standard,No,1,54719.76
CUST105069,69,4537.41,1,2,65.1,Two Year,Credit Card,East,Basic,No,1,54448.92
CUST105070,66,2703.95,4,0,53.0,Month-to-Month,Cash,North,Standard,No,0,32447.4
CUST105071,43,3413.42,3,1,53.2,Month-to-Month,Debit Card,South,Standard,No,1,40961.04
CUST105072,13,1149.49,2,2,19.4,Month-to-Month,Net Banking,East,Standard,No,0,13793.88
CUST105073,57,3309.0,2,3,43.5,Month-to-Month,Credit Card,West,Premium,No,1,39708.0
CUST105074,11,2326.61,3,0,33.8,Month-to-Month,UPI,South,Premium,No,0,27919.32
CUST105075,28,2994.98,3,1,28.2,One Year,Credit Card,East,Premium,No,0,35939.76
CUST105076,24,1346.09,3,2,32.0,Month-to-Month,Credit Card,West,Premium,No,0,16153.08
CUST105077,1,3645.36,1,0,41.1,Month-to-Month,Cash,South,Standard,No,1,43744.32
CUST105078,59,1333.77,1,0,49.3,Month-to-Month,UPI,North,Premium,No,0,16005.24
CUST105079,37,3363.11,2,1,57.7,One Year,UPI,North,Standard,No,1,40357.32
CUST105080,23,1850.84,1,2,57.0,One Year,Debit Card,South,Basic,No,0,22210.08
CUST105081,37,2265.39,0,1,46.7,Two Year,Debit Card,South,Premium,Yes,0,27184.68
CUST105082,1,4470.21,2,1,42.9,One Year,Debit Card,South,Basic,Yes,1,53642.52
CUST105083,32,3846.71,1,0,36.8,Month-to-Month,Credit Card,South,Standard,Yes,1,46160.52
CUST105084,38,4464.12,2,0,38.0,Month-to-Month,Credit Card,South,Premium,Yes,1,53569.44
CUST105085,25,4915.7,3,3,29.5,Month-to-Month,UPI,South,Standard,No,1,58988.4
CUST105086,60,2349.88,2,2,35.1,Month-to-Month,UPI,South,Basic,Yes,0,28198.56
CUST105087,18,4848.87,0,1,47.7,Month-to-Month,Credit Card,East,Basic,No,1,58186.44
CUST105088,10,1587.94,1,2,66.6,One Year,Net Banking,East,Standard,No,0,19055.28
CUST105089,38,4020.71,0,1,39.6,Month-to-Month,Credit Card,West,Standard,Yes,1,48248.52
CUST105090,64,2657.33,3,2,29.1,Two Year,Net Banking,South,Standard,No,0,31887.96
CUST105091,28,2176.67,0,0,57.5,Month-to-Month,Cash,South,Standard,No,0,26120.04
CUST105092,4,3875.92,3,2,10.0,One Year,Debit Card,East,Basic,Yes,1,46511.04
CUST105093,70,4239.45,1,1,58.7,Month-to-Month,Net Banking,West,Standard,No,1,50873.4
CUST105094,32,4206.8,1,0,19.1,One Year,UPI,East,Standard,No,1,50481.6
CUST105095,13,3436.35,1,3,52.5,Two Year,UPI,South,Basic,No,1,41236.2
CUST105096,45,3345.15,5,1,34.4,Month-to-Month,Debit Card,North,Premium,Yes,1,40141.8
CUST105097,24,3779.55,3,0,47.1,Month-to-Month,UPI,South,Standard,Yes,1,45354.6
CUST105098,68,3534.14,5,0,75.3,One Year,Debit Card,West,Basic,Yes,1,42409.68
CUST105099,22,3190.645,2,1,28.6,Two Year,UPI,East,Basic,No,1,38287.74
CUST105100,40,3424.4,4,0,26.0,One Year,UPI,South,Standard,No,1,41092.8
CUST105101,40,4127.06,1,2,43.3,Month-to-Month,Credit Card,North,Standard,No,1,49524.72
CUST105102,18,1410.07,0,1,66.4,One Year,Cash,North,Premium,No,0,16920.84
CUST105103,36,3055.6,2,1,44.9,One Year,Debit Card,East,Standard,No,0,36667.2
CUST105104,8,1677.77,1,2,42.7,Month-to-Month,Net Banking,South,Standard,No,0,20133.24
CUST105105,47,3504.37,1,1,44.7,One Year,Net Banking,South,Premium,Yes,1,42052.44
CUST105106,55,5006.12,1,2,25.9,Month-to-Month,Net Banking,North,Standard,No,1,60073.44
CUST105107,69,2678.51,8,2,44.9,Month-to-Month,UPI,West,Premium,Yes,0,32142.12
CUST105108,24,3339.98,1,0,35.7,Month-to-Month,Cash,South,Standard,Yes,1,40079.76
CUST105109,21,4032.14,6,0,63.2,One Year,Credit Card,North,Premium,No,1,48385.68
CUST105110,40,925.5,1,2,54.8,Month-to-Month,Debit Card,South,Standard,No,0,11106.0
CUST105111,50,2625.68,0,0,20.8,Month-to-Month,Net Banking,East,Basic,No,0,31508.16
CUST105112,72,3600.97,1,0,37.5,One Year,Net Banking,South,Basic,No,1,43211.64
CUST105113,2,700.0,3,1,50.4,Month-to-Month,Credit Card,West,Standard,No,0,8400.0
CUST105114,18,2125.51,4,0,26.3,Month-to-Month,Debit Card,East,Premium,Yes,0,25506.12
CUST105115,19,4410.94,3,0,24.7,Two Year,Credit Card,South,Basic,Yes,1,52931.28
CUST105116,19,4303.3,2,2,34.6,Month-to-Month,UPI,West,Standard,No,1,51639.6
CUST105117,34,3611.75,1,1,47.5,Month-to-Month,Debit Card,North,Basic,No,1,43341.0
CUST105118,63,4170.42,4,2,58.6,Month-to-Month,Debit Card,East,Basic,Yes,1,50045.04
CUST105119,3,3436.61,1,1,45.7,Month-to-Month,Credit Card,South,Basic,Yes,1,41239.32
CUST105120,59,3810.93,2,0,81.4,One Year,UPI,South,Premium,Yes,1,45731.16
CUST105121,45,2852.78,2,2,31.2,Month-to-Month,Debit Card,South,Premium,No,0,34233.36
CUST105122,45,3327.39,1,0,53.8,Month-to-Month,UPI,East,Standard,Yes,1,39928.68
CUST105123,49,2504.39,4,0,24.3,Two Year,Credit Card,South,Basic,No,0,30052.68
CUST105124,9,4589.83,2,0,67.8,One Year,Net Banking,East,Premium,Yes,1,55077.96
CUST105125,54,4873.72,5,0,63.8,One Year,UPI,South,Basic,No,1,58484.64
CUST105126,18,4717.9,4,0,53.4,One Year,Net Banking,West,Basic,Yes,1,56614.8
CUST105127,38,2751.08,1,3,14.2,Two Year,Debit Card,North,Basic,Yes,0,33012.96
CUST105128,49,2150.85,4,0,53.2,Month-to-Month,UPI,South,Basic,Yes,0,25810.2
CUST105129,44,4604.67,1,1,28.9,Month-to-Month,UPI,South,Basic,Yes,1,55256.04
CUST105130,24,3798.3,3,1,49.3,Month-to-Month,UPI,East,Basic,No,1,45579.6
CUST105131,29,3561.44,3,2,18.7,Month-to-Month,Net Banking,South,Basic,Yes,1,42737.28
CUST105132,35,2503.0,2,1,46.3,Two Year,UPI,South,Premium,No,0,30036.0
CUST105133,3,3668.23,2,0,36.3,One Year,Debit Card,West,Premium,Yes,1,44018.76
CUST105134,53,2006.19,2,2,29.5,Month-to-Month,Net Banking,North,Premium,Yes,0,24074.28
CUST105135,8,3897.47,1,0,51.5,Month-to-Month,UPI,East,Standard,Yes,1,46769.64
CUST105136,34,4716.78,3,0,41.2,One Year,Credit Card,West,Standard,No,1,56601.36
CUST105137,48,4994.15,0,4,38.7,Month-to-Month,UPI,South,Standard,No,1,59929.8
CUST105138,6,3979.38,2,3,53.8,One Year,Net Banking,South,Premium,No,1,47752.56
CUST105139,72,1679.78,1,1,72.5,Two Year,Cash,South,Basic,No,0,20157.36
CUST105140,28,3417.06,0,0,46.4,One Year,Cash,West,Standard,No,1,41004.72
CUST105141,2,5553.65,2,0,13.1,Month-to-Month,UPI,West,Basic,Yes,1,66643.8
CUST105142,48,2244.53,2,0,17.1,One Year,Debit Card,South,Basic,No,0,26934.36
CUST105143,41,3134.9,1,1,43.1,One Year,Debit Card,South,Standard,No,0,37618.8
CUST105144,47,4754.88,2,0,58.4,One Year,Cash,South,Premium,Yes,1,57058.56
CUST105145,55,3878.85,2,1,44.2,Month-to-Month,Debit Card,North,Premium,No,1,46546.2
CUST105146,35,5928.17,2,0,50.2,One Year,Credit Card,North,Basic,No,1,71138.04
CUST105147,60,2393.84,0,0,41.1,One Year,Credit Card,West,Basic,No,0,28726.08
CUST105148,27,2111.27,1,2,57.4,Month-to-Month,Net Banking,South,Premium,Yes,0,25335.24
CUST105149,40,4546.54,3,0,51.9,Month-to-Month,Debit Card,North,Standard,No,1,54558.48
CUST105150,12,1884.53,4,2,25.7,Month-to-Month,UPI,North,Basic,No,0,22614.36
CUST105151,45,2983.56,0,1,49.2,One Year,Cash,West,Standard,Yes,0,35802.72
CUST105152,19,3127.79,0,0,17.3,Month-to-Month,Debit Card,North,Standard,No,1,37533.48
CUST105153,51,4339.59,2,1,49.2,Month-to-Month,UPI,East,Standard,No,1,52075.08
CUST105154,58,3875.69,5,1,37.5,Month-to-Month,Credit Card,West,Premium,Yes,1,46508.28
CUST105155,62,3702.77,2,0,44.6,Month-to-Month,UPI,East,Basic,No,1,44433.24
CUST105156,67,2757.33,0,2,47.2,One Year,Debit Card,South,Basic,Yes,0,33087.96
CUST105157,9,4536.5,2,3,46.5,Month-to-Month,Debit Card,East,Basic,No,1,54438.0
CUST105158,10,7628.41,2,3,64.7,Month-to-Month,Cash,South,Basic,Yes,1,91540.92
CUST105159,67,3960.41,1,0,42.5,Month-to-Month,UPI,South,Standard,No,1,47524.92
CUST105160,28,3309.64,1,3,45.0,Month-to-Month,Credit Card,West,Basic,No,1,39715.68
CUST105161,2,1772.35,0,1,63.3,One Year,UPI,East,Basic,Yes,0,21268.2
CUST105162,21,2498.77,2,3,72.3,Two Year,UPI,South,Standard,No,0,29985.24
CUST105163,61,2964.92,2,1,41.7,Month-to-Month,Net Banking,East,Basic,Yes,0,35579.04
CUST105164,26,3190.645,2,2,33.8,Month-to-Month,Net Banking,East,Premium,Yes,0,38287.74
CUST105165,6,3182.31,2,1,34.6,Month-to-Month,Cash,West,Standard,No,1,38187.72
CUST105166,52,5155.82,0,2,49.2,Month-to-Month,Debit Card,West,Standard,No,1,61869.84
CUST105167,15,4571.88,3,2,38.7,Month-to-Month,UPI,South,Basic,Yes,1,54862.56
CUST105168,26,3025.28,4,0,14.0,Two Year,Credit Card,North,Basic,Yes,0,36303.36
CUST105169,1,1870.89,0,0,60.0,Month-to-Month,Debit Card,South,Standard,Yes,0,22450.68
CUST105170,44,4671.1,3,1,55.0,Month-to-Month,Debit Card,South,Basic,No,1,56053.2
CUST105171,33,3146.04,2,1,60.3,Two Year,UPI,East,Basic,Yes,0,37752.48
CUST105172,63,1300.85,3,6,63.5,One Year,Net Banking,East,Basic,Yes,0,15610.2
CUST105173,25,3983.67,5,2,45.0,Month-to-Month,Cash,North,Premium,No,1,47804.04
CUST105174,15,4328.26,5,1,46.2,One Year,Net Banking,West,Basic,No,1,51939.12
CUST105175,12,700.0,1,0,58.1,One Year,UPI,South,Basic,No,0,8400.0
CUST105176,15,2292.99,2,2,22.6,Two Year,Credit Card,West,Standard,No,0,27515.88
CUST105177,33,3078.5,1,0,36.4,Month-to-Month,Debit Card,North,Premium,No,0,36942.0
CUST105178,7,4007.96,2,1,41.1,Month-to-Month,Credit Card,West,Standard,No,1,48095.52
CUST105179,29,2632.68,1,2,56.8,One Year,Credit Card,South,Basic,No,0,31592.16
CUST105180,62,2284.64,4,0,33.4,Two Year,Debit Card,South,Standard,Yes,0,27415.68
CUST105181,56,3999.89,0,0,30.6,One Year,UPI,North,Basic,No,1,47998.68
CUST105182,46,2684.85,1,1,35.1,Month-to-Month,UPI,West,Standard,No,0,32218.2
CUST105183,65,3796.26,5,3,49.5,Two Year,UPI,North,Basic,Yes,1,45555.12
CUST105184,57,1977.33,2,1,40.9,Month-to-Month,UPI,North,Basic,Yes,0,23727.96
CUST105185,47,1712.43,3,1,18.8,Month-to-Month,Credit Card,West,Standard,No,0,20549.16
CUST105186,63,4030.8,0,2,21.9,Month-to-Month,Net Banking,East,Basic,Yes,1,48369.6
CUST105187,9,3477.77,0,1,44.2,One Year,UPI,West,Standard,No,1,41733.24
CUST105188,59,4214.7,1,1,44.7,Month-to-Month,Credit Card,West,Basic,Yes,1,50576.4
CUST105189,22,2614.15,2,1,42.4,Two Year,UPI,South,Standard,No,0,31369.8
CUST105190,53,2325.38,2,3,34.5,Month-to-Month,Credit Card,West,Standard,No,0,27904.56
CUST105191,66,4696.79,3,2,54.6,Month-to-Month,UPI,North,Standard,No,1,56361.48
CUST105192,36,1524.75,1,1,47.9,One Year,Credit Card,West,Standard,No,0,18297.0
CUST105193,7,4576.61,1,2,47.4,Month-to-Month,Net Banking,East,Standard,No,1,54919.32
CUST105194,27,3190.645,5,0,47.9,Month-to-Month,Cash,West,Basic,Yes,1,38287.74
CUST105195,30,4146.1,3,3,67.6,Two Year,Credit Card,East,Standard,No,1,49753.2
CUST105196,68,2443.41,1,0,25.6,Two Year,UPI,East,Standard,No,0,29320.92
CUST105197,68,2301.82,1,1,35.3,One Year,Net Banking,West,Basic,No,0,27621.84
CUST105198,41,2968.94,1,1,36.6,Month-to-Month,Debit Card,South,Basic,Yes,0,35627.28
CUST105199,69,1775.46,2,1,62.1,One Year,Credit Card,South,Standard,No,0,21305.52
CUST105200,32,2142.14,3,0,36.0,One Year,Net Banking,West,Standard,No,0,25705.68
CUST105201,30,3909.21,2,1,29.3,Month-to-Month,Credit Card,West,Standard,Yes,1,46910.52
CUST105202,61,3914.28,1,0,40.3,Month-to-Month,Cash,East,Standard,No,1,46971.36
CUST105203,49,2045.47,2,1,43.7,Month-to-Month,Net Banking,South,Standard,No,0,24545.64
CUST105204,38,3943.73,0,1,61.1,Month-to-Month,Cash,North,Standard,No,1,47324.76
CUST105205,33,3699.73,2,1,35.9,Month-to-Month,UPI,East,Basic,No,1,44396.76
CUST105206,51,4860.87,1,3,31.0,Month-to-Month,UPI,West,Premium,Yes,1,58330.44
CUST105207,55,3826.05,2,2,27.4,One Year,Credit Card,North,Standard,Yes,1,45912.6
CUST105208,36,4364.44,1,0,36.5,Two Year,Net Banking,South,Basic,No,1,52373.28
CUST105209,3,3724.79,2,1,83.0,Month-to-Month,UPI,North,Standard,Yes,1,44697.48
CUST105210,8,4277.92,0,1,48.1,Two Year,UPI,South,Standard,No,1,51335.04
CUST105211,11,1784.17,2,0,51.6,One Year,Credit Card,East,Standard,Yes,0,21410.04
CUST105212,34,3066.08,1,3,42.0,One Year,Credit Card,North,Premium,Yes,0,36792.96
CUST105213,45,3157.12,1,1,44.2,Two Year,Net Banking,South,Standard,No,0,37885.44
CUST105214,58,2931.88,2,2,54.6,Month-to-Month,Cash,North,Premium,No,0,35182.56
CUST105215,17,3688.28,3,3,51.0,One Year,Credit Card,West,Standard,Yes,1,44259.36
CUST105216,57,3897.82,1,2,47.6,Month-to-Month,UPI,East,Standard,Yes,1,46773.84
CUST105217,48,3631.48,0,2,42.3,Two Year,Net Banking,East,Standard,No,1,43577.76
CUST105218,4,3005.36,0,0,36.4,One Year,Credit Card,West,Standard,Yes,0,36064.32
CUST105219,26,2390.7,1,3,48.8,One Year,Credit Card,North,Standard,Yes,0,28688.4
CUST105220,22,4406.9,2,1,43.3,Month-to-Month,Credit Card,West,Standard,No,1,52882.8
CUST105221,64,3584.71,2,0,76.1,Month-to-Month,Credit Card,North,Basic,Yes,1,43016.52
CUST105222,67,2079.52,2,1,58.8,Month-to-Month,UPI,South,Standard,No,0,24954.24
CUST105223,59,2986.94,2,3,31.2,Month-to-Month,Debit Card,North,Standard,No,0,35843.28
CUST105224,39,1282.37,5,1,23.3,Month-to-Month,Cash,West,Standard,No,0,15388.44
CUST105225,36,3238.91,3,1,35.6,Month-to-Month,Net Banking,South,Basic,No,1,38866.92
CUST105226,23,2981.78,1,2,24.7,Two Year,Net Banking,South,Basic,No,0,35781.36
CUST105227,56,2568.09,1,1,34.7,One Year,Credit Card,South,Standard,No,0,30817.08
CUST105228,7,4943.06,2,1,26.5,Month-to-Month,Cash,West,Standard,Yes,1,59316.72
CUST105229,20,1928.23,2,2,36.8,Two Year,Debit Card,North,Basic,Yes,0,23138.76
CUST105230,10,3977.03,1,3,37.0,One Year,Credit Card,South,Basic,No,1,47724.36
CUST105231,36,5605.38,3,0,44.4,Two Year,UPI,North,Basic,No,1,67264.56
CUST105232,22,4384.99,1,0,38.7,One Year,Net Banking,North,Basic,No,1,52619.88
CUST105233,15,3165.31,2,0,27.6,One Year,Net Banking,West,Basic,No,0,37983.72
CUST105234,28,1952.52,4,1,61.4,Month-to-Month,Debit Card,South,Premium,Yes,0,23430.24
CUST105235,62,1701.73,2,2,48.4,One Year,UPI,North,Basic,Yes,0,20420.76
CUST105236,41,2747.29,1,0,33.3,One Year,Credit Card,West,Standard,Yes,0,32967.48
CUST105237,60,2444.3,2,1,27.8,Month-to-Month,Debit Card,West,Basic,Yes,0,29331.6
CUST105238,66,2408.5,2,1,18.5,Month-to-Month,UPI,West,Basic,Yes,0,28902.0
CUST105239,65,2841.06,1,0,17.4,Two Year,Credit Card,North,Standard,Yes,0,34092.72
CUST105240,26,3087.53,2,1,58.8,Two Year,UPI,South,Premium,Yes,0,37050.36
CUST105241,64,3733.73,1,0,57.1,One Year,Net Banking,West,Basic,Yes,1,44804.76
CUST105242,66,1838.42,3,0,32.7,Month-to-Month,Credit Card,North,Standard,No,0,22061.04
CUST105243,70,2449.53,1,1,63.9,Month-to-Month,Credit Card,South,Standard,No,0,29394.36
CUST105244,26,3024.36,3,0,51.9,Month-to-Month,Net Banking,West,Standard,No,0,36292.32
CUST105245,17,2984.97,0,0,45.3,One Year,Credit Card,North,Standard,Yes,0,35819.64
CUST105246,43,5220.07,4,1,55.8,Month-to-Month,Credit Card,East,Premium,No,1,62640.84
CUST105247,68,3455.47,2,0,51.9,Month-to-Month,UPI,West,Basic,No,1,41465.64
CUST105248,65,1425.05,3,0,44.5,Month-to-Month,Net Banking,East,Standard,No,0,17100.6
CUST105249,42,3660.0,2,2,38.2,One Year,Credit Card,West,Premium,No,1,43920.0
CUST105250,11,3800.23,1,1,40.3,Two Year,Credit Card,West,Basic,Yes,1,45602.76
CUST105251,31,3062.36,2,4,16.3,Month-to-Month,Credit Card,West,Standard,Yes,0,36748.32
CUST105252,52,1865.26,3,1,29.2,Month-to-Month,Debit Card,East,Standard,No,0,22383.12
CUST105253,41,5133.86,2,0,70.8,Month-to-Month,Debit Card,North,Basic,No,1,61606.32
CUST105254,25,2023.13,5,0,28.8,One Year,Credit Card,South,Basic,Yes,0,24277.56
CUST105255,25,3926.85,2,0,12.4,Month-to-Month,Debit Card,West,Premium,No,1,47122.2
CUST105256,5,3420.06,0,0,56.5,One Year,Debit Card,North,Standard,Yes,1,41040.72
CUST105257,21,3860.89,1,1,46.0,Month-to-Month,Debit Card,South,Basic,No,1,46330.68
CUST105258,49,5077.54,3,1,46.9,Month-to-Month,Credit Card,South,Premium,No,1,60930.48
CUST105259,18,3817.8,0,1,39.5,Month-to-Month,Cash,South,Basic,No,1,45813.6
CUST105260,72,2585.47,3,0,56.6,Two Year,Debit Card,West,Basic,No,0,31025.64
CUST105261,6,4416.59,0,1,66.5,One Year,Net Banking,West,Basic,No,1,52999.08
CUST105262,43,2505.79,0,1,33.7,Month-to-Month,Credit Card,North,Premium,Yes,0,30069.48
CUST105263,36,3379.91,1,2,52.1,Month-to-Month,Credit Card,North,Basic,No,1,40558.92
CUST105264,60,1777.61,2,1,59.9,Month-to-Month,Credit Card,West,Premium,Yes,0,21331.32
CUST105265,64,2063.39,1,1,32.8,Month-to-Month,Debit Card,North,Premium,No,0,24760.68
CUST105266,40,3256.53,2,2,66.2,Two Year,Credit Card,North,Basic,Yes,0,39078.36
CUST105267,46,3604.9,2,0,59.8,Month-to-Month,Net Banking,South,Standard,No,1,43258.8
CUST105268,51,1327.37,1,3,22.1,Month-to-Month,Credit Card,South,Standard,Yes,0,15928.44
CUST105269,38,3747.02,1,2,67.5,Two Year,Debit Card,East,Standard,No,1,44964.24
CUST105270,14,2298.63,0,1,23.0,One Year,UPI,South,Standard,No,0,27583.56
CUST105271,31,4607.66,0,1,31.0,Month-to-Month,Credit Card,East,Basic,No,1,55291.92
CUST105272,18,2812.84,1,1,52.9,Month-to-Month,Credit Card,East,Basic,Yes,0,33754.08
CUST105273,34,1964.02,2,0,58.7,Month-to-Month,Credit Card,North,Basic,No,0,23568.24
CUST105274,45,3283.39,1,0,43.6,One Year,Debit Card,South,Basic,Yes,0,39400.68
CUST105275,16,2192.14,0,0,31.9,Two Year,UPI,North,Standard,Yes,0,26305.68
CUST105276,18,4595.84,2,1,37.8,Month-to-Month,UPI,West,Basic,No,1,55150.08
CUST105277,60,3190.645,6,0,35.9,Month-to-Month,Credit Card,North,Basic,Yes,0,38287.74
CUST105278,28,3033.16,2,1,55.5,Month-to-Month,UPI,West,Standard,No,0,36397.92
CUST105279,15,3850.98,0,1,35.5,Month-to-Month,UPI,West,Standard,No,1,46211.76
CUST105280,52,2094.56,1,2,31.6,One Year,Net Banking,South,Premium,No,0,25134.72
CUST105281,52,1781.93,0,1,18.4,Month-to-Month,UPI,West,Basic,No,0,21383.16
CUST105282,60,3649.19,2,1,32.5,Two Year,Debit Card,South,Standard,No,1,43790.28
CUST105283,55,1990.36,2,1,40.1,Month-to-Month,Credit Card,South,Basic,No,0,23884.32
CUST105284,72,1989.99,3,0,23.9,One Year,UPI,North,Standard,Yes,0,23879.88
CUST105285,42,4120.43,2,1,14.1,One Year,UPI,East,Premium,No,1,49445.16
CUST105286,21,3777.57,1,1,57.7,Month-to-Month,UPI,South,Basic,No,1,45330.84
CUST105287,63,1820.79,4,1,26.0,One Year,UPI,West,Standard,No,0,21849.48
CUST105288,20,2518.95,3,2,21.1,One Year,Credit Card,West,Basic,No,0,30227.4
CUST105289,21,2205.9,2,3,67.1,One Year,Net Banking,South,Standard,No,0,26470.8
CUST105290,60,5153.95,3,0,55.6,One Year,Credit Card,South,Standard,Yes,1,61847.4
CUST105291,64,4196.61,3,1,58.4,One Year,Debit Card,North,Premium,No,1,50359.32
CUST105292,25,2737.07,4,1,50.1,Month-to-Month,UPI,North,Standard,No,0,32844.84
CUST105293,53,3833.81,1,1,63.0,One Year,Net Banking,North,Basic,No,1,46005.72
CUST105294,67,1708.2,0,2,56.1,Two Year,Credit Card,East,Basic,No,0,20498.4
CUST105295,58,2460.09,3,1,36.5,One Year,UPI,North,Basic,No,0,29521.08
CUST105296,1,3315.35,1,2,25.0,One Year,Credit Card,West,Standard,No,1,39784.2
CUST105297,48,3697.45,2,0,21.5,Two Year,Cash,West,Premium,No,1,44369.4
CUST105298,13,3092.79,5,1,39.8,Month-to-Month,Debit Card,South,Standard,Yes,1,37113.48
CUST105299,61,3472.81,1,4,24.4,One Year,UPI,East,Basic,Yes,1,41673.72
CUST105300,5,3286.17,3,0,29.2,Two Year,UPI,South,Premium,No,0,39434.04
CUST105301,72,3020.06,1,0,39.6,Month-to-Month,Net Banking,South,Premium,No,0,36240.72
CUST105302,13,2874.24,1,0,64.4,Month-to-Month,Net Banking,West,Standard,No,0,34490.88
CUST105303,31,2731.11,2,0,17.8,Month-to-Month,UPI,East,Standard,Yes,0,32773.32
CUST105304,17,3455.13,3,2,42.5,Two Year,UPI,East,Basic,No,1,41461.56
CUST105305,59,3651.9,3,1,22.0,Two Year,UPI,North,Premium,No,1,43822.8
CUST105306,29,3418.2,3,1,33.1,Two Year,UPI,North,Basic,No,1,41018.4
CUST105307,54,1903.54,1,2,56.9,Month-to-Month,UPI,West,Premium,Yes,0,22842.48
CUST105308,5,2101.18,2,2,28.4,One Year,Credit Card,West,Standard,No,0,25214.16
CUST105309,33,3638.77,3,0,37.8,Month-to-Month,UPI,East,Standard,No,1,43665.24
CUST105310,66,4818.84,0,0,44.3,Two Year,Debit Card,North,Basic,No,1,57826.08
CUST105311,67,3367.66,0,3,53.2,Two Year,Credit Card,South,Standard,No,1,40411.92
CUST105312,16,2747.16,2,0,33.2,One Year,Credit Card,South,Standard,No,0,32965.92
CUST105313,29,3446.77,0,1,62.2,Month-to-Month,Cash,East,Basic,Yes,1,41361.24
CUST105314,30,1949.5,1,1,34.9,Two Year,Credit Card,South,Standard,Yes,0,23394.0
CUST105315,41,4639.84,3,0,49.7,Two Year,UPI,West,Premium,Yes,1,55678.08
CUST105316,39,3405.25,2,1,39.0,Two Year,Credit Card,West,Standard,No,1,40863.0
CUST105317,8,2463.6,0,2,53.9,Month-to-Month,Credit Card,West,Basic,No,0,29563.2
CUST105318,55,3016.52,3,3,74.4,Month-to-Month,Credit Card,West,Standard,No,0,36198.24
CUST105319,17,2620.26,1,1,37.6,Month-to-Month,Credit Card,North,Premium,No,0,31443.12
CUST105320,23,4642.84,1,1,41.7,Month-to-Month,Credit Card,South,Basic,No,1,55714.08
CUST105321,61,2977.54,1,1,35.1,Two Year,Debit Card,West,Basic,No,0,35730.48
CUST105322,50,3370.9,2,2,32.6,Month-to-Month,Net Banking,South,Basic,No,0,40450.8
CUST105323,29,3831.1,2,2,30.8,One Year,Credit Card,West,Basic,No,1,45973.2
CUST105324,66,2385.16,1,1,41.7,Two Year,Credit Card,North,Standard,Yes,0,28621.92
CUST105325,29,3413.08,2,4,29.6,Month-to-Month,Net Banking,South,Basic,No,1,40956.96
CUST105326,41,3501.88,1,1,30.1,Month-to-Month,Credit Card,East,Basic,No,1,42022.56
CUST105327,18,1490.51,3,0,2.0,One Year,UPI,South,Basic,Yes,0,17886.12
CUST105328,14,3477.97,4,1,64.2,Month-to-Month,Credit Card,South,Basic,No,1,41735.64
CUST105329,36,3149.66,2,2,68.3,Month-to-Month,Credit Card,East,Standard,Yes,1,37795.92
CUST105330,41,3342.96,1,3,52.4,One Year,Net Banking,West,Standard,No,1,40115.52
CUST105331,59,3239.19,1,1,28.0,Month-to-Month,Net Banking,South,Standard,No,0,38870.28
CUST105332,29,3485.09,4,2,21.8,One Year,Net Banking,North,Premium,Yes,1,41821.08
CUST105333,65,4671.08,3,0,17.0,Two Year,Credit Card,West,Basic,No,1,56052.96
CUST105334,44,1902.54,1,2,52.2,Month-to-Month,UPI,East,Standard,Yes,0,22830.48
CUST105335,6,2823.63,4,0,62.2,Month-to-Month,Credit Card,South,Basic,No,1,33883.56
CUST105336,54,3933.28,2,2,44.7,Month-to-Month,Credit Card,East,Standard,Yes,1,47199.36
CUST105337,42,3729.02,2,1,55.7,One Year,Cash,South,Premium,No,1,44748.24
CUST105338,29,3705.35,2,1,49.1,Month-to-Month,UPI,North,Premium,Yes,1,44464.2
CUST105339,34,6228.93,1,1,29.7,Month-to-Month,Credit Card,West,Standard,No,1,74747.16
CUST105340,22,3875.55,4,1,58.2,One Year,Credit Card,South,Basic,No,1,46506.6
CUST105341,45,4444.03,0,1,57.1,Month-to-Month,Net Banking,West,Basic,No,1,53328.36
CUST105342,41,2862.22,3,0,26.2,One Year,Debit Card,West,Standard,No,0,34346.64
CUST105343,33,2107.8,4,0,54.9,Two Year,UPI,South,Basic,Yes,0,25293.6
CUST105344,21,2854.25,5,0,39.6,Month-to-Month,Debit Card,North,Standard,No,0,34251.0
CUST105345,29,3983.16,3,2,37.8,Two Year,Credit Card,West,Basic,No,1,47797.92
CUST105346,36,3647.51,1,1,48.2,Month-to-Month,Debit Card,West,Basic,Yes,1,43770.12
CUST105347,34,3643.58,2,1,47.8,Month-to-Month,UPI,North,Standard,No,1,43722.96
CUST105348,23,2964.22,0,0,56.2,Month-to-Month,Credit Card,South,Standard,Yes,0,35570.64
CUST105349,42,2788.82,2,1,28.4,One Year,Credit Card,South,Basic,No,0,33465.84
CUST105350,17,3002.16,0,1,51.0,One Year,UPI,North,Standard,No,0,36025.92
CUST105351,37,3996.92,1,2,23.4,One Year,Debit Card,South,Standard,Yes,1,47963.04
CUST105352,9,4124.8,0,1,39.1,Month-to-Month,Net Banking,North,Standard,No,1,49497.6
CUST105353,34,2093.13,4,1,40.2,Two Year,UPI,South,Premium,Yes,0,25117.56
CUST105354,57,4038.58,4,0,57.5,Month-to-Month,UPI,East,Standard,No,1,48462.96
CUST105355,59,2484.21,1,1,42.1,One Year,Credit Card,North,Premium,No,0,29810.52
CUST105356,51,3715.81,3,2,37.8,Month-to-Month,Debit Card,South,Basic,Yes,1,44589.72
CUST105357,54,2988.84,2,1,64.8,Month-to-Month,Net Banking,East,Basic,Yes,0,35866.08
CUST105358,5,4922.37,2,2,35.1,Month-to-Month,Debit Card,West,Standard,Yes,1,59068.44
CUST105359,25,2740.12,1,0,34.5,Month-to-Month,Credit Card,South,Standard,No,0,32881.44
CUST105360,48,3396.47,3,3,12.0,Month-to-Month,Cash,East,Standard,No,1,40757.64
CUST105361,58,3867.25,2,0,38.5,Month-to-Month,Credit Card,South,Standard,Yes,1,46407.0
CUST105362,42,2238.65,0,2,27.0,Two Year,Net Banking,West,Basic,Yes,0,26863.8
CUST105363,62,3119.86,0,2,38.0,Two Year,Net Banking,North,Basic,No,0,37438.32
CUST105364,20,2906.76,2,2,45.8,Two Year,UPI,North,Basic,No,0,34881.12
CUST105365,12,2634.81,3,0,24.6,Month-to-Month,UPI,North,Basic,Yes,0,31617.72
CUST105366,7,2716.3,1,1,28.8,Month-to-Month,Cash,North,Standard,Yes,0,32595.6
CUST105367,42,4423.22,4,0,16.4,Month-to-Month,Credit Card,East,Standard,Yes,1,53078.64
CUST105368,48,2541.59,4,1,33.8,One Year,Debit Card,West,Standard,Yes,0,30499.08
CUST105369,21,3823.05,2,2,26.9,Two Year,UPI,East,Basic,No,1,45876.6
CUST105370,57,3546.05,0,1,76.3,Month-to-Month,Net Banking,South,Premium,Yes,1,42552.6
CUST105371,54,1663.32,0,0,66.1,One Year,Credit Card,West,Basic,Yes,0,19959.84
CUST105372,26,3771.09,2,0,63.5,Month-to-Month,Debit Card,South,Basic,No,1,45253.08
CUST105373,18,1645.14,1,1,21.3,One Year,UPI,East,Standard,Yes,0,19741.68
CUST105374,54,3890.9,1,0,39.2,Two Year,UPI,South,Standard,No,1,46690.8
CUST105375,49,2642.09,3,1,22.7,One Year,UPI,South,Standard,No,0,31705.08
CUST105376,13,3209.2,2,1,71.5,One Year,Debit Card,North,Standard,No,0,38510.4
CUST105377,19,1776.29,4,4,55.3,Month-to-Month,Net Banking,West,Premium,No,0,21315.48
CUST105378,35,3334.62,2,0,25.2,Month-to-Month,UPI,South,Standard,No,1,40015.44
CUST105379,37,4219.65,4,0,47.9,Month-to-Month,Credit Card,East,Basic,Yes,1,50635.8
CUST105380,12,2312.34,1,3,18.3,One Year,Net Banking,North,Standard,No,0,27748.08
CUST105381,69,2532.12,3,1,39.8,One Year,Debit Card,South,Standard,No,0,30385.44
CUST105382,28,3700.08,5,1,39.2,Month-to-Month,Debit Card,West,Standard,No,1,44400.96
CUST105383,28,3727.58,1,0,53.8,Month-to-Month,UPI,East,Basic,Yes,1,44730.96
CUST105384,5,700.0,0,0,57.8,Month-to-Month,Debit Card,South,Standard,Yes,0,8400.0
CUST105385,64,5416.95,2,0,42.3,Month-to-Month,Net Banking,East,Standard,No,1,65003.4
CUST105386,17,3781.41,0,4,38.4,Month-to-Month,UPI,West,Standard,No,1,45376.92
CUST105387,72,3966.61,6,0,2.0,Two Year,UPI,North,Basic,No,1,47599.32
CUST105388,36,3042.11,4,0,67.0,Month-to-Month,UPI,North,Basic,No,0,36505.32
CUST105389,63,1159.11,1,0,31.5,Two Year,Cash,South,Premium,No,0,13909.32
CUST105390,13,3942.19,6,1,43.6,Month-to-Month,Net Banking,South,Basic,No,1,47306.28
CUST105391,12,2578.29,0,2,78.1,Month-to-Month,UPI,North,Basic,Yes,0,30939.48
CUST105392,58,3798.32,4,3,22.9,One Year,Net Banking,East,Standard,No,1,45579.84
CUST105393,60,2959.32,4,1,42.3,Month-to-Month,Debit Card,East,Basic,Yes,0,35511.84
CUST105394,40,3461.84,2,1,49.9,Two Year,Cash,South,Basic,No,1,41542.08
CUST105395,3,2347.5,0,1,59.5,One Year,Credit Card,South,Basic,No,0,28170.0
CUST105396,68,4150.83,0,1,42.0,Month-to-Month,UPI,South,Standard,No,1,49809.96
CUST105397,29,1892.78,3,1,60.8,Two Year,Net Banking,North,Premium,No,0,22713.36
CUST105398,68,5670.13,0,2,35.3,Month-to-Month,Cash,West,Premium,No,1,68041.56
CUST105399,63,5661.74,1,0,50.7,Month-to-Month,Credit Card,North,Standard,Yes,1,67940.88
CUST105400,62,4995.97,6,3,48.6,Two Year,Credit Card,North,Standard,No,1,59951.64
CUST105401,50,4603.03,0,0,40.5,Month-to-Month,Net Banking,West,Premium,No,1,55236.36
CUST105402,49,3107.0,2,1,47.2,One Year,UPI,South,Premium,No,0,37284.0
CUST105403,39,4483.2,2,0,28.0,Month-to-Month,Net Banking,West,Basic,No,1,53798.4
CUST105404,2,3094.21,3,0,37.2,Two Year,Net Banking,South,Standard,No,0,37130.52
CUST105405,28,1491.13,3,4,21.4,Month-to-Month,UPI,West,Premium,No,0,17893.56
CUST105406,53,4853.52,1,0,34.9,Month-to-Month,UPI,South,Premium,No,1,58242.24
CUST105407,59,4441.71,5,2,60.2,Two Year,UPI,East,Premium,No,1,53300.52
CUST105408,41,3165.53,0,0,48.7,One Year,Cash,North,Premium,Yes,0,37986.36
CUST105409,52,1852.3,4,1,46.9,One Year,Net Banking,South,Basic,No,0,22227.6
CUST105410,2,2555.18,0,0,16.4,Month-to-Month,Credit Card,North,Standard,No,0,30662.16
CUST105411,34,1196.74,1,0,47.1,One Year,Net Banking,South,Basic,No,0,14360.88
CUST105412,37,4239.59,0,1,41.0,Month-to-Month,Net Banking,South,Standard,Yes,1,50875.08
CUST105413,65,1436.36,2,2,50.6,Month-to-Month,Net Banking,North,Basic,No,0,17236.32
CUST105414,23,3515.51,2,4,64.1,Month-to-Month,Credit Card,North,Basic,No,1,42186.12
CUST105415,17,2271.94,2,2,35.5,Month-to-Month,Net Banking,East,Standard,Yes,0,27263.28
CUST105416,26,1630.63,3,3,37.0,Month-to-Month,UPI,East,Standard,No,0,19567.56
CUST105417,13,3462.19,0,0,56.7,One Year,UPI,East,Basic,No,1,41546.28
CUST105418,41,2832.82,2,1,32.3,Month-to-Month,Debit Card,East,Premium,No,0,33993.84
CUST105419,47,4122.01,2,1,43.4,Month-to-Month,UPI,South,Basic,No,1,49464.12
CUST105420,58,1805.63,5,1,10.1,One Year,UPI,South,Standard,No,0,21667.56
CUST105421,70,2366.95,0,2,37.1,Month-to-Month,UPI,East,Premium,No,0,28403.4
CUST105422,6,700.0,1,0,62.9,Month-to-Month,Credit Card,South,Premium,No,0,8400.0
CUST105423,18,797.22,3,2,47.4,Month-to-Month,Credit Card,East,Standard,Yes,0,9566.64
CUST105424,22,5178.01,2,1,56.4,Month-to-Month,Cash,North,Basic,Yes,1,62136.12
CUST105425,18,5491.96,0,1,57.3,One Year,Credit Card,South,Basic,No,1,65903.52
CUST105426,60,3302.0,0,1,63.6,Month-to-Month,Credit Card,East,Standard,Yes,0,39624.0
CUST105427,11,2293.79,4,1,36.4,Month-to-Month,Net Banking,South,Basic,No,0,27525.48
CUST105428,3,2871.71,3,4,57.1,Month-to-Month,Net Banking,West,Basic,Yes,1,34460.52
CUST105429,62,4160.93,2,0,78.0,Month-to-Month,Credit Card,North,Standard,No,1,49931.16
CUST105430,70,2634.17,2,0,41.6,Month-to-Month,Net Banking,South,Basic,Yes,0,31610.04
CUST105431,17,3461.4,3,3,20.9,Month-to-Month,Net Banking,East,Premium,No,1,41536.8
CUST105432,24,3185.97,4,0,32.5,Month-to-Month,Net Banking,West,Standard,No,1,38231.64
CUST105433,37,2574.31,7,3,49.5,One Year,Credit Card,North,Premium,Yes,0,30891.72
CUST105434,38,2621.19,2,2,15.4,Month-to-Month,Net Banking,North,Basic,Yes,0,31454.28
CUST105435,72,3522.65,3,1,29.8,Month-to-Month,Net Banking,South,Premium,No,1,42271.8
CUST105436,30,2125.42,1,0,36.7,One Year,UPI,South,Premium,Yes,0,25505.04
CUST105437,1,3696.9,2,2,43.8,Month-to-Month,Debit Card,South,Standard,No,1,44362.8
CUST105438,31,2681.26,0,1,70.7,Month-to-Month,UPI,West,Basic,Yes,0,32175.12
CUST105439,41,3340.1,1,0,53.0,Two Year,UPI,South,Basic,No,1,40081.2
CUST105440,38,4722.36,1,1,24.2,Month-to-Month,UPI,North,Premium,Yes,1,56668.32
CUST105441,37,3014.99,3,0,100.0,One Year,UPI,East,Standard,No,0,36179.88
CUST105442,67,4211.78,1,0,41.7,One Year,UPI,East,Basic,No,1,50541.36
CUST105443,59,1228.76,1,2,15.1,Month-to-Month,Cash,South,Basic,No,0,14745.12
CUST105444,19,2682.6,1,1,25.4,Month-to-Month,UPI,West,Premium,Yes,0,32191.2
CUST105445,26,3230.46,2,1,25.5,Month-to-Month,UPI,West,Premium,No,1,38765.52
CUST105446,49,5315.66,2,3,20.4,Month-to-Month,Net Banking,North,Basic,Yes,1,63787.92
CUST105447,30,1044.05,1,3,50.2,Month-to-Month,Debit Card,West,Standard,No,0,12528.6
CUST105448,31,3094.17,0,0,2.0,Two Year,Debit Card,South,Premium,No,1,37130.04
CUST105449,13,4802.36,1,1,57.7,Month-to-Month,Net Banking,West,Standard,Yes,1,57628.32
CUST105450,19,2336.48,0,1,55.0,One Year,Debit Card,East,Standard,No,0,28037.76
CUST105451,54,2965.88,2,1,34.7,Month-to-Month,Debit Card,West,Premium,No,0,35590.56
CUST105452,61,3564.91,3,1,56.7,One Year,Credit Card,West,Premium,Yes,1,42778.92
CUST105453,57,3402.96,2,1,24.5,Month-to-Month,Debit Card,South,Standard,Yes,1,40835.52
CUST105454,23,4922.35,3,1,28.5,One Year,Net Banking,East,Standard,No,1,59068.2
CUST105455,10,3693.32,3,0,50.8,Month-to-Month,Credit Card,East,Premium,Yes,1,44319.84
CUST105456,12,4660.55,2,1,38.6,Month-to-Month,UPI,South,Standard,No,1,55926.6
CUST105457,29,2803.99,1,1,32.0,One Year,Credit Card,North,Basic,No,0,33647.88
CUST105458,38,2385.42,0,3,40.2,Two Year,Credit Card,North,Standard,No,0,28625.04
CUST105459,65,2951.7,2,1,63.1,Month-to-Month,UPI,South,Standard,No,0,35420.4
CUST105460,65,1924.99,1,2,62.5,Month-to-Month,Debit Card,South,Premium,Yes,0,23099.88
CUST105461,1,3731.86,0,0,48.8,One Year,Net Banking,East,Standard,No,1,44782.32
CUST105462,51,2775.53,1,2,36.3,Month-to-Month,UPI,South,Basic,Yes,0,33306.36
CUST105463,22,2461.03,0,1,50.3,Two Year,Credit Card,North,Basic,No,0,29532.36
CUST105464,15,3748.52,2,1,28.2,Month-to-Month,Credit Card,West,Premium,No,1,44982.24
CUST105465,40,1941.91,3,2,60.7,Month-to-Month,Debit Card,East,Standard,Yes,0,23302.92
CUST105466,3,4047.55,0,1,57.2,Month-to-Month,UPI,West,Basic,Yes,1,48570.6
CUST105467,25,2673.83,0,2,72.9,Month-to-Month,Cash,West,Standard,Yes,0,32085.96
CUST105468,40,4475.01,6,1,29.2,One Year,UPI,West,Basic,No,1,53700.12
CUST105469,20,2767.99,1,2,27.2,Month-to-Month,Net Banking,East,Basic,No,0,33215.88
CUST105470,43,3895.1,4,3,50.8,Two Year,UPI,South,Basic,No,1,46741.2
CUST105471,34,3397.52,2,0,37.6,Month-to-Month,Net Banking,East,Standard,No,1,40770.24
CUST105472,58,4018.29,1,4,58.0,One Year,UPI,North,Standard,No,1,48219.48
CUST105473,14,3320.94,3,0,63.1,One Year,Net Banking,West,Basic,No,0,39851.28
CUST105474,5,1370.26,0,1,69.2,Month-to-Month,Net Banking,East,Standard,No,0,16443.12
CUST105475,39,4309.67,3,1,42.9,Two Year,Cash,East,Standard,Yes,1,51716.04
CUST105476,19,3103.55,0,2,56.1,Month-to-Month,Net Banking,East,Basic,No,0,37242.6
CUST105477,51,4068.47,2,1,33.7,Month-to-Month,Credit Card,East,Basic,No,1,48821.64
CUST105478,7,3959.27,1,0,45.5,Month-to-Month,Credit Card,East,Standard,No,1,47511.24
CUST105479,42,2349.37,0,1,41.1,Month-to-Month,Cash,North,Standard,Yes,0,28192.44
CUST105480,72,2193.73,0,0,40.3,Month-to-Month,Net Banking,South,Basic,No,0,26324.76
CUST105481,7,3920.89,2,0,71.2,Month-to-Month,Credit Card,West,Standard,Yes,1,47050.68
CUST105482,22,2866.43,2,0,20.5,Two Year,Credit Card,West,Premium,Yes,0,34397.16
CUST105483,61,4230.07,3,0,41.9,One Year,UPI,North,Basic,No,1,50760.84
CUST105484,39,3003.98,1,2,42.9,Two Year,Credit Card,South,Standard,No,0,36047.76
CUST105485,13,4325.75,3,0,52.3,One Year,Credit Card,South,Basic,Yes,1,51909.0
CUST105486,16,3665.63,1,0,24.4,One Year,Net Banking,West,Basic,No,1,43987.56
CUST105487,56,3516.77,2,0,37.2,Two Year,Credit Card,West,Standard,Yes,0,42201.24
CUST105488,62,2788.59,3,1,32.5,Month-to-Month,Credit Card,North,Standard,No,0,33463.08
CUST105489,26,3455.67,1,4,6.0,Two Year,UPI,South,Premium,No,1,41468.04
CUST105490,35,4512.14,1,0,60.6,Month-to-Month,UPI,North,Basic,No,1,54145.68
CUST105491,57,3140.36,1,1,18.5,One Year,Net Banking,North,Standard,Yes,0,37684.32
CUST105492,13,3784.29,2,1,16.3,Month-to-Month,UPI,South,Basic,Yes,1,45411.48
CUST105493,15,3251.0,1,4,57.2,Month-to-Month,Cash,East,Premium,Yes,1,39012.0
CUST105494,56,3337.06,2,0,36.6,Month-to-Month,UPI,West,Standard,Yes,1,40044.72
CUST105495,14,5095.75,1,0,37.2,Two Year,Net Banking,North,Premium,Yes,1,61149.0
CUST105496,56,4521.9,1,1,37.5,One Year,UPI,South,Standard,No,1,54262.8
CUST105497,36,3287.34,5,1,59.2,Month-to-Month,Debit Card,East,Basic,Yes,0,39448.08
CUST105498,72,3435.9,1,0,33.2,Two Year,Net Banking,South,Standard,Yes,1,41230.8
CUST105499,3,2427.94,2,3,51.5,Two Year,UPI,South,Premium,No,0,29135.28
CUST105500,69,3009.73,2,0,23.7,One Year,Debit Card,North,Basic,Yes,0,36116.76
CUST105501,17,3540.34,3,0,47.3,Month-to-Month,Net Banking,East,Basic,No,1,42484.08
CUST105502,3,4135.67,1,0,56.4,Month-to-Month,UPI,North,Standard,No,1,49628.04
CUST105503,53,4024.14,5,1,64.5,Two Year,Credit Card,East,Standard,No,1,48289.68
CUST105504,39,1979.82,3,2,17.2,Month-to-Month,Credit Card,West,Basic,Yes,0,23757.84
CUST105505,61,4274.68,5,1,37.3,Month-to-Month,Net Banking,North,Basic,Yes,1,51296.16
CUST105506,8,3102.35,6,1,67.6,Month-to-Month,Credit Card,East,Basic,Yes,0,37228.2
CUST105507,6,2114.31,1,1,56.7,One Year,Debit Card,West,Standard,No,0,25371.72
CUST105508,41,4670.02,2,2,38.8,Month-to-Month,Cash,East,Premium,Yes,1,56040.24
CUST105509,64,4809.61,1,2,42.1,Two Year,Debit Card,South,Standard,No,1,57715.32
CUST105510,30,3490.12,2,0,46.8,One Year,UPI,North,Basic,No,1,41881.44
CUST105511,58,3979.67,1,2,36.0,Two Year,UPI,West,Basic,No,1,47756.04
CUST105512,66,4044.19,5,3,50.8,Month-to-Month,Credit Card,South,Premium,No,1,48530.28
CUST105513,63,4735.35,1,0,49.8,Month-to-Month,Credit Card,West,Premium,No,1,56824.2
CUST105514,37,4000.88,3,3,24.2,One Year,Credit Card,West,Standard,Yes,1,48010.56
CUST105515,51,1739.54,3,1,34.2,Two Year,Credit Card,West,Standard,No,0,20874.48
CUST105516,38,5410.79,2,0,34.7,Month-to-Month,Cash,West,Premium,Yes,1,64929.48
CUST105517,49,4372.22,3,0,37.9,Month-to-Month,Net Banking,West,Standard,No,1,52466.64
CUST105518,41,2639.52,2,0,46.3,One Year,UPI,West,Basic,No,0,31674.24
CUST105519,38,2067.41,1,1,44.9,One Year,Credit Card,South,Basic,Yes,0,24808.92
CUST105520,32,3755.29,1,3,30.5,Month-to-Month,Debit Card,South,Basic,No,1,45063.48
CUST105521,48,2893.91,6,1,63.4,Month-to-Month,UPI,North,Standard,No,0,34726.92
CUST105522,55,3562.99,2,1,42.1,Month-to-Month,UPI,South,Basic,No,1,42755.88
CUST105523,67,4017.75,1,1,65.4,Month-to-Month,Cash,South,Basic,No,1,48213.0
CUST105524,45,2576.91,2,6,65.0,Month-to-Month,Net Banking,West,Standard,No,0,30922.92
CUST105525,8,1972.28,3,1,25.1,One Year,Net Banking,West,Standard,No,0,23667.36
CUST105526,43,3624.4,1,1,34.2,Month-to-Month,Net Banking,South,Standard,No,1,43492.8
CUST105527,23,2613.27,2,1,35.3,Month-to-Month,Debit Card,West,Standard,No,0,31359.24
CUST105528,2,3360.71,3,2,47.0,Month-to-Month,Net Banking,East,Premium,No,1,40328.52
CUST105529,6,1722.34,3,0,53.6,Month-to-Month,Credit Card,East,Basic,Yes,0,20668.08
CUST105530,43,2922.6,2,2,44.4,One Year,UPI,West,Premium,No,0,35071.2
CUST105531,69,3986.45,5,1,33.2,One Year,UPI,West,Basic,No,1,47837.4
CUST105532,37,3866.53,2,0,68.4,Month-to-Month,Debit Card,West,Standard,No,1,46398.36
CUST105533,33,2332.81,1,2,35.0,Month-to-Month,UPI,South,Standard,Yes,0,27993.72
CUST105534,7,1914.91,0,1,53.9,Month-to-Month,Net Banking,South,Standard,No,0,22978.92
CUST105535,49,3217.34,3,1,41.4,One Year,Credit Card,South,Premium,No,1,38608.08
CUST105536,4,3817.14,3,3,41.0,Month-to-Month,Cash,East,Standard,No,1,45805.68
CUST105537,61,3645.69,2,1,52.8,Month-to-Month,Credit Card,West,Basic,No,1,43748.28
CUST105538,59,2636.62,3,4,66.7,One Year,Credit Card,East,Standard,Yes,0,31639.44
CUST105539,72,3527.61,2,2,46.9,Month-to-Month,UPI,West,Standard,Yes,1,42331.32
CUST105540,21,4852.59,2,0,34.2,Month-to-Month,UPI,South,Basic,Yes,1,58231.08
CUST105541,12,3425.66,3,1,65.7,Month-to-Month,Credit Card,South,Basic,No,1,41107.92
CUST105542,22,1403.54,0,1,49.9,Month-to-Month,UPI,East,Premium,Yes,0,16842.48
CUST105543,58,3423.52,2,1,44.7,Two Year,Net Banking,West,Basic,No,1,41082.24
CUST105544,16,5448.35,2,3,58.4,One Year,UPI,South,Premium,No,1,65380.2
CUST105545,64,1783.87,0,1,47.2,Month-to-Month,Net Banking,North,Premium,Yes,0,21406.44
CUST105546,12,3232.7,0,1,81.3,Month-to-Month,Credit Card,West,Premium,No,1,38792.4
CUST105547,4,2951.03,0,0,42.0,Month-to-Month,Credit Card,North,Standard,Yes,0,35412.36
CUST105548,16,3305.47,1,1,60.4,One Year,Cash,South,Premium,Yes,1,39665.64
CUST105549,55,3413.68,3,1,49.1,One Year,Net Banking,South,Basic,Yes,1,40964.16
CUST105550,44,4453.97,1,1,49.0,Month-to-Month,UPI,West,Standard,No,1,53447.64
CUST105551,26,3293.26,2,0,36.2,Two Year,Credit Card,North,Standard,Yes,1,39519.12
CUST105552,48,4604.99,2,3,36.3,One Year,UPI,East,Standard,No,1,55259.88
CUST105553,47,3070.58,1,2,49.9,One Year,Debit Card,South,Standard,No,0,36846.96
CUST105554,40,2814.85,2,0,28.1,Two Year,Debit Card,South,Standard,Yes,0,33778.2
CUST105555,38,2463.9,1,0,32.8,Month-to-Month,Net Banking,South,Basic,No,0,29566.8
CUST105556,8,1201.2,3,0,42.2,Month-to-Month,UPI,South,Premium,No,0,14414.4
CUST105557,19,3503.36,4,3,61.8,Month-to-Month,UPI,West,Standard,No,1,42040.32
CUST105558,38,5459.4,0,1,43.3,Month-to-Month,UPI,East,Standard,Yes,1,65512.8
CUST105559,10,3704.06,3,2,43.0,Month-to-Month,Cash,West,Premium,No,1,44448.72
CUST105560,35,3955.42,3,0,25.1,Two Year,Cash,West,Premium,No,1,47465.04
CUST105561,9,2745.67,0,0,69.1,Two Year,Credit Card,South,Standard,No,0,32948.04
CUST105562,57,2931.23,4,1,59.7,Month-to-Month,Credit Card,North,Premium,No,0,35174.76
CUST105563,8,4283.11,5,0,61.5,One Year,Net Banking,South,Standard,No,1,51397.32
CUST105564,7,5409.56,4,1,18.8,Month-to-Month,Credit Card,South,Basic,No,1,64914.72
CUST105565,46,4836.74,5,2,47.6,Month-to-Month,Cash,North,Standard,No,1,58040.88
CUST105566,16,3190.645,2,2,27.0,Month-to-Month,Net Banking,North,Basic,Yes,1,38287.74
CUST105567,26,3238.67,2,2,54.3,One Year,Net Banking,North,Standard,Yes,0,38864.04
CUST105568,23,3430.69,0,0,47.1,One Year,Debit Card,South,Basic,No,0,41168.28
CUST105569,16,2371.14,3,0,50.3,One Year,UPI,North,Basic,No,0,28453.68
CUST105570,55,1607.02,2,1,30.5,Two Year,UPI,South,Basic,No,0,19284.24
CUST105571,50,1960.52,3,0,25.4,Month-to-Month,Net Banking,South,Basic,Yes,0,23526.24
CUST105572,18,3254.78,2,3,31.7,Month-to-Month,UPI,North,Standard,Yes,0,39057.36
CUST105573,50,2878.81,0,2,46.9,Month-to-Month,UPI,North,Basic,Yes,0,34545.72
CUST105574,52,1583.61,5,0,38.1,Two Year,Net Banking,West,Premium,No,0,19003.32
CUST105575,39,3158.94,2,2,46.1,Month-to-Month,UPI,West,Basic,Yes,0,37907.28
CUST105576,42,2849.73,2,3,25.6,Month-to-Month,Debit Card,South,Standard,No,0,34196.76
CUST105577,68,1909.87,3,1,41.9,Two Year,Debit Card,South,Standard,Yes,0,22918.44
CUST105578,33,2792.8,2,1,64.3,Month-to-Month,UPI,South,Standard,Yes,0,33513.6
CUST105579,28,2846.95,4,2,47.3,Month-to-Month,UPI,South,Basic,No,0,34163.4
CUST105580,39,2521.7,3,1,48.3,Month-to-Month,UPI,North,Premium,No,0,30260.4
CUST105581,61,4219.34,0,1,48.4,Month-to-Month,UPI,South,Basic,No,1,50632.08
CUST105582,52,1106.81,1,0,33.8,One Year,UPI,South,Basic,No,0,13281.72
CUST105583,6,1015.62,2,0,68.1,Two Year,Net Banking,South,Standard,Yes,0,12187.44
CUST105584,34,3203.61,3,3,47.7,Month-to-Month,Cash,West,Basic,Yes,1,38443.32
CUST105585,54,3305.74,4,0,44.8,One Year,UPI,South,Standard,No,1,39668.88
CUST105586,17,3644.64,1,1,53.0,Month-to-Month,Debit Card,North,Basic,Yes,1,43735.68
CUST105587,72,2607.13,2,1,57.1,One Year,Credit Card,West,Standard,Yes,0,31285.56
CUST105588,59,2190.28,2,0,22.1,Month-to-Month,Credit Card,North,Basic,No,0,26283.36
CUST105589,61,3191.95,4,3,42.9,Month-to-Month,Cash,North,Standard,No,1,38303.4
CUST105590,6,2714.26,3,1,77.8,Month-to-Month,UPI,South,Standard,Yes,0,32571.12
CUST105591,42,4906.18,1,0,68.5,Two Year,Cash,West,Premium,No,1,58874.16
CUST105592,39,2843.35,5,2,40.3,Month-to-Month,Credit Card,West,Basic,Yes,0,34120.2
CUST105593,46,3141.5,3,1,53.6,Month-to-Month,Debit Card,East,Standard,No,0,37698.0
CUST105594,62,5922.96,2,0,36.8,Month-to-Month,Cash,West,Standard,Yes,1,71075.52
CUST105595,26,2985.76,3,2,47.7,Two Year,Debit Card,East,Basic,No,0,35829.12
CUST105596,39,3811.77,0,0,34.7,Month-to-Month,Net Banking,North,Standard,No,1,45741.24
CUST105597,49,3910.94,1,2,34.4,Two Year,UPI,East,Standard,Yes,1,46931.28
CUST105598,55,4004.54,5,1,32.5,Month-to-Month,Debit Card,East,Basic,Yes,1,48054.48
CUST105599,56,3518.44,0,0,68.9,Month-to-Month,Credit Card,North,Standard,No,1,42221.28
CUST105600,25,3413.22,2,1,34.3,Month-to-Month,Credit Card,South,Standard,No,1,40958.64
CUST105601,72,3310.37,1,0,60.3,Month-to-Month,UPI,North,Basic,No,1,39724.44
CUST105602,1,2566.41,3,1,35.1,Month-to-Month,Debit Card,South,Standard,No,0,30796.92
CUST105603,36,3558.07,0,1,33.3,Month-to-Month,Credit Card,East,Standard,No,1,42696.84
CUST105604,44,5431.51,1,2,48.2,Month-to-Month,UPI,East,Premium,Yes,1,65178.12
CUST105605,5,4531.75,0,1,21.2,Month-to-Month,Net Banking,South,Standard,No,1,54381.0
CUST105606,33,3534.31,1,2,52.6,One Year,UPI,North,Basic,No,1,42411.72
CUST105607,43,4141.41,0,0,39.8,Month-to-Month,Debit Card,South,Standard,Yes,1,49696.92
CUST105608,44,2243.91,3,2,33.2,Month-to-Month,Net Banking,North,Standard,Yes,0,26926.92
CUST105609,9,2913.44,3,1,29.8,Two Year,Credit Card,North,Premium,No,0,34961.28
CUST105610,20,4242.63,2,1,73.5,One Year,Debit Card,East,Standard,No,1,50911.56
CUST105611,18,4835.88,0,1,41.5,One Year,Net Banking,East,Basic,No,1,58030.56
CUST105612,47,2352.05,2,3,40.8,Month-to-Month,Debit Card,South,Standard,No,0,28224.6
CUST105613,24,2668.05,1,2,56.0,One Year,Cash,North,Basic,No,0,32016.6
CUST105614,42,5599.51,1,1,28.5,Month-to-Month,UPI,West,Basic,No,1,67194.12
CUST105615,53,3305.89,3,1,60.1,Month-to-Month,Credit Card,West,Standard,No,1,39670.68
CUST105616,58,5205.7,3,0,41.4,Month-to-Month,Debit Card,West,Standard,No,1,62468.4
CUST105617,14,3427.54,0,2,19.9,Two Year,Credit Card,North,Basic,Yes,1,41130.48
CUST105618,66,3470.8,3,3,33.5,Month-to-Month,UPI,North,Basic,Yes,1,41649.6
CUST105619,12,2863.96,4,0,24.5,Month-to-Month,Credit Card,South,Basic,No,0,34367.52
CUST105620,2,4236.81,2,1,43.3,Month-to-Month,Net Banking,South,Standard,No,1,50841.72
CUST105621,4,4693.56,1,1,29.3,Month-to-Month,Net Banking,South,Standard,No,1,56322.72
CUST105622,15,2061.5,0,3,27.5,Month-to-Month,Debit Card,East,Premium,Yes,0,24738.0
CUST105623,63,2812.3,6,1,46.7,Month-to-Month,Net Banking,West,Basic,No,0,33747.6
CUST105624,15,4206.59,2,2,42.7,One Year,Credit Card,East,Standard,No,1,50479.08
CUST105625,50,3057.5,4,0,61.3,Month-to-Month,Net Banking,North,Basic,No,0,36690.0
CUST105626,31,2657.28,4,1,60.6,One Year,UPI,North,Premium,No,0,31887.36
CUST105627,3,4310.5,0,1,43.0,Month-to-Month,Cash,North,Standard,No,1,51726.0
CUST105628,32,4413.8,1,1,50.0,Month-to-Month,Net Banking,North,Basic,Yes,1,52965.6
CUST105629,3,2705.39,1,2,19.5,Month-to-Month,Net Banking,North,Standard,No,0,32464.68
CUST105630,35,3433.6,2,0,53.1,Month-to-Month,Net Banking,North,Premium,No,1,41203.2
CUST105631,41,1870.68,2,0,48.6,Month-to-Month,Net Banking,South,Basic,Yes,0,22448.16
CUST105632,38,2214.97,2,0,57.3,Month-to-Month,UPI,North,Basic,No,0,26579.64
CUST105633,21,3336.58,5,1,37.1,Month-to-Month,Net Banking,West,Standard,Yes,1,40038.96
CUST105634,56,3234.55,2,1,37.2,One Year,UPI,South,Basic,No,0,38814.6
CUST105635,43,2136.44,1,1,37.3,Two Year,Net Banking,West,Basic,No,0,25637.28
CUST105636,19,2412.43,1,4,65.0,Month-to-Month,Debit Card,East,Basic,No,0,28949.16
CUST105637,32,2028.45,0,0,46.5,Month-to-Month,UPI,South,Basic,No,0,24341.4
CUST105638,8,3700.57,1,2,18.1,Month-to-Month,Credit Card,South,Standard,No,1,44406.84
CUST105639,67,1035.6,2,0,52.3,One Year,UPI,East,Premium,No,0,12427.2
CUST105640,55,2087.27,1,0,34.6,Month-to-Month,Net Banking,South,Basic,No,0,25047.24
CUST105641,21,1150.76,2,2,59.4,Month-to-Month,Net Banking,South,Premium,No,0,13809.12
CUST105642,49,3660.92,2,2,50.6,One Year,Credit Card,North,Standard,No,1,43931.04
CUST105643,49,1216.99,1,1,61.8,One Year,Credit Card,West,Basic,No,0,14603.88
CUST105644,44,3234.9,2,0,58.6,Month-to-Month,UPI,South,Standard,Yes,1,38818.8
CUST105645,4,5003.48,3,1,57.0,One Year,Credit Card,North,Basic,No,1,60041.76
CUST105646,64,5040.78,1,1,60.2,Month-to-Month,Debit Card,East,Basic,Yes,1,60489.36
CUST105647,69,1213.5,3,3,55.0,Month-to-Month,Debit Card,North,Basic,Yes,0,14562.0
CUST105648,71,3528.25,2,1,30.9,One Year,UPI,West,Standard,No,1,42339.0
CUST105649,71,2112.13,1,1,23.7,One Year,Net Banking,East,Standard,No,0,25345.56
CUST105650,67,1887.55,3,2,28.7,Month-to-Month,Cash,East,Basic,No,0,22650.6
CUST105651,54,3075.18,2,0,53.7,Month-to-Month,Net Banking,North,Basic,No,0,36902.16
CUST105652,5,4551.12,1,0,6.4,Month-to-Month,UPI,East,Standard,Yes,1,54613.44
CUST105653,34,3859.62,1,0,41.8,Two Year,Net Banking,North,Premium,No,1,46315.44
CUST105654,18,2413.34,4,2,37.7,Month-to-Month,UPI,South,Basic,Yes,0,28960.08
CUST105655,16,3975.54,0,0,61.6,Two Year,UPI,East,Standard,No,1,47706.48
CUST105656,60,731.92,3,1,41.5,Two Year,UPI,North,Standard,No,0,8783.04
CUST105657,59,2371.76,2,0,36.1,Month-to-Month,Credit Card,East,Standard,No,0,28461.12
CUST105658,38,2293.72,2,2,63.1,Two Year,Net Banking,East,Standard,Yes,0,27524.64
CUST105659,54,3286.15,2,0,40.5,Month-to-Month,Net Banking,West,Basic,No,0,39433.8
CUST105660,10,2976.89,0,1,37.9,Month-to-Month,Credit Card,South,Basic,No,0,35722.68
CUST105661,16,3044.38,1,0,34.2,Month-to-Month,Credit Card,South,Basic,No,0,36532.56
CUST105662,62,3007.81,1,1,46.6,One Year,UPI,West,Premium,No,0,36093.72
CUST105663,33,3224.65,4,3,36.7,Two Year,Cash,South,Basic,No,1,38695.8
CUST105664,40,3794.14,3,0,36.8,Month-to-Month,UPI,South,Premium,No,1,45529.68
CUST105665,34,3364.26,0,0,65.2,Month-to-Month,UPI,South,Basic,No,0,40371.12
CUST105666,15,2887.21,2,0,42.8,Month-to-Month,Cash,South,Standard,Yes,0,34646.52
CUST105667,60,3641.92,2,0,34.8,Month-to-Month,UPI,North,Standard,No,1,43703.04
CUST105668,55,4108.74,1,0,26.1,One Year,UPI,West,Standard,No,1,49304.88
CUST105669,50,2588.37,1,3,45.2,One Year,Cash,West,Basic,No,0,31060.44
CUST105670,26,3134.66,3,2,33.0,Two Year,UPI,South,Standard,No,0,37615.92
CUST105671,47,4478.1,2,0,36.1,Month-to-Month,UPI,North,Premium,No,1,53737.2
CUST105672,69,1986.96,3,1,28.4,Month-to-Month,Credit Card,North,Premium,No,0,23843.52
CUST105673,47,5185.17,3,0,45.2,Month-to-Month,UPI,South,Premium,Yes,1,62222.04
CUST105674,36,1726.93,2,1,21.1,One Year,Net Banking,South,Premium,Yes,0,20723.16
CUST105675,20,2820.1,1,4,48.6,One Year,Net Banking,South,Basic,Yes,0,33841.2
CUST105676,38,2154.79,4,2,33.3,Month-to-Month,Debit Card,South,Basic,Yes,0,25857.48
CUST105677,27,5606.72,1,0,53.5,Month-to-Month,UPI,East,Standard,No,1,67280.64
CUST105678,45,2646.31,2,1,49.8,Month-to-Month,UPI,North,Basic,Yes,0,31755.72
CUST105679,4,2649.07,0,1,43.7,Two Year,Net Banking,East,Premium,Yes,0,31788.84
CUST105680,14,2792.18,0,2,55.5,One Year,UPI,North,Standard,No,0,33506.16
CUST105681,57,3305.16,1,2,66.9,One Year,UPI,East,Basic,No,1,39661.92
CUST105682,28,2838.71,1,1,62.3,Month-to-Month,UPI,East,Premium,Yes,0,34064.52
CUST105683,32,3053.82,0,1,21.0,Month-to-Month,Net Banking,South,Basic,No,1,36645.84
CUST105684,40,700.0,3,1,32.3,Month-to-Month,Net Banking,West,Standard,Yes,0,8400.0
CUST105685,32,3262.88,2,0,34.3,Month-to-Month,UPI,West,Standard,No,0,39154.56
CUST105686,55,3219.59,3,2,52.2,Month-to-Month,UPI,West,Premium,No,1,38635.08
CUST105687,18,4342.43,1,1,33.6,Month-to-Month,Net Banking,South,Standard,No,1,52109.16
CUST105688,55,4639.97,1,0,33.0,Month-to-Month,UPI,West,Basic,No,1,55679.64
CUST105689,16,2993.52,7,1,30.3,Month-to-Month,Credit Card,South,Basic,No,1,35922.24
CUST105690,27,4097.85,4,0,46.8,Month-to-Month,Credit Card,South,Standard,No,1,49174.2
CUST105691,43,1988.27,4,3,52.2,One Year,Credit Card,East,Standard,No,0,23859.24
CUST105692,64,4044.08,1,0,22.6,One Year,UPI,West,Basic,No,1,48528.96
CUST105693,17,2570.28,1,3,33.8,Month-to-Month,Net Banking,West,Standard,No,0,30843.36
CUST105694,43,1896.83,0,2,11.7,Two Year,UPI,North,Standard,Yes,0,22761.96
CUST105695,5,2995.85,1,0,3.7,Two Year,Credit Card,North,Basic,Yes,0,35950.2
CUST105696,6,4740.52,3,0,49.8,Month-to-Month,Debit Card,South,Basic,No,1,56886.24
CUST105697,56,3399.11,1,1,47.0,One Year,Net Banking,West,Basic,Yes,1,40789.32
CUST105698,52,4846.14,3,0,44.8,Month-to-Month,Debit Card,West,Basic,Yes,1,58153.68
CUST105699,28,2376.39,3,2,67.4,Month-to-Month,Credit Card,South,Premium,Yes,0,28516.68
CUST105700,45,4352.64,1,1,15.2,Month-to-Month,UPI,North,Basic,Yes,1,52231.68
CUST105701,28,2482.62,2,1,8.7,Month-to-Month,Credit Card,East,Standard,No,0,29791.44
CUST105702,20,3447.86,4,2,24.0,Month-to-Month,Debit Card,North,Premium,Yes,1,41374.32
CUST105703,32,3438.35,3,4,8.1,Two Year,Credit Card,North,Standard,No,1,41260.2
CUST105704,23,3927.64,5,1,32.2,Two Year,Debit Card,East,Premium,Yes,1,47131.68
CUST105705,59,3475.81,1,1,51.3,Month-to-Month,Net Banking,North,Basic,No,1,41709.72
CUST105706,30,2386.9,1,2,46.7,Month-to-Month,UPI,West,Standard,No,0,28642.8
CUST105707,24,4168.34,2,0,58.4,Two Year,Net Banking,West,Standard,No,1,50020.08
CUST105708,39,5104.82,2,1,47.9,One Year,Debit Card,North,Basic,No,1,61257.84
CUST105709,55,2557.82,3,1,35.5,Month-to-Month,Credit Card,South,Standard,Yes,0,30693.84
CUST105710,20,1181.24,1,2,33.6,Two Year,Debit Card,East,Standard,No,0,14174.88
CUST105711,68,3749.25,2,0,49.0,Month-to-Month,Debit Card,South,Basic,Yes,1,44991.0
CUST105712,34,2835.7,4,2,17.5,Month-to-Month,Net Banking,West,Standard,No,0,34028.4
CUST105713,48,3055.79,2,0,2.0,Month-to-Month,Credit Card,North,Standard,No,0,36669.48
CUST105714,69,3811.8,0,1,41.5,One Year,Debit Card,West,Basic,No,1,45741.6
CUST105715,32,2697.97,1,1,45.7,Month-to-Month,Credit Card,East,Basic,No,0,32375.64
CUST105716,15,2904.26,1,3,67.1,Two Year,Credit Card,North,Premium,Yes,0,34851.12
CUST105717,54,3089.87,3,0,53.1,One Year,UPI,East,Premium,Yes,0,37078.44
CUST105718,1,4816.73,4,1,46.9,Month-to-Month,Net Banking,East,Basic,Yes,1,57800.76
CUST105719,33,3190.645,3,3,37.0,Month-to-Month,UPI,North,Standard,No,0,38287.74
CUST105720,71,1840.76,2,0,29.0,Month-to-Month,Debit Card,West,Standard,No,0,22089.12
CUST105721,30,1884.53,2,1,37.5,Month-to-Month,Credit Card,North,Standard,Yes,0,22614.36
CUST105722,50,3353.15,5,0,57.3,Month-to-Month,Net Banking,North,Basic,No,1,40237.8
CUST105723,38,1957.63,0,1,49.4,Two Year,Credit Card,East,Basic,Yes,0,23491.56
CUST105724,16,1481.47,1,0,56.9,One Year,UPI,West,Basic,No,0,17777.64
CUST105725,23,3899.09,2,3,43.7,Month-to-Month,UPI,East,Basic,Yes,1,46789.08
CUST105726,38,3952.95,1,3,27.6,Two Year,Credit Card,East,Basic,Yes,1,47435.4
CUST105727,8,2795.05,2,2,60.6,Two Year,Credit Card,South,Basic,Yes,0,33540.6
CUST105728,30,3523.03,1,0,59.1,Two Year,Debit Card,South,Basic,No,1,42276.36
CUST105729,30,3406.93,0,0,45.0,Month-to-Month,Net Banking,South,Basic,No,1,40883.16
CUST105730,61,3862.66,4,3,50.9,Month-to-Month,Credit Card,South,Basic,Yes,1,46351.92
CUST105731,9,3865.22,1,0,50.0,One Year,Net Banking,South,Premium,Yes,1,46382.64
CUST105732,61,700.0,1,1,34.5,Month-to-Month,UPI,West,Basic,No,0,8400.0
CUST105733,30,2935.45,0,1,37.8,Month-to-Month,Net Banking,South,Premium,No,0,35225.4
CUST105734,47,3769.69,1,3,27.4,One Year,UPI,West,Standard,Yes,1,45236.28
CUST105735,41,2748.5,3,0,37.8,Two Year,Net Banking,East,Standard,No,0,32982.0
CUST105736,22,3239.82,2,0,58.5,Month-to-Month,UPI,North,Basic,No,1,38877.84
CUST105737,68,4025.77,1,0,55.5,One Year,Debit Card,North,Premium,No,1,48309.24
CUST105738,17,3289.02,3,1,50.9,Month-to-Month,Debit Card,North,Basic,No,1,39468.24
CUST105739,3,4858.71,0,0,57.3,One Year,Debit Card,South,Basic,No,1,58304.52
CUST105740,55,4439.68,2,2,36.2,Month-to-Month,Cash,North,Basic,Yes,1,53276.16
CUST105741,45,3069.58,1,1,23.2,Month-to-Month,Debit Card,South,Basic,No,0,36834.96
CUST105742,65,2982.15,2,1,39.5,One Year,UPI,West,Basic,No,0,35785.8
CUST105743,33,700.0,4,0,40.8,One Year,Credit Card,South,Premium,Yes,0,8400.0
CUST105744,2,2840.85,4,2,52.8,One Year,UPI,South,Standard,Yes,0,34090.2
CUST105745,2,1711.4,3,4,50.2,Month-to-Month,Credit Card,North,Premium,Yes,0,20536.8
CUST105746,32,3443.35,3,0,58.2,Month-to-Month,UPI,South,Standard,No,1,41320.2
CUST105747,18,3368.16,2,4,9.8,Month-to-Month,Debit Card,South,Basic,No,1,40417.92
CUST105748,67,3965.44,1,0,29.2,One Year,Net Banking,North,Standard,No,1,47585.28
CUST105749,9,4736.34,0,3,40.5,One Year,UPI,West,Basic,No,1,56836.08
CUST105750,64,3171.1,1,1,49.7,Month-to-Month,Net Banking,East,Premium,Yes,0,38053.2
CUST105751,16,5708.46,2,1,75.5,Month-to-Month,Net Banking,West,Standard,No,1,68501.52
CUST105752,9,3455.7,3,1,26.4,Month-to-Month,Debit Card,East,Basic,No,1,41468.4
CUST105753,20,1758.76,2,0,30.6,Month-to-Month,Debit Card,North,Standard,No,0,21105.12
CUST105754,11,2581.72,2,0,35.2,Month-to-Month,Net Banking,East,Standard,No,0,30980.64
CUST105755,29,2789.98,2,1,30.1,Two Year,Credit Card,North,Premium,No,0,33479.76
CUST105756,24,3851.34,1,1,27.8,Month-to-Month,Cash,North,Standard,Yes,1,46216.08
CUST105757,39,2158.03,0,0,42.7,Month-to-Month,Credit Card,North,Standard,Yes,0,25896.36
CUST105758,39,2872.23,4,3,57.7,One Year,UPI,West,Basic,No,0,34466.76
CUST105759,1,3022.86,4,1,43.9,Two Year,Net Banking,East,Basic,No,1,36274.32
CUST105760,9,2707.07,4,1,28.2,One Year,Credit Card,West,Basic,Yes,0,32484.84
CUST105761,12,4092.56,7,4,38.9,Month-to-Month,UPI,East,Standard,No,1,49110.72
CUST105762,15,3905.45,4,1,25.4,Month-to-Month,UPI,North,Premium,Yes,1,46865.4
CUST105763,7,4483.22,5,2,57.7,Month-to-Month,Credit Card,East,Standard,No,1,53798.64
CUST105764,23,2835.87,3,2,65.5,Month-to-Month,UPI,North,Premium,No,0,34030.44
CUST105765,40,4522.78,1,3,16.5,One Year,UPI,North,Standard,Yes,1,54273.36
CUST105766,23,1699.6,5,0,45.7,One Year,UPI,South,Standard,Yes,0,20395.2
CUST105767,24,1672.78,1,1,29.5,Month-to-Month,Debit Card,North,Basic,Yes,0,20073.36
CUST105768,34,1864.82,0,0,43.0,One Year,UPI,East,Standard,No,0,22377.84
CUST105769,40,3210.13,2,0,40.6,One Year,Net Banking,East,Basic,Yes,0,38521.56
CUST105770,24,4522.62,3,1,20.5,Month-to-Month,Net Banking,East,Standard,No,1,54271.44
CUST105771,16,2537.64,2,0,61.3,Month-to-Month,Net Banking,West,Standard,No,0,30451.68
CUST105772,30,2675.64,4,1,39.6,Two Year,UPI,South,Standard,No,0,32107.68
CUST105773,2,2962.38,0,1,34.5,Month-to-Month,Debit Card,East,Premium,Yes,0,35548.56
CUST105774,36,3830.11,2,1,43.9,Month-to-Month,UPI,South,Standard,No,1,45961.32
CUST105775,68,2674.61,1,1,28.1,Month-to-Month,Cash,North,Standard,No,0,32095.32
CUST105776,29,2613.24,1,0,39.1,One Year,UPI,West,Standard,No,0,31358.88
CUST105777,8,1720.07,1,1,12.6,Two Year,UPI,East,Basic,No,0,20640.84
CUST105778,51,2571.11,5,2,4.3,Month-to-Month,UPI,East,Basic,Yes,0,30853.32
CUST105779,10,4495.21,1,2,26.5,Month-to-Month,Cash,South,Basic,No,1,53942.52
CUST105780,14,3300.02,1,2,33.5,Two Year,UPI,West,Premium,No,0,39600.24
CUST105781,11,2386.16,2,2,13.9,One Year,UPI,South,Basic,Yes,0,28633.92
CUST105782,64,4559.76,3,0,34.0,Two Year,UPI,North,Premium,No,1,54717.12
CUST105783,71,2556.27,5,2,33.5,One Year,Net Banking,South,Basic,Yes,0,30675.24
CUST105784,42,4761.95,1,1,41.0,One Year,Credit Card,South,Standard,Yes,1,57143.4
CUST105785,45,4743.97,2,2,51.8,Month-to-Month,Cash,South,Standard,No,1,56927.64
CUST105786,47,3261.61,4,1,69.4,Month-to-Month,Cash,North,Basic,Yes,1,39139.32
CUST105787,44,1551.6,4,2,48.9,Month-to-Month,Net Banking,South,Basic,Yes,0,18619.2
CUST105788,40,5718.45,1,1,26.3,Month-to-Month,UPI,North,Standard,No,1,68621.4
CUST105789,72,3626.0,3,0,52.7,Month-to-Month,Cash,North,Basic,Yes,1,43512.0
CUST105790,53,2843.72,0,0,64.4,Month-to-Month,Credit Card,East,Basic,Yes,0,34124.64
CUST105791,7,4251.74,1,3,24.1,Month-to-Month,Credit Card,South,Standard,Yes,1,51020.88
CUST105792,29,3972.53,8,1,25.0,One Year,Debit Card,South,Standard,No,1,47670.36
CUST105793,71,4642.03,1,1,19.3,Month-to-Month,Debit Card,West,Premium,No,1,55704.36
CUST105794,30,2471.42,4,0,33.0,One Year,Cash,North,Basic,No,0,29657.04
CUST105795,15,3550.32,3,3,48.0,Month-to-Month,Cash,East,Basic,No,1,42603.84
CUST105796,63,1895.54,2,0,65.7,Month-to-Month,Credit Card,East,Standard,No,0,22746.48
CUST105797,45,3932.97,3,0,56.3,Month-to-Month,UPI,South,Standard,No,1,47195.64
CUST105798,41,3174.76,4,1,48.2,Month-to-Month,Net Banking,South,Basic,No,1,38097.12
CUST105799,31,3509.11,1,1,42.7,Month-to-Month,UPI,South,Basic,No,1,42109.32
CUST105800,9,3039.02,3,0,48.3,Month-to-Month,Debit Card,South,Basic,No,1,36468.24
CUST105801,28,2923.91,1,1,49.2,One Year,UPI,North,Basic,Yes,0,35086.92
CUST105802,32,2244.95,2,1,62.9,Month-to-Month,Credit Card,North,Basic,Yes,0,26939.4
CUST105803,68,4069.47,3,2,41.7,One Year,Credit Card,South,Basic,No,1,48833.64
CUST105804,23,4838.67,3,2,46.2,Month-to-Month,Debit Card,South,Basic,No,1,58064.04
CUST105805,11,2587.66,2,0,35.5,Month-to-Month,Cash,North,Standard,No,0,31051.92
CUST105806,31,3808.89,3,2,43.8,One Year,Net Banking,North,Basic,Yes,1,45706.68
CUST105807,72,3675.4,3,1,37.9,Month-to-Month,Credit Card,East,Standard,Yes,1,44104.8
CUST105808,35,3208.91,4,1,23.0,Month-to-Month,Credit Card,East,Premium,Yes,0,38506.92
CUST105809,28,1520.74,2,0,56.0,Month-to-Month,Credit Card,West,Basic,No,0,18248.88
CUST105810,49,1768.24,2,0,65.8,Month-to-Month,Credit Card,South,Basic,Yes,0,21218.88
CUST105811,47,2340.92,0,1,41.4,Month-to-Month,Credit Card,North,Basic,No,0,28091.04
CUST105812,22,847.09,2,4,47.3,Two Year,Net Banking,North,Basic,No,0,10165.08
CUST105813,70,4748.83,1,3,55.8,Month-to-Month,Credit Card,East,Basic,Yes,1,56985.96
CUST105814,43,3604.47,0,1,39.7,Two Year,UPI,South,Premium,Yes,1,43253.64
CUST105815,5,3167.04,1,0,45.0,Two Year,Debit Card,East,Basic,No,1,38004.48
CUST105816,30,790.74,6,0,38.5,Month-to-Month,UPI,East,Basic,No,0,9488.88
CUST105817,67,1193.74,0,1,33.2,One Year,UPI,South,Basic,No,0,14324.88
CUST105818,29,3197.42,0,0,50.3,Two Year,Net Banking,South,Basic,No,0,38369.04
CUST105819,41,5367.54,2,0,50.2,Month-to-Month,UPI,North,Basic,No,1,64410.48
CUST105820,45,2431.49,1,0,56.8,Month-to-Month,Debit Card,East,Premium,No,0,29177.88
CUST105821,51,4150.18,2,2,41.9,One Year,Net Banking,North,Basic,No,1,49802.16
CUST105822,63,2672.11,4,4,22.8,One Year,Credit Card,South,Standard,Yes,0,32065.32
CUST105823,11,3260.76,4,0,59.7,One Year,Credit Card,North,Basic,Yes,1,39129.12
CUST105824,38,4536.15,1,2,30.2,Month-to-Month,Debit Card,East,Standard,No,1,54433.8
CUST105825,39,2819.45,0,1,30.0,Month-to-Month,Debit Card,West,Premium,Yes,0,33833.4
CUST105826,11,2440.88,2,1,33.5,One Year,Cash,South,Basic,No,0,29290.56
CUST105827,49,4759.88,2,0,14.1,Month-to-Month,Net Banking,South,Standard,No,1,57118.56
CUST105828,9,3250.11,1,1,38.5,One Year,UPI,South,Standard,No,1,39001.32
CUST105829,33,4400.33,1,0,51.9,Month-to-Month,Debit Card,South,Basic,No,1,52803.96
CUST105830,24,2446.23,0,1,35.1,Month-to-Month,UPI,South,Basic,No,0,29354.76
CUST105831,12,4747.34,4,1,63.4,Two Year,UPI,West,Basic,No,1,56968.08
CUST105832,60,3500.99,4,1,62.4,One Year,Credit Card,West,Basic,No,1,42011.88
CUST105833,18,3678.27,1,0,56.2,One Year,Credit Card,East,Basic,Yes,1,44139.24
CUST105834,19,3344.79,0,2,11.0,Two Year,Debit Card,North,Standard,Yes,1,40137.48
CUST105835,62,2643.98,2,1,64.9,Month-to-Month,Debit Card,South,Basic,Yes,0,31727.76
CUST105836,64,3198.15,3,0,38.2,One Year,Credit Card,North,Standard,No,0,38377.8
CUST105837,3,2713.15,5,1,68.9,Month-to-Month,Net Banking,East,Basic,No,0,32557.8
CUST105838,21,4255.5,0,3,32.3,One Year,Net Banking,South,Basic,No,1,51066.0
CUST105839,52,2976.64,3,3,39.8,One Year,Net Banking,South,Basic,No,1,35719.68
CUST105840,57,1553.84,2,1,43.4,Two Year,Credit Card,West,Standard,Yes,0,18646.08
CUST105841,72,1352.63,1,0,27.1,Month-to-Month,UPI,West,Basic,No,0,16231.56
CUST105842,40,1300.61,3,0,16.1,One Year,UPI,South,Standard,Yes,0,15607.32
CUST105843,1,3879.77,5,0,3.6,Month-to-Month,UPI,East,Standard,Yes,1,46557.24
CUST105844,63,1933.35,2,0,89.2,One Year,Cash,West,Basic,No,0,23200.2
CUST105845,12,3530.09,1,0,15.3,Two Year,Credit Card,West,Basic,Yes,1,42361.08
CUST105846,9,3350.23,1,1,15.5,One Year,Credit Card,East,Premium,No,1,40202.76
CUST105847,49,3128.82,2,2,51.2,One Year,Credit Card,North,Basic,No,0,37545.84
CUST105848,44,3682.25,4,0,19.2,One Year,Debit Card,East,Standard,Yes,1,44187.0
CUST105849,5,3374.13,1,0,16.2,Month-to-Month,Cash,South,Standard,No,1,40489.56
CUST105850,13,700.0,4,1,2.0,One Year,UPI,South,Standard,No,0,8400.0
CUST105851,43,2844.01,1,1,46.7,One Year,Net Banking,West,Standard,No,0,34128.12
CUST105852,19,3667.61,4,1,24.9,Month-to-Month,Credit Card,East,Basic,Yes,1,44011.32
CUST105853,50,5004.31,2,2,52.3,Two Year,UPI,West,Standard,No,1,60051.72
CUST105854,30,5055.1,2,0,40.8,Month-to-Month,Debit Card,North,Premium,Yes,1,60661.2
CUST105855,43,1700.53,2,4,43.4,Month-to-Month,Debit Card,West,Standard,No,0,20406.36
CUST105856,35,2815.3,0,1,34.7,One Year,UPI,East,Basic,No,0,33783.6
CUST105857,27,1477.27,2,2,37.6,Month-to-Month,UPI,South,Standard,No,0,17727.24
CUST105858,25,4871.87,5,2,27.7,One Year,Debit Card,West,Standard,No,1,58462.44
CUST105859,51,4314.14,2,2,29.2,Two Year,Net Banking,West,Standard,No,1,51769.68
CUST105860,38,3585.65,2,0,24.5,One Year,Debit Card,East,Standard,No,1,43027.8
CUST105861,43,3382.7,1,0,66.2,One Year,Credit Card,West,Standard,No,1,40592.4
CUST105862,42,4718.69,3,0,35.7,Two Year,Debit Card,West,Standard,No,1,56624.28
CUST105863,15,4532.46,1,2,5.8,Month-to-Month,Net Banking,South,Standard,Yes,1,54389.52
CUST105864,66,4473.85,1,1,46.1,Month-to-Month,Cash,North,Premium,No,1,53686.2
CUST105865,41,3702.35,3,1,29.1,One Year,UPI,East,Premium,Yes,1,44428.2
CUST105866,52,2815.85,2,1,41.3,One Year,UPI,South,Premium,No,0,33790.2
CUST105867,64,4043.84,6,3,37.7,Two Year,Debit Card,East,Premium,No,1,48526.08
CUST105868,67,4097.65,2,2,65.8,Month-to-Month,UPI,North,Basic,No,1,49171.8
CUST105869,49,2990.3,2,1,35.9,Month-to-Month,Net Banking,West,Basic,Yes,0,35883.6
CUST105870,57,2813.63,2,1,55.1,Month-to-Month,UPI,West,Basic,Yes,0,33763.56
CUST105871,34,4446.64,0,2,53.4,Month-to-Month,UPI,West,Standard,Yes,1,53359.68
CUST105872,54,5030.53,4,2,20.1,One Year,Net Banking,West,Standard,No,1,60366.36
CUST105873,24,2375.66,4,2,45.0,Month-to-Month,UPI,North,Premium,No,0,28507.92
CUST105874,52,2910.29,4,0,29.9,Month-to-Month,UPI,South,Standard,Yes,0,34923.48
CUST105875,7,3586.03,3,0,22.7,Month-to-Month,Net Banking,West,Standard,Yes,1,43032.36
CUST105876,66,3735.26,2,4,22.7,Month-to-Month,UPI,East,Premium,Yes,1,44823.12
CUST105877,18,2625.4,1,2,55.1,Month-to-Month,Credit Card,South,Standard,No,0,31504.8
CUST105878,48,5271.87,1,0,84.3,One Year,Credit Card,South,Basic,Yes,1,63262.44
CUST105879,1,3664.3,1,2,29.1,Two Year,UPI,East,Standard,Yes,1,43971.6
CUST105880,12,3784.52,1,2,45.5,One Year,UPI,North,Premium,No,1,45414.24
CUST105881,72,5134.77,2,0,47.0,Month-to-Month,UPI,North,Standard,No,1,61617.24
CUST105882,61,2706.03,3,1,33.5,Month-to-Month,Credit Card,South,Basic,Yes,0,32472.36
CUST105883,17,3102.72,1,0,64.5,Month-to-Month,Cash,South,Basic,No,0,37232.64
CUST105884,10,1821.35,3,3,77.2,One Year,Net Banking,South,Standard,Yes,0,21856.2
CUST105885,59,3010.41,1,3,32.4,Month-to-Month,Debit Card,East,Standard,Yes,0,36124.92
CUST105886,72,1562.18,2,1,69.8,Month-to-Month,Debit Card,West,Premium,Yes,0,18746.16
CUST105887,13,4022.63,0,0,33.3,One Year,Net Banking,North,Basic,No,1,48271.56
CUST105888,48,3662.0,3,1,26.5,One Year,Credit Card,South,Premium,Yes,1,43944.0
CUST105889,21,2895.22,2,0,39.8,Month-to-Month,Cash,West,Premium,No,0,34742.64
CUST105890,54,3089.53,2,1,55.9,Month-to-Month,Debit Card,West,Standard,No,1,37074.36
CUST105891,31,4037.61,3,0,40.3,Month-to-Month,Debit Card,South,Standard,Yes,1,48451.32
CUST105892,10,1950.62,0,3,53.8,Month-to-Month,UPI,West,Basic,No,0,23407.44
CUST105893,24,3424.58,2,2,45.6,Two Year,Net Banking,North,Basic,No,1,41094.96
CUST105894,39,3969.46,0,0,63.6,Month-to-Month,Credit Card,West,Basic,No,1,47633.52
CUST105895,58,1239.5,1,1,50.5,Month-to-Month,Net Banking,West,Basic,No,0,14874.0
CUST105896,2,3953.43,2,0,66.5,Month-to-Month,Net Banking,South,Basic,Yes,1,47441.16
CUST105897,69,1358.53,2,0,28.3,Month-to-Month,UPI,North,Standard,No,0,16302.36
CUST105898,47,3070.65,2,1,38.7,One Year,Credit Card,North,Basic,No,0,36847.8
CUST105899,64,1920.27,3,2,42.0,Two Year,Net Banking,South,Premium,Yes,0,23043.24
CUST105900,67,4774.37,0,1,28.3,Month-to-Month,UPI,South,Premium,Yes,1,57292.44
CUST105901,12,1927.17,1,3,25.9,Month-to-Month,Net Banking,South,Basic,No,0,23126.04
CUST105902,7,1384.79,2,2,48.1,Month-to-Month,Credit Card,South,Premium,Yes,0,16617.48
CUST105903,56,3346.69,1,1,52.6,Month-to-Month,Credit Card,West,Standard,No,1,40160.28
CUST105904,14,2744.93,3,1,43.8,One Year,Net Banking,West,Premium,Yes,0,32939.16
CUST105905,11,1544.93,1,3,58.9,Month-to-Month,Debit Card,South,Standard,No,0,18539.16
CUST105906,34,3778.4,2,0,24.3,Month-to-Month,UPI,West,Basic,No,1,45340.8
CUST105907,66,1009.35,1,2,35.7,One Year,Debit Card,East,Standard,No,0,12112.2
CUST105908,58,2060.13,2,0,23.1,One Year,UPI,East,Standard,Yes,0,24721.56
CUST105909,38,2567.26,1,3,44.2,Two Year,UPI,East,Premium,No,0,30807.12
CUST105910,15,4082.44,4,0,49.8,Month-to-Month,Debit Card,West,Standard,No,1,48989.28
CUST105911,25,4625.02,3,1,63.5,One Year,Net Banking,North,Standard,No,1,55500.24
CUST105912,50,4413.06,3,1,23.2,Month-to-Month,Debit Card,West,Standard,Yes,1,52956.72
CUST105913,12,3031.4,1,1,48.0,Two Year,Credit Card,North,Premium,Yes,0,36376.8
CUST105914,38,700.0,3,2,65.0,Two Year,UPI,East,Standard,No,0,8400.0
CUST105915,1,3629.94,2,1,26.0,One Year,UPI,West,Standard,No,1,43559.28
CUST105916,24,4817.63,0,3,22.2,One Year,UPI,East,Basic,Yes,1,57811.56
CUST105917,18,4557.17,0,1,18.4,One Year,Cash,West,Premium,No,1,54686.04
CUST105918,50,3709.24,3,2,52.0,One Year,Credit Card,West,Premium,Yes,1,44510.88
CUST105919,66,1891.55,3,0,30.4,Month-to-Month,Net Banking,East,Standard,Yes,0,22698.6
CUST105920,11,2622.16,2,2,49.6,One Year,UPI,North,Premium,No,0,31465.92
CUST105921,58,5327.2,3,1,38.5,Two Year,Credit Card,North,Standard,Yes,1,63926.4
CUST105922,48,1641.6,1,0,70.8,One Year,UPI,West,Standard,No,0,19699.2
CUST105923,70,1937.37,3,0,54.6,Month-to-Month,Cash,East,Premium,Yes,0,23248.44
CUST105924,66,4236.81,0,1,29.1,Month-to-Month,UPI,South,Basic,No,1,50841.72
CUST105925,8,2725.72,1,1,37.2,One Year,UPI,North,Standard,No,1,32708.64
CUST105926,54,1900.07,2,0,54.6,Month-to-Month,UPI,North,Premium,Yes,0,22800.84
CUST105927,43,4880.77,5,1,24.9,Month-to-Month,UPI,East,Premium,No,1,58569.24
CUST105928,9,3707.16,2,5,60.9,Month-to-Month,Credit Card,North,Standard,No,1,44485.92
CUST105929,19,2780.02,2,0,38.0,Month-to-Month,Cash,South,Basic,No,0,33360.24
CUST105930,67,1939.65,2,1,54.9,Month-to-Month,Cash,West,Standard,No,0,23275.8
CUST105931,40,5452.15,1,1,38.9,Month-to-Month,Debit Card,South,Basic,Yes,1,65425.8
CUST105932,25,3173.1,2,3,33.6,Two Year,Net Banking,South,Standard,No,1,38077.2
CUST105933,24,4737.06,5,2,31.0,Month-to-Month,Credit Card,North,Standard,No,1,56844.72
CUST105934,61,4183.0,0,0,69.7,Month-to-Month,Net Banking,South,Premium,No,1,50196.0
CUST105935,21,2627.01,4,1,37.3,Month-to-Month,UPI,East,Basic,No,0,31524.12
CUST105936,12,2635.76,1,1,91.3,One Year,Credit Card,North,Standard,No,0,31629.12
CUST105937,42,4790.95,1,1,44.4,Two Year,UPI,East,Standard,Yes,1,57491.4
CUST105938,72,4808.77,4,2,28.4,One Year,Cash,East,Standard,No,1,57705.24
CUST105939,14,1135.39,2,2,16.6,Two Year,Credit Card,West,Standard,Yes,0,13624.68
CUST105940,19,3804.76,1,2,61.7,Month-to-Month,UPI,South,Basic,Yes,1,45657.12
CUST105941,34,3066.66,3,2,38.9,Month-to-Month,UPI,West,Standard,No,1,36799.92
CUST105942,15,2063.34,4,3,55.2,Two Year,Credit Card,South,Basic,No,0,24760.08
CUST105943,47,3487.92,3,1,79.2,Month-to-Month,Credit Card,North,Premium,No,1,41855.04
CUST105944,19,1715.44,1,3,52.7,Month-to-Month,Debit Card,North,Basic,No,0,20585.28
CUST105945,10,2686.9,5,0,47.4,Month-to-Month,Net Banking,West,Premium,Yes,0,32242.8
CUST105946,19,2321.68,4,2,61.6,Two Year,Debit Card,North,Basic,No,0,27860.16
CUST105947,68,2650.23,0,3,54.9,Month-to-Month,Credit Card,West,Basic,No,0,31802.76
CUST105948,68,3121.37,1,2,21.8,Two Year,Credit Card,West,Standard,No,0,37456.44
CUST105949,37,2082.88,2,1,63.3,One Year,Cash,West,Standard,No,0,24994.56
CUST105950,29,4930.5,0,1,41.3,Month-to-Month,Credit Card,South,Standard,No,1,59166.0
CUST105951,60,3742.61,3,0,66.7,Month-to-Month,Credit Card,North,Standard,No,1,44911.32
CUST105952,14,5174.02,3,2,50.1,Month-to-Month,Debit Card,North,Basic,No,1,62088.24
CUST105953,48,3023.91,3,1,61.1,Month-to-Month,Debit Card,South,Standard,No,0,36286.92
CUST105954,49,2596.33,3,3,38.4,Month-to-Month,Cash,South,Standard,No,0,31155.96
CUST105955,52,5134.26,1,1,17.7,Month-to-Month,Credit Card,South,Standard,No,1,61611.12
CUST105956,16,2564.13,0,0,51.0,Month-to-Month,Credit Card,East,Standard,No,0,30769.56
CUST105957,52,3003.88,1,2,57.6,Month-to-Month,Debit Card,West,Standard,No,0,36046.56
CUST105958,45,3992.05,3,2,33.1,Two Year,Debit Card,North,Basic,Yes,1,47904.6
CUST105959,64,1838.5,3,3,38.7,Month-to-Month,UPI,South,Standard,Yes,0,22062.0
CUST105960,13,3982.42,7,1,6.6,Two Year,Net Banking,East,Standard,Yes,1,47789.04
CUST105961,45,3841.68,3,2,39.5,One Year,UPI,West,Basic,No,1,46100.16
CUST105962,60,4596.26,3,2,22.0,One Year,UPI,West,Basic,No,1,55155.12
CUST105963,21,4179.05,3,2,50.3,One Year,Debit Card,West,Basic,No,1,50148.6
CUST105964,54,4629.98,2,0,47.4,Month-to-Month,UPI,West,Premium,No,1,55559.76
CUST105965,8,3078.54,3,1,42.2,One Year,UPI,West,Standard,No,0,36942.48
CUST105966,52,2251.06,2,0,63.2,One Year,Cash,West,Basic,Yes,0,27012.72
CUST105967,44,5520.98,3,0,45.9,One Year,Debit Card,East,Premium,No,1,66251.76
CUST105968,14,1520.63,2,5,45.1,Two Year,Cash,East,Standard,No,0,18247.56
CUST105969,5,1630.84,2,1,47.1,Month-to-Month,UPI,South,Standard,No,0,19570.08
CUST105970,54,3821.64,0,2,32.7,Two Year,UPI,West,Premium,No,1,45859.68
CUST105971,18,4987.48,0,1,57.9,Two Year,UPI,East,Standard,No,1,59849.76
CUST105972,36,3408.51,4,0,27.3,Two Year,UPI,West,Standard,Yes,1,40902.12
CUST105973,5,4299.23,5,1,48.8,One Year,Credit Card,North,Standard,Yes,1,51590.76
CUST105974,70,1004.62,0,2,61.5,One Year,Cash,South,Basic,No,0,12055.44
CUST105975,40,2650.5,5,1,25.6,One Year,Credit Card,North,Standard,No,0,31806.0
CUST105976,68,1138.66,3,1,20.5,Month-to-Month,Net Banking,West,Basic,No,0,13663.92
CUST105977,12,4058.45,1,1,25.3,Two Year,Debit Card,West,Basic,No,1,48701.4
CUST105978,15,1498.05,1,0,71.1,Month-to-Month,UPI,West,Standard,No,0,17976.6
CUST105979,44,1794.4,3,1,32.3,Two Year,UPI,South,Basic,No,0,21532.8
CUST105980,44,3765.43,0,1,22.8,Month-to-Month,Debit Card,North,Basic,No,1,45185.16
CUST105981,57,4368.01,4,2,47.9,Month-to-Month,UPI,West,Premium,No,1,52416.12
CUST105982,67,3025.14,5,2,2.0,Month-to-Month,Credit Card,South,Basic,No,1,36301.68
CUST105983,60,3827.19,1,1,26.7,One Year,Debit Card,North,Premium,No,1,45926.28
CUST105984,11,3791.57,3,2,64.6,Month-to-Month,Credit Card,West,Standard,No,1,45498.84
CUST105985,23,2963.03,1,1,26.7,One Year,Credit Card,North,Basic,No,0,35556.36
CUST105986,66,1995.82,4,1,37.8,Month-to-Month,Net Banking,North,Basic,No,0,23949.84
CUST105987,40,3821.38,3,1,46.7,One Year,Credit Card,South,Standard,No,1,45856.56
CUST105988,63,3874.41,3,3,46.7,Month-to-Month,Credit Card,South,Basic,No,1,46492.92
CUST105989,41,4183.43,3,0,33.5,Month-to-Month,UPI,West,Standard,Yes,1,50201.16
CUST105990,4,3543.27,2,1,50.7,Month-to-Month,Net Banking,West,Basic,Yes,1,42519.24
CUST105991,35,1914.65,3,2,65.1,Month-to-Month,Debit Card,South,Basic,No,0,22975.8
CUST105992,60,3959.37,4,0,25.0,One Year,Cash,North,Standard,No,1,47512.44
CUST105993,48,3198.48,1,1,34.2,Month-to-Month,Net Banking,South,Basic,Yes,1,38381.76
CUST105994,10,2668.99,2,1,40.3,One Year,Debit Card,South,Basic,No,0,32027.88
CUST105995,16,2875.9,3,2,53.2,One Year,Debit Card,West,Standard,Yes,0,34510.8
CUST105996,62,2440.72,4,2,42.5,Month-to-Month,Credit Card,North,Standard,No,0,29288.64
CUST105997,71,4177.73,2,1,40.0,Two Year,Credit Card,North,Standard,No,1,50132.76
CUST105998,55,1640.07,3,0,17.2,One Year,Debit Card,North,Standard,No,0,19680.84
CUST105999,8,2107.17,2,0,23.9,Month-to-Month,Credit Card,North,Premium,Yes,0,25286.04
