customer_id,tenure_months,monthly_charges,support_tickets,late_payments,usage_hours,contract,payment_method,region,plan,support_plan,churn,annual_value,churn_probability,risk_level,recommended_action
CUST105158,10,7628.41,2,3,64.7,Month-to-Month,Cash,South,Basic,Yes,1,91540.92,1.0,High,Priority retention call + targeted offer
CUST101208,21,6999.45,1,1,7.3,Month-to-Month,Net Banking,West,Basic,No,1,83993.4,0.9999999999999998,High,Priority retention call + targeted offer
CUST101289,45,6798.13,4,0,47.5,Month-to-Month,Cash,North,Standard,No,1,81577.56,0.9999999999999964,High,Priority retention call + targeted offer
CUST102313,4,6765.38,0,0,58.8,Month-to-Month,Debit Card,North,Standard,No,1,81184.56,0.9999999999999958,High,Priority retention call + targeted offer
CUST103016,39,6728.98,1,2,39.3,One Year,Credit Card,South,Basic,No,1,80747.76,0.9999999999999942,High,Priority retention call + targeted offer
CUST102790,68,6697.85,4,1,32.3,One Year,Credit Card,South,Basic,No,1,80374.2,0.9999999999999887,High,Priority retention call + targeted offer
CUST104205,59,6823.24,1,1,44.9,Two Year,Net Banking,East,Standard,No,1,81878.88,0.9999999999999849,High,Priority retention call + targeted offer
CUST104603,55,6628.37,1,1,43.9,Month-to-Month,Debit Card,North,Premium,Yes,1,79540.44,0.9999999999999807,High,Priority retention call + targeted offer
CUST100371,48,6597.36,4,2,39.2,One Year,Debit Card,West,Basic,No,1,79168.32,0.999999999999976,High,Priority retention call + targeted offer
CUST103340,39,6612.07,4,1,43.2,Two Year,Credit Card,West,Standard,Yes,1,79344.84,0.999999999999956,High,Priority retention call + targeted offer
CUST101386,41,6526.16,2,0,36.2,Month-to-Month,Net Banking,North,Basic,No,1,78313.92,0.9999999999999554,High,Priority retention call + targeted offer
CUST100208,19,6534.94,1,1,48.1,Two Year,Credit Card,South,Standard,Yes,1,78419.28,0.9999999999999245,High,Priority retention call + targeted offer
CUST102250,37,6495.86,1,1,66.2,One Year,UPI,North,Basic,No,1,77950.32,0.9999999999999147,High,Priority retention call + targeted offer
CUST100799,32,6329.82,3,1,20.7,Month-to-Month,Debit Card,South,Basic,No,1,75957.84,0.9999999999998932,High,Priority retention call + targeted offer
CUST101828,45,6343.22,2,2,64.6,Month-to-Month,Credit Card,South,Premium,No,1,76118.64,0.9999999999998064,High,Priority retention call + targeted offer
CUST100491,63,6295.89,2,3,46.1,Month-to-Month,UPI,West,Premium,No,1,75550.68,0.999999999999728,High,Priority retention call + targeted offer
CUST105339,34,6228.93,1,1,29.7,Month-to-Month,Credit Card,West,Standard,No,1,74747.16,0.9999999999995286,High,Priority retention call + targeted offer
CUST104471,64,6284.91,0,1,62.1,Month-to-Month,Credit Card,North,Basic,Yes,1,75418.92,0.9999999999994944,High,Priority retention call + targeted offer
CUST100811,64,6279.67,1,1,33.5,One Year,UPI,South,Basic,No,1,75356.04,0.9999999999994074,High,Priority retention call + targeted offer
CUST103569,18,6280.09,6,0,54.0,Month-to-Month,Net Banking,East,Standard,Yes,1,75361.08,0.9999999999993878,High,Priority retention call + targeted offer
CUST102989,31,6181.6,1,0,30.4,Month-to-Month,Debit Card,South,Basic,No,1,74179.2,0.9999999999993745,High,Priority retention call + targeted offer
CUST101685,38,6204.42,1,1,42.8,Month-to-Month,Credit Card,North,Standard,Yes,1,74453.04,0.9999999999992348,High,Priority retention call + targeted offer
CUST100914,43,6213.45,1,0,33.1,Month-to-Month,Net Banking,South,Basic,No,1,74561.4,0.9999999999991722,High,Priority retention call + targeted offer
CUST100223,15,6138.94,1,0,24.4,Month-to-Month,Debit Card,North,Standard,No,1,73667.28,0.9999999999990374,High,Priority retention call + targeted offer
CUST103348,9,6029.12,0,2,24.0,Month-to-Month,UPI,West,Basic,Yes,1,72349.44,0.9999999999986602,High,Priority retention call + targeted offer
CUST103535,6,6052.9,1,0,15.8,Month-to-Month,UPI,North,Standard,No,1,72634.8,0.9999999999985105,High,Priority retention call + targeted offer
CUST100755,32,6089.13,1,3,27.2,One Year,UPI,West,Standard,No,1,73069.56,0.999999999997887,High,Priority retention call + targeted offer
CUST105059,46,6122.49,1,1,11.5,One Year,Credit Card,South,Standard,Yes,1,73469.88,0.9999999999976832,High,Priority retention call + targeted offer
CUST102780,23,6027.35,1,0,42.4,Month-to-Month,Debit Card,South,Premium,No,1,72328.2,0.9999999999966178,High,Priority retention call + targeted offer
CUST104843,15,6006.8,4,1,52.8,One Year,Credit Card,East,Basic,No,1,72081.6,0.9999999999950615,High,Priority retention call + targeted offer
CUST102894,19,5981.19,3,3,56.8,Month-to-Month,Net Banking,South,Standard,Yes,1,71774.28,0.9999999999944125,High,Priority retention call + targeted offer
CUST103392,58,6020.96,2,1,31.5,Month-to-Month,Net Banking,East,Basic,Yes,1,72251.52,0.9999999999938434,High,Priority retention call + targeted offer
CUST104123,20,6072.21,2,0,40.0,Two Year,Debit Card,North,Standard,Yes,1,72866.52,0.9999999999935236,High,Priority retention call + targeted offer
CUST100129,46,5918.99,3,1,23.5,Month-to-Month,Credit Card,South,Premium,No,1,71027.88,0.9999999999933364,High,Priority retention call + targeted offer
CUST104202,25,5958.5,3,1,44.4,One Year,UPI,South,Basic,No,1,71502.0,0.9999999999929465,High,Priority retention call + targeted offer
CUST101731,66,5972.78,1,2,50.7,Month-to-Month,Debit Card,West,Premium,No,1,71673.36,0.9999999999914619,High,Priority retention call + targeted offer
CUST103728,25,5888.51,1,2,56.5,Month-to-Month,Debit Card,West,Basic,No,1,70662.12,0.9999999999908882,High,Priority retention call + targeted offer
CUST103174,72,5890.58,6,2,31.9,Month-to-Month,Credit Card,North,Basic,Yes,1,70686.96,0.9999999999908464,High,Priority retention call + targeted offer
CUST101522,14,5916.12,5,1,56.9,Month-to-Month,UPI,East,Standard,Yes,1,70993.44,0.9999999999907818,High,Priority retention call + targeted offer
CUST101018,3,5822.25,1,2,54.9,Month-to-Month,Credit Card,South,Basic,No,1,69867.0,0.999999999990163,High,Priority retention call + targeted offer
CUST100662,3,5942.01,1,1,21.4,Two Year,Net Banking,West,Basic,No,1,71304.12,0.999999999988497,High,Priority retention call + targeted offer
CUST100978,26,5864.69,0,1,45.6,Month-to-Month,Debit Card,North,Basic,No,1,70376.28,0.9999999999884206,High,Priority retention call + targeted offer
CUST101535,3,5869.33,2,1,52.7,Month-to-Month,Cash,North,Standard,Yes,1,70431.96,0.999999999988292,High,Priority retention call + targeted offer
CUST102687,41,5988.49,2,0,79.8,Month-to-Month,Debit Card,North,Standard,Yes,1,71861.88,0.9999999999875011,High,Priority retention call + targeted offer
CUST102628,45,5938.18,2,2,43.1,One Year,Credit Card,West,Premium,Yes,1,71258.16,0.9999999999853975,High,Priority retention call + targeted offer
CUST105146,35,5928.17,2,0,50.2,One Year,Credit Card,North,Basic,No,1,71138.04,0.9999999999851601,High,Priority retention call + targeted offer
CUST102841,51,5992.33,2,1,41.2,Two Year,UPI,South,Standard,Yes,1,71907.96,0.9999999999844451,High,Priority retention call + targeted offer
CUST100972,35,5890.95,4,1,50.3,One Year,UPI,South,Basic,No,1,70691.4,0.999999999984315,High,Priority retention call + targeted offer
CUST104398,6,5943.43,0,0,45.5,One Year,Credit Card,East,Standard,Yes,1,71321.16,0.9999999999838378,High,Priority retention call + targeted offer
CUST105594,62,5922.96,2,0,36.8,Month-to-Month,Cash,West,Standard,Yes,1,71075.52,0.999999999982484,High,Priority retention call + targeted offer
CUST100668,67,5859.59,1,1,50.9,Month-to-Month,Credit Card,South,Basic,No,1,70315.08,0.9999999999802882,High,Priority retention call + targeted offer
CUST100060,67,5829.24,3,1,36.5,Month-to-Month,Credit Card,North,Premium,No,1,69950.88,0.9999999999754878,High,Priority retention call + targeted offer
CUST104035,3,5837.11,2,0,51.1,Month-to-Month,Net Banking,North,Standard,No,1,70045.32,0.9999999999738312,High,Priority retention call + targeted offer
CUST100077,17,5795.75,3,2,66.4,Month-to-Month,Net Banking,South,Basic,No,1,69549.0,0.9999999999735356,High,Priority retention call + targeted offer
CUST102360,47,5870.22,3,1,26.7,One Year,Debit Card,South,Standard,No,1,70442.64,0.9999999999728926,High,Priority retention call + targeted offer
CUST103976,47,5760.59,3,0,19.2,Month-to-Month,UPI,West,Basic,Yes,1,69127.08,0.9999999999669487,High,Priority retention call + targeted offer
CUST102938,65,5892.58,0,2,80.7,Month-to-Month,Debit Card,East,Standard,No,1,70710.96,0.9999999999666149,High,Priority retention call + targeted offer
CUST100064,30,5764.13,3,1,50.0,Month-to-Month,Credit Card,East,Premium,No,1,69169.56,0.9999999999628129,High,Priority retention call + targeted offer
CUST100046,33,5729.63,1,1,36.5,Month-to-Month,Credit Card,South,Premium,No,1,68755.56,0.9999999999584399,High,Priority retention call + targeted offer
CUST103889,60,5780.31,2,0,43.9,Month-to-Month,Debit Card,North,Basic,Yes,1,69363.72,0.9999999999504525,High,Priority retention call + targeted offer
CUST105788,40,5718.45,1,1,26.3,Month-to-Month,UPI,North,Standard,No,1,68621.4,0.9999999999497611,High,Priority retention call + targeted offer
CUST101250,18,5791.4,2,1,59.6,One Year,UPI,West,Standard,No,1,69496.8,0.9999999999410931,High,Priority retention call + targeted offer
CUST102827,68,5852.37,2,1,81.3,Month-to-Month,Net Banking,West,Premium,No,1,70228.44,0.9999999999325659,High,Priority retention call + targeted offer
CUST103566,31,5652.77,4,1,36.1,Month-to-Month,UPI,West,Standard,No,1,67833.24,0.9999999999116929,High,Priority retention call + targeted offer
CUST103925,42,5663.45,3,1,36.3,Month-to-Month,Credit Card,North,Standard,Yes,1,67961.4,0.9999999998989824,High,Priority retention call + targeted offer
CUST101103,11,5618.73,6,3,29.3,One Year,Net Banking,South,Basic,No,1,67424.76,0.9999999998937359,High,Priority retention call + targeted offer
CUST105398,68,5670.13,0,2,35.3,Month-to-Month,Cash,West,Premium,No,1,68041.56,0.9999999998864699,High,Priority retention call + targeted offer
CUST105141,2,5553.65,2,0,13.1,Month-to-Month,UPI,West,Basic,Yes,1,66643.8,0.9999999998853526,High,Priority retention call + targeted offer
CUST104986,70,5696.57,3,3,11.6,One Year,Net Banking,South,Basic,Yes,1,68358.84,0.9999999998797668,High,Priority retention call + targeted offer
CUST101799,38,5666.02,3,0,31.8,Month-to-Month,UPI,East,Standard,Yes,1,67992.24,0.999999999876034,High,Priority retention call + targeted offer
CUST105614,42,5599.51,1,1,28.5,Month-to-Month,UPI,West,Basic,No,1,67194.12,0.9999999998755973,High,Priority retention call + targeted offer
CUST105751,16,5708.46,2,1,75.5,Month-to-Month,Net Banking,West,Standard,No,1,68501.52,0.9999999998714608,High,Priority retention call + targeted offer
CUST102164,69,5743.01,0,0,64.4,Month-to-Month,Cash,North,Standard,No,1,68916.12,0.9999999998682327,High,Priority retention call + targeted offer
CUST104852,8,5565.24,3,1,62.3,Month-to-Month,Cash,South,Basic,No,1,66782.88,0.9999999998559999,High,Priority retention call + targeted offer
CUST102496,58,5716.2,0,0,53.5,Month-to-Month,UPI,West,Standard,Yes,1,68594.4,0.9999999998528388,High,Priority retention call + targeted offer
CUST100285,68,5657.5,2,1,37.3,Month-to-Month,Credit Card,East,Premium,No,1,67890.0,0.9999999998496962,High,Priority retention call + targeted offer
CUST101935,12,5568.81,2,1,27.3,Month-to-Month,Net Banking,South,Basic,No,1,66825.72,0.9999999998483933,High,Priority retention call + targeted offer
CUST102762,27,5621.21,5,0,50.5,Month-to-Month,Cash,West,Standard,No,1,67454.52,0.9999999998368281,High,Priority retention call + targeted offer
CUST100898,6,5557.79,4,0,38.1,Month-to-Month,UPI,West,Standard,No,1,66693.48,0.9999999998138487,High,Priority retention call + targeted offer
CUST103236,27,5491.53,3,2,31.3,Month-to-Month,Debit Card,South,Basic,No,1,65898.36,0.9999999997801512,High,Priority retention call + targeted offer
CUST105399,63,5661.74,1,0,50.7,Month-to-Month,Credit Card,North,Standard,Yes,1,67940.88,0.9999999997785012,High,Priority retention call + targeted offer
CUST104736,5,5557.02,1,2,22.4,Two Year,Cash,West,Basic,No,1,66684.24,0.9999999997780602,High,Priority retention call + targeted offer
CUST101157,62,5704.19,3,2,50.1,Two Year,UPI,West,Premium,Yes,1,68450.28,0.9999999997758207,High,Priority retention call + targeted offer
CUST105677,27,5606.72,1,0,53.5,Month-to-Month,UPI,East,Standard,No,1,67280.64,0.999999999760754,High,Priority retention call + targeted offer
CUST102863,45,5699.92,4,0,45.2,One Year,Net Banking,West,Basic,Yes,1,68399.04,0.9999999997606068,High,Priority retention call + targeted offer
CUST102236,18,5654.96,3,0,65.3,Two Year,Debit Card,South,Basic,No,1,67859.52,0.9999999997467262,High,Priority retention call + targeted offer
CUST102022,48,5471.53,0,4,33.7,Month-to-Month,Credit Card,North,Basic,No,1,65658.36,0.9999999997442846,High,Priority retention call + targeted offer
CUST103107,27,5546.48,3,1,25.4,Month-to-Month,Net Banking,West,Basic,Yes,1,66557.76,0.9999999997364559,High,Priority retention call + targeted offer
CUST101270,27,5532.09,3,1,58.4,Month-to-Month,Credit Card,North,Basic,Yes,1,66385.08,0.9999999997361961,High,Priority retention call + targeted offer
CUST100135,22,5484.38,1,1,8.9,Month-to-Month,Credit Card,East,Premium,No,1,65812.56,0.9999999997205091,High,Priority retention call + targeted offer
CUST100368,2,5467.98,1,1,39.5,Month-to-Month,UPI,South,Basic,Yes,1,65615.76,0.9999999997167972,High,Priority retention call + targeted offer
CUST102243,9,5527.19,3,0,42.6,Month-to-Month,UPI,West,Premium,Yes,1,66326.28,0.999999999716533,High,Priority retention call + targeted offer
CUST103980,33,5551.99,2,1,43.7,Month-to-Month,UPI,North,Standard,Yes,1,66623.88,0.9999999997132816,High,Priority retention call + targeted offer
CUST104343,19,5578.14,3,4,51.8,Two Year,Net Banking,South,Basic,No,1,66937.68,0.9999999997075255,High,Priority retention call + targeted offer
CUST103438,68,5532.41,1,2,25.4,Month-to-Month,Debit Card,South,Basic,Yes,1,66388.92,0.9999999996959705,High,Priority retention call + targeted offer
CUST105564,7,5409.56,4,1,18.8,Month-to-Month,Credit Card,South,Basic,No,1,64914.72,0.9999999996898454,High,Priority retention call + targeted offer
CUST101070,49,5662.71,2,2,50.3,One Year,Net Banking,West,Premium,No,1,67952.52,0.9999999996856606,High,Priority retention call + targeted offer
CUST102300,20,5449.31,8,1,23.2,Month-to-Month,UPI,South,Standard,No,1,65391.72,0.9999999996807885,High,Priority retention call + targeted offer
CUST103419,21,5477.44,2,0,25.4,Month-to-Month,UPI,East,Basic,No,1,65729.28,0.999999999658854,High,Priority retention call + targeted offer
CUST105231,36,5605.38,3,0,44.4,Two Year,UPI,North,Basic,No,1,67264.56,0.9999999996512892,High,Priority retention call + targeted offer
CUST101971,67,5516.86,4,2,43.8,Month-to-Month,Credit Card,West,Premium,No,1,66202.32,0.9999999995823416,High,Priority retention call + targeted offer
CUST104110,1,5420.09,2,2,50.1,Month-to-Month,UPI,South,Standard,No,1,65041.08,0.9999999995062379,High,Priority retention call + targeted offer
CUST100532,12,5470.28,1,0,51.2,Month-to-Month,UPI,West,Basic,Yes,1,65643.36,0.9999999995047084,High,Priority retention call + targeted offer
CUST104919,38,5530.03,3,1,41.2,One Year,Credit Card,West,Basic,Yes,1,66360.36,0.9999999994739361,High,Priority retention call + targeted offer
CUST104898,55,5534.42,2,0,37.5,Month-to-Month,UPI,East,Standard,No,1,66413.04,0.9999999994648028,High,Priority retention call + targeted offer
CUST101374,64,5500.84,1,2,34.9,Month-to-Month,Cash,West,Standard,No,1,66010.08,0.9999999994474094,High,Priority retention call + targeted offer
CUST103145,40,5456.99,4,1,23.3,Month-to-Month,Net Banking,North,Basic,Yes,1,65483.88,0.9999999993829292,High,Priority retention call + targeted offer
CUST105931,40,5452.15,1,1,38.9,Month-to-Month,Debit Card,South,Basic,Yes,1,65425.8,0.9999999993751554,High,Priority retention call + targeted offer
CUST105425,18,5491.96,0,1,57.3,One Year,Credit Card,South,Basic,No,1,65903.52,0.9999999993486866,High,Priority retention call + targeted offer
CUST105029,17,5457.22,1,0,41.1,Month-to-Month,Debit Card,South,Premium,Yes,1,65486.64,0.9999999993327671,High,Priority retention call + targeted offer
CUST100507,18,5380.49,3,2,43.8,Month-to-Month,Credit Card,East,Basic,No,1,64565.88,0.9999999993313704,High,Priority retention call + targeted offer
CUST101256,16,5533.84,0,0,51.8,Month-to-Month,Net Banking,East,Standard,No,1,66406.08,0.999999999330413,High,Priority retention call + targeted offer
CUST104656,10,5374.03,1,4,66.8,Month-to-Month,Credit Card,South,Premium,No,1,64488.36,0.9999999993236586,High,Priority retention call + targeted offer
CUST101919,39,5440.84,1,3,44.2,Month-to-Month,UPI,West,Standard,Yes,1,65290.08,0.9999999993188002,High,Priority retention call + targeted offer
CUST100652,15,5435.57,2,1,58.0,Month-to-Month,Credit Card,East,Premium,No,1,65226.84,0.9999999992690978,High,Priority retention call + targeted offer
CUST104966,17,5442.65,3,2,42.0,One Year,UPI,South,Premium,No,1,65311.8,0.9999999992643149,High,Priority retention call + targeted offer
CUST102156,32,5433.41,2,0,44.3,Month-to-Month,Credit Card,South,Basic,Yes,1,65200.92,0.9999999992619859,High,Priority retention call + targeted offer
CUST105544,16,5448.35,2,3,58.4,One Year,UPI,South,Premium,No,1,65380.2,0.9999999992618187,High,Priority retention call + targeted offer
CUST102393,16,5424.85,3,0,51.4,Month-to-Month,Credit Card,South,Premium,No,1,65098.2,0.9999999992591739,High,Priority retention call + targeted offer
CUST103838,70,5478.19,4,2,38.9,Month-to-Month,Net Banking,West,Basic,No,1,65738.28,0.9999999992356761,High,Priority retention call + targeted offer
CUST100035,5,5434.54,1,0,44.1,Month-to-Month,Debit Card,South,Standard,Yes,1,65214.48,0.9999999991816653,High,Priority retention call + targeted offer
CUST105558,38,5459.4,0,1,43.3,Month-to-Month,UPI,East,Standard,Yes,1,65512.8,0.999999999079316,High,Priority retention call + targeted offer
CUST102432,12,5394.22,0,0,57.8,Month-to-Month,UPI,South,Basic,No,1,64730.64,0.9999999990694923,High,Priority retention call + targeted offer
CUST103120,45,5388.3,3,2,33.3,Month-to-Month,Credit Card,North,Standard,No,1,64659.6,0.9999999990512463,High,Priority retention call + targeted offer
CUST101214,6,5393.87,4,1,31.8,Month-to-Month,Net Banking,South,Standard,No,1,64726.44,0.9999999990440636,High,Priority retention call + targeted offer
CUST105604,44,5431.51,1,2,48.2,Month-to-Month,UPI,East,Premium,Yes,1,65178.12,0.9999999990352848,High,Priority retention call + targeted offer
CUST102959,35,5398.12,0,3,42.6,Month-to-Month,Debit Card,South,Standard,Yes,1,64777.44,0.9999999989947908,High,Priority retention call + targeted offer
CUST105967,44,5520.98,3,0,45.9,One Year,Debit Card,East,Premium,No,1,66251.76,0.9999999989338688,High,Priority retention call + targeted offer
CUST104897,42,5476.31,1,0,62.8,Month-to-Month,Debit Card,South,Standard,No,1,65715.72,0.9999999989289123,High,Priority retention call + targeted offer
CUST102346,24,5372.88,0,1,51.5,Month-to-Month,Credit Card,East,Basic,No,1,64474.56,0.9999999988008643,High,Priority retention call + targeted offer
CUST105516,38,5410.79,2,0,34.7,Month-to-Month,Cash,West,Premium,Yes,1,64929.48,0.9999999987756287,High,Priority retention call + targeted offer
CUST103143,41,5461.02,3,1,33.4,Two Year,Cash,East,Basic,No,1,65532.24,0.9999999987693422,High,Priority retention call + targeted offer
CUST105063,47,5444.54,3,1,80.2,Month-to-Month,UPI,West,Premium,No,1,65334.48,0.9999999987390702,High,Priority retention call + targeted offer
CUST101501,19,5298.74,1,1,25.4,Month-to-Month,UPI,North,Basic,No,1,63584.88,0.9999999987223853,High,Priority retention call + targeted offer
CUST102936,56,5419.59,0,0,14.9,Month-to-Month,Debit Card,South,Standard,Yes,1,65035.08,0.999999998633986,High,Priority retention call + targeted offer
CUST100165,59,5414.57,1,3,49.0,One Year,Credit Card,South,Basic,No,1,64974.84,0.999999998618128,High,Priority retention call + targeted offer
CUST100069,34,5362.74,3,2,45.1,Month-to-Month,Cash,South,Standard,Yes,1,64352.88,0.9999999986077204,High,Priority retention call + targeted offer
CUST100206,56,5369.42,2,2,39.6,Month-to-Month,Credit Card,South,Premium,Yes,1,64433.04,0.9999999985199204,High,Priority retention call + targeted offer
CUST105819,41,5367.54,2,0,50.2,Month-to-Month,UPI,North,Basic,No,1,64410.48,0.9999999985135808,High,Priority retention call + targeted offer
CUST102954,20,5372.38,2,0,56.5,Month-to-Month,Debit Card,East,Basic,No,1,64468.56,0.9999999984874604,High,Priority retention call + targeted offer
CUST103372,23,5507.26,2,0,73.7,Two Year,Cash,East,Basic,Yes,1,66087.12,0.9999999984866894,High,Priority retention call + targeted offer
CUST103222,56,5503.16,1,1,40.3,One Year,Net Banking,West,Premium,No,1,66037.92,0.9999999983161778,High,Priority retention call + targeted offer
CUST104400,28,5370.19,2,0,29.4,Month-to-Month,Credit Card,East,Standard,Yes,1,64442.28,0.9999999983113801,High,Priority retention call + targeted offer
CUST103452,33,5481.9,5,0,52.9,Two Year,Net Banking,South,Basic,No,1,65782.8,0.999999998260285,High,Priority retention call + targeted offer
CUST101397,48,5220.58,2,6,18.8,Month-to-Month,Debit Card,West,Basic,Yes,1,62646.96,0.9999999981793324,High,Priority retention call + targeted offer
CUST105446,49,5315.66,2,3,20.4,Month-to-Month,Net Banking,North,Basic,Yes,1,63787.92,0.9999999981480081,High,Priority retention call + targeted offer
CUST102696,10,5309.98,6,1,65.0,Month-to-Month,UPI,West,Premium,No,1,63719.76,0.9999999981429137,High,Priority retention call + targeted offer
CUST103727,38,5363.56,1,1,48.4,Month-to-Month,Credit Card,North,Standard,Yes,1,64362.72,0.9999999980362997,High,Priority retention call + targeted offer
CUST104013,36,5351.04,2,0,67.6,Month-to-Month,UPI,South,Basic,No,1,64212.48,0.9999999979740446,High,Priority retention call + targeted offer
CUST102241,48,5465.74,0,1,68.0,One Year,UPI,South,Standard,No,1,65588.88,0.9999999979618719,High,Priority retention call + targeted offer
CUST104045,1,5366.15,2,1,20.7,Two Year,Net Banking,North,Basic,Yes,1,64393.8,0.9999999977635132,High,Priority retention call + targeted offer
CUST103187,30,5398.31,2,0,33.1,One Year,UPI,West,Standard,No,1,64779.72,0.9999999977468208,High,Priority retention call + targeted offer
CUST102139,29,5305.16,2,0,35.5,Month-to-Month,Debit Card,North,Basic,Yes,1,63661.92,0.9999999976814058,High,Priority retention call + targeted offer
CUST100449,21,5266.22,0,1,47.2,Month-to-Month,UPI,North,Basic,No,1,63194.64,0.9999999975191558,High,Priority retention call + targeted offer
CUST103209,17,5358.21,4,0,36.4,One Year,Credit Card,East,Premium,Yes,1,64298.52,0.9999999972318541,High,Priority retention call + targeted offer
CUST102748,30,5284.92,1,1,35.2,Month-to-Month,Credit Card,East,Premium,No,1,63419.04,0.9999999971928202,High,Priority retention call + targeted offer
CUST103862,18,5312.99,0,0,14.2,One Year,UPI,North,Premium,No,1,63755.88,0.9999999971139419,High,Priority retention call + targeted offer
CUST104018,14,5235.94,2,1,15.7,Month-to-Month,Net Banking,North,Basic,No,1,62831.28,0.9999999970859343,High,Priority retention call + targeted offer
CUST103741,22,5392.02,0,0,41.3,One Year,Debit Card,West,Standard,No,1,64704.24,0.9999999970715676,High,Priority retention call + targeted offer
CUST100506,39,5317.51,2,2,54.4,Month-to-Month,Net Banking,West,Basic,No,1,63810.12,0.9999999970659565,High,Priority retention call + targeted offer
CUST103918,5,5276.08,2,2,32.1,Month-to-Month,Net Banking,East,Standard,No,1,63312.96,0.9999999970235409,High,Priority retention call + targeted offer
CUST105385,64,5416.95,2,0,42.3,Month-to-Month,Net Banking,East,Standard,No,1,65003.4,0.9999999968742781,High,Priority retention call + targeted offer
CUST100742,46,5370.87,1,2,17.5,One Year,Net Banking,South,Standard,No,1,64450.44,0.9999999968735889,High,Priority retention call + targeted offer
CUST100026,29,5346.04,0,1,41.3,Two Year,Credit Card,South,Basic,No,1,64152.48,0.9999999968533684,High,Priority retention call + targeted offer
CUST101855,62,5379.32,2,2,43.7,Two Year,UPI,North,Basic,Yes,1,64551.84,0.9999999967874813,High,Priority retention call + targeted offer
CUST101426,49,5350.16,0,1,72.3,Month-to-Month,Credit Card,North,Standard,No,1,64201.92,0.9999999966729562,High,Priority retention call + targeted offer
CUST102050,13,5290.59,1,1,66.5,Month-to-Month,Credit Card,West,Standard,No,1,63487.08,0.9999999966416147,High,Priority retention call + targeted offer
CUST102553,14,5299.67,1,0,44.8,Month-to-Month,UPI,East,Standard,Yes,1,63596.04,0.999999996597273,High,Priority retention call + targeted offer
CUST101678,67,5390.09,1,1,53.9,One Year,Debit Card,North,Basic,No,1,64681.08,0.9999999965749493,High,Priority retention call + targeted offer
CUST102830,67,5320.11,2,1,49.9,Month-to-Month,Cash,West,Basic,Yes,1,63841.32,0.9999999965291753,High,Priority retention call + targeted offer
CUST103382,70,5343.27,2,0,42.4,Month-to-Month,Credit Card,South,Premium,Yes,1,64119.24,0.9999999964968589,High,Priority retention call + targeted offer
CUST103461,69,5305.76,6,1,30.8,Month-to-Month,UPI,West,Standard,Yes,1,63669.12,0.9999999964352075,High,Priority retention call + targeted offer
CUST100648,70,5460.0,1,1,57.9,Two Year,Credit Card,South,Standard,Yes,1,65520.0,0.9999999963395538,High,Priority retention call + targeted offer
CUST102372,5,5184.32,1,1,32.5,Month-to-Month,Credit Card,North,Basic,Yes,1,62211.84,0.9999999962617687,High,Priority retention call + targeted offer
CUST101883,61,5268.96,2,1,36.2,Month-to-Month,UPI,North,Basic,Yes,1,63227.52,0.9999999962389663,High,Priority retention call + targeted offer
CUST102429,20,5315.99,2,2,32.3,Two Year,Credit Card,South,Standard,Yes,1,63791.88,0.9999999961521888,High,Priority retention call + targeted offer
CUST101447,70,5339.24,2,2,33.5,One Year,Debit Card,North,Basic,Yes,1,64070.88,0.9999999961467572,High,Priority retention call + targeted offer
CUST102757,46,5192.39,1,3,25.4,Month-to-Month,UPI,West,Basic,Yes,1,62308.68,0.9999999958448358,High,Priority retention call + targeted offer
CUST101621,1,5159.14,3,2,49.4,Month-to-Month,UPI,North,Basic,Yes,1,61909.68,0.9999999958051624,High,Priority retention call + targeted offer
CUST101873,68,5374.67,3,0,38.8,Month-to-Month,Net Banking,South,Standard,Yes,1,64496.04,0.9999999957372625,High,Priority retention call + targeted offer
CUST104675,27,5232.59,1,2,45.2,Month-to-Month,UPI,South,Standard,Yes,1,62791.08,0.9999999955724506,High,Priority retention call + targeted offer
CUST105952,14,5174.02,3,2,50.1,Month-to-Month,Debit Card,North,Basic,No,1,62088.24,0.9999999955520598,High,Priority retention call + targeted offer
CUST101735,58,5238.15,3,1,39.6,Month-to-Month,Credit Card,West,Basic,No,1,62857.8,0.9999999953128094,High,Priority retention call + targeted offer
CUST101340,39,5228.53,4,1,21.7,Month-to-Month,Debit Card,North,Standard,Yes,1,62742.36,0.9999999952302134,High,Priority retention call + targeted offer
CUST102710,5,5124.73,3,2,40.8,Month-to-Month,Credit Card,North,Basic,No,1,61496.76,0.9999999951266936,High,Priority retention call + targeted offer
CUST103795,20,5214.43,3,0,59.0,Month-to-Month,UPI,South,Basic,No,1,62573.16,0.9999999951207785,High,Priority retention call + targeted offer
CUST102012,12,5278.32,1,2,41.5,Two Year,UPI,North,Standard,No,1,63339.84,0.9999999948643012,High,Priority retention call + targeted offer
CUST101285,4,5091.02,1,4,39.0,Month-to-Month,Credit Card,West,Basic,No,1,61092.24,0.9999999948003202,High,Priority retention call + targeted offer
CUST100519,43,5334.95,1,0,64.7,Month-to-Month,Net Banking,West,Basic,Yes,1,64019.4,0.9999999947787093,High,Priority retention call + targeted offer
CUST101666,55,5279.5,1,0,58.8,Month-to-Month,UPI,West,Basic,No,1,63354.0,0.9999999947731157,High,Priority retention call + targeted offer
CUST103803,2,5163.64,0,2,52.4,Month-to-Month,UPI,North,Premium,No,1,61963.68,0.9999999946317821,High,Priority retention call + targeted offer
CUST103428,57,5231.08,4,2,29.1,Month-to-Month,Net Banking,South,Basic,Yes,1,62772.96,0.9999999943817035,High,Priority retention call + targeted offer
CUST103485,2,5279.8,2,0,33.8,Two Year,Cash,South,Premium,Yes,1,63357.6,0.9999999942702462,High,Priority retention call + targeted offer
CUST103031,20,5298.4,3,0,53.7,Two Year,Credit Card,West,Basic,No,1,63580.8,0.9999999941005884,High,Priority retention call + targeted offer
CUST104335,31,5248.74,2,1,67.1,Month-to-Month,UPI,South,Standard,Yes,1,62984.88,0.9999999937401973,High,Priority retention call + targeted offer
CUST100724,57,5306.98,1,2,50.7,One Year,UPI,North,Standard,No,1,63683.76,0.999999993682918,High,Priority retention call + targeted offer
CUST100215,20,5154.39,2,1,13.7,Month-to-Month,Debit Card,South,Standard,No,1,61852.68,0.9999999936700452,High,Priority retention call + targeted offer
CUST105424,22,5178.01,2,1,56.4,Month-to-Month,Cash,North,Basic,Yes,1,62136.12,0.9999999931491161,High,Priority retention call + targeted offer
CUST103221,19,5139.84,2,2,53.4,Month-to-Month,UPI,West,Basic,No,1,61678.08,0.9999999930649877,High,Priority retention call + targeted offer
CUST105246,43,5220.07,4,1,55.8,Month-to-Month,Credit Card,East,Premium,No,1,62640.84,0.9999999929377605,High,Priority retention call + targeted offer
CUST105921,58,5327.2,3,1,38.5,Two Year,Credit Card,North,Standard,Yes,1,63926.4,0.9999999925126298,High,Priority retention call + targeted offer
CUST100495,30,5264.85,1,3,52.6,Two Year,Debit Card,East,Basic,Yes,1,63178.2,0.9999999924652073,High,Priority retention call + targeted offer
CUST103833,48,5259.46,2,0,45.8,Month-to-Month,UPI,East,Standard,Yes,1,63113.52,0.9999999922817727,High,Priority retention call + targeted offer
CUST104120,53,5361.1,1,0,39.2,One Year,Net Banking,West,Premium,Yes,1,64333.2,0.9999999919573056,High,Priority retention call + targeted offer
CUST100692,68,5424.32,1,0,53.0,Two Year,Net Banking,North,Standard,No,1,65091.84,0.9999999918278591,High,Priority retention call + targeted offer
CUST102852,9,5145.99,1,1,50.3,Month-to-Month,Debit Card,East,Basic,No,1,61751.88,0.9999999916523047,High,Priority retention call + targeted offer
CUST101599,51,5173.65,4,2,40.5,Month-to-Month,Credit Card,North,Standard,Yes,1,62083.8,0.9999999911357355,High,Priority retention call + targeted offer
CUST101440,57,5148.66,3,1,26.2,Month-to-Month,Debit Card,North,Basic,No,1,61783.92,0.9999999909116998,High,Priority retention call + targeted offer
CUST104236,69,5169.8,4,1,30.1,Month-to-Month,Credit Card,East,Basic,No,1,62037.6,0.9999999907054947,High,Priority retention call + targeted offer
CUST101691,65,5223.45,3,0,33.3,Month-to-Month,UPI,North,Standard,Yes,1,62681.4,0.9999999905221791,High,Priority retention call + targeted offer
CUST100910,56,5235.51,4,1,78.5,Month-to-Month,UPI,South,Standard,No,1,62826.12,0.9999999904508113,High,Priority retention call + targeted offer
CUST103835,53,5145.27,5,3,48.7,Month-to-Month,Cash,South,Standard,No,1,61743.24,0.9999999904073676,High,Priority retention call + targeted offer
CUST103315,61,5195.11,4,1,24.8,Month-to-Month,Debit Card,East,Standard,No,1,62341.32,0.9999999903783904,High,Priority retention call + targeted offer
CUST103512,10,5093.73,1,3,37.9,Month-to-Month,UPI,East,Standard,No,1,61124.76,0.9999999901391342,High,Priority retention call + targeted offer
CUST104305,56,5221.52,2,2,19.0,One Year,Debit Card,East,Premium,No,1,62658.24,0.9999999899899507,High,Priority retention call + targeted offer
CUST102434,33,5196.14,3,0,49.5,Month-to-Month,Credit Card,West,Standard,Yes,1,62353.68,0.9999999894335444,High,Priority retention call + targeted offer
CUST105673,47,5185.17,3,0,45.2,Month-to-Month,UPI,South,Premium,Yes,1,62222.04,0.999999989189971,High,Priority retention call + targeted offer
CUST103907,70,5151.6,2,2,32.6,Month-to-Month,Debit Card,West,Basic,No,1,61819.2,0.999999989118678,High,Priority retention call + targeted offer
CUST104703,62,5175.7,0,2,34.0,Month-to-Month,Credit Card,North,Standard,Yes,1,62108.4,0.9999999888627399,High,Priority retention call + targeted offer
CUST103746,33,5150.07,4,0,56.9,Month-to-Month,Debit Card,North,Basic,No,1,61800.84,0.9999999888377366,High,Priority retention call + targeted offer
CUST104323,20,5041.8,1,2,24.9,Month-to-Month,UPI,North,Basic,No,1,60501.6,0.9999999885759293,High,Priority retention call + targeted offer
CUST103155,62,5193.24,0,0,19.8,Month-to-Month,UPI,North,Standard,Yes,1,62318.88,0.9999999885196041,High,Priority retention call + targeted offer
CUST102877,68,5281.39,5,0,23.9,Two Year,UPI,West,Standard,No,1,63376.68,0.9999999883461964,High,Priority retention call + targeted offer
CUST105955,52,5134.26,1,1,17.7,Month-to-Month,Credit Card,South,Standard,No,1,61611.12,0.9999999882278666,High,Priority retention call + targeted offer
CUST105616,58,5205.7,3,0,41.4,Month-to-Month,Debit Card,West,Standard,No,1,62468.4,0.9999999876540594,High,Priority retention call + targeted offer
CUST104017,11,5080.89,1,4,40.7,One Year,Credit Card,West,Basic,No,1,60970.68,0.9999999875533746,High,Priority retention call + targeted offer
CUST100161,48,5208.83,5,0,38.8,One Year,UPI,West,Basic,Yes,1,62505.96,0.9999999873702102,High,Priority retention call + targeted offer
CUST100855,62,5159.35,3,0,38.6,Month-to-Month,Credit Card,North,Basic,Yes,1,61912.2,0.9999999873673447,High,Priority retention call + targeted offer
CUST100659,21,5181.09,3,0,27.1,One Year,UPI,West,Standard,No,1,62173.08,0.9999999869362997,High,Priority retention call + targeted offer
CUST102181,18,5011.14,1,1,2.0,Month-to-Month,Credit Card,South,Basic,No,1,60133.68,0.9999999868142153,High,Priority retention call + targeted offer
CUST104996,54,5109.63,3,1,31.7,Month-to-Month,Credit Card,South,Basic,Yes,1,61315.56,0.9999999866042235,High,Priority retention call + targeted offer
CUST103255,14,5085.82,0,1,28.7,Month-to-Month,Cash,North,Standard,No,1,61029.84,0.9999999864180711,High,Priority retention call + targeted offer
CUST102436,47,5160.09,3,1,12.5,Month-to-Month,Net Banking,East,Standard,No,1,61921.08,0.9999999859617827,High,Priority retention call + targeted offer
CUST103681,3,5052.12,3,0,35.3,Month-to-Month,Credit Card,South,Basic,Yes,1,60625.44,0.9999999858531783,High,Priority retention call + targeted offer
CUST105878,48,5271.87,1,0,84.3,One Year,Credit Card,South,Basic,Yes,1,63262.44,0.9999999858442532,High,Priority retention call + targeted offer
CUST104118,15,5136.97,2,1,48.8,Month-to-Month,Debit Card,East,Standard,Yes,1,61643.64,0.9999999854581443,High,Priority retention call + targeted offer
CUST103381,57,5136.99,0,0,31.8,Month-to-Month,UPI,West,Basic,No,1,61643.88,0.999999985336872,High,Priority retention call + targeted offer
CUST101294,69,5345.15,0,1,69.4,One Year,Net Banking,West,Standard,No,1,64141.8,0.9999999848124432,High,Priority retention call + targeted offer
CUST101821,56,5163.44,3,0,31.1,Month-to-Month,UPI,West,Standard,Yes,1,61961.28,0.9999999845893688,High,Priority retention call + targeted offer
CUST101557,56,5135.5,1,1,40.1,Month-to-Month,UPI,East,Basic,Yes,1,61626.0,0.9999999844978416,High,Priority retention call + targeted offer
CUST105166,52,5155.82,0,2,49.2,Month-to-Month,Debit Card,West,Standard,No,1,61869.84,0.9999999844725456,High,Priority retention call + targeted offer
CUST100964,69,5169.99,2,0,29.4,Month-to-Month,UPI,West,Standard,No,1,62039.88,0.9999999841143976,High,Priority retention call + targeted offer
CUST102958,37,5076.53,5,2,44.9,Month-to-Month,Credit Card,South,Standard,No,1,60918.36,0.9999999839016134,High,Priority retention call + targeted offer
CUST103433,25,5082.57,1,2,30.5,Month-to-Month,Cash,West,Standard,Yes,1,60990.84,0.9999999838579972,High,Priority retention call + targeted offer
CUST100347,68,5117.98,2,2,32.1,Month-to-Month,UPI,South,Standard,No,1,61415.76,0.9999999836920634,High,Priority retention call + targeted offer
CUST103241,15,5082.21,3,2,38.7,One Year,UPI,West,Basic,No,1,60986.52,0.9999999830382612,High,Priority retention call + targeted offer
CUST105253,41,5133.86,2,0,70.8,Month-to-Month,Debit Card,North,Basic,No,1,61606.32,0.999999980905638,High,Priority retention call + targeted offer
CUST100409,2,5056.31,2,0,30.7,Month-to-Month,Net Banking,North,Basic,No,1,60675.72,0.9999999808172945,High,Priority retention call + targeted offer
CUST104357,19,5153.27,2,1,62.6,Two Year,UPI,North,Basic,No,1,61839.24,0.9999999802699095,High,Priority retention call + targeted offer
CUST100934,32,5030.66,7,3,36.5,Month-to-Month,Debit Card,East,Standard,No,1,60367.92,0.9999999796595982,High,Priority retention call + targeted offer
CUST101170,46,5235.45,4,0,34.5,Two Year,Net Banking,South,Premium,No,1,62825.4,0.9999999793039698,High,Priority retention call + targeted offer
CUST103550,32,5096.28,0,0,38.3,Month-to-Month,Debit Card,South,Premium,No,1,61155.36,0.999999979145402,High,Priority retention call + targeted offer
CUST103300,46,5189.13,2,0,42.0,One Year,Cash,South,Standard,No,1,62269.56,0.9999999791351528,High,Priority retention call + targeted offer
CUST100851,58,5207.37,1,0,44.2,One Year,Cash,North,Standard,No,1,62488.44,0.9999999774373468,High,Priority retention call + targeted offer
CUST103768,59,5108.53,1,2,38.0,Month-to-Month,Net Banking,West,Basic,No,1,61302.36,0.9999999774224172,High,Priority retention call + targeted offer
CUST105258,49,5077.54,3,1,46.9,Month-to-Month,Credit Card,South,Premium,No,1,60930.48,0.9999999772710181,High,Priority retention call + targeted offer
CUST103477,39,5133.92,1,0,49.9,Month-to-Month,Debit Card,South,Standard,Yes,1,61607.04,0.9999999770066949,High,Priority retention call + targeted offer
CUST102613,44,5085.75,2,1,36.5,Month-to-Month,Cash,North,Standard,Yes,1,61029.0,0.9999999764255646,High,Priority retention call + targeted offer
CUST104773,72,5131.81,3,1,43.1,Month-to-Month,Net Banking,South,Basic,No,1,61581.72,0.9999999763190425,High,Priority retention call + targeted offer
CUST104098,58,5048.34,3,2,26.1,Month-to-Month,Debit Card,South,Premium,No,1,60580.08,0.9999999763115065,High,Priority retention call + targeted offer
CUST102971,4,5089.91,0,3,58.1,One Year,Net Banking,South,Basic,No,1,61078.92,0.9999999754364642,High,Priority retention call + targeted offer
CUST102319,56,5080.49,3,0,49.3,Month-to-Month,UPI,North,Basic,No,1,60965.88,0.9999999753376142,High,Priority retention call + targeted offer
CUST103658,25,5090.06,1,0,65.0,Month-to-Month,Debit Card,North,Basic,Yes,1,61080.72,0.9999999751978574,High,Priority retention call + targeted offer
CUST103756,46,5202.7,0,1,66.7,One Year,UPI,East,Standard,No,1,62432.4,0.9999999739781871,High,Priority retention call + targeted offer
CUST100632,32,5044.25,0,0,10.8,Month-to-Month,UPI,South,Standard,Yes,1,60531.0,0.9999999736257019,High,Priority retention call + targeted offer
CUST105881,72,5134.77,2,0,47.0,Month-to-Month,UPI,North,Standard,No,1,61617.24,0.9999999734148579,High,Priority retention call + targeted offer
CUST101539,45,5164.18,3,1,53.5,One Year,Credit Card,East,Premium,Yes,1,61970.16,0.9999999732627423,High,Priority retention call + targeted offer
CUST104961,37,5015.41,2,1,22.8,Month-to-Month,Credit Card,West,Premium,No,1,60184.92,0.9999999716535607,High,Priority retention call + targeted offer
CUST103344,39,5009.87,1,3,42.9,Month-to-Month,UPI,West,Premium,No,1,60118.44,0.9999999715945457,High,Priority retention call + targeted offer
CUST103825,66,5108.58,1,1,2.0,One Year,UPI,North,Standard,No,1,61302.96,0.9999999715125271,High,Priority retention call + targeted offer
CUST105708,39,5104.82,2,1,47.9,One Year,Debit Card,North,Basic,No,1,61257.84,0.9999999714843845,High,Priority retention call + targeted offer
CUST104221,38,5181.81,4,1,28.3,Two Year,Net Banking,South,Standard,Yes,1,62181.72,0.9999999707543388,High,Priority retention call + targeted offer
CUST101365,2,5045.33,0,0,37.9,Month-to-Month,Net Banking,East,Basic,No,1,60543.96,0.999999970135439,High,Priority retention call + targeted offer
CUST104403,68,5066.36,2,1,40.6,Month-to-Month,UPI,East,Basic,No,1,60796.32,0.999999970124789,High,Priority retention call + targeted offer
CUST104378,12,4992.12,2,2,28.8,Month-to-Month,UPI,East,Standard,Yes,1,59905.44,0.9999999701121065,High,Priority retention call + targeted offer
CUST100179,37,4977.58,2,0,2.0,Month-to-Month,Debit Card,South,Basic,No,1,59730.96,0.9999999694613744,High,Priority retention call + targeted offer
CUST101040,51,5070.87,1,2,41.0,Month-to-Month,Net Banking,North,Basic,Yes,1,60850.44,0.9999999694441011,High,Priority retention call + targeted offer
CUST103170,46,5116.55,2,1,38.7,Month-to-Month,Net Banking,East,Standard,No,1,61398.6,0.9999999693203301,High,Priority retention call + targeted offer
CUST102834,28,5017.19,2,1,46.1,Month-to-Month,Credit Card,North,Premium,No,1,60206.28,0.9999999693017598,High,Priority retention call + targeted offer
CUST105137,48,4994.15,0,4,38.7,Month-to-Month,UPI,South,Standard,No,1,59929.8,0.999999968592879,High,Priority retention call + targeted offer
CUST105854,30,5055.1,2,0,40.8,Month-to-Month,Debit Card,North,Premium,Yes,1,60661.2,0.9999999684293975,High,Priority retention call + targeted offer
CUST102213,9,4943.79,3,0,16.4,Month-to-Month,Debit Card,North,Basic,No,1,59325.48,0.9999999672731914,High,Priority retention call + targeted offer
CUST102667,70,5058.8,3,1,35.2,Month-to-Month,Credit Card,East,Basic,Yes,1,60705.6,0.9999999669942685,High,Priority retention call + targeted offer
CUST104303,3,5033.27,1,1,46.7,One Year,UPI,North,Basic,Yes,1,60399.24,0.9999999658681673,High,Priority retention call + targeted offer
CUST100572,21,5012.92,2,1,42.8,Month-to-Month,Credit Card,West,Standard,No,1,60155.04,0.9999999658151763,High,Priority retention call + targeted offer
CUST101999,21,5104.57,1,2,41.6,One Year,Net Banking,North,Standard,No,1,61254.84,0.9999999642989604,High,Priority retention call + targeted offer
CUST102080,60,5041.87,1,1,28.7,Month-to-Month,Credit Card,South,Standard,No,1,60502.44,0.9999999641607376,High,Priority retention call + targeted offer
CUST102627,1,4987.26,2,0,27.3,Month-to-Month,UPI,West,Standard,Yes,1,59847.12,0.9999999639738744,High,Priority retention call + targeted offer
CUST101747,28,4975.53,2,1,37.8,Month-to-Month,UPI,North,Basic,Yes,1,59706.36,0.9999999635868964,High,Priority retention call + targeted offer
CUST101782,2,5000.07,1,1,73.5,Month-to-Month,Credit Card,West,Basic,Yes,1,60000.84,0.9999999629314751,High,Priority retention call + targeted offer
CUST104028,50,5095.4,3,3,44.3,Two Year,Cash,North,Standard,No,1,61144.8,0.99999996127037,High,Priority retention call + targeted offer
CUST104213,52,4970.08,3,1,30.2,Month-to-Month,UPI,North,Basic,No,1,59640.96,0.9999999586046696,High,Priority retention call + targeted offer
CUST101553,45,5063.14,1,2,34.9,Month-to-Month,Net Banking,West,Standard,Yes,1,60757.68,0.999999957468678,High,Priority retention call + targeted offer
CUST105645,4,5003.48,3,1,57.0,One Year,Credit Card,North,Basic,No,1,60041.76,0.9999999571716726,High,Priority retention call + targeted offer
CUST105290,60,5153.95,3,0,55.6,One Year,Credit Card,South,Standard,Yes,1,61847.4,0.9999999563617544,High,Priority retention call + targeted offer
CUST103207,59,5042.15,0,2,25.9,One Year,UPI,West,Basic,No,1,60505.8,0.9999999559812464,High,Priority retention call + targeted offer
CUST105085,25,4915.7,3,3,29.5,Month-to-Month,UPI,South,Standard,No,1,58988.4,0.9999999559676923,High,Priority retention call + targeted offer
CUST101080,67,5095.11,1,0,60.6,Month-to-Month,UPI,South,Premium,Yes,1,61141.32,0.9999999557828121,High,Priority retention call + targeted offer
CUST105043,41,5102.68,3,1,37.3,Two Year,UPI,North,Standard,Yes,1,61232.16,0.9999999539282379,High,Priority retention call + targeted offer
CUST100474,46,5038.23,0,2,19.4,One Year,Cash,North,Standard,No,1,60458.76,0.999999953435174,High,Priority retention call + targeted offer
CUST103614,55,5056.79,2,0,34.6,Month-to-Month,Net Banking,South,Basic,Yes,1,60681.48,0.9999999526468892,High,Priority retention call + targeted offer
CUST103770,31,4976.97,1,0,37.8,Month-to-Month,Credit Card,North,Basic,Yes,1,59723.64,0.99999995228461,High,Priority retention call + targeted offer
CUST101682,3,5024.79,3,0,36.9,One Year,Debit Card,West,Premium,No,1,60297.48,0.9999999512428327,High,Priority retention call + targeted offer
CUST103131,34,5007.13,3,0,37.9,Month-to-Month,Net Banking,North,Basic,No,1,60085.56,0.999999950086367,High,Priority retention call + targeted offer
CUST102356,30,5147.88,4,0,85.6,One Year,Net Banking,South,Basic,Yes,1,61774.56,0.9999999500781891,High,Priority retention call + targeted offer
CUST105228,7,4943.06,2,1,26.5,Month-to-Month,Cash,West,Standard,Yes,1,59316.72,0.9999999499538309,High,Priority retention call + targeted offer
CUST102988,66,5078.1,2,1,30.5,One Year,Debit Card,West,Basic,Yes,1,60937.2,0.999999948199717,High,Priority retention call + targeted offer
CUST101287,17,4985.27,2,2,45.1,Month-to-Month,Net Banking,South,Standard,No,1,59823.24,0.999999947443103,High,Priority retention call + targeted offer
CUST104596,65,5090.61,0,1,49.3,Month-to-Month,Net Banking,North,Premium,Yes,1,61087.32,0.9999999456083185,High,Priority retention call + targeted offer
CUST105018,57,5008.44,1,2,18.9,Month-to-Month,Net Banking,South,Standard,No,1,60101.28,0.9999999450270259,High,Priority retention call + targeted offer
CUST101399,22,4881.42,1,2,14.4,Month-to-Month,Debit Card,West,Basic,No,1,58577.04,0.9999999447177736,High,Priority retention call + targeted offer
CUST102217,72,4989.95,3,2,17.3,Month-to-Month,Net Banking,West,Basic,No,1,59879.4,0.9999999436439816,High,Priority retention call + targeted offer
CUST100013,55,4960.05,3,3,55.8,Month-to-Month,Debit Card,South,Basic,Yes,1,59520.6,0.9999999430894059,High,Priority retention call + targeted offer
CUST102612,14,5037.31,4,1,26.0,One Year,Net Banking,North,Standard,Yes,1,60447.72,0.9999999418034421,High,Priority retention call + targeted offer
CUST105358,5,4922.37,2,2,35.1,Month-to-Month,Debit Card,West,Standard,Yes,1,59068.44,0.9999999410321517,High,Priority retention call + targeted offer
CUST105106,55,5006.12,1,2,25.9,Month-to-Month,Net Banking,North,Standard,No,1,60073.44,0.9999999398239164,High,Priority retention call + targeted offer
CUST101572,53,4961.73,3,1,36.7,Month-to-Month,Debit Card,West,Basic,No,1,59540.76,0.9999999392905478,High,Priority retention call + targeted offer
CUST105646,64,5040.78,1,1,60.2,Month-to-Month,Debit Card,East,Basic,Yes,1,60489.36,0.999999938751243,High,Priority retention call + targeted offer
CUST102400,1,5056.33,0,0,40.8,One Year,Net Banking,South,Standard,No,1,60675.96,0.9999999362320368,High,Priority retention call + targeted offer
CUST105495,14,5095.75,1,0,37.2,Two Year,Net Banking,North,Premium,Yes,1,61149.0,0.9999999359538855,High,Priority retention call + targeted offer
CUST104592,6,4838.69,1,5,38.6,Month-to-Month,Debit Card,North,Standard,No,1,58064.28,0.999999934847172,High,Priority retention call + targeted offer
CUST102519,72,5133.54,2,0,66.4,One Year,Debit Card,North,Premium,No,1,61602.48,0.9999999331477023,High,Priority retention call + targeted offer
CUST101352,36,5061.55,1,3,45.8,One Year,Net Banking,East,Standard,No,1,60738.6,0.9999999330991605,High,Priority retention call + targeted offer
CUST100007,51,5006.93,3,1,29.7,One Year,Debit Card,West,Basic,No,1,60083.16,0.9999999316342285,High,Priority retention call + targeted offer
CUST100330,40,4973.1,3,1,35.1,One Year,UPI,South,Basic,No,1,59677.2,0.9999999302067852,High,Priority retention call + targeted offer
CUST102977,65,4986.95,4,2,66.4,Month-to-Month,Credit Card,West,Premium,No,1,59843.4,0.9999999263233356,High,Priority retention call + targeted offer
CUST101470,65,4901.8,1,2,23.9,Month-to-Month,Credit Card,South,Basic,No,1,58821.6,0.9999999224871707,High,Priority retention call + targeted offer
CUST105950,29,4930.5,0,1,41.3,Month-to-Month,Credit Card,South,Standard,No,1,59166.0,0.9999999197693139,High,Priority retention call + targeted offer
CUST105872,54,5030.53,4,2,20.1,One Year,Net Banking,West,Standard,No,1,60366.36,0.9999999192535488,High,Priority retention call + targeted offer
CUST104612,57,4951.75,2,1,52.3,Month-to-Month,Credit Card,West,Basic,No,1,59421.0,0.9999999191276371,High,Priority retention call + targeted offer
CUST103358,14,4834.77,3,1,15.7,Month-to-Month,UPI,West,Basic,Yes,1,58017.24,0.9999999145504617,High,Priority retention call + targeted offer
CUST102964,53,5041.37,3,0,43.7,One Year,Credit Card,North,Standard,No,1,60496.44,0.9999999143723171,High,Priority retention call + targeted offer
CUST103924,46,5013.43,6,0,39.5,One Year,Cash,South,Standard,No,1,60161.16,0.9999999143122951,High,Priority retention call + targeted offer
CUST101836,68,4960.96,2,1,28.2,Month-to-Month,Credit Card,South,Standard,Yes,1,59531.52,0.9999999097439275,High,Priority retention call + targeted offer
CUST104131,67,4936.9,3,1,25.6,Month-to-Month,Credit Card,South,Standard,No,1,59242.8,0.9999999083844171,High,Priority retention call + targeted offer
CUST100708,35,5031.25,0,2,39.5,One Year,Net Banking,West,Standard,No,1,60375.0,0.9999999049732652,High,Priority retention call + targeted offer
CUST100613,28,4966.03,1,0,62.9,Month-to-Month,Debit Card,South,Standard,No,1,59592.36,0.9999999013389278,High,Priority retention call + targeted offer
CUST104792,70,4980.13,3,1,51.6,Month-to-Month,UPI,West,Standard,No,1,59761.56,0.9999999012000527,High,Priority retention call + targeted offer
CUST101638,14,5006.38,3,1,48.9,Two Year,Net Banking,West,Basic,No,1,60076.56,0.9999998986867904,High,Priority retention call + targeted offer
CUST104562,2,4859.55,0,1,29.4,Month-to-Month,Debit Card,North,Standard,No,1,58314.6,0.9999998984326947,High,Priority retention call + targeted offer
CUST103287,15,4833.67,1,2,9.0,Month-to-Month,Debit Card,West,Standard,No,1,58004.04,0.999999898370762,High,Priority retention call + targeted offer
CUST105927,43,4880.77,5,1,24.9,Month-to-Month,UPI,East,Premium,No,1,58569.24,0.9999998972164182,High,Priority retention call + targeted offer
CUST105400,62,4995.97,6,3,48.6,Two Year,Credit Card,North,Standard,No,1,59951.64,0.9999998971623089,High,Priority retention call + targeted offer
CUST104047,18,4970.59,2,2,39.1,Two Year,Debit Card,East,Premium,No,1,59647.08,0.9999998964266367,High,Priority retention call + targeted offer
CUST104354,35,4893.84,2,2,41.5,Month-to-Month,Cash,West,Standard,No,1,58726.08,0.9999998949012293,High,Priority retention call + targeted offer
CUST103064,51,4974.79,1,3,48.2,Two Year,UPI,South,Basic,Yes,1,59697.48,0.9999998942672398,High,Priority retention call + targeted offer
CUST102168,68,4966.82,1,2,40.0,Month-to-Month,Debit Card,West,Standard,Yes,1,59601.84,0.9999998940853235,High,Priority retention call + targeted offer
CUST105804,23,4838.67,3,2,46.2,Month-to-Month,Debit Card,South,Basic,No,1,58064.04,0.9999998939044826,High,Priority retention call + targeted offer
CUST103048,13,4848.26,2,1,30.4,Month-to-Month,UPI,South,Standard,No,1,58179.12,0.9999998920383893,High,Priority retention call + targeted offer
CUST103929,54,4901.08,3,1,43.1,Month-to-Month,Credit Card,East,Basic,No,1,58812.96,0.9999998877311884,High,Priority retention call + targeted offer
CUST102698,10,4871.33,0,1,40.0,Month-to-Month,Debit Card,North,Standard,No,1,58455.96,0.9999998826207115,High,Priority retention call + targeted offer
CUST105540,21,4852.59,2,0,34.2,Month-to-Month,UPI,South,Basic,Yes,1,58231.08,0.9999998815980686,High,Priority retention call + targeted offer
CUST103231,16,4975.67,1,0,30.7,One Year,Net Banking,West,Basic,Yes,1,59708.04,0.9999998783916245,High,Priority retention call + targeted offer
CUST101622,67,4985.95,4,2,41.7,One Year,Debit Card,South,Standard,No,1,59831.4,0.9999998769161724,High,Priority retention call + targeted offer
CUST102753,47,4885.89,6,2,32.1,One Year,Cash,South,Basic,No,1,58630.68,0.9999998757083949,High,Priority retention call + targeted offer
CUST104890,61,4946.17,2,0,34.1,Month-to-Month,Cash,West,Standard,No,1,59354.04,0.9999998755444435,High,Priority retention call + targeted offer
CUST104779,6,4825.83,1,0,8.4,Month-to-Month,Credit Card,West,Standard,No,1,57909.96,0.9999998747225755,High,Priority retention call + targeted offer
CUST101995,1,4845.28,1,1,58.3,Month-to-Month,UPI,South,Premium,No,1,58143.36,0.9999998744259475,High,Priority retention call + targeted offer
CUST102229,71,4977.91,5,0,51.5,Month-to-Month,Cash,East,Standard,No,1,59734.92,0.9999998738689088,High,Priority retention call + targeted offer
CUST104624,29,4883.44,4,1,47.9,Month-to-Month,Credit Card,North,Standard,Yes,1,58601.28,0.99999987261712,High,Priority retention call + targeted offer
CUST105206,51,4860.87,1,3,31.0,Month-to-Month,UPI,West,Premium,Yes,1,58330.44,0.9999998723613855,High,Priority retention call + targeted offer
CUST103311,29,4906.29,2,2,39.6,Month-to-Month,Net Banking,West,Premium,Yes,1,58875.48,0.999999869694416,High,Priority retention call + targeted offer
CUST103755,24,4842.63,0,3,2.0,One Year,Credit Card,North,Standard,No,1,58111.56,0.9999998682538169,High,Priority retention call + targeted offer
CUST105853,50,5004.31,2,2,52.3,Two Year,UPI,West,Standard,No,1,60051.72,0.9999998669061447,High,Priority retention call + targeted offer
CUST105087,18,4848.87,0,1,47.7,Month-to-Month,Credit Card,East,Basic,No,1,58186.44,0.9999998667392169,High,Priority retention call + targeted offer
CUST102392,45,4990.64,1,1,51.1,Two Year,UPI,East,Basic,No,1,59887.68,0.9999998657558897,High,Priority retention call + targeted offer
CUST103029,65,4954.43,1,1,34.0,One Year,UPI,West,Basic,No,1,59453.16,0.9999998607864994,High,Priority retention call + targeted offer
CUST105041,12,4936.67,3,1,52.4,Two Year,Debit Card,North,Basic,Yes,1,59240.04,0.9999998604539121,High,Priority retention call + targeted offer
CUST100058,54,4990.14,4,0,54.3,Month-to-Month,Net Banking,West,Standard,No,1,59881.68,0.9999998592208886,High,Priority retention call + targeted offer
CUST100930,39,5007.01,1,2,62.9,Two Year,Debit Card,East,Premium,No,1,60084.12,0.9999998573462566,High,Priority retention call + targeted offer
CUST103436,22,4971.99,1,0,48.9,Two Year,Credit Card,South,Premium,No,1,59663.88,0.9999998559485791,High,Priority retention call + targeted offer
CUST100592,18,4925.03,1,1,43.9,Two Year,UPI,South,Basic,Yes,1,59100.36,0.9999998538277737,High,Priority retention call + targeted offer
CUST104241,20,4898.46,1,4,43.4,Two Year,Debit Card,South,Standard,No,1,58781.52,0.9999998492813823,High,Priority retention call + targeted offer
CUST105971,18,4987.48,0,1,57.9,Two Year,UPI,East,Standard,No,1,59849.76,0.9999998483316953,High,Priority retention call + targeted offer
CUST101954,70,4952.0,4,0,48.4,Month-to-Month,Net Banking,North,Basic,No,1,59424.0,0.9999998483150291,High,Priority retention call + targeted offer
CUST101175,25,4815.64,1,3,55.3,Month-to-Month,Credit Card,South,Premium,No,1,57787.68,0.9999998480653862,High,Priority retention call + targeted offer
CUST103810,17,4828.25,1,1,61.0,Month-to-Month,Credit Card,North,Basic,No,1,57939.0,0.9999998447217245,High,Priority retention call + targeted offer
CUST102952,68,4908.92,0,2,2.0,One Year,UPI,South,Standard,No,1,58907.04,0.9999998405169835,High,Priority retention call + targeted offer
CUST103600,33,4928.53,1,0,60.8,Month-to-Month,Debit Card,West,Standard,No,1,59142.36,0.9999998405010745,High,Priority retention call + targeted offer
CUST101654,12,4851.76,5,1,74.2,Month-to-Month,UPI,North,Premium,Yes,1,58221.12,0.9999998394445968,High,Priority retention call + targeted offer
CUST100054,36,4944.6,1,0,61.5,One Year,Credit Card,South,Basic,No,1,59335.2,0.9999998375907391,High,Priority retention call + targeted offer
CUST103787,2,4867.63,2,0,27.0,One Year,Debit Card,East,Basic,No,1,58411.56,0.999999837022035,High,Priority retention call + targeted offer
CUST102371,60,4863.36,4,1,53.8,Month-to-Month,Cash,South,Basic,No,1,58360.32,0.9999998315294583,High,Priority retention call + targeted offer
CUST105858,25,4871.87,5,2,27.7,One Year,Debit Card,West,Standard,No,1,58462.44,0.9999998298328642,High,Priority retention call + targeted offer
CUST103036,58,4878.93,1,1,24.5,Month-to-Month,Net Banking,South,Basic,No,1,58547.16,0.9999998279006287,High,Priority retention call + targeted offer
CUST103098,14,4981.38,0,1,60.3,Two Year,Net Banking,North,Basic,Yes,1,59776.56,0.9999998254437876,High,Priority retention call + targeted offer
CUST100004,32,4763.79,4,1,19.9,Month-to-Month,Credit Card,North,Basic,No,1,57165.48,0.9999998238155312,High,Priority retention call + targeted offer
CUST101456,71,4956.73,4,1,51.5,Month-to-Month,Net Banking,South,Standard,No,1,59480.76,0.999999823319145,High,Priority retention call + targeted offer
CUST100804,54,4898.89,2,0,61.4,Month-to-Month,Debit Card,South,Basic,No,1,58786.68,0.9999998229953226,High,Priority retention call + targeted offer
CUST102649,24,4852.33,0,1,49.5,Month-to-Month,Cash,South,Standard,No,1,58227.96,0.9999998220737131,High,Priority retention call + targeted offer
CUST100885,53,4916.39,2,0,40.5,Month-to-Month,Net Banking,West,Basic,No,1,58996.68,0.9999998217357178,High,Priority retention call + targeted offer
CUST105565,46,4836.74,5,2,47.6,Month-to-Month,Cash,North,Standard,No,1,58040.88,0.9999998191539919,High,Priority retention call + targeted offer
CUST102451,65,4880.29,5,0,16.5,Month-to-Month,Debit Card,West,Standard,No,1,58563.48,0.9999998186619521,High,Priority retention call + targeted offer
CUST104125,37,4845.1,1,0,23.9,Month-to-Month,Credit Card,North,Standard,No,1,58141.2,0.9999998173136732,High,Priority retention call + targeted offer
CUST102760,10,4780.98,3,0,11.3,Month-to-Month,Debit Card,East,Basic,Yes,1,57371.76,0.9999998168945534,High,Priority retention call + targeted offer
CUST100048,49,4899.76,3,2,38.1,One Year,UPI,South,Premium,Yes,1,58797.12,0.9999998139414172,High,Priority retention call + targeted offer
CUST104683,5,4659.45,1,5,13.8,Month-to-Month,Debit Card,West,Basic,No,1,55913.4,0.9999998113924846,High,Priority retention call + targeted offer
CUST103367,21,4927.6,5,1,38.8,Two Year,Debit Card,East,Standard,No,1,59131.2,0.999999807896303,High,Priority retention call + targeted offer
CUST100561,4,4784.89,3,2,54.3,Month-to-Month,Cash,North,Standard,No,1,57418.68,0.999999806651439,High,Priority retention call + targeted offer
CUST105916,24,4817.63,0,3,22.2,One Year,UPI,East,Basic,Yes,1,57811.56,0.9999997978129964,High,Priority retention call + targeted offer
CUST102192,21,4829.91,4,1,48.7,Month-to-Month,UPI,West,Standard,Yes,1,57958.92,0.9999997949238392,High,Priority retention call + targeted offer
CUST103536,3,4803.0,3,1,37.3,One Year,Credit Card,South,Basic,No,1,57636.0,0.9999997933651333,High,Priority retention call + targeted offer
CUST103513,11,4984.12,3,1,65.6,Two Year,Net Banking,West,Standard,No,1,59809.44,0.9999997911349868,High,Priority retention call + targeted offer
CUST100116,3,4765.92,3,0,38.6,Month-to-Month,Cash,West,Basic,No,1,57191.04,0.9999997890030538,High,Priority retention call + targeted offer
CUST105718,1,4816.73,4,1,46.9,Month-to-Month,Net Banking,East,Basic,Yes,1,57800.76,0.9999997875175991,High,Priority retention call + targeted offer
CUST105406,53,4853.52,1,0,34.9,Month-to-Month,UPI,South,Premium,No,1,58242.24,0.9999997851229576,High,Priority retention call + targeted offer
CUST105454,23,4922.35,3,1,28.5,One Year,Net Banking,East,Standard,No,1,59068.2,0.9999997844241958,High,Priority retention call + targeted offer
CUST100324,71,5008.73,5,1,72.1,Two Year,UPI,North,Standard,No,1,60104.76,0.9999997828403319,High,Priority retention call + targeted offer
CUST103826,25,4901.27,0,2,50.4,One Year,Net Banking,West,Basic,No,1,58815.24,0.9999997735123152,High,Priority retention call + targeted offer
CUST102320,8,4826.16,0,0,54.9,Month-to-Month,Credit Card,South,Standard,No,1,57913.92,0.99999977234692,High,Priority retention call + targeted offer
CUST101830,26,4967.0,1,0,39.5,One Year,Net Banking,East,Standard,No,1,59604.0,0.9999997715930811,High,Priority retention call + targeted offer
CUST104794,29,4838.6,5,1,41.5,Month-to-Month,Net Banking,East,Basic,Yes,1,58063.2,0.9999997708921552,High,Priority retention call + targeted offer
CUST101325,14,4862.25,4,1,62.3,One Year,UPI,South,Premium,No,1,58347.0,0.9999997704658928,High,Priority retention call + targeted offer
CUST100597,57,4917.31,4,1,46.3,One Year,Credit Card,South,Premium,Yes,1,59007.72,0.999999770145154,High,Priority retention call + targeted offer
CUST103602,12,4752.28,4,1,50.4,Month-to-Month,UPI,North,Basic,Yes,1,57027.36,0.9999997522599559,High,Priority retention call + targeted offer
CUST101889,33,4816.7,4,1,64.5,Month-to-Month,Debit Card,North,Basic,Yes,1,57800.4,0.999999750892344,High,Priority retention call + targeted offer
CUST105739,3,4858.71,0,0,57.3,One Year,Debit Card,South,Basic,No,1,58304.52,0.9999997496705835,High,Priority retention call + targeted offer
CUST104801,43,4857.45,2,0,4.3,One Year,UPI,North,Standard,No,1,58289.4,0.9999997487098614,High,Priority retention call + targeted offer
CUST104468,64,4901.84,1,1,38.7,Month-to-Month,Net Banking,South,Standard,No,1,58822.08,0.9999997434650215,High,Priority retention call + targeted offer
CUST105933,24,4737.06,5,2,31.0,Month-to-Month,Credit Card,North,Standard,No,1,56844.72,0.999999741724022,High,Priority retention call + targeted offer
CUST102414,27,4777.42,2,0,43.0,Month-to-Month,Credit Card,South,Basic,No,1,57329.04,0.9999997400328097,High,Priority retention call + targeted offer
CUST104031,38,4803.57,2,4,37.7,One Year,Debit Card,East,Basic,No,1,57642.84,0.9999997390793153,High,Priority retention call + targeted offer
CUST103987,6,4744.35,1,2,50.8,Month-to-Month,Debit Card,North,Basic,Yes,1,56932.2,0.999999738598954,High,Priority retention call + targeted offer
CUST100631,24,4719.41,2,2,27.1,Month-to-Month,Credit Card,South,Basic,Yes,1,56632.92,0.9999997370474444,High,Priority retention call + targeted offer
CUST105698,52,4846.14,3,0,44.8,Month-to-Month,Debit Card,West,Basic,Yes,1,58153.68,0.9999997361023129,High,Priority retention call + targeted offer
CUST104083,57,4825.62,2,1,26.5,Month-to-Month,Debit Card,South,Standard,No,1,57907.44,0.999999735816384,High,Priority retention call + targeted offer
CUST104600,72,4907.6,1,0,45.3,Month-to-Month,UPI,West,Standard,Yes,1,58891.2,0.9999997283652998,High,Priority retention call + targeted offer
CUST100521,11,4807.98,5,0,26.5,Two Year,UPI,North,Basic,No,1,57695.76,0.9999997182887496,High,Priority retention call + targeted offer
CUST100535,12,4763.18,3,0,30.4,Month-to-Month,Credit Card,East,Premium,No,1,57158.16,0.9999997177011435,High,Priority retention call + targeted offer
CUST103850,53,4889.5,1,0,38.5,One Year,UPI,North,Basic,Yes,1,58674.0,0.9999997165170127,High,Priority retention call + targeted offer
CUST103099,20,4783.94,0,2,55.0,Month-to-Month,UPI,West,Standard,No,1,57407.28,0.9999997040467096,High,Priority retention call + targeted offer
CUST103689,13,4760.8,6,2,34.1,One Year,Debit Card,West,Basic,No,1,57129.6,0.9999997018152013,High,Priority retention call + targeted offer
CUST104499,25,4788.92,3,2,56.0,Month-to-Month,UPI,West,Standard,Yes,1,57467.04,0.9999996987778011,High,Priority retention call + targeted offer
CUST102911,7,4782.98,3,3,52.8,One Year,Credit Card,North,Premium,Yes,1,57395.76,0.9999996933792349,High,Priority retention call + targeted offer
CUST104389,44,4810.32,1,0,32.3,Month-to-Month,UPI,North,Standard,No,1,57723.84,0.9999996902728678,High,Priority retention call + targeted offer
CUST101596,48,4774.62,1,2,51.3,Month-to-Month,UPI,West,Basic,No,1,57295.44,0.9999996892809957,High,Priority retention call + targeted offer
CUST104865,43,4786.78,0,1,29.7,Month-to-Month,UPI,North,Standard,No,1,57441.36,0.9999996836942621,High,Priority retention call + targeted offer
CUST103483,17,4696.37,2,3,30.5,Month-to-Month,Credit Card,South,Standard,No,1,56356.44,0.9999996818438217,High,Priority retention call + targeted offer
CUST103776,39,4849.81,4,1,37.5,Two Year,Debit Card,North,Basic,No,1,58197.72,0.9999996811960398,High,Priority retention call + targeted offer
CUST105696,6,4740.52,3,0,49.8,Month-to-Month,Debit Card,South,Basic,No,1,56886.24,0.999999680741116,High,Priority retention call + targeted offer
CUST104831,8,4759.07,2,3,75.2,Month-to-Month,Cash,West,Premium,Yes,1,57108.84,0.9999996802686916,High,Priority retention call + targeted offer
CUST100298,21,4860.86,2,2,34.6,One Year,Net Banking,South,Standard,Yes,1,58330.32,0.9999996693133596,High,Priority retention call + targeted offer
CUST101282,29,4717.82,4,1,27.8,Month-to-Month,Cash,South,Basic,Yes,1,56613.84,0.9999996681962853,High,Priority retention call + targeted offer
CUST103453,26,4834.07,1,0,29.8,One Year,Debit Card,East,Basic,No,1,58008.84,0.9999996617638389,High,Priority retention call + targeted offer
CUST104523,72,4816.53,5,2,44.9,Month-to-Month,Net Banking,North,Basic,No,1,57798.36,0.9999996610036016,High,Priority retention call + targeted offer
CUST102534,58,4824.49,2,2,52.0,Month-to-Month,UPI,West,Standard,Yes,1,57893.88,0.999999657959906,High,Priority retention call + targeted offer
CUST101006,62,4828.5,4,1,24.2,Month-to-Month,Net Banking,West,Premium,No,1,57942.0,0.9999996569091891,High,Priority retention call + targeted offer
CUST105125,54,4873.72,5,0,63.8,One Year,UPI,South,Basic,No,1,58484.64,0.9999996539114698,High,Priority retention call + targeted offer
CUST101271,8,4728.52,4,0,16.5,Month-to-Month,Debit Card,North,Standard,Yes,1,56742.24,0.9999996445928989,High,Priority retention call + targeted offer
CUST103639,45,4836.24,0,0,39.6,Month-to-Month,Debit Card,South,Standard,Yes,1,58034.88,0.9999996421523255,High,Priority retention call + targeted offer
CUST105036,66,4951.44,1,3,39.1,Two Year,Net Banking,West,Standard,Yes,1,59417.28,0.9999996408674199,High,Priority retention call + targeted offer
CUST104041,47,4788.68,2,1,31.3,Month-to-Month,Credit Card,East,Standard,No,1,57464.16,0.9999996396079633,High,Priority retention call + targeted offer
CUST103846,56,4912.58,0,1,40.0,Two Year,UPI,East,Premium,No,1,58950.96,0.9999996394330714,High,Priority retention call + targeted offer
CUST102550,48,4758.64,3,0,33.4,Month-to-Month,Cash,South,Basic,No,1,57103.68,0.9999996377705114,High,Priority retention call + targeted offer
CUST105749,9,4736.34,0,3,40.5,One Year,UPI,West,Basic,No,1,56836.08,0.9999996311949283,High,Priority retention call + targeted offer
CUST103421,57,4911.62,5,1,56.8,Two Year,UPI,East,Premium,No,1,58939.44,0.9999996310909822,High,Priority retention call + targeted offer
CUST100901,4,4774.21,2,0,22.0,Month-to-Month,Net Banking,South,Standard,Yes,1,57290.52,0.99999962648947,High,Priority retention call + targeted offer
CUST102914,30,4790.71,3,2,43.9,One Year,Debit Card,West,Basic,No,1,57488.52,0.9999996257461488,High,Priority retention call + targeted offer
CUST101515,67,4740.4,2,3,31.1,Month-to-Month,Debit Card,West,Basic,No,1,56884.8,0.9999996220856568,High,Priority retention call + targeted offer
CUST104038,23,4767.59,2,0,39.6,Month-to-Month,Debit Card,West,Premium,No,1,57211.08,0.9999996087290685,High,Priority retention call + targeted offer
CUST103182,54,4797.3,2,1,45.5,Month-to-Month,Cash,South,Standard,No,1,57567.6,0.9999996085385869,High,Priority retention call + targeted offer
CUST104325,29,4730.58,2,0,39.7,Month-to-Month,Credit Card,North,Basic,No,1,56766.96,0.9999996037832919,High,Priority retention call + targeted offer
CUST103516,13,4809.49,0,3,48.9,Two Year,Debit Card,East,Basic,Yes,1,57713.88,0.9999996019347516,High,Priority retention call + targeted offer
CUST103568,55,4793.83,2,1,46.7,Month-to-Month,Credit Card,North,Premium,Yes,1,57525.96,0.9999995998288658,High,Priority retention call + targeted offer
CUST104092,27,4840.72,6,0,63.3,Month-to-Month,Net Banking,South,Standard,Yes,1,58088.64,0.9999995956761425,High,Priority retention call + targeted offer
CUST101083,41,4859.59,3,0,47.5,One Year,Credit Card,North,Premium,Yes,1,58315.08,0.9999995951994478,High,Priority retention call + targeted offer
CUST102457,68,4964.85,1,0,48.8,One Year,Net Banking,South,Standard,No,1,59578.2,0.9999995941430175,High,Priority retention call + targeted offer
CUST100704,10,4670.02,0,2,35.6,Month-to-Month,UPI,West,Basic,No,1,56040.24,0.9999995936841949,High,Priority retention call + targeted offer
CUST103866,38,4872.12,0,0,39.5,One Year,Net Banking,South,Basic,No,1,58465.44,0.9999995865495124,High,Priority retention call + targeted offer
CUST101707,66,4871.48,2,0,61.6,Month-to-Month,Debit Card,West,Standard,No,1,58457.76,0.9999995842710127,High,Priority retention call + targeted offer
CUST100858,49,4903.6,1,0,69.9,One Year,Debit Card,East,Basic,No,1,58843.2,0.9999995809523692,High,Priority retention call + targeted offer
CUST100088,56,4851.36,3,3,35.4,One Year,Net Banking,South,Standard,No,1,58216.32,0.9999995798005368,High,Priority retention call + targeted offer
CUST104950,24,4873.05,5,0,28.3,Two Year,Net Banking,North,Standard,No,1,58476.6,0.9999995665685473,High,Priority retention call + targeted offer
CUST105611,18,4835.88,0,1,41.5,One Year,Net Banking,East,Basic,No,1,58030.56,0.999999566472839,High,Priority retention call + targeted offer
CUST100850,71,4686.85,3,4,25.7,Month-to-Month,Debit Card,North,Basic,No,1,56242.2,0.999999558676038,High,Priority retention call + targeted offer
CUST100670,69,4803.99,3,2,82.7,Month-to-Month,UPI,West,Basic,No,1,57647.88,0.9999995580564388,High,Priority retention call + targeted offer
CUST103500,5,4892.31,0,0,26.7,Two Year,Net Banking,East,Standard,Yes,1,58707.72,0.9999995547876132,High,Priority retention call + targeted offer
CUST100713,56,4765.4,0,2,64.5,Month-to-Month,Cash,South,Basic,No,1,57184.8,0.9999995519880727,High,Priority retention call + targeted offer
CUST101140,64,4757.51,1,1,24.0,Month-to-Month,Cash,West,Basic,Yes,1,57090.12,0.9999995519544773,High,Priority retention call + targeted offer
CUST101316,52,4812.23,0,1,57.9,Month-to-Month,UPI,West,Standard,No,1,57746.76,0.9999995495171328,High,Priority retention call + targeted offer
CUST102799,29,4707.82,2,1,39.8,Month-to-Month,Debit Card,North,Basic,No,1,56493.84,0.9999995473530844,High,Priority retention call + targeted offer
CUST105440,38,4722.36,1,1,24.2,Month-to-Month,UPI,North,Premium,Yes,1,56668.32,0.9999995289711807,High,Priority retention call + targeted offer
CUST104033,21,4788.78,1,1,29.8,One Year,Debit Card,North,Standard,No,1,57465.36,0.9999995259862478,High,Priority retention call + targeted offer
CUST105900,67,4774.37,0,1,28.3,Month-to-Month,UPI,South,Premium,Yes,1,57292.44,0.9999995182539203,High,Priority retention call + targeted offer
CUST100033,40,4750.9,4,0,39.0,Month-to-Month,Debit Card,North,Premium,No,1,57010.8,0.9999995177328936,High,Priority retention call + targeted offer
CUST105449,13,4802.36,1,1,57.7,Month-to-Month,Net Banking,West,Standard,Yes,1,57628.32,0.9999995036054364,High,Priority retention call + targeted offer
CUST103267,50,4839.49,2,0,38.6,One Year,UPI,West,Premium,No,1,58073.88,0.999999501680182,High,Priority retention call + targeted offer
CUST103492,27,4834.64,2,1,35.5,Two Year,UPI,West,Standard,Yes,1,58015.68,0.9999994974522765,High,Priority retention call + targeted offer
CUST105785,45,4743.97,2,2,51.8,Month-to-Month,Cash,South,Standard,No,1,56927.64,0.9999994935325254,High,Priority retention call + targeted offer
CUST101486,12,4694.0,1,2,69.4,Month-to-Month,UPI,South,Basic,Yes,1,56328.0,0.9999994863710382,High,Priority retention call + targeted offer
CUST105591,42,4906.18,1,0,68.5,Two Year,Cash,West,Premium,No,1,58874.16,0.999999483528473,High,Priority retention call + targeted offer
CUST103506,61,4761.41,0,2,23.0,Month-to-Month,Net Banking,East,Basic,No,1,57136.92,0.9999994720425701,High,Priority retention call + targeted offer
CUST103397,70,4783.27,1,1,38.5,Month-to-Month,Cash,North,Standard,No,1,57399.24,0.9999994659747719,High,Priority retention call + targeted offer
CUST101477,29,4771.17,1,2,49.3,Month-to-Month,Net Banking,West,Premium,Yes,1,57254.04,0.9999994591487292,High,Priority retention call + targeted offer
CUST100666,37,4735.7,0,2,48.1,Month-to-Month,Debit Card,South,Standard,No,1,56828.4,0.9999994495618941,High,Priority retention call + targeted offer
CUST103968,43,4693.07,3,1,40.1,Month-to-Month,Cash,North,Basic,No,1,56316.84,0.9999994395880366,High,Priority retention call + targeted offer
CUST105813,70,4748.83,1,3,55.8,Month-to-Month,Credit Card,East,Basic,Yes,1,56985.96,0.9999994325600363,High,Priority retention call + targeted offer
CUST104645,30,4678.85,2,1,37.9,Month-to-Month,Cash,West,Basic,No,1,56146.2,0.9999994102199586,High,Priority retention call + targeted offer
CUST101658,61,4900.49,2,0,46.3,One Year,Net Banking,West,Premium,No,1,58805.88,0.9999994027235194,High,Priority retention call + targeted offer
CUST102584,26,4768.1,2,0,27.7,Month-to-Month,Net Banking,East,Standard,No,1,57217.2,0.999999391676396,High,Priority retention call + targeted offer
CUST105938,72,4808.77,4,2,28.4,One Year,Cash,East,Standard,No,1,57705.24,0.9999993826086456,High,Priority retention call + targeted offer
CUST101347,51,4749.29,4,0,33.7,Month-to-Month,UPI,East,Standard,No,1,56991.48,0.999999374230811,High,Priority retention call + targeted offer
CUST100533,21,4698.7,1,0,41.3,Month-to-Month,Credit Card,South,Premium,No,1,56384.4,0.9999993733199656,High,Priority retention call + targeted offer
CUST100717,36,4772.49,0,4,73.8,One Year,UPI,South,Premium,Yes,1,57269.88,0.9999993713161965,High,Priority retention call + targeted offer
CUST103808,38,4820.55,0,0,56.4,One Year,Credit Card,West,Basic,Yes,1,57846.6,0.9999993688366751,High,Priority retention call + targeted offer
CUST102633,41,4675.23,1,2,13.4,Month-to-Month,Net Banking,North,Basic,No,1,56102.76,0.9999993634296673,High,Priority retention call + targeted offer
CUST100977,42,4687.85,2,2,36.0,Month-to-Month,Credit Card,North,Standard,No,1,56254.2,0.9999993589410645,High,Priority retention call + targeted offer
CUST105827,49,4759.88,2,0,14.1,Month-to-Month,Net Banking,South,Standard,No,1,57118.56,0.9999993547605255,High,Priority retention call + targeted offer
CUST100287,42,4769.68,2,1,5.6,Two Year,Cash,North,Standard,No,1,57236.16,0.9999993536376525,High,Priority retention call + targeted offer
CUST105621,4,4693.56,1,1,29.3,Month-to-Month,Net Banking,South,Standard,No,1,56322.72,0.9999993323938945,High,Priority retention call + targeted offer
CUST105456,12,4660.55,2,1,38.6,Month-to-Month,UPI,South,Standard,No,1,55926.6,0.9999993264174486,High,Priority retention call + targeted offer
CUST100792,53,4725.69,2,2,80.5,Month-to-Month,UPI,North,Basic,No,1,56708.28,0.9999993225305537,High,Priority retention call + targeted offer
CUST104417,12,4707.88,4,0,27.6,Month-to-Month,Net Banking,North,Standard,No,1,56494.56,0.9999993188064797,High,Priority retention call + targeted offer
CUST100948,69,4747.28,0,0,32.8,Month-to-Month,Credit Card,East,Basic,No,1,56967.36,0.9999993048560681,High,Priority retention call + targeted offer
CUST101071,16,4772.77,4,1,31.6,Two Year,UPI,East,Standard,Yes,1,57273.24,0.9999992905645655,High,Priority retention call + targeted offer
CUST103273,30,4751.84,3,2,40.0,One Year,Credit Card,West,Standard,Yes,1,57022.08,0.9999992864315874,High,Priority retention call + targeted offer
CUST105320,23,4642.84,1,1,41.7,Month-to-Month,Credit Card,South,Basic,No,1,55714.08,0.9999992769581082,High,Priority retention call + targeted offer
CUST103041,21,4635.05,2,1,29.9,Month-to-Month,Credit Card,East,Basic,No,1,55620.6,0.9999992754297914,High,Priority retention call + targeted offer
CUST102261,72,4753.87,3,1,40.1,Month-to-Month,UPI,North,Standard,Yes,1,57046.44,0.9999992739545549,High,Priority retention call + targeted offer
CUST104392,1,4726.49,4,0,55.0,One Year,Debit Card,West,Basic,No,1,56717.88,0.9999992656532374,High,Priority retention call + targeted offer
CUST104273,23,4618.9,4,2,21.8,Month-to-Month,UPI,West,Premium,Yes,1,55426.8,0.999999243394669,High,Priority retention call + targeted offer
CUST104886,50,4732.1,2,0,27.2,Month-to-Month,Debit Card,West,Standard,No,1,56785.2,0.9999992378964203,High,Priority retention call + targeted offer
CUST102384,14,4662.86,0,3,45.9,One Year,UPI,South,Basic,No,1,55954.32,0.9999992342505941,High,Priority retention call + targeted offer
CUST105831,12,4747.34,4,1,63.4,Two Year,UPI,West,Basic,No,1,56968.08,0.9999992305088387,High,Priority retention call + targeted offer
CUST103237,72,4658.74,2,1,10.1,Month-to-Month,UPI,South,Basic,No,1,55904.88,0.9999992217296554,High,Priority retention call + targeted offer
CUST102680,9,4795.94,0,1,48.6,Two Year,Credit Card,East,Standard,Yes,1,57551.28,0.9999992189214103,High,Priority retention call + targeted offer
CUST104391,59,4650.94,3,3,46.1,Month-to-Month,UPI,West,Basic,No,1,55811.28,0.9999991987966173,High,Priority retention call + targeted offer
CUST101203,55,4721.16,1,1,56.2,Month-to-Month,Credit Card,South,Premium,No,1,56653.92,0.9999991738091947,High,Priority retention call + targeted offer
CUST105031,61,4769.75,1,2,35.3,Two Year,UPI,North,Basic,Yes,1,57237.0,0.9999991688032913,High,Priority retention call + targeted offer
CUST101614,5,4567.11,2,2,33.9,Month-to-Month,Cash,North,Basic,No,1,54805.32,0.9999991644394925,High,Priority retention call + targeted offer
CUST102478,6,4615.89,3,0,38.1,Month-to-Month,UPI,West,Basic,No,1,55390.68,0.9999991578723981,High,Priority retention call + targeted offer
CUST103527,7,4617.72,2,2,59.0,Month-to-Month,Credit Card,East,Basic,No,1,55412.64,0.9999991517442303,High,Priority retention call + targeted offer
CUST104686,69,4710.58,3,2,62.1,Month-to-Month,UPI,East,Basic,No,1,56526.96,0.9999991461770441,High,Priority retention call + targeted offer
CUST101458,19,4609.04,4,1,45.4,Month-to-Month,UPI,South,Basic,No,1,55308.48,0.9999991452417968,High,Priority retention call + targeted offer
CUST103722,55,4712.4,3,1,27.0,One Year,UPI,South,Basic,No,1,56548.8,0.9999991376092664,High,Priority retention call + targeted offer
CUST102318,62,4768.96,2,0,41.0,One Year,Credit Card,South,Basic,No,1,57227.52,0.9999991348794367,High,Priority retention call + targeted offer
CUST103175,41,4635.51,0,2,29.2,Month-to-Month,UPI,South,Premium,No,1,55626.12,0.9999991015894631,High,Priority retention call + targeted offer
CUST102244,52,4732.87,2,1,69.0,Month-to-Month,UPI,South,Premium,Yes,1,56794.44,0.9999991003034606,High,Priority retention call + targeted offer
CUST103206,72,4792.48,2,0,65.4,Month-to-Month,Debit Card,South,Standard,No,1,57509.76,0.9999990981426463,High,Priority retention call + targeted offer
CUST101211,57,4762.03,0,2,43.3,Month-to-Month,Net Banking,East,Premium,Yes,1,57144.36,0.9999990972183611,High,Priority retention call + targeted offer
CUST101218,59,4799.97,2,3,50.8,One Year,Net Banking,North,Standard,No,1,57599.64,0.9999990915190908,High,Priority retention call + targeted offer
CUST105170,44,4671.1,3,1,55.0,Month-to-Month,Debit Card,South,Basic,No,1,56053.2,0.9999990846543095,High,Priority retention call + targeted offer
CUST105509,64,4809.61,1,2,42.1,Two Year,Debit Card,South,Standard,No,1,57715.32,0.9999990798621379,High,Priority retention call + targeted offer
CUST105508,41,4670.02,2,2,38.8,Month-to-Month,Cash,East,Premium,Yes,1,56040.24,0.9999990722757037,High,Priority retention call + targeted offer
CUST105784,42,4761.95,1,1,41.0,One Year,Credit Card,South,Standard,Yes,1,57143.4,0.9999990560987927,High,Priority retention call + targeted offer
CUST101360,6,4609.47,0,1,29.1,Month-to-Month,UPI,South,Standard,No,1,55313.64,0.9999990432334381,High,Priority retention call + targeted offer
CUST101733,63,4634.76,4,3,36.9,Month-to-Month,Debit Card,South,Basic,Yes,1,55617.12,0.9999990408783335,High,Priority retention call + targeted offer
CUST101300,55,4748.53,2,3,55.8,Two Year,Credit Card,South,Basic,Yes,1,56982.36,0.9999990371477179,High,Priority retention call + targeted offer
CUST101174,1,4604.12,7,1,56.1,Month-to-Month,Credit Card,South,Standard,No,1,55249.44,0.9999990148270641,High,Priority retention call + targeted offer
CUST105310,66,4818.84,0,0,44.3,Two Year,Debit Card,North,Basic,No,1,57826.08,0.9999990145898123,High,Priority retention call + targeted offer
CUST105513,63,4735.35,1,0,49.8,Month-to-Month,Credit Card,West,Premium,No,1,56824.2,0.9999990107811003,High,Priority retention call + targeted offer
CUST104242,60,4724.65,3,1,53.1,Month-to-Month,UPI,East,Standard,No,1,56695.8,0.9999990041431831,High,Priority retention call + targeted offer
CUST100498,67,4743.82,0,0,17.0,Month-to-Month,Debit Card,East,Standard,Yes,1,56925.84,0.9999990040610265,High,Priority retention call + targeted offer
CUST102668,6,4676.4,4,2,43.7,Two Year,Debit Card,North,Basic,Yes,1,56116.8,0.999999000173954,High,Priority retention call + targeted offer
CUST105167,15,4571.88,3,2,38.7,Month-to-Month,UPI,South,Basic,Yes,1,54862.56,0.999998992552547,High,Priority retention call + targeted offer
CUST105191,66,4696.79,3,2,54.6,Month-to-Month,UPI,North,Standard,No,1,56361.48,0.9999989906952911,High,Priority retention call + targeted offer
CUST105276,18,4595.84,2,1,37.8,Month-to-Month,UPI,West,Basic,No,1,55150.08,0.9999989690244642,High,Priority retention call + targeted offer
CUST100756,54,4685.19,1,1,33.8,Month-to-Month,UPI,West,Standard,No,1,56222.28,0.9999989590049928,High,Priority retention call + targeted offer
CUST104498,18,4686.3,1,0,50.0,Month-to-Month,UPI,West,Standard,Yes,1,56235.6,0.9999989533766472,High,Priority retention call + targeted offer
CUST105016,5,4605.54,0,1,35.1,Month-to-Month,Debit Card,South,Premium,No,1,55266.48,0.9999989460599542,High,Priority retention call + targeted offer
CUST102362,70,4808.02,2,0,43.8,Two Year,UPI,East,Basic,No,1,57696.24,0.9999989129750951,High,Priority retention call + targeted offer
CUST103595,21,4598.18,3,3,31.2,One Year,Credit Card,South,Basic,No,1,55178.16,0.9999988903680943,High,Priority retention call + targeted offer
CUST105937,42,4790.95,1,1,44.4,Two Year,UPI,East,Standard,Yes,1,57491.4,0.9999988276620578,High,Priority retention call + targeted offer
CUST100888,2,4555.18,2,3,2.6,One Year,Debit Card,East,Basic,No,1,54662.16,0.9999988117872752,High,Priority retention call + targeted offer
CUST105271,31,4607.66,0,1,31.0,Month-to-Month,Credit Card,East,Basic,No,1,55291.92,0.9999988076425743,High,Priority retention call + targeted offer
CUST102856,41,4712.22,3,2,44.5,One Year,Net Banking,South,Basic,No,1,56546.64,0.9999987972599482,High,Priority retention call + targeted offer
CUST104714,3,4711.92,2,0,39.1,Two Year,Credit Card,West,Premium,Yes,1,56543.04,0.9999987412292071,High,Priority retention call + targeted offer
CUST100761,40,4611.07,1,0,27.0,Month-to-Month,Cash,South,Basic,No,1,55332.84,0.9999987276848387,High,Priority retention call + targeted offer
CUST102194,48,4710.49,2,1,52.6,One Year,UPI,West,Basic,No,1,56525.88,0.9999987191919042,High,Priority retention call + targeted offer
CUST105129,44,4604.67,1,1,28.9,Month-to-Month,UPI,South,Basic,Yes,1,55256.04,0.9999986976430965,High,Priority retention call + targeted offer
CUST100950,7,4559.36,2,2,37.3,Month-to-Month,UPI,North,Standard,No,1,54712.32,0.999998697593225,High,Priority retention call + targeted offer
CUST100350,39,4634.97,2,1,67.4,Month-to-Month,UPI,North,Basic,No,1,55619.64,0.9999986888435676,High,Priority retention call + targeted offer
CUST100163,30,4661.33,2,1,30.1,One Year,UPI,North,Premium,No,1,55935.96,0.9999986814077767,High,Priority retention call + targeted offer
CUST103375,37,4591.26,0,2,2.0,Month-to-Month,Credit Card,East,Standard,Yes,1,55095.12,0.9999986697308313,High,Priority retention call + targeted offer
CUST105068,3,4559.98,3,2,38.6,Month-to-Month,Debit Card,North,Standard,No,1,54719.76,0.9999986598191783,High,Priority retention call + targeted offer
CUST102927,24,4519.09,3,3,30.3,Month-to-Month,UPI,West,Basic,No,1,54229.08,0.9999986571772488,High,Priority retention call + targeted offer
CUST104435,67,4684.25,3,1,33.3,Month-to-Month,Net Banking,North,Basic,Yes,1,56211.0,0.9999986323614142,High,Priority retention call + targeted offer
CUST105688,55,4639.97,1,0,33.0,Month-to-Month,UPI,West,Basic,No,1,55679.64,0.9999986272652189,High,Priority retention call + targeted offer
CUST103216,1,4615.8,1,1,17.3,Month-to-Month,Net Banking,West,Standard,Yes,1,55389.6,0.999998625020038,High,Priority retention call + targeted offer
CUST105136,34,4716.78,3,0,41.2,One Year,Credit Card,West,Standard,No,1,56601.36,0.9999986086502756,High,Priority retention call + targeted offer
CUST104167,14,4563.08,2,2,50.2,Month-to-Month,Cash,East,Basic,No,1,54756.96,0.9999985708866068,High,Priority retention call + targeted offer
CUST105144,47,4754.88,2,0,58.4,One Year,Cash,South,Premium,Yes,1,57058.56,0.9999985537289597,High,Priority retention call + targeted offer
CUST105157,9,4536.5,2,3,46.5,Month-to-Month,Debit Card,East,Basic,No,1,54438.0,0.999998552686646,High,Priority retention call + targeted offer
CUST103011,37,4547.09,8,0,13.2,Month-to-Month,Debit Card,South,Basic,No,1,54565.08,0.9999985481452556,High,Priority retention call + targeted offer
CUST104015,11,4720.77,2,1,22.3,Two Year,Net Banking,East,Standard,No,1,56649.24,0.9999984981432843,High,Priority retention call + targeted offer
CUST102375,72,4686.09,2,1,42.3,Month-to-Month,Net Banking,South,Basic,No,1,56233.08,0.9999984890693298,High,Priority retention call + targeted offer
CUST101224,31,4672.02,0,1,41.5,One Year,Debit Card,South,Basic,Yes,1,56064.24,0.9999984367099503,High,Priority retention call + targeted offer
CUST101674,52,4626.76,4,1,44.2,Month-to-Month,Debit Card,North,Premium,No,1,55521.12,0.9999984094450517,High,Priority retention call + targeted offer
CUST105126,18,4717.9,4,0,53.4,One Year,Net Banking,West,Basic,Yes,1,56614.8,0.9999983956232913,High,Priority retention call + targeted offer
CUST105793,71,4642.03,1,1,19.3,Month-to-Month,Debit Card,West,Premium,No,1,55704.36,0.9999983833894899,High,Priority retention call + targeted offer
CUST104108,37,4465.25,3,5,3.2,Month-to-Month,Cash,West,Premium,No,1,53583.0,0.9999983793259821,High,Priority retention call + targeted offer
CUST105779,10,4495.21,1,2,26.5,Month-to-Month,Cash,South,Basic,No,1,53942.52,0.9999983547781934,High,Priority retention call + targeted offer
CUST100486,25,4551.23,3,2,48.1,Month-to-Month,UPI,East,Basic,No,1,54614.76,0.9999983347958479,High,Priority retention call + targeted offer
CUST102220,69,4689.73,1,1,52.8,Month-to-Month,Net Banking,South,Basic,No,1,56276.76,0.999998315889629,High,Priority retention call + targeted offer
CUST101483,9,4559.6,0,2,33.5,Month-to-Month,Debit Card,West,Premium,Yes,1,54715.2,0.9999983096252031,High,Priority retention call + targeted offer
CUST100056,40,4722.09,2,1,63.7,Month-to-Month,Net Banking,East,Standard,Yes,1,56665.08,0.9999983081034943,High,Priority retention call + targeted offer
CUST102934,59,4657.21,4,0,49.3,Month-to-Month,UPI,North,Standard,No,1,55886.52,0.9999982720255051,High,Priority retention call + targeted offer
CUST100568,47,4654.35,3,1,24.5,One Year,Credit Card,North,Standard,No,1,55852.2,0.9999981985826051,High,Priority retention call + targeted offer
CUST103830,65,4720.56,1,0,60.3,Month-to-Month,Net Banking,North,Basic,Yes,1,56646.72,0.9999981951136045,High,Priority retention call + targeted offer
CUST105652,5,4551.12,1,0,6.4,Month-to-Month,UPI,East,Standard,Yes,1,54613.44,0.9999981753113055,High,Priority retention call + targeted offer
CUST104541,46,4546.84,1,3,49.1,Month-to-Month,Credit Card,North,Basic,No,1,54562.08,0.99999817016523,High,Priority retention call + targeted offer
CUST100816,4,4629.28,1,2,41.9,One Year,Net Banking,East,Basic,No,1,55551.36,0.9999980930006984,High,Priority retention call + targeted offer
CUST100715,58,4704.14,0,1,36.7,One Year,Credit Card,West,Premium,Yes,1,56449.68,0.999998070412459,High,Priority retention call + targeted offer
CUST102754,72,4708.17,2,0,29.5,Month-to-Month,Net Banking,West,Standard,No,1,56498.04,0.9999980656095886,High,Priority retention call + targeted offer
CUST101972,50,4564.66,2,2,34.8,Month-to-Month,UPI,South,Premium,No,1,54775.92,0.9999980655971419,High,Priority retention call + targeted offer
CUST103405,26,4581.14,4,1,54.4,Month-to-Month,Credit Card,North,Standard,No,1,54973.68,0.9999980555034177,High,Priority retention call + targeted offer
CUST102926,45,4646.76,2,1,4.5,One Year,Net Banking,South,Basic,Yes,1,55761.12,0.9999980541502504,High,Priority retention call + targeted offer
CUST104219,12,4530.14,1,0,38.5,Month-to-Month,UPI,South,Basic,No,1,54361.68,0.9999979675996913,High,Priority retention call + targeted offer
CUST103026,9,4565.8,0,1,40.4,Month-to-Month,UPI,East,Standard,No,1,54789.6,0.9999979617083667,High,Priority retention call + targeted offer
CUST100157,41,4561.98,0,3,21.9,Month-to-Month,Net Banking,East,Basic,No,1,54743.76,0.9999979525542283,High,Priority retention call + targeted offer
CUST100599,47,4637.7,1,1,48.8,Month-to-Month,Cash,West,Standard,Yes,1,55652.4,0.999997917885582,High,Priority retention call + targeted offer
CUST100658,6,4682.06,2,0,54.2,One Year,Net Banking,South,Premium,No,1,56184.72,0.999997894995568,High,Priority retention call + targeted offer
CUST105862,42,4718.69,3,0,35.7,Two Year,Debit Card,West,Standard,No,1,56624.28,0.9999978833066734,High,Priority retention call + targeted offer
CUST105964,54,4629.98,2,0,47.4,Month-to-Month,UPI,West,Premium,No,1,55559.76,0.9999978697361128,High,Priority retention call + targeted offer
CUST101579,44,4599.46,2,1,49.1,Month-to-Month,Credit Card,South,Standard,No,1,55193.52,0.9999978534254054,High,Priority retention call + targeted offer
CUST105333,65,4671.08,3,0,17.0,Two Year,Credit Card,West,Basic,No,1,56052.96,0.9999977445645121,High,Priority retention call + targeted offer
CUST100067,27,4573.92,0,0,32.3,Month-to-Month,Debit Card,North,Premium,No,1,54887.04,0.9999977428959953,High,Priority retention call + targeted offer
CUST104837,5,4552.15,1,3,37.9,One Year,UPI,North,Standard,No,1,54625.8,0.999997727808399,High,Priority retention call + targeted offer
CUST104635,56,4592.54,2,1,61.7,Month-to-Month,Credit Card,South,Basic,No,1,55110.48,0.9999977142119,High,Priority retention call + targeted offer
CUST105962,60,4596.26,3,2,22.0,One Year,UPI,West,Basic,No,1,55155.12,0.9999977107690151,High,Priority retention call + targeted offer
CUST102289,30,4689.22,1,1,47.3,One Year,Net Banking,East,Basic,Yes,1,56270.64,0.9999976930330204,High,Priority retention call + targeted offer
CUST103412,16,4507.18,4,1,26.6,Month-to-Month,Credit Card,North,Standard,No,1,54086.16,0.9999976874597839,High,Priority retention call + targeted offer
CUST101027,21,4640.48,0,2,42.1,One Year,Debit Card,West,Standard,Yes,1,55685.76,0.9999976795178117,High,Priority retention call + targeted offer
CUST105863,15,4532.46,1,2,5.8,Month-to-Month,Net Banking,South,Standard,Yes,1,54389.52,0.9999976618834078,High,Priority retention call + targeted offer
CUST102945,8,4609.35,2,0,23.8,One Year,Credit Card,West,Standard,Yes,1,55312.2,0.9999975766705179,High,Priority retention call + targeted offer
CUST104162,41,4563.68,2,0,40.6,Month-to-Month,Credit Card,West,Basic,No,1,54764.16,0.9999975755752618,High,Priority retention call + targeted offer
CUST104001,61,4785.18,1,0,74.1,Two Year,UPI,South,Standard,Yes,1,57422.16,0.9999975213768405,High,Priority retention call + targeted offer
CUST103310,37,4549.19,2,1,21.1,Month-to-Month,UPI,East,Standard,No,1,54590.28,0.9999975065863916,High,Priority retention call + targeted offer
CUST105193,7,4576.61,1,2,47.4,Month-to-Month,Net Banking,East,Standard,No,1,54919.32,0.9999974714555853,High,Priority retention call + targeted offer
CUST101848,38,4550.02,2,2,74.4,Month-to-Month,Credit Card,South,Basic,No,1,54600.24,0.9999974328987997,High,Priority retention call + targeted offer
CUST102976,36,4703.35,1,0,19.0,Two Year,Net Banking,South,Standard,No,1,56440.2,0.9999974057455412,High,Priority retention call + targeted offer
CUST104093,33,4619.98,0,0,57.1,Month-to-Month,Credit Card,East,Standard,No,1,55439.76,0.9999973679169293,High,Priority retention call + targeted offer
CUST102112,66,4709.63,3,1,69.2,One Year,UPI,East,Premium,No,1,56515.56,0.999997367307782,High,Priority retention call + targeted offer
CUST102152,62,4635.2,1,0,78.2,Month-to-Month,UPI,South,Basic,No,1,55622.4,0.9999973630373082,High,Priority retention call + targeted offer
CUST102013,67,4723.57,1,0,63.6,Two Year,UPI,South,Basic,No,1,56682.84,0.9999973611168755,High,Priority retention call + targeted offer
CUST100008,15,4591.68,2,0,39.2,Month-to-Month,Net Banking,South,Standard,No,1,55100.16,0.9999973551807804,High,Priority retention call + targeted offer
CUST104901,48,4510.84,2,2,13.9,Month-to-Month,Credit Card,North,Standard,No,1,54130.08,0.9999973283563109,High,Priority retention call + targeted offer
CUST102845,33,4641.47,1,0,41.6,One Year,UPI,South,Premium,Yes,1,55697.64,0.9999972735048539,High,Priority retention call + targeted offer
CUST103660,41,4536.01,2,0,37.8,Month-to-Month,Credit Card,North,Basic,No,1,54432.12,0.9999972348356589,High,Priority retention call + targeted offer
CUST101013,23,4638.71,1,1,48.6,Two Year,UPI,East,Basic,Yes,1,55664.52,0.9999972335595513,High,Priority retention call + targeted offer
CUST100016,37,4486.2,5,2,38.0,Month-to-Month,Debit Card,North,Basic,No,1,53834.4,0.9999972308046589,High,Priority retention call + targeted offer
CUST101895,62,4612.23,3,1,38.8,Month-to-Month,Net Banking,East,Basic,No,1,55346.76,0.9999972167488684,High,Priority retention call + targeted offer
CUST105552,48,4604.99,2,3,36.3,One Year,UPI,East,Standard,No,1,55259.88,0.9999972065101618,High,Priority retention call + targeted offer
CUST104738,26,4557.23,2,1,59.2,Month-to-Month,Credit Card,North,Premium,Yes,1,54686.76,0.9999971985101765,High,Priority retention call + targeted offer
CUST105605,5,4531.75,0,1,21.2,Month-to-Month,Net Banking,South,Standard,No,1,54381.0,0.9999971614521899,High,Priority retention call + targeted offer
CUST101742,33,4653.0,1,0,58.5,One Year,Cash,North,Premium,No,1,55836.0,0.999997142525033,High,Priority retention call + targeted offer
CUST102524,5,4602.05,3,2,53.3,One Year,Debit Card,East,Standard,Yes,1,55224.6,0.9999971263584444,High,Priority retention call + targeted offer
CUST103463,4,4484.8,1,1,31.0,Month-to-Month,Debit Card,North,Premium,No,1,53817.6,0.9999971143947911,High,Priority retention call + targeted offer
CUST100141,16,4594.39,1,2,40.0,One Year,UPI,East,Standard,Yes,1,55132.68,0.9999970679609012,High,Priority retention call + targeted offer
CUST101028,41,4674.28,1,0,39.9,Two Year,Debit Card,North,Premium,No,1,56091.36,0.9999970516790435,High,Priority retention call + targeted offer
CUST104783,55,4636.91,4,1,55.1,One Year,UPI,South,Premium,No,1,55642.92,0.9999970155156505,High,Priority retention call + targeted offer
CUST103905,55,4721.45,2,1,75.5,One Year,Net Banking,East,Basic,No,1,56657.4,0.9999969775552479,High,Priority retention call + targeted offer
CUST104346,4,4467.84,3,1,38.4,Month-to-Month,Credit Card,South,Premium,No,1,53614.08,0.9999969731915053,High,Priority retention call + targeted offer
CUST104262,21,4580.95,3,2,12.3,One Year,Net Banking,West,Premium,Yes,1,54971.4,0.9999969711293245,High,Priority retention call + targeted offer
CUST105917,18,4557.17,0,1,18.4,One Year,Cash,West,Premium,No,1,54686.04,0.999996902393318,High,Priority retention call + targeted offer
CUST105824,38,4536.15,1,2,30.2,Month-to-Month,Debit Card,East,Standard,No,1,54433.8,0.9999968750387683,High,Priority retention call + targeted offer
CUST104349,26,4573.96,0,0,38.2,Month-to-Month,Net Banking,North,Basic,Yes,1,54887.52,0.9999968483990488,High,Priority retention call + targeted offer
CUST104402,29,4669.65,1,2,46.7,Two Year,Net Banking,North,Standard,No,1,56035.8,0.9999968307953399,High,Priority retention call + targeted offer
CUST103567,12,4576.22,4,2,70.6,Two Year,Cash,North,Basic,No,1,54914.64,0.9999967612056586,High,Priority retention call + targeted offer
CUST103631,40,4587.69,2,1,45.0,One Year,Credit Card,South,Basic,Yes,1,55052.28,0.9999966919151995,High,Priority retention call + targeted offer
CUST102472,30,4471.33,2,1,21.8,Month-to-Month,Cash,South,Basic,Yes,1,53655.96,0.9999966803586056,High,Priority retention call + targeted offer
CUST102806,21,4447.99,2,0,14.0,Month-to-Month,Credit Card,North,Basic,No,1,53375.88,0.9999965687832904,High,Priority retention call + targeted offer
CUST102099,18,4577.25,1,0,48.6,One Year,Credit Card,West,Basic,No,1,54927.0,0.9999965252228631,High,Priority retention call + targeted offer
CUST100698,4,4509.66,1,1,17.0,Month-to-Month,Net Banking,South,Standard,Yes,1,54115.92,0.9999965198948086,High,Priority retention call + targeted offer
CUST101487,1,4471.98,3,0,57.0,Month-to-Month,UPI,South,Basic,No,1,53663.76,0.9999965135351211,High,Priority retention call + targeted offer
CUST103638,6,4577.32,0,2,30.1,Two Year,Net Banking,West,Basic,No,1,54927.84,0.9999964856478433,High,Priority retention call + targeted offer
CUST105763,7,4483.22,5,2,57.7,Month-to-Month,Credit Card,East,Standard,No,1,53798.64,0.9999964553375517,High,Priority retention call + targeted offer
CUST104514,66,4572.17,3,4,15.6,Two Year,Debit Card,West,Premium,No,1,54866.04,0.9999963999911199,High,Priority retention call + targeted offer
CUST102452,7,4460.59,1,2,22.6,Month-to-Month,UPI,East,Standard,Yes,1,53527.08,0.9999963424073729,High,Priority retention call + targeted offer
CUST100107,48,4585.68,1,1,2.0,One Year,Debit Card,East,Standard,No,1,55028.16,0.9999963389475414,High,Priority retention call + targeted offer
CUST103509,26,4563.09,3,0,29.7,Month-to-Month,Net Banking,West,Standard,No,1,54757.08,0.9999962869625976,High,Priority retention call + targeted offer
CUST101247,34,4524.96,2,2,52.2,Month-to-Month,Credit Card,East,Standard,No,1,54299.52,0.9999962547581837,High,Priority retention call + targeted offer
CUST104012,50,4519.51,2,2,37.8,Month-to-Month,UPI,West,Standard,No,1,54234.12,0.9999962123089589,High,Priority retention call + targeted offer
CUST103195,13,4614.6,2,1,57.0,Two Year,Cash,West,Standard,No,1,55375.2,0.9999961022827961,High,Priority retention call + targeted offer
CUST102141,64,4562.73,4,1,39.3,Month-to-Month,Debit Card,West,Premium,Yes,1,54752.76,0.9999960991443984,High,Priority retention call + targeted offer
CUST102928,14,4526.09,3,1,25.8,One Year,Cash,North,Standard,No,1,54313.08,0.9999960947722213,High,Priority retention call + targeted offer
CUST101905,18,4520.46,2,1,46.1,Month-to-Month,Credit Card,East,Standard,Yes,1,54245.52,0.9999960936195486,High,Priority retention call + targeted offer
CUST101665,29,4498.58,2,0,44.4,Month-to-Month,Debit Card,South,Basic,No,1,53982.96,0.999995976399778,High,Priority retention call + targeted offer
CUST102860,14,4437.43,1,1,12.0,Month-to-Month,Credit Card,North,Standard,No,1,53249.16,0.99999596456248,High,Priority retention call + targeted offer
CUST101831,69,4526.24,2,2,53.1,Month-to-Month,Credit Card,West,Basic,No,1,54314.88,0.9999959171306624,High,Priority retention call + targeted offer
CUST103892,32,4489.32,4,0,2.0,One Year,Credit Card,South,Basic,No,1,53871.84,0.9999959019690219,High,Priority retention call + targeted offer
CUST102284,50,4516.15,2,1,35.9,Month-to-Month,Credit Card,West,Premium,No,1,54193.8,0.9999959005781506,High,Priority retention call + targeted offer
CUST105770,24,4522.62,3,1,20.5,Month-to-Month,Net Banking,East,Standard,No,1,54271.44,0.9999958973806066,High,Priority retention call + targeted offer
CUST105765,40,4522.78,1,3,16.5,One Year,UPI,North,Standard,Yes,1,54273.36,0.9999958857054637,High,Priority retention call + targeted offer
CUST101922,60,4532.92,1,1,35.3,Month-to-Month,UPI,West,Premium,No,1,54395.04,0.9999958243149493,High,Priority retention call + targeted offer
CUST105401,50,4603.03,0,0,40.5,Month-to-Month,Net Banking,West,Premium,No,1,55236.36,0.9999958014000163,High,Priority retention call + targeted offer
CUST102370,4,4510.71,2,1,28.1,One Year,Cash,South,Standard,No,1,54128.52,0.9999957999954292,High,Priority retention call + targeted offer
CUST101650,14,4616.87,4,1,80.9,One Year,Debit Card,East,Standard,No,1,55402.44,0.9999957529381185,High,Priority retention call + targeted offer
CUST102808,57,4445.55,1,5,37.4,Month-to-Month,Credit Card,West,Premium,No,1,53346.6,0.9999957110280789,High,Priority retention call + targeted offer
CUST103495,39,4566.35,4,1,33.1,One Year,Debit Card,South,Standard,No,1,54796.2,0.9999956530073333,High,Priority retention call + targeted offer
CUST104679,5,4497.96,4,0,26.2,One Year,Credit Card,South,Premium,No,1,53975.52,0.9999955771590815,High,Priority retention call + targeted offer
CUST104904,14,4582.06,2,1,71.5,Two Year,UPI,West,Basic,No,1,54984.72,0.9999955552856441,High,Priority retention call + targeted offer
CUST105490,35,4512.14,1,0,60.6,Month-to-Month,UPI,North,Basic,No,1,54145.68,0.9999955298306087,High,Priority retention call + targeted offer
CUST105149,40,4546.54,3,0,51.9,Month-to-Month,Debit Card,North,Standard,No,1,54558.48,0.9999955171303229,High,Priority retention call + targeted offer
CUST102481,62,4696.99,2,0,58.5,One Year,Net Banking,East,Basic,Yes,1,56363.88,0.9999954664365793,High,Priority retention call + targeted offer
CUST104413,52,4615.44,1,1,49.4,One Year,UPI,West,Standard,No,1,55385.28,0.999995415932634,High,Priority retention call + targeted offer
CUST105315,41,4639.84,3,0,49.7,Two Year,UPI,West,Premium,Yes,1,55678.08,0.9999954099665298,High,Priority retention call + targeted offer
CUST102925,14,4450.56,2,2,52.0,Month-to-Month,UPI,West,Premium,No,1,53406.72,0.9999953904464247,High,Priority retention call + targeted offer
CUST101076,52,4482.92,2,0,9.1,Month-to-Month,Debit Card,East,Basic,No,1,53795.04,0.9999952835745901,High,Priority retention call + targeted offer
CUST105911,25,4625.02,3,1,63.5,One Year,Net Banking,North,Standard,No,1,55500.24,0.9999952747089286,High,Priority retention call + targeted offer
CUST100385,9,4448.8,3,1,70.8,Month-to-Month,Credit Card,South,Basic,No,1,53385.6,0.9999951899850419,High,Priority retention call + targeted offer
CUST104396,22,4461.42,0,0,8.3,Month-to-Month,UPI,East,Standard,No,1,53537.04,0.9999949164133578,High,Priority retention call + targeted offer
CUST103307,10,4449.41,3,0,35.0,Month-to-Month,Debit Card,North,Premium,No,1,53392.92,0.999994906569308,High,Priority retention call + targeted offer
CUST100550,58,4641.04,3,1,56.8,One Year,Net Banking,West,Basic,Yes,1,55692.48,0.9999948254437905,High,Priority retention call + targeted offer
CUST103032,41,4543.49,1,3,51.6,Two Year,UPI,South,Basic,Yes,1,54521.88,0.9999948137152094,High,Priority retention call + targeted offer
CUST102017,53,4442.97,2,3,52.6,Month-to-Month,Credit Card,South,Basic,No,1,53315.64,0.9999947348130765,High,Priority retention call + targeted offer
CUST103916,5,4599.66,0,0,60.2,One Year,Net Banking,South,Premium,No,1,55195.92,0.999994732939306,High,Priority retention call + targeted offer
CUST100317,53,4464.31,4,1,20.6,Month-to-Month,UPI,North,Premium,Yes,1,53571.72,0.9999947272870161,High,Priority retention call + targeted offer
CUST101408,1,4433.96,1,0,39.2,Month-to-Month,Debit Card,North,Basic,Yes,1,53207.52,0.9999945841952399,High,Priority retention call + targeted offer
CUST104328,4,4501.42,0,1,13.6,One Year,Debit Card,West,Standard,Yes,1,54017.04,0.9999945151385604,High,Priority retention call + targeted offer
CUST104302,10,4487.55,2,2,61.0,One Year,UPI,South,Basic,Yes,1,53850.6,0.9999944362359141,High,Priority retention call + targeted offer
CUST101003,64,4519.7,1,1,51.2,Month-to-Month,UPI,North,Premium,No,1,54236.4,0.9999943467284459,High,Priority retention call + targeted offer
CUST101472,33,4597.05,2,0,31.7,One Year,Net Banking,South,Standard,No,1,55164.6,0.9999943335490223,High,Priority retention call + targeted offer
CUST100832,33,4486.72,1,1,57.3,Month-to-Month,Credit Card,East,Basic,Yes,1,53840.64,0.9999942925052963,High,Priority retention call + targeted offer
CUST102447,47,4547.68,1,1,36.5,Two Year,Credit Card,South,Basic,No,1,54572.16,0.9999941520018871,High,Priority retention call + targeted offer
CUST101981,45,4516.5,1,2,25.5,Two Year,UPI,West,Basic,No,1,54198.0,0.999994103415962,High,Priority retention call + targeted offer
CUST102136,40,4541.96,1,1,47.3,One Year,Debit Card,West,Basic,No,1,54503.52,0.9999940368724825,High,Priority retention call + targeted offer
CUST103847,26,4470.37,4,2,28.7,One Year,Debit Card,West,Basic,Yes,1,53644.44,0.9999940081014003,High,Priority retention call + targeted offer
CUST104895,30,4467.44,0,1,27.9,Month-to-Month,Credit Card,West,Standard,Yes,1,53609.28,0.9999939483361754,High,Priority retention call + targeted offer
CUST104918,61,4569.71,2,1,14.9,Two Year,Cash,North,Standard,No,1,54836.52,0.9999939263445276,High,Priority retention call + targeted offer
CUST100307,40,4425.03,4,1,35.9,Month-to-Month,Credit Card,West,Basic,No,1,53100.36,0.9999938957197911,High,Priority retention call + targeted offer
CUST102960,67,4505.58,0,1,31.7,Month-to-Month,UPI,South,Standard,No,1,54066.96,0.9999938911972572,High,Priority retention call + targeted offer
CUST105082,1,4470.21,2,1,42.9,One Year,Debit Card,South,Basic,Yes,1,53642.52,0.9999938286646862,High,Priority retention call + targeted offer
CUST105468,40,4475.01,6,1,29.2,One Year,UPI,West,Basic,No,1,53700.12,0.999993813986717,High,Priority retention call + targeted offer
CUST105671,47,4478.1,2,0,36.1,Month-to-Month,UPI,North,Premium,No,1,53737.2,0.9999937987301871,High,Priority retention call + targeted offer
CUST103793,48,4421.17,2,2,20.9,Month-to-Month,Credit Card,East,Basic,Yes,1,53054.04,0.9999937197364943,High,Priority retention call + targeted offer
CUST101261,67,4605.28,0,1,45.3,One Year,Debit Card,South,Standard,No,1,55263.36,0.9999936733502207,High,Priority retention call + targeted offer
CUST105740,55,4439.68,2,2,36.2,Month-to-Month,Cash,North,Basic,Yes,1,53276.16,0.9999936573815514,High,Priority retention call + targeted offer
CUST103938,53,4474.68,3,3,30.3,Month-to-Month,Net Banking,South,Standard,No,1,53696.16,0.9999936518441719,High,Priority retention call + targeted offer
CUST103685,12,4414.6,1,1,33.3,Month-to-Month,Credit Card,South,Standard,No,1,52975.2,0.9999935927482566,High,Priority retention call + targeted offer
CUST102795,66,4462.12,2,1,29.4,Month-to-Month,Credit Card,North,Basic,Yes,1,53545.44,0.9999935635253802,High,Priority retention call + targeted offer
CUST102401,41,4412.71,3,2,42.4,Month-to-Month,UPI,South,Basic,Yes,1,52952.52,0.9999933506726305,High,Priority retention call + targeted offer
CUST102711,2,4442.54,3,0,34.8,One Year,UPI,North,Basic,No,1,53310.48,0.9999933013405762,High,Priority retention call + targeted offer
CUST101964,59,4580.67,2,1,36.7,One Year,Net Banking,South,Basic,Yes,1,54968.04,0.9999932988237799,High,Priority retention call + targeted offer
CUST100203,51,4592.35,3,1,58.3,Two Year,UPI,West,Premium,No,1,55108.2,0.9999932379011529,High,Priority retention call + targeted offer
CUST105403,39,4483.2,2,0,28.0,Month-to-Month,Net Banking,West,Basic,No,1,53798.4,0.9999931925376355,High,Priority retention call + targeted offer
CUST102641,36,4437.28,0,1,2.0,One Year,UPI,South,Basic,No,1,53247.36,0.9999931090844648,High,Priority retention call + targeted offer
CUST103666,43,4592.53,0,1,58.2,Two Year,Cash,East,Basic,Yes,1,55110.36,0.9999930591915379,High,Priority retention call + targeted offer
CUST101275,52,4434.34,3,4,50.2,Month-to-Month,UPI,East,Standard,No,1,53212.08,0.9999929635026972,High,Priority retention call + targeted offer
CUST103278,72,4534.44,3,2,58.4,One Year,UPI,South,Basic,No,1,54413.28,0.9999928871115651,High,Priority retention call + targeted offer
CUST100284,32,4529.09,2,0,23.7,One Year,Debit Card,West,Standard,No,1,54349.08,0.9999928741421314,High,Priority retention call + targeted offer
CUST105084,38,4464.12,2,0,38.0,Month-to-Month,Credit Card,South,Premium,Yes,1,53569.44,0.9999928525242613,High,Priority retention call + targeted offer
CUST104515,58,4446.96,0,2,26.7,Month-to-Month,UPI,North,Standard,No,1,53363.52,0.9999928300242882,High,Priority retention call + targeted offer
CUST102464,34,4493.25,2,0,30.2,Month-to-Month,Net Banking,South,Standard,No,1,53919.0,0.9999923818770371,High,Priority retention call + targeted offer
CUST103312,67,4580.92,2,0,43.9,One Year,Debit Card,South,Premium,No,1,54971.04,0.9999923760622542,High,Priority retention call + targeted offer
CUST104127,7,4367.2,1,2,33.5,Month-to-Month,Credit Card,South,Standard,No,1,52406.4,0.9999923453051426,High,Priority retention call + targeted offer
CUST103319,3,4308.03,2,1,2.8,Month-to-Month,Debit Card,South,Basic,No,1,51696.36,0.9999922928315039,High,Priority retention call + targeted offer
CUST101792,25,4442.43,1,0,43.1,Month-to-Month,Credit Card,East,Basic,Yes,1,53309.16,0.9999922897871473,High,Priority retention call + targeted offer
CUST104105,33,4407.96,3,1,17.8,Month-to-Month,Cash,West,Standard,No,1,52895.52,0.9999922723003365,High,Priority retention call + targeted offer
CUST101283,58,4530.47,1,0,66.1,Month-to-Month,UPI,North,Premium,Yes,1,54365.64,0.9999922065833247,High,Priority retention call + targeted offer
CUST102097,62,4478.05,4,3,35.1,Month-to-Month,Net Banking,West,Standard,No,1,53736.6,0.999992201347346,High,Priority retention call + targeted offer
CUST100695,19,4549.63,1,1,73.8,One Year,Net Banking,North,Basic,No,1,54595.56,0.9999921978681383,High,Priority retention call + targeted offer
CUST101993,47,4515.58,2,0,49.9,Month-to-Month,Debit Card,East,Standard,No,1,54186.96,0.9999921609954657,High,Priority retention call + targeted offer
CUST105124,9,4589.83,2,0,67.8,One Year,Net Banking,East,Premium,Yes,1,55077.96,0.9999918791740563,High,Priority retention call + targeted offer
CUST104141,62,4499.35,1,2,29.4,Month-to-Month,Net Banking,West,Premium,Yes,1,53992.2,0.9999918438449973,High,Priority retention call + targeted offer
CUST102692,66,4551.7,1,0,55.3,Month-to-Month,UPI,East,Standard,Yes,1,54620.4,0.9999917912112859,High,Priority retention call + targeted offer
CUST101297,49,4478.71,3,1,57.6,Month-to-Month,Credit Card,West,Standard,No,1,53744.52,0.9999917488089046,High,Priority retention call + targeted offer
CUST100511,54,4416.61,2,4,34.8,Month-to-Month,Net Banking,East,Basic,No,1,52999.32,0.9999915570613624,High,Priority retention call + targeted offer
CUST102942,55,4421.62,2,1,34.1,Month-to-Month,UPI,South,Basic,Yes,1,53059.44,0.9999915328210305,High,Priority retention call + targeted offer
CUST103788,71,4434.1,1,3,51.0,Month-to-Month,Debit Card,North,Basic,No,1,53209.2,0.9999915174592756,High,Priority retention call + targeted offer
CUST102311,5,4360.45,2,2,22.6,Month-to-Month,Net Banking,North,Basic,Yes,1,52325.4,0.9999914637538001,High,Priority retention call + targeted offer
CUST102515,60,4625.55,3,0,61.2,Two Year,Net Banking,South,Basic,No,1,55506.6,0.999991459294453,High,Priority retention call + targeted offer
CUST102119,51,4404.67,1,3,27.6,Month-to-Month,UPI,South,Standard,Yes,1,52856.04,0.9999914397013643,High,Priority retention call + targeted offer
CUST105864,66,4473.85,1,1,46.1,Month-to-Month,Cash,North,Premium,No,1,53686.2,0.9999913686633077,High,Priority retention call + targeted offer
CUST103378,62,4543.62,0,0,50.8,Month-to-Month,Debit Card,West,Standard,Yes,1,54523.44,0.999991348559835,High,Priority retention call + targeted offer
CUST100683,70,4510.75,1,0,47.5,Month-to-Month,Credit Card,North,Standard,No,1,54129.0,0.9999912388200806,High,Priority retention call + targeted offer
CUST105782,64,4559.76,3,0,34.0,Two Year,UPI,North,Premium,No,1,54717.12,0.9999911712186922,High,Priority retention call + targeted offer
CUST105871,34,4446.64,0,2,53.4,Month-to-Month,UPI,West,Standard,Yes,1,53359.68,0.9999910512326738,High,Priority retention call + targeted offer
CUST105496,56,4521.9,1,1,37.5,One Year,UPI,South,Standard,No,1,54262.8,0.99999102495125,High,Priority retention call + targeted offer
CUST104088,71,4536.19,1,0,55.1,Month-to-Month,Net Banking,North,Basic,No,1,54434.28,0.999991006108609,High,Priority retention call + targeted offer
CUST100270,22,4414.94,2,2,48.0,Month-to-Month,Debit Card,East,Standard,No,1,52979.28,0.9999907265268972,High,Priority retention call + targeted offer
CUST102819,51,4428.82,0,1,26.7,Month-to-Month,UPI,South,Standard,No,1,53145.84,0.999990720349089,High,Priority retention call + targeted offer
CUST102466,22,4507.17,0,0,49.0,One Year,UPI,South,Premium,Yes,1,54086.04,0.9999906697977465,High,Priority retention call + targeted offer
CUST105550,44,4453.97,1,1,49.0,Month-to-Month,UPI,West,Standard,No,1,53447.64,0.9999906085775825,High,Priority retention call + targeted offer
CUST103633,55,4487.07,3,3,35.9,One Year,Net Banking,West,Basic,No,1,53844.84,0.9999905340040098,High,Priority retention call + targeted offer
CUST105220,22,4406.9,2,1,43.3,Month-to-Month,Credit Card,West,Standard,No,1,52882.8,0.9999905232914323,High,Priority retention call + targeted offer
CUST101956,39,4497.27,4,0,20.9,One Year,Net Banking,West,Basic,No,1,53967.24,0.9999903972346338,High,Priority retention call + targeted offer
CUST102837,65,4524.16,2,1,55.6,Month-to-Month,Net Banking,East,Basic,Yes,1,54289.92,0.9999903916816429,High,Priority retention call + targeted offer
CUST104116,2,4297.12,1,1,6.1,Month-to-Month,Credit Card,East,Basic,No,1,51565.44,0.9999903839647756,High,Priority retention call + targeted offer
CUST104170,27,4334.68,4,1,28.7,Month-to-Month,Credit Card,South,Basic,No,1,52016.16,0.9999902760903258,High,Priority retention call + targeted offer
CUST102338,4,4419.18,3,0,19.5,One Year,UPI,South,Standard,No,1,53030.16,0.9999902602684502,High,Priority retention call + targeted offer
CUST104147,62,4550.2,4,1,63.2,One Year,Debit Card,East,Basic,Yes,1,54602.4,0.9999902292272884,High,Priority retention call + targeted offer
CUST100268,45,4479.85,0,0,52.0,Month-to-Month,UPI,West,Standard,No,1,53758.2,0.999990106363005,High,Priority retention call + targeted offer
CUST103334,6,4444.53,2,1,35.0,Two Year,Credit Card,North,Premium,No,1,53334.36,0.999990060973591,High,Priority retention call + targeted offer
CUST101147,56,4418.45,3,1,40.2,Month-to-Month,Cash,East,Basic,No,1,53021.4,0.9999900193189053,High,Priority retention call + targeted offer
CUST105367,42,4423.22,4,0,16.4,Month-to-Month,Credit Card,East,Standard,Yes,1,53078.64,0.9999899475158099,High,Priority retention call + targeted offer
CUST103467,19,4392.1,1,1,26.3,Month-to-Month,Net Banking,West,Basic,No,1,52705.2,0.9999899425273804,High,Priority retention call + targeted offer
CUST105001,3,4399.18,1,1,49.1,Month-to-Month,Debit Card,South,Standard,Yes,1,52790.16,0.9999899078466491,High,Priority retention call + targeted offer
CUST104764,32,4497.3,2,2,26.9,One Year,Net Banking,North,Standard,Yes,1,53967.6,0.9999899075369573,High,Priority retention call + targeted offer
CUST100000,7,4362.02,0,0,29.2,Month-to-Month,Debit Card,West,Basic,No,1,52344.24,0.9999897869267287,High,Priority retention call + targeted offer
CUST104658,31,4460.72,2,2,58.1,One Year,UPI,North,Premium,No,1,53528.64,0.999989767964381,High,Priority retention call + targeted offer
CUST101335,72,4473.77,4,1,45.3,Month-to-Month,UPI,East,Standard,No,1,53685.24,0.9999896576212667,High,Priority retention call + targeted offer
CUST102840,32,4421.43,6,2,23.2,One Year,UPI,East,Standard,No,1,53057.16,0.9999896281251753,High,Priority retention call + targeted offer
CUST100470,54,4357.04,3,2,32.0,Month-to-Month,UPI,North,Basic,No,1,52284.48,0.9999895793134059,High,Priority retention call + targeted offer
CUST101011,58,4560.76,1,2,52.9,Two Year,UPI,West,Standard,Yes,1,54729.12,0.9999893620585973,High,Priority retention call + targeted offer
CUST100489,44,4370.74,4,2,48.8,Month-to-Month,UPI,North,Basic,Yes,1,52448.88,0.999989310245527,High,Priority retention call + targeted offer
CUST100127,56,4496.3,2,0,50.9,Month-to-Month,Credit Card,East,Standard,Yes,1,53955.6,0.9999892222949518,High,Priority retention call + targeted offer
CUST104430,67,4559.03,2,0,42.9,One Year,Cash,South,Standard,Yes,1,54708.36,0.9999892080728917,High,Priority retention call + targeted offer
CUST101063,51,4312.83,2,4,21.2,Month-to-Month,UPI,East,Basic,No,1,51753.96,0.9999891744334605,High,Priority retention call + targeted offer
CUST100352,22,4310.01,2,2,25.7,Month-to-Month,UPI,North,Basic,Yes,1,51720.12,0.9999889400420506,High,Priority retention call + targeted offer
CUST102406,27,4444.57,1,0,50.0,Month-to-Month,UPI,West,Standard,Yes,1,53334.84,0.999988892617752,High,Priority retention call + targeted offer
CUST104506,21,4490.92,3,0,49.2,Two Year,Credit Card,South,Premium,No,1,53891.04,0.9999888490841438,High,Priority retention call + targeted offer
CUST103599,45,4467.95,0,2,41.2,Month-to-Month,Net Banking,East,Premium,Yes,1,53615.4,0.9999887503871083,High,Priority retention call + targeted offer
CUST101301,29,4552.26,3,1,32.3,Two Year,Net Banking,East,Standard,Yes,1,54627.12,0.9999887449879326,High,Priority retention call + targeted offer
CUST102704,5,4465.92,2,1,32.2,Two Year,Net Banking,South,Basic,Yes,1,53591.04,0.9999886730468126,High,Priority retention call + targeted offer
CUST105700,45,4352.64,1,1,15.2,Month-to-Month,UPI,North,Basic,Yes,1,52231.68,0.9999886341939367,High,Priority retention call + targeted offer
CUST104912,2,4294.53,5,0,21.6,Month-to-Month,UPI,West,Basic,No,1,51534.36,0.9999885880400146,High,Priority retention call + targeted offer
CUST104647,6,4394.09,1,0,44.2,Month-to-Month,Debit Card,East,Premium,No,1,52729.08,0.9999884007576019,High,Priority retention call + targeted offer
CUST104496,24,4353.09,2,1,14.5,Month-to-Month,UPI,East,Standard,No,1,52237.08,0.9999883388386169,High,Priority retention call + targeted offer
CUST104329,64,4444.49,0,1,26.9,Month-to-Month,Debit Card,West,Standard,No,1,53333.88,0.9999880856977715,High,Priority retention call + targeted offer
CUST102768,35,4459.05,3,0,31.2,One Year,Credit Card,South,Premium,Yes,1,53508.6,0.9999878872099578,High,Priority retention call + targeted offer
CUST105829,33,4400.33,1,0,51.9,Month-to-Month,Debit Card,South,Basic,No,1,52803.96,0.9999877990081123,High,Priority retention call + targeted offer
CUST105912,50,4413.06,3,1,23.2,Month-to-Month,Debit Card,West,Standard,Yes,1,52956.72,0.9999877917279684,High,Priority retention call + targeted offer
CUST102163,66,4383.28,3,1,35.0,Month-to-Month,UPI,North,Basic,No,1,52599.36,0.9999877848389509,High,Priority retention call + targeted offer
CUST104712,64,4548.33,2,0,26.3,Two Year,Credit Card,East,Standard,No,1,54579.96,0.9999877038153707,High,Priority retention call + targeted offer
CUST103917,62,4553.28,3,1,53.2,Two Year,Debit Card,North,Standard,No,1,54639.36,0.9999876464399382,High,Priority retention call + targeted offer
CUST105069,69,4537.41,1,2,65.1,Two Year,Credit Card,East,Basic,No,1,54448.92,0.9999875911006263,High,Priority retention call + targeted offer
CUST102511,62,4477.91,2,1,50.9,Month-to-Month,Net Banking,North,Premium,No,1,53734.92,0.9999874493349633,High,Priority retention call + targeted offer
CUST103126,60,4411.31,2,0,8.8,Month-to-Month,UPI,East,Standard,No,1,52935.72,0.9999873012597537,High,Priority retention call + targeted offer
CUST104179,34,4483.46,2,1,47.9,One Year,Debit Card,North,Standard,Yes,1,53801.52,0.9999869328739649,High,Priority retention call + targeted offer
CUST100337,23,4389.6,1,0,34.5,Month-to-Month,Debit Card,North,Standard,No,1,52675.2,0.999986931575405,High,Priority retention call + targeted offer
CUST102947,36,4445.26,5,0,31.4,One Year,UPI,East,Premium,No,1,53343.12,0.9999866586874633,High,Priority retention call + targeted offer
CUST101992,21,4434.82,1,1,57.4,One Year,UPI,East,Basic,No,1,53217.84,0.9999866165914315,High,Priority retention call + targeted offer
CUST103395,58,4316.87,1,3,2.0,Month-to-Month,Credit Card,North,Premium,Yes,1,51802.44,0.9999865146640385,High,Priority retention call + targeted offer
CUST102039,33,4287.97,4,3,22.9,Month-to-Month,Debit Card,East,Basic,No,1,51455.64,0.9999865041738721,High,Priority retention call + targeted offer
CUST102857,57,4439.27,2,0,58.9,Month-to-Month,UPI,West,Basic,Yes,1,53271.24,0.9999863342320152,High,Priority retention call + targeted offer
CUST101237,9,4367.67,4,0,42.4,Month-to-Month,UPI,West,Standard,Yes,1,52412.04,0.9999861246822253,High,Priority retention call + targeted offer
CUST105628,32,4413.8,1,1,50.0,Month-to-Month,Net Banking,North,Basic,Yes,1,52965.6,0.9999860850729257,High,Priority retention call + targeted offer
CUST101641,4,4348.94,1,2,29.8,One Year,UPI,West,Basic,Yes,1,52187.28,0.9999860654923322,High,Priority retention call + targeted offer
CUST105341,45,4444.03,0,1,57.1,Month-to-Month,Net Banking,West,Basic,No,1,53328.36,0.9999858667768163,High,Priority retention call + targeted offer
CUST103587,50,4371.81,3,1,30.2,Month-to-Month,UPI,South,Standard,No,1,52461.72,0.9999857984470989,High,Priority retention call + targeted offer
CUST102870,21,4429.62,2,1,19.3,Two Year,Credit Card,South,Standard,Yes,1,53155.44,0.9999855574747138,High,Priority retention call + targeted offer
CUST103873,35,4401.1,4,2,31.6,Two Year,Debit Card,South,Basic,No,1,52813.2,0.9999854923319412,High,Priority retention call + targeted offer
CUST100146,3,4352.83,1,1,15.0,One Year,Credit Card,West,Premium,No,1,52233.96,0.9999853527701174,High,Priority retention call + targeted offer
CUST105115,19,4410.94,3,0,24.7,Two Year,Credit Card,South,Basic,Yes,1,52931.28,0.9999851660723045,High,Priority retention call + targeted offer
CUST103353,53,4556.08,2,0,46.1,One Year,Net Banking,South,Standard,Yes,1,54672.96,0.9999851103410221,High,Priority retention call + targeted offer
CUST104036,50,4395.82,3,1,47.5,Month-to-Month,Credit Card,East,Premium,No,1,52749.84,0.9999850909574495,High,Priority retention call + targeted offer
CUST100552,60,4389.51,4,1,24.9,Month-to-Month,Cash,East,Standard,No,1,52674.12,0.9999849104802266,High,Priority retention call + targeted offer
CUST102062,11,4385.23,1,2,32.3,One Year,Debit Card,East,Premium,No,1,52622.76,0.9999848570520977,High,Priority retention call + targeted offer
CUST100545,4,4451.75,2,2,31.2,Two Year,Net Banking,East,Standard,No,1,53421.0,0.9999847958574318,High,Priority retention call + targeted offer
CUST101861,22,4455.39,1,0,49.5,One Year,Cash,South,Standard,No,1,53464.68,0.9999847873223788,High,Priority retention call + targeted offer
CUST101432,13,4265.61,1,3,48.4,Month-to-Month,UPI,South,Basic,No,1,51187.32,0.9999847734364377,High,Priority retention call + targeted offer
CUST104503,56,4386.72,1,2,37.5,Month-to-Month,Cash,North,Standard,Yes,1,52640.64,0.999984344906973,High,Priority retention call + targeted offer
CUST105981,57,4368.01,4,2,47.9,Month-to-Month,UPI,West,Premium,No,1,52416.12,0.9999843137801561,High,Priority retention call + targeted offer
CUST100619,11,4337.19,4,1,51.8,Month-to-Month,UPI,West,Standard,No,1,52046.28,0.9999842270728486,High,Priority retention call + targeted offer
CUST100101,15,4400.74,3,0,31.4,One Year,Credit Card,South,Standard,No,1,52808.88,0.999984139115172,High,Priority retention call + targeted offer
CUST100074,50,4366.36,1,2,40.0,Month-to-Month,Cash,South,Standard,No,1,52396.32,0.9999840460646082,High,Priority retention call + targeted offer
CUST100381,68,4396.2,1,1,56.0,Month-to-Month,Credit Card,South,Basic,No,1,52754.4,0.9999838789797046,High,Priority retention call + targeted offer
CUST104732,55,4382.32,0,0,22.5,Month-to-Month,Debit Card,East,Basic,No,1,52587.84,0.9999836986454145,High,Priority retention call + targeted offer
CUST103083,18,4328.53,1,1,31.0,Month-to-Month,Credit Card,West,Standard,No,1,51942.36,0.999983582836163,High,Priority retention call + targeted offer
CUST104298,3,4368.79,2,2,54.4,Two Year,UPI,North,Basic,No,1,52425.48,0.9999835268357664,High,Priority retention call + targeted offer
CUST100084,46,4362.91,5,5,36.6,One Year,Net Banking,West,Basic,No,1,52354.92,0.999983495747809,High,Priority retention call + targeted offer
CUST100841,48,4399.52,1,0,51.0,Month-to-Month,UPI,South,Premium,No,1,52794.24,0.9999834827575509,High,Priority retention call + targeted offer
CUST101328,49,4431.0,2,1,32.5,One Year,UPI,North,Standard,No,1,53172.0,0.99998306688806,High,Priority retention call + targeted offer
CUST103777,62,4509.58,2,0,32.3,One Year,Net Banking,North,Premium,No,1,54114.96,0.9999828806624039,High,Priority retention call + targeted offer
CUST100881,62,4463.62,2,0,17.4,Two Year,UPI,West,Basic,Yes,1,53563.44,0.9999827160906308,High,Priority retention call + targeted offer
CUST105116,19,4303.3,2,2,34.6,Month-to-Month,UPI,West,Standard,No,1,51639.6,0.9999826742831461,High,Priority retention call + targeted offer
CUST100178,65,4537.03,0,1,51.7,Two Year,Net Banking,North,Basic,No,1,54444.36,0.9999826629066308,High,Priority retention call + targeted offer
CUST103504,2,4402.16,4,1,38.4,Two Year,Credit Card,East,Premium,Yes,1,52825.92,0.999982576086927,High,Priority retention call + targeted offer
CUST103804,2,4308.86,3,0,38.7,Month-to-Month,UPI,North,Standard,No,1,51706.32,0.9999823695703272,High,Priority retention call + targeted offer
CUST101055,72,4516.29,0,0,66.4,One Year,Debit Card,North,Basic,No,1,54195.48,0.9999822248801004,High,Priority retention call + targeted offer
CUST101568,66,4394.17,4,0,32.4,Month-to-Month,Cash,North,Standard,No,1,52730.04,0.9999819717682098,High,Priority retention call + targeted offer
CUST105791,7,4251.74,1,3,24.1,Month-to-Month,Credit Card,South,Standard,Yes,1,51020.88,0.999981836681229,High,Priority retention call + targeted offer
CUST104529,41,4354.2,0,1,24.9,Month-to-Month,Net Banking,South,Basic,No,1,52250.4,0.9999817636382021,High,Priority retention call + targeted offer
CUST104861,60,4488.68,2,1,54.9,Two Year,UPI,South,Premium,No,1,53864.16,0.9999817340785315,High,Priority retention call + targeted offer
CUST105627,3,4310.5,0,1,43.0,Month-to-Month,Cash,North,Standard,No,1,51726.0,0.9999817157346119,High,Priority retention call + targeted offer
CUST102820,39,4463.34,2,0,18.1,Two Year,Net Banking,West,Basic,No,1,53560.08,0.99998161151438,High,Priority retention call + targeted offer
CUST102045,72,4439.44,0,0,74.5,Month-to-Month,Credit Card,North,Basic,No,1,53273.28,0.99998138216267,High,Priority retention call + targeted offer
CUST101324,63,4429.33,2,1,64.9,Month-to-Month,Credit Card,South,Standard,Yes,1,53151.96,0.9999812927861428,High,Priority retention call + targeted offer
CUST102021,48,4435.41,2,1,52.4,Month-to-Month,Net Banking,West,Standard,No,1,53224.92,0.9999807753240277,High,Priority retention call + targeted offer
CUST103425,71,4461.54,2,2,41.7,Two Year,Debit Card,South,Basic,Yes,1,53538.48,0.9999806933125073,High,Priority retention call + targeted offer
CUST100237,32,4370.63,1,1,44.0,Month-to-Month,Credit Card,East,Standard,Yes,1,52447.56,0.9999806639469272,High,Priority retention call + targeted offer
CUST101591,25,4343.18,5,1,34.2,One Year,Debit Card,North,Basic,No,1,52118.16,0.9999804616237905,High,Priority retention call + targeted offer
CUST102946,43,4474.04,6,1,45.5,One Year,Net Banking,East,Premium,Yes,1,53688.48,0.9999804002909071,High,Priority retention call + targeted offer
CUST102495,15,4307.03,2,1,39.9,Month-to-Month,Cash,North,Standard,No,1,51684.36,0.999980383549564,High,Priority retention call + targeted offer
CUST103058,29,4214.47,3,3,19.3,Month-to-Month,Cash,North,Basic,No,1,50573.64,0.9999801642713546,High,Priority retention call + targeted offer
CUST100614,50,4353.85,2,0,22.3,Month-to-Month,Cash,South,Standard,No,1,52246.2,0.9999801016902088,High,Priority retention call + targeted offer
CUST104148,63,4343.06,1,1,32.4,Month-to-Month,Credit Card,North,Basic,Yes,1,52116.72,0.9999798065818698,High,Priority retention call + targeted offer
CUST101000,59,4409.1,1,2,31.4,One Year,UPI,South,Standard,No,1,52909.2,0.9999797955666331,High,Priority retention call + targeted offer
CUST103936,38,4395.8,2,0,44.5,One Year,Credit Card,South,Basic,No,1,52749.6,0.9999796194316725,High,Priority retention call + targeted offer
CUST104307,58,4408.64,2,1,47.1,One Year,UPI,South,Basic,No,1,52903.68,0.9999796057046646,High,Priority retention call + targeted offer
CUST101617,37,4294.45,3,2,23.7,Month-to-Month,Debit Card,South,Standard,No,1,51533.4,0.9999794143305566,High,Priority retention call + targeted offer
CUST103868,16,4355.59,4,0,71.8,Month-to-Month,UPI,South,Standard,No,1,52267.08,0.9999793818150425,High,Priority retention call + targeted offer
CUST101834,30,4365.73,1,1,61.6,Month-to-Month,UPI,West,Standard,No,1,52388.76,0.9999793785470302,High,Priority retention call + targeted offer
CUST104778,8,4334.55,0,4,62.5,Month-to-Month,Net Banking,East,Standard,No,1,52014.6,0.9999790888388504,High,Priority retention call + targeted offer
CUST101183,33,4439.64,1,2,43.2,Two Year,Cash,West,Standard,Yes,1,53275.68,0.9999790447739443,High,Priority retention call + targeted offer
CUST104988,68,4426.94,3,1,14.1,One Year,Debit Card,West,Standard,No,1,53123.28,0.9999788862105111,High,Priority retention call + targeted offer
CUST101151,37,4328.81,0,1,35.8,Month-to-Month,Cash,East,Basic,Yes,1,51945.72,0.9999788444122254,High,Priority retention call + targeted offer
CUST103345,55,4272.46,1,3,21.1,Month-to-Month,UPI,West,Basic,Yes,1,51269.52,0.9999779571357746,High,Priority retention call + targeted offer
CUST105687,18,4342.43,1,1,33.6,Month-to-Month,Net Banking,South,Standard,No,1,52109.16,0.9999778636945866,High,Priority retention call + targeted offer
CUST101996,40,4362.27,3,1,36.7,One Year,UPI,West,Basic,No,1,52347.24,0.9999778299023594,High,Priority retention call + targeted offer
CUST100603,10,4231.28,4,3,50.3,Month-to-Month,UPI,South,Premium,No,1,50775.36,0.9999777201401782,High,Priority retention call + targeted offer
CUST102291,24,4311.86,4,3,34.2,One Year,UPI,South,Standard,No,1,51742.32,0.9999772891612505,High,Priority retention call + targeted offer
CUST101531,1,4284.79,0,1,56.6,Month-to-Month,Credit Card,West,Basic,Yes,1,51417.48,0.9999772341005418,High,Priority retention call + targeted offer
CUST103842,41,4390.58,3,3,67.5,One Year,Credit Card,North,Standard,No,1,52686.96,0.999977128622808,High,Priority retention call + targeted offer
CUST105261,6,4416.59,0,1,66.5,One Year,Net Banking,West,Basic,No,1,52999.08,0.999976979499519,High,Priority retention call + targeted offer
CUST100354,70,4380.58,4,1,55.3,Month-to-Month,UPI,South,Standard,No,1,52566.96,0.9999768276437014,High,Priority retention call + targeted offer
CUST103427,64,4383.2,0,0,41.5,Month-to-Month,Debit Card,East,Basic,No,1,52598.4,0.9999763692259052,High,Priority retention call + targeted offer
CUST104840,55,4364.7,1,0,17.0,Month-to-Month,Net Banking,North,Basic,Yes,1,52376.4,0.9999763242248998,High,Priority retention call + targeted offer
CUST102088,22,4402.89,3,0,39.6,Two Year,Debit Card,East,Basic,No,1,52834.68,0.999976153844196,High,Priority retention call + targeted offer
CUST100539,2,4405.07,3,0,55.0,Two Year,Cash,South,Standard,No,1,52860.84,0.9999761113327955,High,Priority retention call + targeted offer
CUST103165,29,4298.31,2,2,43.7,Month-to-Month,Credit Card,North,Standard,Yes,1,51579.72,0.999975683063333,High,Priority retention call + targeted offer
CUST104701,5,4256.08,0,2,35.4,Month-to-Month,UPI,West,Standard,No,1,51072.96,0.9999756664594487,High,Priority retention call + targeted offer
CUST100204,33,4372.25,3,0,35.1,Month-to-Month,Net Banking,East,Premium,No,1,52467.0,0.99997565424283,High,Priority retention call + targeted offer
CUST103589,66,4379.09,1,0,18.5,Month-to-Month,Net Banking,South,Basic,Yes,1,52549.08,0.9999754143184486,High,Priority retention call + targeted offer
CUST102314,17,4359.99,2,0,44.5,Month-to-Month,Net Banking,South,Premium,Yes,1,52319.88,0.9999753562906234,High,Priority retention call + targeted offer
CUST100265,42,4327.23,0,3,44.9,Month-to-Month,Net Banking,East,Basic,No,1,51926.76,0.9999752841886387,High,Priority retention call + targeted offer
CUST103557,25,4311.58,3,1,35.9,Month-to-Month,Debit Card,East,Standard,No,1,51738.96,0.9999751661035927,High,Priority retention call + targeted offer
CUST105407,59,4441.71,5,2,60.2,Two Year,UPI,East,Premium,No,1,53300.52,0.9999747489094217,High,Priority retention call + targeted offer
CUST101607,43,4363.62,3,3,42.9,Two Year,UPI,South,Premium,No,1,52363.44,0.9999746589076148,High,Priority retention call + targeted offer
CUST100563,14,4303.82,0,0,28.7,Month-to-Month,Cash,South,Standard,Yes,1,51645.84,0.9999745866685645,High,Priority retention call + targeted offer
CUST103163,23,4290.17,1,3,22.7,Two Year,UPI,South,Basic,No,1,51482.04,0.999974554291322,High,Priority retention call + targeted offer
CUST101757,44,4417.88,2,0,28.0,One Year,Debit Card,South,Standard,Yes,1,53014.56,0.9999744340448157,High,Priority retention call + targeted offer
CUST103162,12,4318.72,1,2,27.2,One Year,UPI,North,Standard,Yes,1,51824.64,0.9999744049375772,High,Priority retention call + targeted offer
CUST101779,50,4420.37,1,1,65.3,Month-to-Month,Net Banking,North,Premium,Yes,1,53044.44,0.9999743796424208,High,Priority retention call + targeted offer
CUST103015,34,4353.79,2,0,14.3,One Year,Credit Card,South,Premium,Yes,1,52245.48,0.9999735980110686,High,Priority retention call + targeted offer
CUST103085,26,4370.92,2,2,60.7,Month-to-Month,Net Banking,West,Standard,Yes,1,52451.04,0.9999735635995691,High,Priority retention call + targeted offer
CUST103275,67,4328.68,2,0,28.2,Month-to-Month,Debit Card,South,Basic,No,1,51944.16,0.999973353553266,High,Priority retention call + targeted offer
CUST104803,58,4386.28,0,0,43.4,Month-to-Month,Net Banking,South,Basic,No,1,52635.36,0.999973294425077,High,Priority retention call + targeted offer
CUST101128,41,4369.86,2,1,30.4,Two Year,UPI,South,Basic,Yes,1,52438.32,0.9999726065600714,High,Priority retention call + targeted offer
CUST102210,51,4386.89,1,0,44.3,One Year,Credit Card,North,Basic,No,1,52642.68,0.9999721726637215,High,Priority retention call + targeted offer
CUST101225,70,4357.67,2,2,49.6,Month-to-Month,UPI,East,Standard,No,1,52292.04,0.9999719042385261,High,Priority retention call + targeted offer
CUST104697,7,4330.87,4,1,43.9,One Year,Credit Card,South,Standard,Yes,1,51970.44,0.9999717704027372,High,Priority retention call + targeted offer
CUST105232,22,4384.99,1,0,38.7,One Year,Net Banking,North,Basic,No,1,52619.88,0.9999716433494891,High,Priority retention call + targeted offer
CUST101393,54,4349.57,1,0,33.2,Month-to-Month,Debit Card,South,Standard,No,1,52194.84,0.9999713427032513,High,Priority retention call + targeted offer
CUST100690,72,4357.28,3,0,7.8,Month-to-Month,Net Banking,South,Premium,No,1,52287.36,0.9999713071616331,High,Priority retention call + targeted offer
CUST100580,7,4383.3,2,0,26.7,One Year,Net Banking,West,Premium,Yes,1,52599.6,0.9999711947016254,High,Priority retention call + targeted offer
CUST101257,40,4303.53,4,2,57.8,Month-to-Month,Credit Card,West,Standard,No,1,51642.36,0.9999709552786886,High,Priority retention call + targeted offer
CUST104512,9,4398.05,3,2,44.4,Two Year,Net Banking,North,Standard,Yes,1,52776.6,0.9999706980354934,High,Priority retention call + targeted offer
CUST103188,5,4301.88,1,2,42.8,Month-to-Month,Net Banking,East,Standard,No,1,51622.56,0.9999706644431624,High,Priority retention call + targeted offer
CUST103528,14,4266.89,1,0,45.5,Month-to-Month,Debit Card,South,Basic,No,1,51202.68,0.9999705443775786,High,Priority retention call + targeted offer
CUST100170,8,4357.91,4,3,45.6,One Year,Net Banking,East,Standard,Yes,1,52294.92,0.9999704679734431,High,Priority retention call + targeted offer
CUST100564,65,4387.25,3,0,57.2,Month-to-Month,Debit Card,North,Premium,Yes,1,52647.0,0.9999704401602327,High,Priority retention call + targeted offer
CUST100833,11,4217.17,2,1,28.9,Month-to-Month,Credit Card,East,Basic,No,1,50606.04,0.9999703926287028,High,Priority retention call + targeted offer
CUST102369,13,4287.11,1,1,48.0,Month-to-Month,Net Banking,South,Basic,No,1,51445.32,0.9999702664362903,High,Priority retention call + targeted offer
CUST100303,65,4407.06,1,1,35.1,Two Year,Credit Card,West,Basic,No,1,52884.72,0.9999702654067004,High,Priority retention call + targeted offer
CUST104356,70,4356.35,2,0,26.7,Month-to-Month,Cash,West,Standard,No,1,52276.2,0.9999700751973005,High,Priority retention call + targeted offer
CUST104259,2,4317.23,1,1,48.5,Two Year,UPI,South,Basic,No,1,51806.76,0.9999694498052711,High,Priority retention call + targeted offer
CUST105153,51,4339.59,2,1,49.2,Month-to-Month,UPI,East,Standard,No,1,52075.08,0.9999693460862547,High,Priority retention call + targeted offer
CUST100156,10,4266.35,3,0,42.6,Month-to-Month,UPI,North,Standard,No,1,51196.2,0.9999692093947273,High,Priority retention call + targeted offer
CUST101368,70,4405.76,3,0,41.2,Month-to-Month,Net Banking,South,Standard,No,1,52869.12,0.999968565231806,High,Priority retention call + targeted offer
CUST104178,34,4289.29,2,2,38.4,Month-to-Month,Net Banking,East,Basic,No,1,51471.48,0.9999681037749094,High,Priority retention call + targeted offer
CUST105485,13,4325.75,3,0,52.3,One Year,Credit Card,South,Basic,Yes,1,51909.0,0.999967421227005,High,Priority retention call + targeted offer
CUST102913,17,4258.38,2,0,49.8,Month-to-Month,UPI,West,Basic,No,1,51100.56,0.9999672346349411,High,Priority retention call + targeted offer
CUST102169,71,4346.59,1,0,48.6,Month-to-Month,Debit Card,South,Basic,No,1,52159.08,0.9999672325356587,High,Priority retention call + targeted offer
CUST100081,32,4285.97,3,3,41.8,One Year,Debit Card,West,Basic,No,1,51431.64,0.9999671430352489,High,Priority retention call + targeted offer
CUST105517,49,4372.22,3,0,37.9,Month-to-Month,Net Banking,West,Standard,No,1,52466.64,0.9999665617406545,High,Priority retention call + targeted offer
CUST102545,29,4175.36,5,2,20.8,Month-to-Month,UPI,West,Basic,No,1,50104.32,0.9999661944639588,High,Priority retention call + targeted offer
CUST104969,59,4390.42,1,2,70.0,Month-to-Month,Net Banking,North,Standard,No,1,52685.04,0.9999660097822068,High,Priority retention call + targeted offer
CUST102262,3,4230.66,3,1,40.4,Month-to-Month,Debit Card,North,Premium,Yes,1,50767.92,0.9999653417469468,High,Priority retention call + targeted offer
CUST102773,51,4314.1,1,0,32.2,Month-to-Month,Cash,South,Standard,No,1,51769.2,0.9999652320118801,High,Priority retention call + targeted offer
CUST100117,11,4295.44,1,1,55.5,One Year,UPI,South,Basic,No,1,51545.28,0.999964944377233,High,Priority retention call + targeted offer
CUST104784,61,4433.1,0,1,54.6,One Year,Cash,East,Standard,No,1,53197.2,0.9999649434473589,High,Priority retention call + targeted offer
CUST100391,13,4201.11,0,1,25.6,Month-to-Month,Debit Card,South,Basic,No,1,50413.32,0.9999646832215119,High,Priority retention call + targeted offer
CUST100262,22,4364.41,3,2,36.7,One Year,Net Banking,West,Standard,Yes,1,52372.92,0.9999643886805037,High,Priority retention call + targeted offer
CUST103572,50,4271.11,3,3,43.6,Month-to-Month,UPI,West,Standard,Yes,1,51253.32,0.9999640308880159,High,Priority retention call + targeted offer
CUST105174,15,4328.26,5,1,46.2,One Year,Net Banking,West,Basic,No,1,51939.12,0.9999639018323248,High,Priority retention call + targeted offer
CUST104739,38,4339.69,2,0,37.4,Month-to-Month,Net Banking,South,Standard,No,1,52076.28,0.9999633059324677,High,Priority retention call + targeted offer
CUST102917,69,4310.02,4,0,53.3,Month-to-Month,Credit Card,South,Basic,No,1,51720.24,0.9999628943642391,High,Priority retention call + targeted offer
CUST104937,43,4368.91,1,1,44.9,One Year,UPI,West,Standard,No,1,52426.92,0.9999628204042703,High,Priority retention call + targeted offer
CUST104926,29,4330.36,1,1,66.4,Month-to-Month,Net Banking,East,Basic,No,1,51964.32,0.9999625788055782,High,Priority retention call + targeted offer
CUST104062,46,4390.66,1,2,70.4,One Year,UPI,South,Standard,Yes,1,52687.92,0.9999624223532901,High,Priority retention call + targeted offer
CUST101765,68,4387.04,3,0,30.8,One Year,Credit Card,South,Standard,No,1,52644.48,0.9999623411789054,High,Priority retention call + targeted offer
CUST105973,5,4299.23,5,1,48.8,One Year,Credit Card,North,Standard,Yes,1,51590.76,0.9999623144972887,High,Priority retention call + targeted offer
CUST102328,2,4193.71,7,1,53.4,Month-to-Month,UPI,South,Premium,No,1,50324.52,0.9999622490517738,High,Priority retention call + targeted offer
CUST104666,23,4217.83,3,2,56.3,Month-to-Month,Credit Card,South,Basic,Yes,1,50613.96,0.9999622062721183,High,Priority retention call + targeted offer
CUST102785,9,4340.01,4,1,60.1,Two Year,UPI,West,Premium,No,1,52080.12,0.9999621805197856,High,Priority retention call + targeted offer
CUST104208,17,4126.96,1,2,2.0,Month-to-Month,Credit Card,North,Basic,No,1,49523.52,0.9999617209406859,High,Priority retention call + targeted offer
CUST104577,15,4267.06,0,0,64.1,Month-to-Month,UPI,West,Basic,No,1,51204.72,0.9999611147552652,High,Priority retention call + targeted offer
CUST102659,12,4228.15,3,0,34.3,Month-to-Month,Debit Card,West,Basic,Yes,1,50737.8,0.9999603604674023,High,Priority retention call + targeted offer
CUST104762,8,4243.79,3,1,14.8,One Year,Credit Card,North,Standard,No,1,50925.48,0.9999592632268477,High,Priority retention call + targeted offer
CUST101400,62,4323.7,2,1,60.2,Month-to-Month,UPI,South,Standard,No,1,51884.4,0.9999591076891872,High,Priority retention call + targeted offer
CUST103797,5,4209.96,1,2,22.0,One Year,UPI,West,Basic,No,1,50519.52,0.9999589130858303,High,Priority retention call + targeted offer
CUST103766,49,4244.65,2,2,25.4,Month-to-Month,UPI,North,Standard,Yes,1,50935.8,0.9999586754545544,High,Priority retention call + targeted offer
CUST100549,50,4272.23,1,2,56.7,Month-to-Month,Debit Card,North,Basic,Yes,1,51266.76,0.9999586546235587,High,Priority retention call + targeted offer
CUST102487,4,4237.25,1,0,33.3,Month-to-Month,Net Banking,South,Basic,No,1,50847.0,0.9999585779777593,High,Priority retention call + targeted offer
CUST103725,72,4378.8,2,0,63.3,Month-to-Month,Cash,South,Standard,Yes,1,52545.6,0.9999583559049774,High,Priority retention call + targeted offer
CUST100037,60,4330.86,2,0,38.5,Month-to-Month,Credit Card,West,Standard,Yes,1,51970.32,0.9999583257540421,High,Priority retention call + targeted offer
CUST104451,19,4399.63,1,0,50.2,One Year,Net Banking,West,Premium,Yes,1,52795.56,0.9999580788093281,High,Priority retention call + targeted offer
CUST104296,33,4210.06,5,0,27.9,Month-to-Month,UPI,West,Basic,No,1,50520.72,0.9999580733088609,High,Priority retention call + targeted offer
CUST103365,54,4278.26,1,0,46.3,Month-to-Month,Credit Card,South,Basic,No,1,51339.12,0.9999580136787665,High,Priority retention call + targeted offer
CUST104210,11,4199.97,1,2,21.7,Month-to-Month,Credit Card,East,Standard,Yes,1,50399.64,0.9999572602657236,High,Priority retention call + targeted offer
CUST103503,15,4190.71,1,2,58.1,Month-to-Month,Credit Card,North,Basic,No,1,50288.52,0.9999564660167423,High,Priority retention call + targeted offer
CUST103592,71,4409.29,1,2,57.4,One Year,Net Banking,North,Basic,Yes,1,52911.48,0.9999558603896623,High,Priority retention call + targeted offer
CUST101197,71,4318.9,2,2,10.4,One Year,Debit Card,North,Premium,Yes,1,51826.8,0.9999554045392638,High,Priority retention call + targeted offer
CUST101117,43,4178.35,5,4,6.5,Month-to-Month,Net Banking,North,Premium,Yes,1,50140.2,0.99995330494854,High,Priority retention call + targeted offer
CUST100343,38,4257.2,0,2,54.2,Month-to-Month,Cash,South,Standard,No,1,51086.4,0.999953296048553,High,Priority retention call + targeted offer
CUST101193,51,4311.07,0,0,49.8,Month-to-Month,Credit Card,East,Premium,No,1,51732.84,0.9999526680207946,High,Priority retention call + targeted offer
CUST102731,38,4302.24,3,1,49.0,One Year,Credit Card,East,Basic,No,1,51626.88,0.9999524351999617,High,Priority retention call + targeted offer
CUST103248,11,4130.24,3,3,23.6,Month-to-Month,UPI,South,Standard,No,1,49562.88,0.9999522963249345,High,Priority retention call + targeted offer
CUST103610,41,4359.45,2,1,57.4,Two Year,Credit Card,South,Premium,No,1,52313.4,0.9999520651733006,High,Priority retention call + targeted offer
CUST102116,70,4321.46,3,0,67.5,Month-to-Month,UPI,North,Basic,Yes,1,51857.52,0.999952064614617,High,Priority retention call + targeted offer
CUST102500,51,4320.69,2,2,35.2,One Year,Credit Card,East,Premium,Yes,1,51848.28,0.9999519940641967,High,Priority retention call + targeted offer
CUST102614,8,4286.06,0,1,27.3,One Year,UPI,East,Standard,Yes,1,51432.72,0.9999514416328068,High,Priority retention call + targeted offer
CUST104138,64,4257.27,2,2,40.1,Month-to-Month,UPI,South,Premium,Yes,1,51087.24,0.9999513800441736,High,Priority retention call + targeted offer
CUST100667,62,4265.07,1,2,32.6,Month-to-Month,Net Banking,North,Basic,No,1,51180.84,0.9999509807927496,High,Priority retention call + targeted offer
CUST101912,1,4154.99,1,0,14.1,Month-to-Month,UPI,West,Basic,Yes,1,49859.88,0.9999503909201134,High,Priority retention call + targeted offer
CUST105838,21,4255.5,0,3,32.3,One Year,Net Banking,South,Basic,No,1,51066.0,0.9999503189494706,High,Priority retention call + targeted offer
CUST105924,66,4236.81,0,1,29.1,Month-to-Month,UPI,South,Basic,No,1,50841.72,0.9999501633248474,High,Priority retention call + targeted offer
CUST100320,24,4262.74,1,4,31.9,One Year,Net Banking,East,Basic,Yes,1,51152.88,0.999949989678392,High,Priority retention call + targeted offer
CUST102480,47,4219.95,3,0,12.8,Month-to-Month,Credit Card,East,Basic,Yes,1,50639.4,0.9999497500975225,High,Priority retention call + targeted offer
CUST103890,41,4365.03,3,0,64.3,One Year,Cash,North,Premium,Yes,1,52380.36,0.9999492275564849,High,Priority retention call + targeted offer
CUST105620,2,4236.81,2,1,43.3,Month-to-Month,Net Banking,South,Standard,No,1,50841.72,0.9999489396140877,High,Priority retention call + targeted offer
CUST100871,15,4281.21,3,2,58.0,One Year,Debit Card,South,Standard,No,1,51374.52,0.9999479783109708,High,Priority retention call + targeted offer
CUST100275,35,4322.97,1,0,45.1,Month-to-Month,Net Banking,West,Standard,No,1,51875.64,0.99994789472421,High,Priority retention call + targeted offer
CUST100992,15,4177.19,0,1,45.0,Month-to-Month,Credit Card,South,Basic,No,1,50126.28,0.9999476627892863,High,Priority retention call + targeted offer
CUST100159,57,4231.11,0,1,38.6,Month-to-Month,UPI,South,Basic,No,1,50773.32,0.9999474819805766,High,Priority retention call + targeted offer
CUST102442,1,4187.1,1,1,42.8,Month-to-Month,Credit Card,East,Premium,No,1,50245.2,0.9999470565541355,High,Priority retention call + targeted offer
CUST105505,61,4274.68,5,1,37.3,Month-to-Month,Net Banking,North,Basic,Yes,1,51296.16,0.9999464933253052,High,Priority retention call + targeted offer
CUST105208,36,4364.44,1,0,36.5,Two Year,Net Banking,South,Basic,No,1,52373.28,0.9999463546126853,High,Priority retention call + targeted offer
CUST104651,71,4428.3,1,1,54.6,One Year,Net Banking,North,Standard,No,1,53139.6,0.9999459154671069,High,Priority retention call + targeted offer
CUST103371,18,4289.84,0,1,39.8,Two Year,Credit Card,East,Basic,No,1,51478.08,0.9999459057568205,High,Priority retention call + targeted offer
CUST100370,25,4273.59,1,0,52.3,Month-to-Month,Debit Card,West,Standard,No,1,51283.08,0.99994567330897,High,Priority retention call + targeted offer
CUST102419,31,4290.58,1,2,35.4,One Year,Net Banking,West,Basic,No,1,51486.96,0.9999452734436012,High,Priority retention call + targeted offer
CUST103211,20,4248.63,1,2,24.8,One Year,Debit Card,East,Premium,No,1,50983.56,0.9999449856054047,High,Priority retention call + targeted offer
CUST100484,34,4238.86,3,0,41.0,Month-to-Month,Cash,South,Standard,No,1,50866.32,0.9999435816283931,High,Priority retention call + targeted offer
CUST104735,31,4218.72,3,0,41.3,Month-to-Month,Debit Card,South,Basic,Yes,1,50624.64,0.9999433749391234,High,Priority retention call + targeted offer
CUST102646,41,4329.07,5,1,51.0,Two Year,Credit Card,South,Standard,No,1,51948.84,0.9999423215276623,High,Priority retention call + targeted offer
CUST103279,53,4293.27,2,1,51.7,Month-to-Month,Net Banking,East,Basic,No,1,51519.24,0.9999418660068046,High,Priority retention call + targeted offer
CUST104728,9,4191.59,1,1,37.8,Month-to-Month,Cash,West,Standard,No,1,50299.08,0.9999418347234372,High,Priority retention call + targeted offer
CUST104019,50,4246.28,2,0,23.2,Month-to-Month,UPI,South,Standard,Yes,1,50955.36,0.9999412906385853,High,Priority retention call + targeted offer
CUST102355,27,4219.98,1,0,32.9,Month-to-Month,Cash,South,Standard,No,1,50639.76,0.9999402287993148,High,Priority retention call + targeted offer
CUST103285,34,4194.47,0,0,24.4,Month-to-Month,UPI,South,Basic,Yes,1,50333.64,0.9999400089123909,High,Priority retention call + targeted offer
CUST101870,4,4271.4,2,0,45.2,Two Year,Credit Card,North,Basic,Yes,1,51256.8,0.9999398072516229,High,Priority retention call + targeted offer
CUST101597,53,4199.45,5,1,39.1,Month-to-Month,Debit Card,North,Basic,No,1,50393.4,0.9999394936505742,High,Priority retention call + targeted offer
CUST102404,28,4181.61,2,2,58.0,Month-to-Month,UPI,North,Basic,Yes,1,50179.32,0.9999393695614961,High,Priority retention call + targeted offer
CUST103526,10,4194.21,4,0,36.4,Month-to-Month,Net Banking,South,Basic,No,1,50330.52,0.9999388487757458,High,Priority retention call + targeted offer
CUST101322,40,4279.18,1,0,67.4,Month-to-Month,UPI,North,Standard,No,1,51350.16,0.9999365555352009,High,Priority retention call + targeted offer
CUST102113,66,4194.18,4,2,21.3,Month-to-Month,UPI,South,Standard,No,1,50330.16,0.9999355882519729,High,Priority retention call + targeted offer
CUST104121,69,4191.19,3,3,45.9,Month-to-Month,UPI,West,Basic,No,1,50294.28,0.9999354219873077,High,Priority retention call + targeted offer
CUST100915,34,4153.0,2,2,45.6,Month-to-Month,UPI,South,Basic,No,1,49836.0,0.9999352401753835,High,Priority retention call + targeted offer
CUST104948,20,4136.85,2,2,11.8,Month-to-Month,UPI,East,Standard,No,1,49642.2,0.9999352247701813,High,Priority retention call + targeted offer
CUST103115,36,4113.69,6,5,48.1,Month-to-Month,Credit Card,South,Premium,Yes,1,49364.28,0.9999352180586699,High,Priority retention call + targeted offer
CUST103294,14,4183.2,3,0,13.1,One Year,Credit Card,South,Basic,No,1,50198.4,0.9999346167803095,High,Priority retention call + targeted offer
CUST104534,3,4123.68,1,1,34.1,Month-to-Month,Credit Card,West,Basic,No,1,49484.16,0.9999343054755349,High,Priority retention call + targeted offer
CUST100286,12,4302.02,3,0,77.3,Month-to-Month,Net Banking,North,Standard,Yes,1,51624.24,0.9999340289684786,High,Priority retention call + targeted offer
CUST101732,51,4174.25,1,2,40.3,Month-to-Month,Credit Card,North,Basic,No,1,50091.0,0.9999336020380853,High,Priority retention call + targeted offer
CUST101184,31,4272.12,1,3,62.6,One Year,Credit Card,West,Standard,No,1,51265.44,0.999933587152177,High,Priority retention call + targeted offer
CUST105379,37,4219.65,4,0,47.9,Month-to-Month,Credit Card,East,Basic,Yes,1,50635.8,0.9999332310790178,High,Priority retention call + targeted offer
CUST103493,54,4261.15,0,1,55.3,Month-to-Month,Credit Card,South,Standard,No,1,51133.8,0.9999329822338981,High,Priority retention call + targeted offer
CUST102382,67,4379.79,2,1,66.9,One Year,Debit Card,West,Standard,No,1,52557.48,0.9999320380808936,High,Priority retention call + targeted offer
CUST105761,12,4092.56,7,4,38.9,Month-to-Month,UPI,East,Standard,No,1,49110.72,0.9999320080692168,High,Priority retention call + targeted offer
CUST103990,55,4350.41,0,2,52.6,One Year,Net Banking,East,Basic,Yes,1,52204.92,0.9999303575642241,High,Priority retention call + targeted offer
CUST105210,8,4277.92,0,1,48.1,Two Year,UPI,South,Standard,No,1,51335.04,0.9999302872404371,High,Priority retention call + targeted offer
CUST105581,61,4219.34,0,1,48.4,Month-to-Month,UPI,South,Basic,No,1,50632.08,0.9999294263961033,High,Priority retention call + targeted offer
CUST102235,57,4317.96,3,0,31.3,Two Year,UPI,West,Basic,Yes,1,51815.52,0.9999287271746137,High,Priority retention call + targeted offer
CUST104868,67,4267.18,2,2,15.8,One Year,Credit Card,West,Standard,No,1,51206.16,0.9999282126977274,High,Priority retention call + targeted offer
CUST101943,3,4230.67,1,1,73.1,Month-to-Month,Debit Card,West,Standard,Yes,1,50768.04,0.999927732265322,High,Priority retention call + targeted offer
CUST101123,18,4152.4,2,1,33.6,Month-to-Month,UPI,West,Premium,No,1,49828.8,0.9999270701323892,High,Priority retention call + targeted offer
CUST104547,61,4257.13,3,2,46.7,One Year,UPI,West,Basic,No,1,51085.56,0.9999257919124995,High,Priority retention call + targeted offer
CUST100300,27,4156.74,0,2,11.7,Month-to-Month,Net Banking,East,Basic,No,1,49880.88,0.9999245187982798,High,Priority retention call + targeted offer
CUST102134,32,4180.0,3,0,24.3,Month-to-Month,UPI,East,Premium,No,1,50160.0,0.9999244794213678,High,Priority retention call + targeted offer
CUST100605,39,4149.4,1,3,53.4,Month-to-Month,Credit Card,West,Basic,No,1,49792.8,0.9999244179124529,High,Priority retention call + targeted offer
CUST102903,45,4219.01,2,0,37.6,Month-to-Month,UPI,South,Standard,No,1,50628.12,0.9999239200899486,High,Priority retention call + targeted offer
CUST102536,24,4217.03,2,2,42.0,Two Year,UPI,North,Basic,No,1,50604.36,0.9999236225110273,High,Priority retention call + targeted offer
CUST103386,56,4274.66,3,1,51.0,Month-to-Month,Net Banking,East,Basic,Yes,1,51295.92,0.9999235079059682,High,Priority retention call + targeted offer
CUST101529,67,4394.96,2,0,54.7,Two Year,UPI,East,Standard,No,1,52739.52,0.9999230193696541,High,Priority retention call + targeted offer
CUST101540,35,4175.51,3,0,31.9,Month-to-Month,UPI,North,Premium,No,1,50106.12,0.9999222620143076,High,Priority retention call + targeted offer
CUST101709,16,4169.02,2,1,41.3,Month-to-Month,Credit Card,South,Standard,Yes,1,50028.24,0.9999217033716639,High,Priority retention call + targeted offer
CUST102812,15,4155.32,0,1,36.2,Month-to-Month,UPI,South,Standard,No,1,49863.84,0.9999204363978831,High,Priority retention call + targeted offer
CUST103322,57,4219.22,3,1,26.6,Month-to-Month,Net Banking,North,Basic,Yes,1,50630.64,0.9999198884215057,High,Priority retention call + targeted offer
CUST105188,59,4214.7,1,1,44.7,Month-to-Month,Credit Card,West,Basic,Yes,1,50576.4,0.9999196224031368,High,Priority retention call + targeted offer
CUST103667,14,4171.69,2,2,50.2,Month-to-Month,UPI,East,Standard,Yes,1,50060.28,0.9999194174660507,High,Priority retention call + targeted offer
CUST101718,30,4291.08,1,0,78.3,Month-to-Month,Net Banking,West,Basic,Yes,1,51492.96,0.9999188823953868,High,Priority retention call + targeted offer
CUST103251,54,4310.65,0,1,72.2,One Year,Debit Card,South,Basic,No,1,51727.8,0.9999180235040256,High,Priority retention call + targeted offer
CUST101046,18,4052.75,3,2,2.0,Month-to-Month,UPI,East,Basic,No,1,48633.0,0.9999179209584632,High,Priority retention call + targeted offer
CUST102297,36,4154.66,2,0,18.1,Month-to-Month,Debit Card,West,Basic,No,1,49855.92,0.999917546307359,High,Priority retention call + targeted offer
CUST101662,14,4155.57,6,1,37.7,Month-to-Month,Net Banking,East,Basic,No,1,49866.84,0.9999167358348052,High,Priority retention call + targeted offer
CUST101084,15,4264.31,1,0,24.7,Two Year,Debit Card,South,Standard,No,1,51171.72,0.999916611496715,High,Priority retention call + targeted offer
CUST104888,25,4295.34,1,2,62.4,Two Year,Net Banking,North,Basic,No,1,51544.08,0.9999160975815701,High,Priority retention call + targeted offer
CUST104133,37,4229.54,2,0,45.9,Month-to-Month,Debit Card,West,Premium,Yes,1,50754.48,0.9999158883200054,High,Priority retention call + targeted offer
CUST100281,36,4318.67,1,1,30.2,Two Year,Net Banking,West,Premium,No,1,51824.04,0.9999156899295905,High,Priority retention call + targeted offer
CUST103956,38,4293.48,1,1,36.3,Two Year,UPI,South,Standard,Yes,1,51521.76,0.9999156288632776,High,Priority retention call + targeted offer
CUST100536,33,4230.04,4,1,50.9,One Year,UPI,East,Basic,No,1,50760.48,0.9999155706115496,High,Priority retention call + targeted offer
CUST100551,29,4161.78,3,0,43.0,Month-to-Month,UPI,North,Basic,Yes,1,49941.36,0.9999149370558955,High,Priority retention call + targeted offer
CUST104222,60,4135.54,2,2,26.5,Month-to-Month,UPI,South,Basic,No,1,49626.48,0.999914884779722,High,Priority retention call + targeted offer
CUST104480,34,4216.02,1,1,59.9,Month-to-Month,Debit Card,North,Standard,No,1,50592.24,0.9999121784815672,High,Priority retention call + targeted offer
CUST104215,72,4270.29,5,0,56.2,Month-to-Month,Cash,West,Standard,No,1,51243.48,0.9999116848360259,High,Priority retention call + targeted offer
CUST105475,39,4309.67,3,1,42.9,Two Year,Cash,East,Standard,Yes,1,51716.04,0.9999102754863799,High,Priority retention call + targeted offer
CUST101986,60,4270.07,3,0,43.0,One Year,UPI,West,Basic,No,1,51240.84,0.9999091390907459,High,Priority retention call + targeted offer
CUST100115,41,4177.88,0,0,4.9,Month-to-Month,UPI,West,Standard,Yes,1,50134.56,0.999908575770377,High,Priority retention call + targeted offer
CUST104554,52,4258.59,6,0,35.6,One Year,UPI,South,Standard,No,1,51103.08,0.9999084531577893,High,Priority retention call + targeted offer
CUST105624,15,4206.59,2,2,42.7,One Year,Credit Card,East,Standard,No,1,50479.08,0.9999073631000203,High,Priority retention call + targeted offer
CUST100835,56,4220.3,2,0,46.9,Month-to-Month,Debit Card,East,Basic,No,1,50643.6,0.9999064331328573,High,Priority retention call + targeted offer
CUST105563,8,4283.11,5,0,61.5,One Year,Net Banking,South,Standard,No,1,51397.32,0.9999055578094086,High,Priority retention call + targeted offer
CUST105859,51,4314.14,2,2,29.2,Two Year,Net Banking,West,Standard,No,1,51769.68,0.999904398490577,High,Priority retention call + targeted offer
CUST105412,37,4239.59,0,1,41.0,Month-to-Month,Net Banking,South,Standard,Yes,1,50875.08,0.9999031746743423,High,Priority retention call + targeted offer
CUST102880,3,4171.74,3,2,51.5,One Year,UPI,South,Premium,Yes,1,50060.88,0.9999023635630779,High,Priority retention call + targeted offer
CUST102446,56,4291.72,4,2,83.9,Month-to-Month,Net Banking,East,Premium,Yes,1,51500.64,0.9999011171057162,High,Priority retention call + targeted offer
CUST101988,16,4110.73,2,3,58.8,Month-to-Month,Credit Card,West,Premium,No,1,49328.76,0.9999004708403301,High,Priority retention call + targeted offer
CUST103653,38,4129.03,4,1,40.9,Month-to-Month,Debit Card,South,Basic,No,1,49548.36,0.9998997745381462,High,Priority retention call + targeted offer
CUST103298,39,4151.04,1,3,57.5,Month-to-Month,Credit Card,South,Standard,No,1,49812.48,0.9998994020165314,High,Priority retention call + targeted offer
CUST100514,70,4276.45,1,1,40.6,One Year,Cash,North,Premium,No,1,51317.4,0.9998983127026635,High,Priority retention call + targeted offer
CUST105963,21,4179.05,3,2,50.3,One Year,Debit Card,West,Basic,No,1,50148.6,0.9998973031129905,High,Priority retention call + targeted offer
CUST100814,57,4190.0,2,0,23.5,Month-to-Month,Debit Card,East,Basic,Yes,1,50280.0,0.9998968894316067,High,Priority retention call + targeted offer
CUST104155,14,4121.64,2,2,44.4,Month-to-Month,UPI,East,Premium,Yes,1,49459.68,0.9998952552969385,High,Priority retention call + targeted offer
CUST101024,60,4281.56,4,1,63.4,One Year,Credit Card,West,Premium,No,1,51378.72,0.999894860792287,High,Priority retention call + targeted offer
CUST104581,70,4256.5,1,1,64.3,Month-to-Month,UPI,South,Standard,Yes,1,51078.0,0.9998945403040064,High,Priority retention call + targeted offer
CUST104464,33,4198.36,4,0,66.7,Month-to-Month,Credit Card,North,Standard,No,1,50380.32,0.9998944180595299,High,Priority retention call + targeted offer
CUST105989,41,4183.43,3,0,33.5,Month-to-Month,UPI,West,Standard,Yes,1,50201.16,0.9998888926602967,High,Priority retention call + targeted offer
CUST100865,51,4123.12,2,1,9.6,Month-to-Month,Cash,East,Basic,Yes,1,49477.44,0.9998886151073236,High,Priority retention call + targeted offer
CUST100887,14,4254.69,1,1,48.7,One Year,Net Banking,North,Standard,No,1,51056.28,0.999888379186311,High,Priority retention call + targeted offer
CUST102893,66,4261.88,1,1,36.1,One Year,UPI,South,Standard,No,1,51142.56,0.9998877215779121,High,Priority retention call + targeted offer
CUST103258,41,4140.46,2,0,42.9,Month-to-Month,UPI,South,Basic,No,1,49685.52,0.9998861770936905,High,Priority retention call + targeted offer
CUST100789,1,4228.62,0,0,76.3,One Year,Cash,East,Basic,No,1,50743.44,0.9998847690929481,High,Priority retention call + targeted offer
CUST100790,7,4202.35,1,0,42.0,One Year,UPI,East,Premium,No,1,50428.2,0.9998845640269168,High,Priority retention call + targeted offer
CUST101296,19,4195.41,2,1,43.0,One Year,UPI,East,Premium,No,1,50344.92,0.9998835251955157,High,Priority retention call + targeted offer
CUST103226,42,4287.17,1,0,64.1,Two Year,UPI,South,Basic,Yes,1,51446.04,0.9998815244033947,High,Priority retention call + targeted offer
CUST104911,39,4209.88,3,0,34.8,One Year,Credit Card,West,Basic,Yes,1,50518.56,0.999880971619216,High,Priority retention call + targeted offer
CUST103189,61,4238.75,4,0,35.4,One Year,UPI,West,Basic,Yes,1,50865.0,0.999880735235802,High,Priority retention call + targeted offer
CUST104567,51,4229.72,1,0,66.6,Month-to-Month,Cash,South,Standard,No,1,50756.64,0.9998801142431999,High,Priority retention call + targeted offer
CUST101502,17,4132.66,1,1,29.2,Month-to-Month,Net Banking,East,Basic,No,1,49591.92,0.9998801111200628,High,Priority retention call + targeted offer
CUST103564,57,4154.78,0,0,33.2,Month-to-Month,UPI,South,Basic,No,1,49857.36,0.9998799607093563,High,Priority retention call + targeted offer
CUST105483,61,4230.07,3,0,41.9,One Year,UPI,North,Basic,No,1,50760.84,0.9998795158665396,High,Priority retention call + targeted offer
CUST104536,6,4067.73,3,1,36.1,Month-to-Month,UPI,West,Basic,Yes,1,48812.76,0.9998794656941599,High,Priority retention call + targeted offer
CUST103113,67,4164.51,1,1,38.7,Month-to-Month,Credit Card,South,Basic,Yes,1,49974.12,0.9998793997709453,High,Priority retention call + targeted offer
CUST102955,72,4186.91,1,1,37.2,Month-to-Month,Debit Card,East,Basic,No,1,50242.92,0.9998790241492634,High,Priority retention call + targeted offer
CUST103593,41,4211.35,3,1,32.0,Two Year,UPI,East,Basic,No,1,50536.2,0.9998786911161834,High,Priority retention call + targeted offer
CUST104684,38,4115.35,2,1,30.2,Month-to-Month,Debit Card,North,Basic,Yes,1,49384.2,0.9998785916328214,High,Priority retention call + targeted offer
CUST105419,47,4122.01,2,1,43.4,Month-to-Month,UPI,South,Basic,No,1,49464.12,0.9998780463812987,High,Priority retention call + targeted offer
CUST104315,20,4197.1,1,1,25.4,Two Year,UPI,South,Premium,Yes,1,50365.2,0.9998779205101802,High,Priority retention call + targeted offer
CUST105502,3,4135.67,1,0,56.4,Month-to-Month,UPI,North,Standard,No,1,49628.04,0.9998772623776108,High,Priority retention call + targeted offer
CUST100243,47,4149.4,0,2,43.1,Month-to-Month,Credit Card,East,Premium,No,1,49792.8,0.9998758782025835,High,Priority retention call + targeted offer
CUST103717,19,4101.35,2,1,54.1,Month-to-Month,UPI,West,Basic,No,1,49216.2,0.9998742829489577,High,Priority retention call + targeted offer
CUST105101,40,4127.06,1,2,43.3,Month-to-Month,Credit Card,North,Standard,No,1,49524.72,0.9998716514328975,High,Priority retention call + targeted offer
CUST100410,13,4060.34,2,1,17.0,Month-to-Month,Debit Card,West,Basic,Yes,1,48724.08,0.999870008939305,High,Priority retention call + targeted offer
CUST105094,32,4206.8,1,0,19.1,One Year,UPI,East,Standard,No,1,50481.6,0.9998686052825351,High,Priority retention call + targeted offer
CUST102484,25,4254.36,2,0,43.9,Two Year,Cash,West,Standard,No,1,51052.32,0.9998685152141011,High,Priority retention call + targeted offer
CUST105118,63,4170.42,4,2,58.6,Month-to-Month,Debit Card,East,Basic,Yes,1,50045.04,0.9998665970808084,High,Priority retention call + targeted offer
CUST100305,11,4200.08,2,2,39.9,One Year,Net Banking,West,Premium,Yes,1,50400.96,0.9998655446483039,High,Priority retention call + targeted offer
CUST102101,49,4315.29,1,1,62.5,One Year,Net Banking,West,Standard,No,1,51783.48,0.9998632635326108,High,Priority retention call + targeted offer
CUST104150,24,4163.32,0,1,38.9,Month-to-Month,Net Banking,West,Premium,No,1,49959.84,0.9998628872598172,High,Priority retention call + targeted offer
CUST104016,20,4043.45,3,1,20.8,Month-to-Month,Credit Card,South,Basic,Yes,1,48521.4,0.9998626103582858,High,Priority retention call + targeted offer
CUST102746,17,4134.64,4,0,50.4,Month-to-Month,Cash,West,Standard,No,1,49615.68,0.9998618077095497,High,Priority retention call + targeted offer
CUST104968,3,4130.58,1,1,26.9,One Year,UPI,North,Standard,No,1,49566.96,0.9998616249813311,High,Priority retention call + targeted offer
CUST102590,6,4133.75,1,3,27.5,One Year,Net Banking,North,Premium,No,1,49605.0,0.9998616227241258,High,Priority retention call + targeted offer
CUST101582,38,4250.09,1,0,63.0,Month-to-Month,Net Banking,South,Standard,Yes,1,51001.08,0.9998615485911386,High,Priority retention call + targeted offer
CUST104708,56,4145.34,0,0,29.7,Month-to-Month,Debit Card,South,Basic,No,1,49744.08,0.9998612731409557,High,Priority retention call + targeted offer
CUST100213,33,4119.18,3,0,54.8,Month-to-Month,Credit Card,North,Basic,No,1,49430.16,0.999860176852605,High,Priority retention call + targeted offer
CUST104999,36,4187.99,1,0,54.1,Month-to-Month,Cash,East,Premium,Yes,1,50255.88,0.9998594365148311,High,Priority retention call + targeted offer
CUST102016,30,4128.62,1,0,52.3,Month-to-Month,UPI,West,Basic,No,1,49543.44,0.9998588019245925,High,Priority retention call + targeted offer
CUST102677,64,4213.46,1,2,36.9,One Year,Credit Card,South,Premium,Yes,1,50561.52,0.999858369103735,High,Priority retention call + targeted offer
CUST101068,25,4184.74,3,0,18.9,Two Year,Credit Card,East,Basic,Yes,1,50216.88,0.9998580091320172,High,Priority retention call + targeted offer
CUST104390,14,4113.44,3,2,20.1,One Year,UPI,West,Standard,No,1,49361.28,0.9998577182846272,High,Priority retention call + targeted offer
CUST103139,36,4075.01,2,3,2.0,One Year,Credit Card,East,Basic,No,1,48900.12,0.9998560952033378,High,Priority retention call + targeted offer
CUST103199,20,4181.09,4,0,43.9,Month-to-Month,Net Banking,East,Standard,No,1,50173.08,0.9998555786643462,High,Priority retention call + targeted offer
CUST102957,36,4111.58,1,0,35.7,Month-to-Month,Credit Card,West,Basic,No,1,49338.96,0.999855202236274,High,Priority retention call + targeted offer
CUST100315,48,4159.58,4,0,36.8,Month-to-Month,Net Banking,North,Basic,No,1,49914.96,0.9998548571554532,High,Priority retention call + targeted offer
CUST105610,20,4242.63,2,1,73.5,One Year,Debit Card,East,Standard,No,1,50911.56,0.9998541958547509,High,Priority retention call + targeted offer
CUST101148,50,4146.68,2,0,32.0,Month-to-Month,UPI,North,Standard,No,1,49760.16,0.9998515180196117,High,Priority retention call + targeted offer
CUST100137,3,4144.95,2,0,28.7,Two Year,UPI,West,Basic,No,1,49739.4,0.9998512616281916,High,Priority retention call + targeted offer
CUST104946,27,4034.96,1,2,21.3,Month-to-Month,Credit Card,South,Basic,Yes,1,48419.52,0.9998511085618718,High,Priority retention call + targeted offer
CUST100239,46,4274.33,2,2,57.4,One Year,Net Banking,East,Standard,No,1,51291.96,0.999848876046598,High,Priority retention call + targeted offer
CUST101864,61,4130.79,1,1,47.2,Month-to-Month,Credit Card,North,Basic,No,1,49569.48,0.9998481731823203,High,Priority retention call + targeted offer
CUST101891,18,4033.89,5,1,21.9,Month-to-Month,Cash,South,Premium,No,1,48406.68,0.9998450239019064,High,Priority retention call + targeted offer
CUST102994,56,4185.36,0,0,43.7,Month-to-Month,Credit Card,West,Standard,No,1,50224.32,0.9998418724157117,High,Priority retention call + targeted offer
CUST104813,41,4139.67,2,1,56.4,Month-to-Month,UPI,South,Standard,No,1,49676.04,0.9998413865092675,High,Priority retention call + targeted offer
CUST100636,17,4135.95,2,1,52.9,Month-to-Month,Net Banking,West,Basic,Yes,1,49631.4,0.9998405001366072,High,Priority retention call + targeted offer
CUST102526,34,4189.15,0,1,37.3,One Year,UPI,West,Standard,No,1,50269.8,0.9998368176716822,High,Priority retention call + targeted offer
CUST101488,8,4041.88,3,1,45.7,Month-to-Month,UPI,South,Basic,Yes,1,48502.56,0.9998366863707738,High,Priority retention call + targeted offer
CUST105352,9,4124.8,0,1,39.1,Month-to-Month,Net Banking,North,Standard,No,1,49497.6,0.9998351905517587,High,Priority retention call + targeted offer
CUST105009,20,4020.19,3,2,41.9,Month-to-Month,Credit Card,North,Basic,No,1,48242.28,0.9998333799528394,High,Priority retention call + targeted offer
CUST102533,13,4087.46,2,1,46.8,Month-to-Month,UPI,West,Standard,No,1,49049.52,0.9998329061076163,High,Priority retention call + targeted offer
CUST104648,22,4233.9,2,0,61.7,One Year,Debit Card,East,Standard,No,1,50806.8,0.9998315127257059,High,Priority retention call + targeted offer
CUST104935,43,4161.14,0,0,46.4,Month-to-Month,UPI,West,Premium,Yes,1,49933.68,0.9998314773010312,High,Priority retention call + targeted offer
CUST101164,38,4099.48,0,1,31.7,Month-to-Month,Credit Card,West,Premium,No,1,49193.76,0.9998312482059919,High,Priority retention call + targeted offer
CUST100065,24,4101.39,2,1,52.4,Month-to-Month,UPI,North,Standard,No,1,49216.68,0.9998306525487,High,Priority retention call + targeted offer
CUST102468,2,4004.64,1,2,45.3,Month-to-Month,UPI,South,Basic,No,1,48055.68,0.999830506542871,High,Priority retention call + targeted offer
CUST103899,67,4212.46,1,0,24.2,One Year,Cash,North,Premium,No,1,50549.52,0.9998282764841823,High,Priority retention call + targeted offer
CUST102307,12,4133.75,4,1,40.1,One Year,UPI,West,Standard,No,1,49605.0,0.9998265517884738,High,Priority retention call + targeted offer
CUST104687,21,4022.74,5,0,8.7,Month-to-Month,UPI,West,Basic,Yes,1,48272.88,0.9998262122669068,High,Priority retention call + targeted offer
CUST102637,54,4151.04,2,1,17.8,One Year,Credit Card,South,Premium,No,1,49812.48,0.9998241910686688,High,Priority retention call + targeted offer
CUST104266,26,4116.25,0,2,41.0,One Year,UPI,West,Basic,No,1,49395.0,0.9998231682542348,High,Priority retention call + targeted offer
CUST104159,3,4115.01,3,1,39.1,Month-to-Month,Net Banking,West,Standard,Yes,1,49380.12,0.9998226743035119,High,Priority retention call + targeted offer
CUST100169,2,4059.3,2,1,26.6,One Year,UPI,South,Basic,No,1,48711.6,0.9998214975802142,High,Priority retention call + targeted offer
CUST101156,9,4030.11,1,1,36.3,Month-to-Month,Debit Card,South,Basic,No,1,48361.32,0.9998210974113649,High,Priority retention call + targeted offer
CUST102422,8,4154.87,4,2,50.2,Two Year,Net Banking,South,Basic,No,1,49858.44,0.9998207482080932,High,Priority retention call + targeted offer
CUST102951,37,4060.77,5,1,44.2,Month-to-Month,Credit Card,West,Basic,No,1,48729.24,0.9998185941309292,High,Priority retention call + targeted offer
CUST103069,6,4150.45,2,0,47.4,One Year,UPI,South,Standard,No,1,49805.4,0.999817797790176,High,Priority retention call + targeted offer
CUST100621,35,4219.54,3,0,43.8,One Year,Debit Card,West,Standard,Yes,1,50634.48,0.9998177918774167,High,Priority retention call + targeted offer
CUST105093,70,4239.45,1,1,58.7,Month-to-Month,Net Banking,West,Standard,No,1,50873.4,0.9998175741386868,High,Priority retention call + targeted offer
CUST102287,60,4218.21,1,0,38.2,Two Year,UPI,South,Basic,No,1,50618.52,0.9998174558992993,High,Priority retention call + targeted offer
CUST101258,39,4104.13,1,2,60.2,Month-to-Month,Credit Card,East,Basic,Yes,1,49249.56,0.9998169290247712,High,Priority retention call + targeted offer
CUST102145,32,4132.64,3,1,55.2,Month-to-Month,Net Banking,North,Basic,Yes,1,49591.68,0.9998164420966367,High,Priority retention call + targeted offer
CUST102086,53,4171.75,2,2,33.8,Two Year,Credit Card,East,Basic,No,1,50061.0,0.9998162985072692,High,Priority retention call + targeted offer
CUST102098,55,4102.66,1,1,31.8,Month-to-Month,Debit Card,North,Basic,Yes,1,49231.92,0.999814744288855,High,Priority retention call + targeted offer
CUST102700,64,4231.8,1,1,46.9,Two Year,Credit Card,East,Basic,No,1,50781.6,0.9998142231884886,High,Priority retention call + targeted offer
CUST105690,27,4097.85,4,0,46.8,Month-to-Month,Credit Card,South,Standard,No,1,49174.2,0.99981214722687,High,Priority retention call + targeted offer
CUST101583,30,4090.03,2,0,57.1,Month-to-Month,Credit Card,South,Basic,No,1,49080.36,0.999811524584548,High,Priority retention call + targeted offer
CUST105396,68,4150.83,0,1,42.0,Month-to-Month,UPI,South,Standard,No,1,49809.96,0.9998111121738101,High,Priority retention call + targeted offer
CUST104274,3,4041.28,3,2,50.5,Month-to-Month,Cash,West,Premium,Yes,1,48495.36,0.9998101495724372,High,Priority retention call + targeted offer
CUST101744,16,4078.8,0,1,23.8,Month-to-Month,Debit Card,West,Standard,Yes,1,48945.6,0.9998081898716942,High,Priority retention call + targeted offer
CUST102237,20,3999.04,2,4,64.6,Month-to-Month,UPI,North,Basic,No,1,47988.48,0.9998058644827527,High,Priority retention call + targeted offer
CUST105442,67,4211.78,1,0,41.7,One Year,UPI,East,Basic,No,1,50541.36,0.9998021095475184,High,Priority retention call + targeted offer
CUST104761,62,4099.83,1,2,37.2,Month-to-Month,Cash,East,Basic,Yes,1,49197.96,0.9997992059599359,High,Priority retention call + targeted offer
CUST100893,71,4139.66,4,2,66.4,Month-to-Month,UPI,West,Premium,No,1,49675.92,0.9997981734527319,High,Priority retention call + targeted offer
CUST100719,44,4138.56,4,2,71.9,Month-to-Month,UPI,East,Standard,Yes,1,49662.72,0.9997962172876184,High,Priority retention call + targeted offer
CUST103734,24,4092.94,3,0,31.9,Month-to-Month,Net Banking,South,Basic,Yes,1,49115.28,0.9997902832318356,High,Priority retention call + targeted offer
CUST105466,3,4047.55,0,1,57.2,Month-to-Month,UPI,West,Basic,Yes,1,48570.6,0.9997891653578755,High,Priority retention call + targeted offer
CUST100993,32,4069.08,2,0,50.1,Month-to-Month,UPI,South,Basic,No,1,48828.96,0.9997864818804723,High,Priority retention call + targeted offer
CUST105607,43,4141.41,0,0,39.8,Month-to-Month,Debit Card,South,Standard,Yes,1,49696.92,0.9997847075420658,High,Priority retention call + targeted offer
CUST102350,39,4199.09,4,0,48.7,One Year,Debit Card,North,Standard,Yes,1,50389.08,0.999782134466485,High,Priority retention call + targeted offer
CUST105477,51,4068.47,2,1,33.7,Month-to-Month,Credit Card,East,Basic,No,1,48821.64,0.999780837732166,High,Priority retention call + targeted offer
CUST105285,42,4120.43,2,1,14.1,One Year,UPI,East,Premium,No,1,49445.16,0.9997807480670264,High,Priority retention call + targeted offer
CUST103827,40,4172.16,1,0,45.4,One Year,Cash,West,Basic,Yes,1,50065.92,0.9997769313683624,High,Priority retention call + targeted offer
CUST100682,70,4147.93,0,1,35.1,Month-to-Month,UPI,West,Standard,Yes,1,49775.16,0.9997764614388742,High,Priority retention call + targeted offer
CUST104872,5,4145.74,0,0,35.7,One Year,Cash,West,Standard,Yes,1,49748.88,0.9997758095487866,High,Priority retention call + targeted offer
CUST105868,67,4097.65,2,2,65.8,Month-to-Month,UPI,North,Basic,No,1,49171.8,0.999774209345674,High,Priority retention call + targeted offer
CUST104268,4,4012.84,1,0,41.2,Month-to-Month,Credit Card,North,Basic,No,1,48154.08,0.999773224707111,High,Priority retention call + targeted offer
CUST101973,25,4063.57,1,0,50.1,Month-to-Month,UPI,West,Basic,No,1,48762.84,0.9997667837581841,High,Priority retention call + targeted offer
CUST105910,15,4082.44,4,0,49.8,Month-to-Month,Debit Card,West,Standard,No,1,48989.28,0.9997662370837237,High,Priority retention call + targeted offer
CUST100675,53,4065.17,3,2,55.2,Month-to-Month,Debit Card,North,Basic,No,1,48782.04,0.9997660260756579,High,Priority retention call + targeted offer
CUST100369,56,4233.36,1,0,60.2,Month-to-Month,Net Banking,East,Standard,Yes,1,50800.32,0.999764627369849,High,Priority retention call + targeted offer
CUST104151,39,4154.87,3,0,17.3,One Year,Credit Card,East,Standard,Yes,1,49858.44,0.9997645222885095,High,Priority retention call + targeted offer
CUST100386,5,4051.28,2,0,24.1,Month-to-Month,Debit Card,West,Standard,Yes,1,48615.36,0.9997641041041169,High,Priority retention call + targeted offer
CUST101783,69,4155.44,3,1,71.3,Month-to-Month,Credit Card,South,Standard,No,1,49865.28,0.9997620232607527,High,Priority retention call + targeted offer
CUST102173,56,4179.03,2,1,74.6,Month-to-Month,Debit Card,West,Standard,Yes,1,50148.36,0.9997603905456987,High,Priority retention call + targeted offer
CUST101824,56,4139.82,1,0,42.5,Month-to-Month,UPI,East,Premium,Yes,1,49677.84,0.9997603125308724,High,Priority retention call + targeted offer
CUST102403,40,4075.29,2,0,46.1,Month-to-Month,Credit Card,South,Basic,Yes,1,48903.48,0.9997592386855537,High,Priority retention call + targeted offer
CUST102881,18,4048.14,0,2,61.4,Month-to-Month,Debit Card,East,Basic,No,1,48577.68,0.9997571208168153,High,Priority retention call + targeted offer
CUST101805,4,4094.58,0,1,29.0,Two Year,Debit Card,West,Basic,No,1,49134.96,0.9997551335192594,High,Priority retention call + targeted offer
CUST105291,64,4196.61,3,1,58.4,One Year,Debit Card,North,Premium,No,1,50359.32,0.9997547790676,High,Priority retention call + targeted offer
CUST101804,10,4189.81,2,0,55.9,One Year,Net Banking,North,Standard,No,1,50277.72,0.9997547141341954,High,Priority retention call + targeted offer
CUST103193,14,4059.91,1,1,41.2,Month-to-Month,Net Banking,West,Basic,No,1,48718.92,0.9997533911676124,High,Priority retention call + targeted offer
CUST102183,47,4083.65,3,0,41.9,Month-to-Month,Debit Card,South,Basic,Yes,1,49003.8,0.9997507394055217,High,Priority retention call + targeted offer
CUST100468,14,4107.43,0,1,37.8,One Year,UPI,East,Premium,No,1,49289.16,0.999750115465515,High,Priority retention call + targeted offer
CUST102335,39,4014.71,3,3,15.3,Month-to-Month,Net Banking,East,Basic,No,1,48176.52,0.9997485980361274,High,Priority retention call + targeted offer
CUST103857,2,4018.85,1,0,32.2,Month-to-Month,Debit Card,West,Basic,Yes,1,48226.2,0.9997463838386095,High,Priority retention call + targeted offer
CUST105821,51,4150.18,2,2,41.9,One Year,Net Banking,North,Basic,No,1,49802.16,0.9997461770235235,High,Priority retention call + targeted offer
CUST103960,69,4235.52,1,0,57.4,Two Year,Debit Card,North,Basic,No,1,50826.24,0.9997425027170012,High,Priority retention call + targeted offer
CUST102337,59,4159.75,1,0,33.7,Month-to-Month,Net Banking,North,Standard,No,1,49917.0,0.9997397975283606,High,Priority retention call + targeted offer
CUST103004,51,4040.52,2,2,28.7,Month-to-Month,Credit Card,North,Premium,Yes,1,48486.24,0.9997397780029704,High,Priority retention call + targeted offer
CUST100828,63,4035.32,1,1,17.3,Month-to-Month,Cash,South,Basic,No,1,48423.84,0.999738419796313,High,Priority retention call + targeted offer
CUST102310,21,4104.45,2,1,43.0,One Year,Debit Card,West,Basic,Yes,1,49253.4,0.9997359989166575,High,Priority retention call + targeted offer
CUST101045,12,4018.77,4,1,39.7,Month-to-Month,Debit Card,South,Standard,No,1,48225.24,0.999734232884038,High,Priority retention call + targeted offer
CUST103949,13,4074.75,3,1,41.3,One Year,Debit Card,North,Basic,Yes,1,48897.0,0.9997339883490635,High,Priority retention call + targeted offer
CUST104653,16,3987.3,1,3,17.2,Month-to-Month,Debit Card,West,Standard,Yes,1,47847.6,0.9997337019490445,High,Priority retention call + targeted offer
CUST105512,66,4044.19,5,3,50.8,Month-to-Month,Credit Card,South,Premium,No,1,48530.28,0.9997328791246103,High,Priority retention call + targeted offer
CUST101504,44,4099.88,4,1,34.9,Month-to-Month,Net Banking,South,Standard,No,1,49198.56,0.9997325193958211,High,Priority retention call + targeted offer
CUST101734,63,4074.77,2,1,18.2,Month-to-Month,Credit Card,North,Standard,Yes,1,48897.24,0.9997322237886207,High,Priority retention call + targeted offer
CUST100548,38,4178.28,1,1,67.0,One Year,Credit Card,West,Standard,No,1,50139.36,0.9997279578054802,High,Priority retention call + targeted offer
CUST103423,28,4087.81,3,1,38.3,One Year,Credit Card,North,Premium,No,1,49053.72,0.9997240982739205,High,Priority retention call + targeted offer
CUST102552,16,4075.46,2,0,51.5,Month-to-Month,Cash,East,Standard,No,1,48905.52,0.9997200683238415,High,Priority retention call + targeted offer
CUST101423,49,4128.33,2,0,47.5,Month-to-Month,Credit Card,East,Standard,Yes,1,49539.96,0.9997196041234183,High,Priority retention call + targeted offer
CUST103154,5,3982.61,1,0,35.8,Month-to-Month,UPI,North,Basic,No,1,47791.32,0.9997180559719286,High,Priority retention call + targeted offer
CUST105429,62,4160.93,2,0,78.0,Month-to-Month,Credit Card,North,Standard,No,1,49931.16,0.9997147409238728,High,Priority retention call + targeted offer
CUST103537,10,3982.27,1,1,35.0,Month-to-Month,UPI,East,Basic,No,1,47787.24,0.9997106089691233,High,Priority retention call + targeted offer
CUST102056,53,4109.98,3,1,71.5,Month-to-Month,Credit Card,South,Standard,No,1,49319.76,0.9997099794820835,High,Priority retention call + targeted offer
CUST105195,30,4146.1,3,3,67.6,Two Year,Credit Card,East,Standard,No,1,49753.2,0.9997080566632033,High,Priority retention call + targeted offer
CUST100627,27,3989.5,4,2,41.6,Month-to-Month,Debit Card,North,Basic,Yes,1,47874.0,0.9997077978170357,High,Priority retention call + targeted offer
CUST102321,3,4063.71,2,1,50.0,One Year,Debit Card,West,Basic,No,1,48764.52,0.9997075606692791,High,Priority retention call + targeted offer
CUST104054,1,4014.31,7,1,74.5,Month-to-Month,Credit Card,South,Standard,No,1,48171.72,0.9997059522174222,High,Priority retention call + targeted offer
CUST103998,53,4094.34,3,3,45.9,Month-to-Month,Net Banking,North,Standard,Yes,1,49132.08,0.9997038929036228,High,Priority retention call + targeted offer
CUST101913,56,4192.6,3,0,35.7,Two Year,UPI,West,Standard,No,1,50311.2,0.9997030615925117,High,Priority retention call + targeted offer
CUST102585,40,4093.31,0,0,60.3,Month-to-Month,Credit Card,South,Premium,No,1,49119.72,0.999702453061159,High,Priority retention call + targeted offer
CUST105178,7,4007.96,2,1,41.1,Month-to-Month,Credit Card,West,Standard,No,1,48095.52,0.999701941946973,High,Priority retention call + targeted offer
CUST104232,44,4051.06,2,1,38.8,Month-to-Month,Credit Card,South,Standard,No,1,48612.72,0.99970178584035,High,Priority retention call + targeted offer
CUST100697,43,3999.56,1,2,32.2,Month-to-Month,UPI,North,Basic,Yes,1,47994.72,0.9997009317325174,High,Priority retention call + targeted offer
CUST102005,10,3969.64,2,1,35.8,Month-to-Month,UPI,North,Basic,Yes,1,47635.68,0.999698509966858,High,Priority retention call + targeted offer
CUST103588,47,4028.08,2,2,38.1,Month-to-Month,UPI,West,Premium,No,1,48336.96,0.9996968424004153,High,Priority retention call + targeted offer
CUST102309,39,4067.47,1,1,29.0,One Year,Credit Card,North,Basic,No,1,48809.64,0.9996968067413368,High,Priority retention call + targeted offer
CUST103106,62,4033.17,1,1,30.7,Month-to-Month,UPI,North,Basic,No,1,48398.04,0.9996963406954744,High,Priority retention call + targeted offer
CUST102180,51,4074.89,2,3,58.1,Month-to-Month,UPI,East,Standard,Yes,1,48898.68,0.999695888485072,High,Priority retention call + targeted offer
CUST100553,23,4006.2,0,0,19.5,Month-to-Month,Credit Card,North,Premium,No,1,48074.4,0.9996941656071485,High,Priority retention call + targeted offer
CUST105173,25,3983.67,5,2,45.0,Month-to-Month,Cash,North,Premium,No,1,47804.04,0.9996936731461958,High,Priority retention call + targeted offer
CUST102151,24,3981.3,0,1,23.9,Month-to-Month,Debit Card,North,Basic,No,1,47775.6,0.9996911124024349,High,Priority retention call + targeted offer
CUST101657,63,4133.37,0,0,48.9,Month-to-Month,Cash,West,Standard,No,1,49600.44,0.9996868707797969,High,Priority retention call + targeted offer
CUST100018,61,4030.35,1,2,47.4,Month-to-Month,Credit Card,South,Basic,No,1,48364.2,0.9996835016326919,High,Priority retention call + targeted offer
CUST103079,33,4039.67,1,2,19.9,One Year,UPI,West,Basic,Yes,1,48476.04,0.9996793031355967,High,Priority retention call + targeted offer
CUST105934,61,4183.0,0,0,69.7,Month-to-Month,Net Banking,South,Premium,No,1,50196.0,0.9996792143765434,High,Priority retention call + targeted offer
CUST100241,43,4054.49,2,2,6.9,One Year,UPI,West,Standard,No,1,48653.88,0.9996762166836721,High,Priority retention call + targeted offer
CUST102551,24,4088.24,1,0,74.2,Month-to-Month,Credit Card,South,Standard,No,1,49058.88,0.9996759756907297,High,Priority retention call + targeted offer
CUST100279,6,3974.56,1,1,28.0,Month-to-Month,Cash,South,Standard,No,1,47694.72,0.9996676317402756,High,Priority retention call + targeted offer
CUST102128,5,4081.98,0,0,56.2,One Year,UPI,South,Basic,Yes,1,48983.76,0.9996673696043397,High,Priority retention call + targeted offer
CUST100810,4,3894.99,1,2,17.8,Month-to-Month,Credit Card,South,Basic,No,1,46739.88,0.9996654065365561,High,Priority retention call + targeted offer
CUST103570,58,4033.97,4,3,45.2,Month-to-Month,Credit Card,East,Premium,Yes,1,48407.64,0.99966509969307,High,Priority retention call + targeted offer
CUST104883,12,3913.63,1,2,22.8,Month-to-Month,UPI,South,Basic,No,1,46963.56,0.9996644783115128,High,Priority retention call + targeted offer
CUST100348,14,4045.46,1,0,29.6,Month-to-Month,Debit Card,East,Standard,Yes,1,48545.52,0.9996594825917487,High,Priority retention call + targeted offer
CUST103078,15,3975.03,1,1,48.5,Month-to-Month,Credit Card,North,Basic,No,1,47700.36,0.9996587137026873,High,Priority retention call + targeted offer
CUST100860,70,3994.42,5,2,24.0,Month-to-Month,Credit Card,North,Basic,Yes,1,47933.04,0.9996547593835868,High,Priority retention call + targeted offer
CUST102788,1,4077.0,1,0,42.0,Two Year,UPI,North,Basic,Yes,1,48924.0,0.9996524569861163,High,Priority retention call + targeted offer
CUST105977,12,4058.45,1,1,25.3,Two Year,Debit Card,West,Basic,No,1,48701.4,0.99965158748931,High,Priority retention call + targeted offer
CUST105230,10,3977.03,1,3,37.0,One Year,Credit Card,South,Basic,No,1,47724.36,0.9996494728093769,High,Priority retention call + targeted offer
CUST105006,36,4045.33,2,1,47.4,Month-to-Month,Credit Card,South,Standard,Yes,1,48543.96,0.9996469157819885,High,Priority retention call + targeted offer
CUST105997,71,4177.73,2,1,40.0,Two Year,Credit Card,North,Standard,No,1,50132.76,0.9996463945221665,High,Priority retention call + targeted offer
CUST100140,71,4047.77,1,2,21.0,Month-to-Month,UPI,East,Premium,Yes,1,48573.24,0.9996457059010851,High,Priority retention call + targeted offer
CUST103281,55,4037.27,1,2,67.3,Month-to-Month,Credit Card,South,Basic,No,1,48447.24,0.9996444849986125,High,Priority retention call + targeted offer
CUST103024,27,4058.6,2,1,69.4,Month-to-Month,UPI,West,Standard,No,1,48703.2,0.9996411294927875,High,Priority retention call + targeted offer
CUST102477,13,4054.94,2,1,85.8,Month-to-Month,UPI,East,Premium,No,1,48659.28,0.9996410052921233,High,Priority retention call + targeted offer
CUST102617,4,3990.48,4,3,75.0,Month-to-Month,Cash,East,Standard,No,1,47885.76,0.9996362596881138,High,Priority retention call + targeted offer
CUST100526,67,4049.43,5,1,14.6,Month-to-Month,Debit Card,West,Standard,Yes,1,48593.16,0.9996350227708736,High,Priority retention call + targeted offer
CUST102509,9,4000.56,4,0,42.0,Month-to-Month,UPI,West,Standard,No,1,48006.72,0.9996331039669208,High,Priority retention call + targeted offer
CUST103201,66,4009.66,1,4,52.5,Month-to-Month,UPI,South,Premium,No,1,48115.92,0.9996306703985458,High,Priority retention call + targeted offer
CUST102491,20,3987.09,0,0,31.8,Month-to-Month,UPI,South,Basic,Yes,1,47845.08,0.9996301908032138,High,Priority retention call + targeted offer
CUST102278,27,4014.25,0,0,2.0,One Year,Credit Card,North,Basic,No,1,48171.0,0.999629157126781,High,Priority retention call + targeted offer
CUST101330,33,4154.55,0,1,38.1,One Year,Net Banking,South,Standard,Yes,1,49854.6,0.9996267776312949,High,Priority retention call + targeted offer
CUST103095,55,4140.14,1,1,44.9,One Year,Debit Card,South,Standard,No,1,49681.68,0.9996250560548344,High,Priority retention call + targeted offer
CUST100304,40,4015.41,1,2,60.8,Month-to-Month,Credit Card,East,Basic,No,1,48184.92,0.9996208237257708,High,Priority retention call + targeted offer
CUST101771,28,3997.86,0,3,59.7,Month-to-Month,UPI,South,Standard,No,1,47974.32,0.9996191028696512,High,Priority retention call + targeted offer
CUST102912,34,4005.98,2,1,46.2,Month-to-Month,Credit Card,South,Premium,No,1,48071.76,0.9996166763469869,High,Priority retention call + targeted offer
CUST104014,21,4035.27,0,1,37.3,Month-to-Month,Net Banking,North,Premium,No,1,48423.24,0.9996146898203314,High,Priority retention call + targeted offer
CUST104615,32,4033.4,0,1,35.2,Month-to-Month,Net Banking,West,Basic,No,1,48400.8,0.9996080757267863,High,Priority retention call + targeted offer
CUST102681,8,4048.08,2,2,34.0,One Year,Net Banking,West,Basic,Yes,1,48576.96,0.999607877788555,High,Priority retention call + targeted offer
CUST103705,37,4022.8,1,1,35.2,Month-to-Month,Credit Card,North,Standard,Yes,1,48273.6,0.9996063318611736,High,Priority retention call + targeted offer
CUST103111,55,4054.22,2,0,55.0,Month-to-Month,UPI,West,Basic,No,1,48650.64,0.9996041576077859,High,Priority retention call + targeted offer
CUST102561,26,4062.14,5,0,33.2,One Year,Credit Card,South,Standard,No,1,48745.68,0.9996029803407579,High,Priority retention call + targeted offer
CUST105803,68,4069.47,3,2,41.7,One Year,Credit Card,South,Basic,No,1,48833.64,0.9996018691873019,High,Priority retention call + targeted offer
CUST101648,71,4081.3,3,1,56.9,Month-to-Month,Debit Card,North,Premium,No,1,48975.6,0.9996010373624312,High,Priority retention call + targeted offer
CUST101349,43,4077.65,3,1,21.8,One Year,Debit Card,West,Premium,Yes,1,48931.8,0.9995880737487081,High,Priority retention call + targeted offer
CUST102285,60,4172.61,1,0,54.7,One Year,Debit Card,North,Standard,No,1,50071.32,0.9995867912895866,High,Priority retention call + targeted offer
CUST104669,31,4136.64,0,1,72.2,One Year,Debit Card,North,Standard,No,1,49639.68,0.999582960432751,High,Priority retention call + targeted offer
CUST105891,31,4037.61,3,0,40.3,Month-to-Month,Debit Card,South,Standard,Yes,1,48451.32,0.9995820900394157,High,Priority retention call + targeted offer
CUST100093,28,4009.31,3,3,35.0,One Year,UPI,North,Standard,No,1,48111.72,0.9995818212039673,High,Priority retention call + targeted offer
CUST100520,26,3993.35,2,3,44.3,Month-to-Month,Debit Card,East,Standard,Yes,1,47920.2,0.9995742435042148,High,Priority retention call + targeted offer
CUST103290,30,4034.6,0,1,56.3,Month-to-Month,UPI,West,Standard,No,1,48415.2,0.9995706754376834,High,Priority retention call + targeted offer
CUST104880,28,3986.42,1,1,35.7,Month-to-Month,UPI,South,Standard,No,1,47837.04,0.9995674468142934,High,Priority retention call + targeted offer
CUST101842,59,3986.51,3,2,33.2,Month-to-Month,Credit Card,South,Premium,No,1,47838.12,0.9995671458744702,High,Priority retention call + targeted offer
CUST101646,25,4037.04,2,3,40.4,Two Year,Debit Card,East,Basic,No,1,48444.48,0.9995656718088555,High,Priority retention call + targeted offer
CUST101479,30,4021.06,1,1,37.9,Month-to-Month,Net Banking,North,Basic,Yes,1,48252.72,0.9995650496669614,High,Priority retention call + targeted offer
CUST103263,63,4133.25,3,0,35.1,One Year,Debit Card,South,Standard,No,1,49599.0,0.9995647365757232,High,Priority retention call + targeted offer
CUST102077,32,4059.02,2,0,62.8,Month-to-Month,Credit Card,North,Standard,Yes,1,48708.24,0.9995606416303258,High,Priority retention call + targeted offer
CUST100189,22,3956.42,2,1,35.7,Month-to-Month,Debit Card,West,Basic,No,1,47477.04,0.999558827647652,High,Priority retention call + targeted offer
CUST101100,35,3854.45,1,5,21.8,Month-to-Month,UPI,South,Basic,No,1,46253.4,0.9995563070492296,High,Priority retention call + targeted offer
CUST100076,24,4013.59,5,0,24.4,One Year,UPI,East,Basic,No,1,48163.08,0.9995514929169269,High,Priority retention call + targeted offer
CUST103875,44,4055.73,2,0,49.4,Month-to-Month,Debit Card,North,Standard,No,1,48668.76,0.999551332247558,High,Priority retention call + targeted offer
CUST103753,20,4101.28,1,0,41.2,Two Year,Credit Card,South,Standard,No,1,49215.36,0.9995512070716527,High,Priority retention call + targeted offer
CUST104964,69,4075.66,1,0,50.9,Month-to-Month,Debit Card,South,Basic,Yes,1,48907.92,0.9995492037363162,High,Priority retention call + targeted offer
CUST105598,55,4004.54,5,1,32.5,Month-to-Month,Debit Card,East,Basic,Yes,1,48054.48,0.9995473200166882,High,Priority retention call + targeted offer
CUST102719,12,4054.84,0,1,39.7,One Year,Net Banking,North,Basic,No,1,48658.08,0.9995442261931021,High,Priority retention call + targeted offer
CUST101172,29,4053.33,1,1,40.3,One Year,Debit Card,East,Basic,No,1,48639.96,0.9995430737624864,High,Priority retention call + targeted offer
CUST100820,2,4033.55,1,0,40.4,Two Year,Credit Card,South,Basic,No,1,48402.6,0.9995400225613268,High,Priority retention call + targeted offer
CUST105668,55,4108.74,1,0,26.1,One Year,UPI,West,Standard,No,1,49304.88,0.9995392982992128,High,Priority retention call + targeted offer
CUST100173,53,4034.19,8,2,41.0,One Year,Debit Card,East,Basic,No,1,48410.28,0.9995345894364394,High,Priority retention call + targeted offer
CUST101661,44,4032.83,2,0,47.2,Month-to-Month,Credit Card,South,Premium,Yes,1,48393.96,0.9995258908772255,High,Priority retention call + targeted offer
CUST100990,25,3932.42,3,1,34.1,Month-to-Month,UPI,West,Basic,No,1,47189.04,0.9995220461955453,High,Priority retention call + targeted offer
CUST105045,27,4040.51,2,0,62.7,Month-to-Month,Credit Card,South,Standard,Yes,1,48486.12,0.9995166591981314,High,Priority retention call + targeted offer
CUST102095,57,4107.22,1,0,34.1,One Year,Credit Card,South,Premium,Yes,1,49286.64,0.9995146002115886,High,Priority retention call + targeted offer
CUST103466,39,3993.83,1,3,10.8,One Year,Credit Card,West,Standard,No,1,47925.96,0.9995109743740845,High,Priority retention call + targeted offer
CUST105089,38,4020.71,0,1,39.6,Month-to-Month,Credit Card,West,Standard,Yes,1,48248.52,0.9995076539596645,High,Priority retention call + targeted offer
CUST103775,14,4081.49,1,1,48.9,Two Year,UPI,West,Standard,No,1,48977.88,0.9995062984872489,High,Priority retention call + targeted offer
CUST101274,55,4176.48,2,0,58.6,Two Year,UPI,North,Standard,Yes,1,50117.76,0.9995049189725309,High,Priority retention call + targeted offer
CUST104583,51,4070.24,0,2,30.1,Two Year,UPI,West,Basic,Yes,1,48842.88,0.9995047099154328,High,Priority retention call + targeted offer
CUST103153,58,4055.09,3,1,66.8,Month-to-Month,Cash,South,Standard,No,1,48661.08,0.9994972614350094,High,Priority retention call + targeted offer
CUST100638,58,4063.45,2,0,37.1,Month-to-Month,UPI,East,Standard,Yes,1,48761.4,0.9994971476493909,High,Priority retention call + targeted offer
CUST103318,19,3990.18,2,0,61.7,Month-to-Month,UPI,East,Basic,No,1,47882.16,0.9994951306406786,High,Priority retention call + targeted offer
CUST100496,9,4071.76,4,0,46.2,One Year,Net Banking,West,Basic,Yes,1,48861.12,0.9994948471522498,High,Priority retention call + targeted offer
CUST103449,36,4000.48,2,4,41.4,Two Year,Debit Card,South,Basic,No,1,48005.76,0.9994936065135962,High,Priority retention call + targeted offer
CUST101767,34,4072.13,2,1,34.1,One Year,Credit Card,East,Standard,Yes,1,48865.56,0.999491438800339,High,Priority retention call + targeted offer
CUST100633,28,3989.08,2,0,57.2,Month-to-Month,Credit Card,West,Basic,No,1,47868.96,0.9994889471657387,High,Priority retention call + targeted offer
CUST102064,43,4058.75,2,0,69.3,Month-to-Month,UPI,East,Premium,No,1,48705.0,0.9994853896862006,High,Priority retention call + targeted offer
CUST105186,63,4030.8,0,2,21.9,Month-to-Month,Net Banking,East,Basic,Yes,1,48369.6,0.9994847523861047,High,Priority retention call + targeted offer
CUST100778,20,3935.02,3,2,35.9,Month-to-Month,Credit Card,West,Standard,No,1,47220.24,0.9994830473752955,High,Priority retention call + targeted offer
CUST102587,24,3946.24,3,4,27.3,Month-to-Month,Net Banking,East,Standard,No,1,47354.88,0.9994802106053841,High,Priority retention call + targeted offer
CUST101694,12,4065.79,3,1,37.0,Two Year,Credit Card,East,Standard,Yes,1,48789.48,0.9994777580649072,High,Priority retention call + targeted offer
CUST101441,37,4163.22,1,0,60.5,Two Year,Net Banking,West,Basic,No,1,49958.64,0.9994730207215694,High,Priority retention call + targeted offer
CUST100473,34,3980.63,2,2,42.7,Month-to-Month,Credit Card,West,Standard,Yes,1,47767.56,0.999470163527142,High,Priority retention call + targeted offer
CUST100757,28,3990.18,1,1,41.4,Month-to-Month,Credit Card,East,Standard,No,1,47882.16,0.9994691027341818,High,Priority retention call + targeted offer
CUST103972,9,4035.49,4,0,23.6,Two Year,UPI,West,Standard,No,1,48425.88,0.9994668049506128,High,Priority retention call + targeted offer
CUST101451,3,3994.5,1,0,34.0,Month-to-Month,Net Banking,South,Premium,Yes,1,47934.0,0.9994598779806678,High,Priority retention call + targeted offer
CUST101813,36,4028.53,2,0,58.1,Month-to-Month,Debit Card,East,Basic,Yes,1,48342.36,0.999459098807329,High,Priority retention call + targeted offer
CUST100419,37,4108.24,2,0,45.9,Two Year,UPI,South,Standard,No,1,49298.88,0.9994580215305845,High,Priority retention call + targeted offer
CUST105390,13,3942.19,6,1,43.6,Month-to-Month,Net Banking,South,Basic,No,1,47306.28,0.999455834085004,High,Priority retention call + targeted offer
CUST105707,24,4168.34,2,0,58.4,Two Year,Net Banking,West,Standard,No,1,50020.08,0.99945442310369,High,Priority retention call + targeted offer
CUST105514,37,4000.88,3,3,24.2,One Year,Credit Card,West,Standard,Yes,1,48010.56,0.9994543337983878,High,Priority retention call + targeted offer
CUST100015,57,3998.63,1,1,56.6,Month-to-Month,UPI,South,Basic,No,1,47983.56,0.9994525699676001,High,Priority retention call + targeted offer
CUST102777,66,4153.9,1,1,59.0,Two Year,Credit Card,South,Standard,No,1,49846.8,0.9994491625402738,High,Priority retention call + targeted offer
CUST101817,19,4153.04,4,0,60.5,Two Year,Net Banking,North,Standard,Yes,1,49836.48,0.9994340664593999,High,Priority retention call + targeted offer
CUST100230,34,3944.28,5,0,38.7,Month-to-Month,UPI,West,Basic,No,1,47331.36,0.9994269862646625,High,Priority retention call + targeted offer
CUST100783,9,4046.06,3,0,40.0,Two Year,Debit Card,North,Premium,No,1,48552.72,0.9994266375038091,High,Priority retention call + targeted offer
CUST105762,15,3905.45,4,1,25.4,Month-to-Month,UPI,North,Premium,Yes,1,46865.4,0.9994223731045943,High,Priority retention call + targeted offer
CUST102923,39,4057.58,0,1,42.2,One Year,Credit Card,South,Standard,No,1,48690.96,0.9994220135137656,High,Priority retention call + targeted offer
CUST105025,9,3943.85,2,3,68.9,Month-to-Month,Credit Card,East,Premium,Yes,1,47326.2,0.9994206200021861,High,Priority retention call + targeted offer
CUST104090,54,4044.07,3,0,62.2,Month-to-Month,Credit Card,South,Standard,No,1,48528.84,0.9994204640214038,High,Priority retention call + targeted offer
CUST100720,11,3991.0,2,0,43.9,One Year,UPI,North,Basic,No,1,47892.0,0.9994163229807472,High,Priority retention call + targeted offer
CUST100461,11,3842.17,2,2,19.4,Month-to-Month,UPI,North,Basic,No,1,46106.04,0.9994122879926454,High,Priority retention call + targeted offer
CUST101570,6,4076.64,1,0,16.6,Two Year,Net Banking,West,Standard,No,1,48919.68,0.999407085726636,High,Priority retention call + targeted offer
CUST104854,5,3856.62,1,2,27.3,Month-to-Month,UPI,West,Basic,No,1,46279.44,0.9994011108908925,High,Priority retention call + targeted offer
CUST104672,16,4021.34,0,2,51.8,Two Year,UPI,East,Basic,No,1,48256.08,0.9993933912509467,High,Priority retention call + targeted offer
CUST102103,10,3984.35,3,0,29.6,One Year,Debit Card,North,Basic,Yes,1,47812.2,0.9993896712852206,High,Priority retention call + targeted offer
CUST101763,44,3987.82,0,1,30.2,Month-to-Month,Credit Card,East,Standard,No,1,47853.84,0.999387686465198,High,Priority retention call + targeted offer
CUST104649,19,3933.75,2,2,61.9,Month-to-Month,UPI,South,Premium,No,1,47205.0,0.9993874611577896,High,Priority retention call + targeted offer
CUST101191,21,4021.53,1,3,51.6,Two Year,Credit Card,South,Standard,No,1,48258.36,0.9993871275233344,High,Priority retention call + targeted offer
CUST105725,23,3899.09,2,3,43.7,Month-to-Month,UPI,East,Basic,Yes,1,46789.08,0.999386370941509,High,Priority retention call + targeted offer
CUST105523,67,4017.75,1,1,65.4,Month-to-Month,Cash,South,Basic,No,1,48213.0,0.9993828852977715,High,Priority retention call + targeted offer
CUST101436,31,4009.76,2,1,8.8,One Year,UPI,East,Standard,Yes,1,48117.12,0.9993826404889877,High,Priority retention call + targeted offer
CUST105109,21,4032.14,6,0,63.2,One Year,Credit Card,North,Premium,No,1,48385.68,0.9993824282658225,High,Priority retention call + targeted offer
CUST103942,67,4035.73,1,0,40.9,Month-to-Month,UPI,North,Standard,No,1,48428.76,0.9993808207230483,High,Priority retention call + targeted offer
CUST101635,39,3906.37,5,1,18.1,Month-to-Month,Credit Card,South,Premium,No,1,46876.44,0.9993784709131146,High,Priority retention call + targeted offer
CUST104500,50,4028.06,4,0,7.4,Two Year,UPI,East,Basic,No,1,48336.72,0.9993734625771712,High,Priority retention call + targeted offer
CUST100068,6,3956.46,2,1,36.3,One Year,Debit Card,North,Basic,No,1,47477.52,0.9993719905291405,High,Priority retention call + targeted offer
CUST102807,23,4042.27,3,0,35.8,One Year,Debit Card,West,Premium,Yes,1,48507.24,0.9993703009922893,High,Priority retention call + targeted offer
CUST100382,69,4149.47,2,0,53.6,One Year,Net Banking,South,Basic,Yes,1,49793.64,0.9993689234024347,High,Priority retention call + targeted offer
CUST104254,25,3981.15,1,3,45.3,One Year,Credit Card,West,Premium,No,1,47773.8,0.9993685451331786,High,Priority retention call + targeted offer
CUST104519,31,4039.67,3,0,57.4,One Year,Debit Card,South,Basic,No,1,48476.04,0.9993675072209737,High,Priority retention call + targeted offer
CUST101690,56,4130.74,3,1,53.5,Two Year,Debit Card,South,Standard,Yes,1,49568.88,0.9993670467981285,High,Priority retention call + targeted offer
CUST103013,54,4127.68,0,1,40.7,Two Year,Net Banking,North,Basic,Yes,1,49532.16,0.9993668968422967,High,Priority retention call + targeted offer
CUST102975,34,3988.29,0,1,20.0,Month-to-Month,Net Banking,North,Standard,No,1,47859.48,0.9993580713798589,High,Priority retention call + targeted offer
CUST105692,64,4044.08,1,0,22.6,One Year,UPI,West,Basic,No,1,48528.96,0.9993526198913141,High,Priority retention call + targeted offer
CUST105255,25,3926.85,2,0,12.4,Month-to-Month,Debit Card,West,Premium,No,1,47122.2,0.9993335827594546,High,Priority retention call + targeted offer
CUST105354,57,4038.58,4,0,57.5,Month-to-Month,UPI,East,Standard,No,1,48462.96,0.9993323036911423,High,Priority retention call + targeted offer
CUST105478,7,3959.27,1,0,45.5,Month-to-Month,Credit Card,East,Standard,No,1,47511.24,0.9993268776083085,High,Priority retention call + targeted offer
CUST101627,43,3908.56,2,2,26.1,Month-to-Month,UPI,North,Premium,No,1,46902.72,0.9993240880870727,High,Priority retention call + targeted offer
CUST103979,11,3953.55,1,1,64.4,Month-to-Month,UPI,North,Standard,No,1,47442.6,0.9993214608311252,High,Priority retention call + targeted offer
CUST103671,7,3991.81,3,1,71.2,One Year,Credit Card,West,Basic,No,1,47901.72,0.9993198541497469,High,Priority retention call + targeted offer
CUST105792,29,3972.53,8,1,25.0,One Year,Debit Card,South,Standard,No,1,47670.36,0.9993127502758404,High,Priority retention call + targeted offer
CUST103122,34,3908.97,3,1,26.6,Month-to-Month,UPI,South,Premium,No,1,46907.64,0.9993103264230806,High,Priority retention call + targeted offer
CUST105843,1,3879.77,5,0,3.6,Month-to-Month,UPI,East,Standard,Yes,1,46557.24,0.9993101116395795,High,Priority retention call + targeted offer
CUST100998,70,4030.78,2,2,20.7,Two Year,Debit Card,North,Basic,No,1,48369.36,0.9993080056855032,High,Priority retention call + targeted offer
CUST105887,13,4022.63,0,0,33.3,One Year,Net Banking,North,Basic,No,1,48271.56,0.9993068350338615,High,Priority retention call + targeted offer
CUST100637,22,3998.28,1,1,25.6,One Year,Net Banking,North,Basic,No,1,47979.36,0.999298479826847,High,Priority retention call + targeted offer
CUST105345,29,3983.16,3,2,37.8,Two Year,Credit Card,West,Basic,No,1,47797.92,0.9992946926854271,High,Priority retention call + targeted offer
CUST105867,64,4043.84,6,3,37.7,Two Year,Debit Card,East,Premium,No,1,48526.08,0.9992943544401369,High,Priority retention call + targeted offer
CUST100794,32,3895.61,0,3,33.2,Month-to-Month,UPI,West,Premium,No,1,46747.32,0.999294266227876,High,Priority retention call + targeted offer
CUST100647,39,3909.52,1,3,45.9,Month-to-Month,UPI,North,Premium,No,1,46914.24,0.9992892993567989,High,Priority retention call + targeted offer
CUST100967,23,3906.55,1,1,48.6,Month-to-Month,UPI,South,Basic,No,1,46878.6,0.9992855190983505,High,Priority retention call + targeted offer
CUST102383,29,4034.94,2,1,52.9,One Year,Credit Card,West,Standard,No,1,48419.28,0.999285161447469,High,Priority retention call + targeted offer
CUST105472,58,4018.29,1,4,58.0,One Year,UPI,North,Standard,No,1,48219.48,0.9992812335891941,High,Priority retention call + targeted offer
CUST103018,44,3964.91,2,2,54.9,Month-to-Month,Credit Card,West,Premium,Yes,1,47578.92,0.9992668207605896,High,Priority retention call + targeted offer
CUST103760,13,3886.04,5,0,46.3,Month-to-Month,UPI,South,Basic,No,1,46632.48,0.9992621841820991,High,Priority retention call + targeted offer
CUST100798,23,3971.49,3,0,51.9,Month-to-Month,Net Banking,South,Basic,No,1,47657.88,0.9992603700035567,High,Priority retention call + targeted offer
CUST104267,67,4131.41,0,1,41.5,Two Year,UPI,East,Standard,Yes,1,49576.92,0.9992535706659779,High,Priority retention call + targeted offer
CUST104416,34,3882.78,6,2,46.7,Month-to-Month,Debit Card,North,Basic,No,1,46593.36,0.9992450517976449,High,Priority retention call + targeted offer
CUST103415,30,3905.58,3,1,14.5,Month-to-Month,Net Banking,North,Basic,No,1,46866.96,0.9992441011183816,High,Priority retention call + targeted offer
CUST105351,37,3996.92,1,2,23.4,One Year,Debit Card,South,Standard,Yes,1,47963.04,0.9992403508622263,High,Priority retention call + targeted offer
CUST101545,43,4033.98,1,0,13.9,One Year,Debit Card,North,Standard,Yes,1,48407.76,0.9992366929288501,High,Priority retention call + targeted offer
CUST104477,27,4090.76,1,1,65.9,One Year,Net Banking,North,Standard,No,1,49089.12,0.9992332365596573,High,Priority retention call + targeted offer
CUST101625,72,4070.65,3,0,50.3,One Year,Credit Card,North,Basic,Yes,1,48847.8,0.9992273636899455,High,Priority retention call + targeted offer
CUST103530,28,4031.4,0,1,24.3,Two Year,Credit Card,East,Standard,No,1,48376.8,0.999225557311113,High,Priority retention call + targeted offer
CUST105138,6,3979.38,2,3,53.8,One Year,Net Banking,South,Premium,No,1,47752.56,0.9992209981083505,High,Priority retention call + targeted offer
CUST103472,53,4120.62,1,1,58.5,Two Year,Debit Card,North,Standard,Yes,1,49447.44,0.9992182316591702,High,Priority retention call + targeted offer
CUST104061,2,3965.83,0,1,51.3,Month-to-Month,Net Banking,East,Premium,No,1,47589.96,0.9992112114104482,High,Priority retention call + targeted offer
CUST104187,16,3868.02,4,1,37.8,Month-to-Month,Debit Card,North,Basic,No,1,46416.24,0.9992088526245466,High,Priority retention call + targeted offer
CUST100928,31,3985.53,1,2,44.2,Month-to-Month,Net Banking,East,Premium,Yes,1,47826.36,0.9992046377962647,High,Priority retention call + targeted offer
CUST100374,64,3974.42,1,2,28.8,Month-to-Month,Debit Card,East,Standard,No,1,47693.04,0.9992032789636539,High,Priority retention call + targeted offer
CUST104233,20,3929.42,1,1,41.5,Month-to-Month,Credit Card,North,Standard,Yes,1,47153.04,0.9992011749255816,High,Priority retention call + targeted offer
CUST102547,43,3937.68,2,3,55.7,Month-to-Month,Debit Card,North,Standard,No,1,47252.16,0.999196348501953,High,Priority retention call + targeted offer
CUST104453,51,3965.96,4,1,53.7,Month-to-Month,UPI,North,Standard,No,1,47591.52,0.9991943880592974,High,Priority retention call + targeted offer
CUST103009,59,3929.54,5,0,14.5,Month-to-Month,Debit Card,East,Basic,No,1,47154.48,0.9991845220160724,High,Priority retention call + targeted offer
CUST103871,8,3938.11,1,2,43.0,Month-to-Month,Net Banking,West,Premium,Yes,1,47257.32,0.9991804304391563,High,Priority retention call + targeted offer
CUST101079,61,3955.65,3,2,40.2,Month-to-Month,UPI,North,Standard,Yes,1,47467.8,0.9991759350508119,High,Priority retention call + targeted offer
CUST102330,5,3784.74,5,2,21.5,Month-to-Month,UPI,North,Basic,No,1,45416.88,0.9991741522010341,High,Priority retention call + targeted offer
CUST101859,53,4006.36,3,0,47.7,Month-to-Month,Debit Card,South,Standard,Yes,1,48076.32,0.9991612262885236,High,Priority retention call + targeted offer
CUST105894,39,3969.46,0,0,63.6,Month-to-Month,Credit Card,West,Basic,No,1,47633.52,0.9991485223620777,High,Priority retention call + targeted offer
CUST102588,70,3904.33,1,1,2.0,Month-to-Month,Debit Card,South,Basic,No,1,46851.96,0.9991445488536472,High,Priority retention call + targeted offer
CUST101667,49,4016.87,1,2,42.4,One Year,Credit Card,South,Standard,Yes,1,48202.44,0.9991409048438047,High,Priority retention call + targeted offer
CUST103817,58,3965.61,1,0,43.2,Month-to-Month,Debit Card,South,Basic,No,1,47587.32,0.9991400735076885,High,Priority retention call + targeted offer
CUST104114,21,3998.74,2,1,48.7,One Year,UPI,South,Standard,Yes,1,47984.88,0.9991397385986889,High,Priority retention call + targeted offer
CUST102565,32,3995.59,2,1,32.3,One Year,UPI,East,Standard,No,1,47947.08,0.9991297537273786,High,Priority retention call + targeted offer
CUST100586,50,3922.5,4,2,27.4,Month-to-Month,Net Banking,West,Basic,No,1,47070.0,0.9991250710383587,High,Priority retention call + targeted offer
CUST105958,45,3992.05,3,2,33.1,Two Year,Debit Card,North,Basic,Yes,1,47904.6,0.9991198888007171,High,Priority retention call + targeted offer
CUST100057,12,3904.8,2,0,48.0,Month-to-Month,UPI,North,Premium,No,1,46857.6,0.9991101622254316,High,Priority retention call + targeted offer
CUST104893,4,3940.48,0,0,56.8,Month-to-Month,Credit Card,South,Standard,Yes,1,47285.76,0.9991088413294454,High,Priority retention call + targeted offer
CUST100542,15,3871.82,2,2,51.8,Month-to-Month,Credit Card,West,Basic,Yes,1,46461.84,0.9991072191413326,High,Priority retention call + targeted offer
CUST103505,64,4061.97,1,0,23.3,One Year,Debit Card,South,Standard,Yes,1,48743.64,0.9991063320842056,High,Priority retention call + targeted offer
CUST104020,10,3977.02,1,0,35.9,One Year,Cash,North,Standard,No,1,47724.24,0.999102975002573,High,Priority retention call + targeted offer
CUST102695,27,3941.43,3,2,36.6,Two Year,Credit Card,South,Basic,No,1,47297.16,0.9990939611689688,High,Priority retention call + targeted offer
CUST104103,2,3812.22,4,2,41.5,Month-to-Month,UPI,West,Basic,No,1,45746.64,0.9990859570468097,High,Priority retention call + targeted offer
CUST105896,2,3953.43,2,0,66.5,Month-to-Month,Net Banking,South,Basic,Yes,1,47441.16,0.9990743637678396,High,Priority retention call + targeted offer
CUST105181,56,3999.89,0,0,30.6,One Year,UPI,North,Basic,No,1,47998.68,0.9990722992246713,High,Priority retention call + targeted offer
CUST104024,33,3883.38,1,1,41.9,Month-to-Month,UPI,South,Basic,No,1,46600.56,0.9990680979760954,High,Priority retention call + targeted offer
CUST101573,59,4024.51,1,0,14.7,One Year,Debit Card,North,Premium,Yes,1,48294.12,0.9990678268795015,High,Priority retention call + targeted offer
CUST100390,54,4056.71,3,0,63.6,Month-to-Month,Net Banking,West,Standard,No,1,48680.52,0.9990667120295351,High,Priority retention call + targeted offer
CUST105092,4,3875.92,3,2,10.0,One Year,Debit Card,East,Basic,Yes,1,46511.04,0.9990639736256167,High,Priority retention call + targeted offer
CUST102654,62,4061.45,3,1,51.8,One Year,UPI,West,Standard,Yes,1,48737.4,0.999063617264959,High,Priority retention call + targeted offer
CUST105531,69,3986.45,5,1,33.2,One Year,UPI,West,Basic,No,1,47837.4,0.9990604654543059,High,Priority retention call + targeted offer
CUST101010,20,3973.33,2,1,45.0,Two Year,UPI,West,Basic,No,1,47679.96,0.999054376377699,High,Priority retention call + targeted offer
CUST101343,42,4042.8,0,1,55.5,Two Year,Debit Card,West,Basic,No,1,48513.6,0.9990406542598151,High,Priority retention call + targeted offer
CUST101521,52,3848.84,2,6,36.2,Month-to-Month,Cash,East,Premium,Yes,1,46186.08,0.9990397840229855,High,Priority retention call + targeted offer
CUST101576,40,3866.08,2,3,57.5,Month-to-Month,UPI,South,Basic,No,1,46392.96,0.9990340725943591,High,Priority retention call + targeted offer
CUST100182,36,4023.7,2,2,23.7,Two Year,Net Banking,North,Standard,No,1,48284.4,0.9990334849092568,High,Priority retention call + targeted offer
CUST102915,32,3826.68,3,2,2.0,Month-to-Month,UPI,North,Standard,No,1,45920.16,0.9990310752006403,High,Priority retention call + targeted offer
CUST105201,30,3909.21,2,1,29.3,Month-to-Month,Credit Card,West,Standard,Yes,1,46910.52,0.9990169006918973,High,Priority retention call + targeted offer
CUST103870,4,3872.74,4,1,54.8,Month-to-Month,UPI,South,Standard,No,1,46472.88,0.9990052333902294,High,Priority retention call + targeted offer
CUST103814,28,3926.74,4,2,61.8,Month-to-Month,Net Banking,South,Basic,Yes,1,47120.88,0.9990019460312062,High,Priority retention call + targeted offer
CUST105726,38,3952.95,1,3,27.6,Two Year,Credit Card,East,Basic,Yes,1,47435.4,0.9989993949854803,High,Priority retention call + targeted offer
CUST101188,41,4005.9,1,1,28.9,Two Year,Debit Card,West,Basic,Yes,1,48070.8,0.9989988150425229,High,Priority retention call + targeted offer
CUST104338,54,3939.37,0,1,35.5,Month-to-Month,UPI,South,Standard,No,1,47272.44,0.9989954936830642,High,Priority retention call + targeted offer
CUST104795,14,3913.95,2,3,35.4,Two Year,UPI,West,Basic,Yes,1,46967.4,0.9989902575911435,High,Priority retention call + targeted offer
CUST104721,60,3896.52,2,3,61.5,Month-to-Month,UPI,North,Basic,No,1,46758.24,0.9989772172277901,High,Priority retention call + targeted offer
CUST105988,63,3874.41,3,3,46.7,Month-to-Month,Credit Card,South,Basic,No,1,46492.92,0.9989720375120835,High,Priority retention call + targeted offer
CUST105960,13,3982.42,7,1,6.6,Two Year,Net Banking,East,Standard,Yes,1,47789.04,0.9989637760882395,High,Priority retention call + targeted offer
CUST104766,42,3918.85,3,2,60.9,Month-to-Month,UPI,South,Standard,No,1,47026.2,0.9989629811774194,High,Priority retention call + targeted offer
CUST104245,21,3881.03,1,1,43.3,Month-to-Month,Debit Card,North,Basic,Yes,1,46572.36,0.9989622765914143,High,Priority retention call + targeted offer
CUST103659,36,4064.96,5,0,32.5,Two Year,Net Banking,West,Standard,No,1,48779.52,0.9989594014808154,High,Priority retention call + targeted offer
CUST104072,61,3977.74,1,1,37.5,One Year,Credit Card,South,Basic,No,1,47732.88,0.9989441249366012,High,Priority retention call + targeted offer
CUST103909,66,4017.11,2,1,37.9,One Year,UPI,South,Standard,No,1,48205.32,0.9989434683836891,High,Priority retention call + targeted offer
CUST100830,18,3849.35,1,3,40.4,Month-to-Month,UPI,West,Standard,No,1,46192.2,0.9989420614221322,High,Priority retention call + targeted offer
CUST100788,40,3966.05,0,0,34.7,One Year,UPI,South,Basic,No,1,47592.6,0.9989349011968008,High,Priority retention call + targeted offer
CUST100238,23,3957.47,1,3,36.4,One Year,Net Banking,East,Basic,Yes,1,47489.64,0.998932940194132,High,Priority retention call + targeted offer
CUST103706,12,3971.72,3,0,51.2,One Year,Cash,South,Premium,Yes,1,47660.64,0.9989283747136892,High,Priority retention call + targeted offer
CUST104218,38,3872.49,2,1,43.6,Month-to-Month,UPI,South,Basic,No,1,46469.88,0.9989185457143338,High,Priority retention call + targeted offer
CUST103517,66,4080.46,2,0,48.3,Two Year,UPI,South,Standard,No,1,48965.52,0.9989124278586092,High,Priority retention call + targeted offer
CUST104143,33,3848.29,1,1,26.6,Month-to-Month,Cash,South,Basic,No,1,46179.48,0.9989067757039213,High,Priority retention call + targeted offer
CUST105387,72,3966.61,6,0,2.0,Two Year,UPI,North,Basic,No,1,47599.32,0.9989028421470477,High,Priority retention call + targeted offer
CUST101306,19,3904.86,1,1,56.4,Month-to-Month,UPI,East,Premium,No,1,46858.32,0.9988940506779054,High,Priority retention call + targeted offer
CUST100696,52,3893.88,4,1,17.4,Month-to-Month,Cash,West,Standard,No,1,46726.56,0.9988867925316863,High,Priority retention call + targeted offer
CUST102437,49,4025.22,2,0,52.0,Month-to-Month,Net Banking,East,Standard,No,1,48302.64,0.9988828456985585,High,Priority retention call + targeted offer
CUST101298,39,3975.11,1,1,46.4,One Year,Debit Card,North,Basic,Yes,1,47701.32,0.9988729721354211,High,Priority retention call + targeted offer
CUST105204,38,3943.73,0,1,61.1,Month-to-Month,Cash,North,Standard,No,1,47324.76,0.9988699289751474,High,Priority retention call + targeted offer
CUST105034,2,3887.73,5,3,43.0,One Year,Net Banking,West,Basic,No,1,46652.76,0.9988495813794545,High,Priority retention call + targeted offer
CUST105257,21,3860.89,1,1,46.0,Month-to-Month,Debit Card,South,Basic,No,1,46330.68,0.9988486822983644,High,Priority retention call + targeted offer
CUST105511,58,3979.67,1,2,36.0,Two Year,UPI,West,Basic,No,1,47756.04,0.9988353768685166,High,Priority retention call + targeted offer
CUST103608,45,3914.87,3,1,41.0,Month-to-Month,Debit Card,South,Standard,No,1,46978.44,0.9988249935934473,High,Priority retention call + targeted offer
CUST104977,8,3854.93,3,1,57.1,Month-to-Month,Credit Card,West,Basic,Yes,1,46259.16,0.9988235906611882,High,Priority retention call + targeted offer
CUST102221,12,3927.63,2,0,36.9,One Year,UPI,West,Basic,Yes,1,47131.56,0.9988156066717618,High,Priority retention call + targeted offer
CUST100378,28,3912.38,2,0,49.7,Month-to-Month,UPI,South,Premium,Yes,1,46948.56,0.9988136560551382,High,Priority retention call + targeted offer
CUST100569,42,3899.43,0,1,41.8,Month-to-Month,Credit Card,North,Premium,No,1,46793.16,0.9988109704766935,High,Priority retention call + targeted offer
CUST105336,54,3933.28,2,2,44.7,Month-to-Month,Credit Card,East,Standard,Yes,1,47199.36,0.9988040644330343,High,Priority retention call + targeted offer
CUST105536,4,3817.14,3,3,41.0,Month-to-Month,Cash,East,Standard,No,1,45805.68,0.9987989586052649,High,Priority retention call + targeted offer
CUST100152,67,4013.26,3,1,35.7,One Year,UPI,East,Standard,No,1,48159.12,0.9987902005332249,High,Priority retention call + targeted offer
CUST100677,7,3909.62,2,2,51.6,One Year,UPI,South,Premium,Yes,1,46915.44,0.9987802532179958,High,Priority retention call + targeted offer
CUST103820,10,3859.81,4,0,33.5,Month-to-Month,UPI,West,Standard,No,1,46317.72,0.9987797757924485,High,Priority retention call + targeted offer
CUST104638,45,3905.43,1,3,61.4,Month-to-Month,Credit Card,West,Standard,No,1,46865.16,0.9987774150558693,High,Priority retention call + targeted offer
CUST102525,24,3886.61,0,3,67.3,Month-to-Month,Credit Card,West,Standard,No,1,46639.32,0.9987754044338512,High,Priority retention call + targeted offer
CUST101454,42,3872.1,2,1,22.9,Month-to-Month,UPI,North,Standard,No,1,46465.2,0.9987732253193807,High,Priority retention call + targeted offer
CUST101840,31,3919.34,0,0,19.4,One Year,Cash,North,Basic,No,1,47032.08,0.9987694007082142,High,Priority retention call + targeted offer
CUST104426,19,3938.63,1,1,45.8,One Year,Debit Card,East,Basic,No,1,47263.56,0.9987674655150505,High,Priority retention call + targeted offer
CUST100625,17,3839.32,5,0,36.5,Month-to-Month,Credit Card,East,Basic,No,1,46071.84,0.9987572769736517,High,Priority retention call + targeted offer
CUST103347,10,3819.74,3,2,49.4,Month-to-Month,UPI,South,Premium,No,1,45836.88,0.9987466523324741,High,Priority retention call + targeted offer
CUST104393,5,3940.29,3,1,44.4,One Year,Credit Card,East,Standard,Yes,1,47283.48,0.998745968474847,High,Priority retention call + targeted offer
CUST103533,72,3940.0,3,1,48.4,Month-to-Month,Credit Card,East,Basic,Yes,1,47280.0,0.9987418690678445,High,Priority retention call + targeted offer
CUST105730,61,3862.66,4,3,50.9,Month-to-Month,Credit Card,South,Basic,Yes,1,46351.92,0.9987374059004365,High,Priority retention call + targeted offer
CUST105159,67,3960.41,1,0,42.5,Month-to-Month,UPI,South,Standard,No,1,47524.92,0.9987366284056335,High,Priority retention call + targeted offer
CUST103233,1,3936.81,5,1,34.3,Two Year,Net Banking,North,Basic,Yes,1,47241.72,0.9987127279603039,High,Priority retention call + targeted offer
CUST102186,22,3919.38,6,1,62.0,One Year,Credit Card,North,Basic,Yes,1,47032.56,0.9986961001299866,High,Priority retention call + targeted offer
CUST105797,45,3932.97,3,0,56.3,Month-to-Month,UPI,South,Standard,No,1,47195.64,0.9986874568650143,High,Priority retention call + targeted offer
CUST104408,19,3933.77,2,1,43.6,Month-to-Month,Net Banking,West,Standard,Yes,1,47205.24,0.9986836242657554,High,Priority retention call + targeted offer
CUST104942,61,3983.45,4,3,76.2,Two Year,UPI,South,Basic,No,1,47801.4,0.9986817303310741,High,Priority retention call + targeted offer
CUST103912,14,3895.55,2,1,59.6,Month-to-Month,UPI,West,Standard,Yes,1,46746.6,0.998673129884973,High,Priority retention call + targeted offer
CUST102462,35,3882.83,2,1,57.9,Month-to-Month,UPI,East,Basic,No,1,46593.96,0.9986630866476167,High,Priority retention call + targeted offer
CUST105492,13,3784.29,2,1,16.3,Month-to-Month,UPI,South,Basic,Yes,1,45411.48,0.9986598953395893,High,Priority retention call + targeted offer
CUST100672,46,4086.71,3,2,85.2,Two Year,Net Banking,North,Standard,No,1,49040.52,0.9986540728925799,High,Priority retention call + targeted offer
CUST102810,37,3919.05,2,1,70.3,Month-to-Month,Credit Card,West,Premium,No,1,47028.6,0.9986528394867078,High,Priority retention call + targeted offer
CUST105481,7,3920.89,2,0,71.2,Month-to-Month,Credit Card,West,Standard,Yes,1,47050.68,0.9986488512305337,High,Priority retention call + targeted offer
CUST101606,11,3959.61,2,1,57.2,One Year,Net Banking,West,Basic,No,1,47515.32,0.9986360561964123,High,Priority retention call + targeted offer
CUST101302,51,3859.54,3,3,45.2,Month-to-Month,UPI,North,Standard,No,1,46314.48,0.9986316667087376,High,Priority retention call + targeted offer
CUST103134,52,3991.2,1,1,55.0,Two Year,UPI,South,Basic,No,1,47894.4,0.998629103577861,High,Priority retention call + targeted offer
CUST104900,25,3807.86,4,3,41.8,Month-to-Month,Debit Card,West,Basic,Yes,1,45694.32,0.9986267047540988,High,Priority retention call + targeted offer
CUST103343,45,4017.97,5,0,55.8,One Year,Debit Card,East,Standard,No,1,48215.64,0.9986148838979794,High,Priority retention call + targeted offer
CUST104956,12,3883.71,4,1,46.4,One Year,UPI,South,Basic,Yes,1,46604.52,0.9986114252576909,High,Priority retention call + targeted offer
CUST101914,24,3893.67,2,0,42.4,Month-to-Month,Cash,West,Standard,No,1,46724.04,0.9986097092530659,High,Priority retention call + targeted offer
CUST102640,18,3883.32,2,1,56.4,Month-to-Month,Cash,West,Standard,No,1,46599.84,0.9986030505849263,High,Priority retention call + targeted offer
CUST103006,44,3872.17,2,0,5.2,Month-to-Month,Cash,North,Standard,Yes,1,46466.04,0.9985922512387813,High,Priority retention call + targeted offer
CUST102919,28,3913.42,0,0,55.7,Month-to-Month,Credit Card,North,Standard,No,1,46961.04,0.9985844582351502,High,Priority retention call + targeted offer
CUST100393,44,3843.77,5,3,59.4,Month-to-Month,Debit Card,South,Basic,Yes,1,46125.24,0.9985797515602467,High,Priority retention call + targeted offer
CUST100362,17,3882.41,2,0,41.4,Month-to-Month,Credit Card,East,Standard,No,1,46588.92,0.9985728623576958,High,Priority retention call + targeted offer
CUST104618,46,3953.5,1,1,59.6,Month-to-Month,Debit Card,West,Standard,Yes,1,47442.0,0.9985666332238843,High,Priority retention call + targeted offer
CUST105279,15,3850.98,0,1,35.5,Month-to-Month,UPI,West,Standard,No,1,46211.76,0.9985614986692282,High,Priority retention call + targeted offer
CUST103090,25,3874.94,5,0,47.9,Month-to-Month,Credit Card,East,Premium,No,1,46499.28,0.9985576652205829,High,Priority retention call + targeted offer
CUST105259,18,3817.8,0,1,39.5,Month-to-Month,Cash,South,Basic,No,1,45813.6,0.9985436855581477,High,Priority retention call + targeted offer
CUST105135,8,3897.47,1,0,51.5,Month-to-Month,UPI,East,Standard,Yes,1,46769.64,0.9985392554981224,High,Priority retention call + targeted offer
CUST103590,9,3869.24,3,1,40.5,One Year,Credit Card,South,Basic,Yes,1,46430.88,0.9985230506629131,High,Priority retention call + targeted offer
CUST100251,36,3959.1,2,1,34.2,Two Year,Debit Card,South,Premium,No,1,47509.2,0.9985113335059775,High,Priority retention call + targeted offer
CUST105756,24,3851.34,1,1,27.8,Month-to-Month,Cash,North,Standard,Yes,1,46216.08,0.9984997127206192,High,Priority retention call + targeted offer
CUST103669,16,3905.88,4,0,32.4,One Year,Credit Card,North,Standard,No,1,46870.56,0.9984819540559295,High,Priority retention call + targeted offer
CUST102253,37,3878.16,4,0,29.7,Month-to-Month,Net Banking,South,Basic,No,1,46537.92,0.9984815549192974,High,Priority retention call + targeted offer
CUST104438,25,3866.85,0,2,52.5,Month-to-Month,Debit Card,South,Standard,No,1,46402.2,0.998481251283212,High,Priority retention call + targeted offer
CUST100180,68,4057.48,1,1,56.0,One Year,Net Banking,East,Basic,Yes,1,48689.76,0.9984792267112098,High,Priority retention call + targeted offer
CUST101997,72,3951.99,1,1,76.4,Month-to-Month,Credit Card,North,Basic,Yes,1,47423.88,0.9984711880120074,High,Priority retention call + targeted offer
CUST102981,5,3780.82,3,0,30.1,Month-to-Month,UPI,North,Basic,No,1,45369.84,0.9984574157139163,High,Priority retention call + targeted offer
CUST103488,32,3904.98,1,1,60.7,Month-to-Month,Net Banking,South,Basic,No,1,46859.76,0.9984268653430702,High,Priority retention call + targeted offer
CUST105560,35,3955.42,3,0,25.1,Two Year,Cash,West,Premium,No,1,47465.04,0.9984212471727576,High,Priority retention call + targeted offer
CUST101929,69,3932.92,0,1,40.6,Month-to-Month,UPI,North,Standard,Yes,1,47195.04,0.9984147912409642,High,Priority retention call + targeted offer
CUST105040,26,3924.59,1,0,41.3,Month-to-Month,Net Banking,North,Standard,No,1,47095.08,0.9984102378274264,High,Priority retention call + targeted offer
CUST101492,3,4000.29,1,0,39.5,Two Year,Net Banking,North,Standard,Yes,1,48003.48,0.9983971546648089,High,Priority retention call + targeted offer
CUST105737,68,4025.77,1,0,55.5,One Year,Debit Card,North,Premium,No,1,48309.24,0.9983956220516154,High,Priority retention call + targeted offer
CUST105503,53,4024.14,5,1,64.5,Two Year,Credit Card,East,Standard,No,1,48289.68,0.9983939024977501,High,Priority retention call + targeted offer
CUST105992,60,3959.37,4,0,25.0,One Year,Cash,North,Standard,No,1,47512.44,0.9983863913753931,High,Priority retention call + targeted offer
CUST104972,61,4015.5,0,1,50.3,One Year,Net Banking,West,Basic,No,1,48186.0,0.9983599870017232,High,Priority retention call + targeted offer
CUST105386,17,3781.41,0,4,38.4,Month-to-Month,UPI,West,Standard,No,1,45376.92,0.9983589745952598,High,Priority retention call + targeted offer
CUST105470,43,3895.1,4,3,50.8,Two Year,UPI,South,Basic,No,1,46741.2,0.9983484404761437,High,Priority retention call + targeted offer
CUST104595,4,3854.1,1,1,71.0,Month-to-Month,UPI,South,Standard,No,1,46249.2,0.9983245161743874,High,Priority retention call + targeted offer
CUST104489,28,3804.11,3,1,10.8,Month-to-Month,Credit Card,West,Standard,No,1,45649.32,0.9983162690477742,High,Priority retention call + targeted offer
CUST102182,44,3844.03,3,0,6.0,Month-to-Month,Debit Card,North,Premium,Yes,1,46128.36,0.9983118490633595,High,Priority retention call + targeted offer
CUST100645,24,3813.33,3,1,43.0,Month-to-Month,Cash,North,Basic,Yes,1,45759.96,0.9982976000114095,High,Priority retention call + targeted offer
CUST101124,61,3984.81,0,0,78.1,Month-to-Month,UPI,West,Standard,No,1,47817.72,0.9982964872738148,High,Priority retention call + targeted offer
CUST104620,45,3937.24,2,0,17.5,One Year,UPI,North,Standard,Yes,1,47246.88,0.9982894292872706,High,Priority retention call + targeted offer
CUST102522,16,3827.04,2,0,21.4,Month-to-Month,UPI,South,Standard,Yes,1,45924.48,0.9982882282892115,High,Priority retention call + targeted offer
CUST105154,58,3875.69,5,1,37.5,Month-to-Month,Credit Card,West,Premium,Yes,1,46508.28,0.99828765947139,High,Priority retention call + targeted offer
CUST103133,6,3908.39,4,1,49.3,Two Year,UPI,South,Premium,Yes,1,46900.68,0.9982635379306248,High,Priority retention call + targeted offer
CUST104044,30,3785.39,3,0,16.1,Month-to-Month,Credit Card,South,Basic,No,1,45424.68,0.998255230218696,High,Priority retention call + targeted offer
CUST102365,7,3881.52,2,2,59.3,One Year,UPI,South,Premium,Yes,1,46578.24,0.9982486313787784,High,Priority retention call + targeted offer
CUST100192,44,3812.28,1,2,17.0,Month-to-Month,Credit Card,North,Standard,No,1,45747.36,0.998244628870832,High,Priority retention call + targeted offer
CUST100408,68,4040.53,2,0,43.3,Two Year,Net Banking,North,Basic,No,1,48486.36,0.9982345083838243,High,Priority retention call + targeted offer
CUST103632,3,3850.16,1,1,23.9,One Year,Debit Card,North,Premium,No,1,46201.92,0.9982344415939611,High,Priority retention call + targeted offer
CUST101004,10,3716.7,1,5,39.1,Month-to-Month,Debit Card,South,Basic,Yes,1,44600.4,0.998231140635853,High,Priority retention call + targeted offer
CUST100936,12,3819.14,2,2,36.2,Month-to-Month,Debit Card,West,Standard,Yes,1,45829.68,0.9982231413988818,High,Priority retention call + targeted offer
CUST103551,38,3928.36,2,1,74.7,Month-to-Month,Net Banking,South,Basic,Yes,1,47140.32,0.9982196547247236,High,Priority retention call + targeted offer
CUST101729,8,3823.67,1,1,41.8,Month-to-Month,UPI,North,Standard,Yes,1,45884.04,0.9982078801869403,High,Priority retention call + targeted offer
CUST103377,42,3823.35,3,1,10.4,Month-to-Month,Net Banking,South,Basic,No,1,45880.2,0.9981962382281429,High,Priority retention call + targeted offer
CUST105340,22,3875.55,4,1,58.2,One Year,Credit Card,South,Basic,No,1,46506.6,0.9981944267522543,High,Priority retention call + targeted offer
CUST102892,27,3758.43,1,2,25.5,Month-to-Month,Credit Card,South,Basic,No,1,45101.16,0.9981911542743136,High,Priority retention call + targeted offer
CUST105145,55,3878.85,2,1,44.2,Month-to-Month,Debit Card,North,Premium,No,1,46546.2,0.9981735727746608,High,Priority retention call + targeted offer
CUST102176,8,3869.67,2,1,33.2,Two Year,UPI,North,Basic,Yes,1,46436.04,0.9981725159989252,High,Priority retention call + targeted offer
CUST101686,31,3849.97,4,0,21.6,Month-to-Month,Net Banking,North,Basic,Yes,1,46199.64,0.9981705496425178,High,Priority retention call + targeted offer
CUST101094,24,3898.18,2,0,52.0,Month-to-Month,Debit Card,West,Standard,Yes,1,46778.16,0.9981624916888187,High,Priority retention call + targeted offer
CUST100197,9,3935.26,0,1,18.4,Two Year,Net Banking,North,Standard,No,1,47223.12,0.9981512972147926,High,Priority retention call + targeted offer
CUST103349,57,3884.69,4,0,53.0,Month-to-Month,Cash,North,Basic,Yes,1,46616.28,0.9981456481852868,High,Priority retention call + targeted offer
CUST104542,67,3899.06,2,2,49.8,Month-to-Month,UPI,East,Premium,Yes,1,46788.72,0.9981444851834774,High,Priority retention call + targeted offer
CUST105704,23,3927.64,5,1,32.2,Two Year,Debit Card,East,Premium,Yes,1,47131.68,0.9981433449120255,High,Priority retention call + targeted offer
CUST100245,7,3889.82,1,0,27.7,One Year,Debit Card,North,Standard,No,1,46677.84,0.9981325191260845,High,Priority retention call + targeted offer
CUST105216,57,3897.82,1,2,47.6,Month-to-Month,UPI,East,Standard,Yes,1,46773.84,0.9981266972831035,High,Priority retention call + targeted offer
CUST100744,58,3871.93,1,0,38.8,Month-to-Month,UPI,West,Basic,No,1,46463.16,0.9981244304196085,High,Priority retention call + targeted offer
CUST104867,24,3818.53,2,2,48.9,Month-to-Month,Cash,South,Standard,No,1,45822.36,0.9981152849327828,High,Priority retention call + targeted offer
CUST104252,71,3863.23,3,1,23.6,Month-to-Month,Debit Card,West,Basic,Yes,1,46358.76,0.9981031708399362,High,Priority retention call + targeted offer
CUST105940,19,3804.76,1,2,61.7,Month-to-Month,UPI,South,Basic,Yes,1,45657.12,0.9980972204071494,High,Priority retention call + targeted offer
CUST101099,32,3845.98,1,1,36.9,Month-to-Month,UPI,South,Standard,Yes,1,46151.76,0.9980928617873575,High,Priority retention call + targeted offer
CUST104704,53,3928.43,3,1,38.9,One Year,UPI,North,Standard,No,1,47141.16,0.9980578994951985,High,Priority retention call + targeted offer
CUST102869,15,3971.14,2,0,67.2,Two Year,UPI,East,Premium,No,1,47653.68,0.9980572781365291,High,Priority retention call + targeted offer
CUST100836,59,4025.47,0,0,37.2,One Year,Net Banking,East,Premium,No,1,48305.64,0.9980348855566237,High,Priority retention call + targeted offer
CUST102720,46,3861.21,2,1,38.5,Month-to-Month,UPI,South,Standard,Yes,1,46334.52,0.9980294037013805,High,Priority retention call + targeted offer
CUST105520,32,3755.29,1,3,30.5,Month-to-Month,Debit Card,South,Basic,No,1,45063.48,0.9980265017776325,High,Priority retention call + targeted offer
CUST103437,48,3887.0,4,0,28.2,One Year,Cash,North,Basic,No,1,46644.0,0.9980195789831103,High,Priority retention call + targeted offer
CUST102804,13,3927.4,2,1,29.7,Two Year,Debit Card,East,Standard,Yes,1,47128.8,0.9979774455769911,High,Priority retention call + targeted offer
CUST103609,49,3947.34,2,0,51.8,One Year,Debit Card,West,Basic,No,1,47368.08,0.9979679735335093,High,Priority retention call + targeted offer
CUST102709,63,3961.05,4,0,47.5,Two Year,Credit Card,North,Basic,No,1,47532.6,0.9979553648825408,High,Priority retention call + targeted offer
CUST101061,50,3862.09,4,1,44.5,Month-to-Month,Debit Card,South,Standard,No,1,46345.08,0.997944141143475,High,Priority retention call + targeted offer
CUST104985,4,3841.81,2,2,25.5,Two Year,UPI,North,Premium,Yes,1,46101.72,0.9979390514752705,High,Priority retention call + targeted offer
CUST105323,29,3831.1,2,2,30.8,One Year,Credit Card,West,Basic,No,1,45973.2,0.9979383019579224,High,Priority retention call + targeted offer
CUST104760,70,4016.12,2,1,54.7,One Year,Debit Card,East,Standard,Yes,1,48193.44,0.997914421256221,High,Priority retention call + targeted offer
CUST102387,71,3964.16,0,1,33.5,One Year,Credit Card,West,Standard,No,1,47569.92,0.997904097630656,High,Priority retention call + targeted offer
CUST103424,44,4007.65,2,1,85.3,One Year,Debit Card,East,Standard,No,1,48091.8,0.9979034236681689,High,Priority retention call + targeted offer
CUST101288,8,3796.77,3,3,46.6,One Year,Debit Card,South,Basic,No,1,45561.24,0.9979018402435947,High,Priority retention call + targeted offer
CUST105202,61,3914.28,1,0,40.3,Month-to-Month,Cash,East,Standard,No,1,46971.36,0.9978944212399833,High,Priority retention call + targeted offer
CUST100968,67,3928.78,1,0,50.3,Month-to-Month,UPI,North,Standard,Yes,1,47145.36,0.9978885725434368,High,Priority retention call + targeted offer
CUST104287,59,3915.81,1,2,57.2,One Year,UPI,West,Basic,No,1,46989.72,0.9978737918919015,High,Priority retention call + targeted offer
CUST102376,62,3984.38,1,0,58.3,Month-to-Month,Net Banking,North,Standard,Yes,1,47812.56,0.9978677177380741,High,Priority retention call + targeted offer
CUST105130,24,3798.3,3,1,49.3,Month-to-Month,UPI,East,Basic,No,1,45579.6,0.9978675160978382,High,Priority retention call + targeted offer
CUST100229,13,3810.28,0,1,62.4,Month-to-Month,Debit Card,North,Basic,No,1,45723.36,0.9978569856517303,High,Priority retention call + targeted offer
CUST102598,70,3871.14,1,2,50.7,Month-to-Month,Credit Card,East,Basic,Yes,1,46453.68,0.9978517153979858,High,Priority retention call + targeted offer
CUST102483,24,3873.58,1,2,20.6,One Year,Net Banking,West,Basic,Yes,1,46482.96,0.9978458704192783,High,Priority retention call + targeted offer
CUST100098,46,3829.05,2,1,31.3,Month-to-Month,UPI,North,Standard,No,1,45948.6,0.9978410848339705,High,Priority retention call + targeted offer
CUST105655,16,3975.54,0,0,61.6,Two Year,UPI,East,Standard,No,1,47706.48,0.997828140876651,High,Priority retention call + targeted offer
CUST103675,32,3886.01,1,1,33.9,One Year,Debit Card,North,Premium,No,1,46632.12,0.9978233806302743,High,Priority retention call + targeted offer
CUST103682,16,3841.02,4,2,35.3,One Year,UPI,North,Standard,Yes,1,46092.24,0.9978188102338171,High,Priority retention call + targeted offer
CUST105774,36,3830.11,2,1,43.9,Month-to-Month,UPI,South,Standard,No,1,45961.32,0.997812784414945,High,Priority retention call + targeted offer
CUST102838,16,3843.65,0,1,62.3,Month-to-Month,Credit Card,West,Standard,No,1,46123.8,0.9977629191452414,High,Priority retention call + targeted offer
CUST100113,34,3733.83,6,2,21.9,Month-to-Month,Credit Card,East,Basic,No,1,44805.96,0.9977594403830666,High,Priority retention call + targeted offer
CUST102761,32,3924.8,2,0,52.8,Month-to-Month,Net Banking,East,Standard,No,1,47097.6,0.9977529343271988,High,Priority retention call + targeted offer
CUST104436,48,3912.65,3,0,47.3,One Year,UPI,South,Basic,Yes,1,46951.8,0.9977387361233067,High,Priority retention call + targeted offer
CUST101177,14,3814.65,0,3,29.4,Month-to-Month,Net Banking,West,Standard,Yes,1,45775.8,0.9977290819697027,High,Priority retention call + targeted offer
CUST104214,50,3823.04,5,0,36.6,Month-to-Month,UPI,East,Basic,No,1,45876.48,0.9977097570481347,High,Priority retention call + targeted offer
CUST102260,2,3827.22,1,1,43.8,Month-to-Month,Net Banking,West,Premium,No,1,45926.64,0.9977072969927328,High,Priority retention call + targeted offer
CUST105083,32,3846.71,1,0,36.8,Month-to-Month,Credit Card,South,Standard,Yes,1,46160.52,0.9976978916537848,High,Priority retention call + targeted offer
CUST100295,38,3877.14,2,1,42.1,One Year,Credit Card,East,Basic,No,1,46525.68,0.9976927515953871,High,Priority retention call + targeted offer
CUST100360,61,3809.35,0,1,17.3,Month-to-Month,UPI,South,Basic,Yes,1,45712.2,0.9976873029824044,High,Priority retention call + targeted offer
CUST100540,52,3805.48,5,2,6.3,One Year,UPI,South,Basic,Yes,1,45665.76,0.9976768886410693,High,Priority retention call + targeted offer
CUST102544,58,3898.95,2,0,22.8,Month-to-Month,Net Banking,South,Premium,Yes,1,46787.4,0.9976689980574714,High,Priority retention call + targeted offer
CUST104334,67,3877.54,1,0,39.7,Month-to-Month,Credit Card,North,Premium,No,1,46530.48,0.9976688043197555,High,Priority retention call + targeted offer
CUST103264,38,3809.58,1,0,39.9,Month-to-Month,UPI,South,Basic,No,1,45714.96,0.9976673268640981,High,Priority retention call + targeted offer
CUST100575,27,3800.47,0,1,40.0,Month-to-Month,Credit Card,South,Premium,No,1,45605.64,0.9976649907576062,High,Priority retention call + targeted offer
CUST102327,13,3775.52,2,2,29.7,Month-to-Month,Debit Card,East,Premium,Yes,1,45306.24,0.9976588408901387,High,Priority retention call + targeted offer
CUST101238,22,3867.76,1,2,53.8,One Year,Credit Card,West,Premium,No,1,46413.12,0.9976587500441911,High,Priority retention call + targeted offer
CUST104602,23,3698.37,4,3,24.5,Month-to-Month,UPI,South,Basic,Yes,1,44380.44,0.9976339129341508,High,Priority retention call + targeted offer
CUST103444,67,3953.45,3,0,36.2,One Year,UPI,West,Standard,No,1,47441.4,0.9976060893827773,High,Priority retention call + targeted offer
CUST101739,15,3814.04,3,2,44.3,One Year,UPI,East,Basic,No,1,45768.48,0.9975805050034008,High,Priority retention call + targeted offer
CUST101401,18,3835.07,3,0,62.8,Month-to-Month,Credit Card,South,Standard,No,1,46020.84,0.9975732072861642,High,Priority retention call + targeted offer
CUST103050,61,3974.85,0,0,39.3,Two Year,Debit Card,East,Basic,No,1,47698.2,0.9975433599804653,High,Priority retention call + targeted offer
CUST105961,45,3841.68,3,2,39.5,One Year,UPI,West,Basic,No,1,46100.16,0.997496956716076,High,Priority retention call + targeted offer
CUST105906,34,3778.4,2,0,24.3,Month-to-Month,UPI,West,Basic,No,1,45340.8,0.9974963413735052,High,Priority retention call + targeted offer
CUST105984,11,3791.57,3,2,64.6,Month-to-Month,Credit Card,West,Standard,No,1,45498.84,0.9974910659973564,High,Priority retention call + targeted offer
CUST101963,59,3876.11,0,3,35.2,One Year,Credit Card,North,Premium,Yes,1,46513.32,0.9974763745478199,High,Priority retention call + targeted offer
CUST100250,13,3821.41,1,2,50.3,One Year,Cash,West,Basic,No,1,45856.92,0.9974744078744895,High,Priority retention call + targeted offer
CUST100404,36,3736.79,4,3,34.4,Month-to-Month,Credit Card,North,Premium,No,1,44841.48,0.9974690585351534,High,Priority retention call + targeted offer
CUST104913,44,3834.35,0,1,40.7,Month-to-Month,Cash,South,Premium,Yes,1,46012.2,0.9974600018080229,High,Priority retention call + targeted offer
CUST100373,27,3733.11,6,1,2.0,Month-to-Month,Debit Card,South,Standard,No,1,44797.32,0.9974544158393414,High,Priority retention call + targeted offer
CUST104415,32,3785.64,2,2,59.4,Month-to-Month,Credit Card,North,Basic,Yes,1,45427.68,0.997452419885023,High,Priority retention call + targeted offer
CUST101125,61,3847.61,5,0,30.0,Month-to-Month,UPI,West,Standard,No,1,46171.32,0.9974473940020844,High,Priority retention call + targeted offer
CUST104043,8,3816.5,0,1,45.0,One Year,Credit Card,South,Basic,No,1,45798.0,0.9974339508858784,High,Priority retention call + targeted offer
CUST105286,21,3777.57,1,1,57.7,Month-to-Month,UPI,South,Basic,No,1,45330.84,0.9974205730816164,High,Priority retention call + targeted offer
CUST104917,20,3892.34,1,0,49.1,One Year,Cash,West,Premium,No,1,46708.08,0.9974071016165628,High,Priority retention call + targeted offer
CUST100518,35,3974.61,2,1,78.6,Two Year,Debit Card,South,Standard,No,1,47695.32,0.997405637526553,High,Priority retention call + targeted offer
CUST100961,30,3890.24,0,1,66.9,Month-to-Month,Net Banking,East,Basic,Yes,1,46682.88,0.9973844926114928,High,Priority retention call + targeted offer
CUST100114,37,3775.13,1,1,40.9,Month-to-Month,UPI,South,Basic,No,1,45301.56,0.9973573369739283,High,Priority retention call + targeted offer
CUST101029,25,3768.69,0,2,37.0,Month-to-Month,Credit Card,West,Premium,No,1,45224.28,0.9973569387202831,High,Priority retention call + targeted offer
CUST101885,13,3838.68,1,0,21.1,One Year,Credit Card,South,Standard,No,1,46064.16,0.9973480542832237,High,Priority retention call + targeted offer
CUST104411,43,3811.86,3,1,26.5,Month-to-Month,UPI,West,Standard,Yes,1,45742.32,0.997339412732668,High,Priority retention call + targeted offer
CUST100205,20,3791.18,0,2,69.4,Month-to-Month,Credit Card,East,Basic,No,1,45494.16,0.9973379343701052,High,Priority retention call + targeted offer
CUST102755,63,3860.82,0,1,35.6,Month-to-Month,Credit Card,North,Standard,Yes,1,46329.84,0.9973371915624226,High,Priority retention call + targeted offer
CUST105369,21,3823.05,2,2,26.9,Two Year,UPI,East,Basic,No,1,45876.6,0.9973317530396071,High,Priority retention call + targeted offer
CUST105361,58,3867.25,2,0,38.5,Month-to-Month,Credit Card,South,Standard,Yes,1,46407.0,0.9973158163318941,High,Priority retention call + targeted offer
CUST102669,70,3896.12,2,2,23.4,One Year,Net Banking,South,Basic,No,1,46753.44,0.9973002924690159,High,Priority retention call + targeted offer
CUST101928,14,3854.81,3,1,47.4,One Year,UPI,West,Standard,No,1,46257.72,0.9972951886393209,High,Priority retention call + targeted offer
CUST100774,61,3856.64,3,0,32.6,Month-to-Month,Debit Card,South,Premium,Yes,1,46279.68,0.9972948519368839,High,Priority retention call + targeted offer
CUST104916,8,3849.71,2,1,44.9,One Year,Debit Card,South,Standard,No,1,46196.52,0.9972922621794293,High,Priority retention call + targeted offer
CUST105928,9,3707.16,2,5,60.9,Month-to-Month,Credit Card,North,Standard,No,1,44485.92,0.997275498787227,High,Priority retention call + targeted offer
CUST105464,15,3748.52,2,1,28.2,Month-to-Month,Credit Card,West,Premium,No,1,44982.24,0.997271291922068,High,Priority retention call + targeted offer
CUST101362,26,3696.2,2,3,20.6,Month-to-Month,UPI,East,Basic,No,1,44354.4,0.9972640773865178,High,Priority retention call + targeted offer
CUST102527,69,3813.93,2,2,29.2,Month-to-Month,Debit Card,North,Premium,No,1,45767.16,0.9972637547098824,High,Priority retention call + targeted offer
CUST101121,7,3829.31,3,1,49.6,One Year,Debit Card,East,Basic,No,1,45951.72,0.9972525101503468,High,Priority retention call + targeted offer
CUST102340,31,3849.34,0,1,58.1,Month-to-Month,Debit Card,West,Premium,Yes,1,46192.08,0.997248547648974,High,Priority retention call + targeted offer
CUST102811,21,3772.79,1,2,45.5,Month-to-Month,Credit Card,East,Premium,No,1,45273.48,0.9972412987281419,High,Priority retention call + targeted offer
CUST104331,20,3810.58,1,1,71.9,Month-to-Month,UPI,West,Basic,Yes,1,45726.96,0.997220611443569,High,Priority retention call + targeted offer
CUST103802,58,3943.75,4,1,44.7,Two Year,Cash,West,Premium,Yes,1,47325.0,0.9972141192145828,High,Priority retention call + targeted offer
CUST103801,42,3855.32,3,0,62.7,Month-to-Month,UPI,North,Standard,No,1,46263.84,0.997183656094755,High,Priority retention call + targeted offer
CUST104294,67,3793.38,1,1,20.8,Month-to-Month,Credit Card,West,Basic,No,1,45520.56,0.9971343628874927,High,Priority retention call + targeted offer
CUST100367,23,3805.28,3,1,32.5,One Year,UPI,North,Basic,Yes,1,45663.36,0.9970826952264261,High,Priority retention call + targeted offer
CUST103328,29,3724.83,0,2,32.4,Month-to-Month,Credit Card,North,Basic,No,1,44697.96,0.9970818293597448,High,Priority retention call + targeted offer
CUST101772,27,3832.88,1,0,61.8,Month-to-Month,Credit Card,West,Premium,No,1,45994.56,0.9970645896104233,High,Priority retention call + targeted offer
CUST105980,44,3765.43,0,1,22.8,Month-to-Month,Debit Card,North,Basic,No,1,45185.16,0.9970385439892722,High,Priority retention call + targeted offer
CUST101944,28,3836.24,1,2,54.7,Month-to-Month,Net Banking,South,Standard,No,1,46034.88,0.9970073500695916,High,Priority retention call + targeted offer
CUST105638,8,3700.57,1,2,18.1,Month-to-Month,Credit Card,South,Standard,No,1,44406.84,0.997000791845956,High,Priority retention call + targeted offer
CUST105664,40,3794.14,3,0,36.8,Month-to-Month,UPI,South,Premium,No,1,45529.68,0.9969931791919002,High,Priority retention call + targeted offer
CUST101856,27,3837.2,2,0,35.3,One Year,UPI,South,Basic,Yes,1,46046.4,0.9969887163631329,High,Priority retention call + targeted offer
CUST100903,64,3835.97,3,2,52.4,Month-to-Month,UPI,South,Standard,Yes,1,46031.64,0.9969610241573686,High,Priority retention call + targeted offer
CUST101819,22,3755.79,4,1,26.9,Month-to-Month,Credit Card,East,Standard,No,1,45069.48,0.9969343317575432,High,Priority retention call + targeted offer
CUST102258,1,3762.54,1,1,48.2,Month-to-Month,Debit Card,South,Standard,No,1,45150.48,0.9968923674522568,High,Priority retention call + targeted offer
CUST104129,31,3888.32,4,2,30.6,One Year,Net Banking,East,Standard,Yes,1,46659.84,0.9968918624073011,High,Priority retention call + targeted offer
CUST104352,40,3798.39,0,1,20.0,Month-to-Month,Debit Card,South,Standard,Yes,1,45580.68,0.9968887486698719,High,Priority retention call + targeted offer
CUST103104,51,3798.19,1,2,36.6,Month-to-Month,Credit Card,West,Standard,No,1,45578.28,0.9968794684216069,High,Priority retention call + targeted offer
CUST101314,65,3750.89,1,3,35.6,Month-to-Month,Credit Card,North,Basic,No,1,45010.68,0.9968681318331863,High,Priority retention call + targeted offer
CUST100228,40,3801.33,2,1,31.8,Month-to-Month,Credit Card,West,Standard,Yes,1,45615.96,0.9968342434373565,High,Priority retention call + targeted offer
CUST105748,67,3965.44,1,0,29.2,One Year,Net Banking,North,Standard,No,1,47585.28,0.9968151539540406,High,Priority retention call + targeted offer
CUST105597,49,3910.94,1,2,34.4,Two Year,UPI,East,Standard,Yes,1,46931.28,0.9968144741925445,High,Priority retention call + targeted offer
CUST104169,49,3826.78,5,1,39.0,Month-to-Month,Net Banking,South,Premium,No,1,45921.36,0.9968080752288307,High,Priority retention call + targeted offer
CUST105532,37,3866.53,2,0,68.4,Month-to-Month,Debit Card,West,Standard,No,1,46398.36,0.996723918406675,High,Priority retention call + targeted offer
CUST104289,23,3834.57,4,2,60.2,Two Year,Credit Card,West,Basic,No,1,46014.84,0.9967090454086344,High,Priority retention call + targeted offer
CUST102025,35,3869.78,1,1,24.0,One Year,Net Banking,South,Premium,No,1,46437.36,0.9966694900060277,High,Priority retention call + targeted offer
CUST104175,26,3840.59,4,0,24.4,One Year,UPI,East,Standard,No,1,46087.08,0.9966611598651117,High,Priority retention call + targeted offer
CUST104833,18,3809.47,4,2,47.3,Two Year,Debit Card,North,Basic,No,1,45713.64,0.9966525962438914,High,Priority retention call + targeted offer
CUST104117,10,3770.98,0,1,38.2,Month-to-Month,Net Banking,West,Basic,No,1,45251.76,0.9966220944217,High,Priority retention call + targeted offer
CUST102786,21,3719.7,2,4,59.3,Month-to-Month,Cash,West,Premium,No,1,44636.4,0.99659722828135,High,Priority retention call + targeted offer
CUST104243,3,3688.83,2,1,23.8,Month-to-Month,UPI,North,Premium,No,1,44265.96,0.9965563249526941,High,Priority retention call + targeted offer
CUST102963,5,3833.68,4,2,48.2,One Year,Net Banking,North,Standard,No,1,46004.16,0.9965545623334802,High,Priority retention call + targeted offer
CUST101542,7,3763.85,1,2,37.4,Month-to-Month,Net Banking,South,Standard,No,1,45166.2,0.9965465571446258,High,Priority retention call + targeted offer
CUST104337,24,3822.99,0,2,38.3,One Year,Credit Card,West,Premium,Yes,1,45875.88,0.9965292032433583,High,Priority retention call + targeted offer
CUST101054,6,3683.92,1,2,24.5,Month-to-Month,Debit Card,East,Basic,No,1,44207.04,0.9965266105210606,High,Priority retention call + targeted offer
CUST103623,32,3890.96,4,2,51.8,One Year,Net Banking,South,Standard,Yes,1,46691.52,0.996525576595193,High,Priority retention call + targeted offer
CUST103409,35,3884.48,5,1,33.2,One Year,Net Banking,South,Standard,Yes,1,46613.76,0.9965161804532165,High,Priority retention call + targeted offer
CUST102828,46,3823.05,3,1,31.7,One Year,Cash,South,Basic,Yes,1,45876.6,0.9964966707090338,High,Priority retention call + targeted offer
CUST103643,36,3844.17,1,1,24.5,One Year,Credit Card,East,Standard,No,1,46130.04,0.996475167540415,High,Priority retention call + targeted offer
CUST103977,72,3893.47,0,1,31.3,Month-to-Month,Net Banking,East,Premium,Yes,1,46721.64,0.9964655993451336,High,Priority retention call + targeted offer
CUST102605,55,3821.22,4,1,49.0,Month-to-Month,Debit Card,East,Premium,No,1,45854.64,0.9964607729942299,High,Priority retention call + targeted offer
CUST105880,12,3784.52,1,2,45.5,One Year,UPI,North,Premium,No,1,45414.24,0.9964144577697782,High,Priority retention call + targeted offer
CUST101259,58,3833.92,3,0,38.1,Month-to-Month,Cash,North,Standard,Yes,1,46007.04,0.9963906637886734,High,Priority retention call + targeted offer
CUST103130,26,3748.92,3,2,70.8,Month-to-Month,UPI,South,Basic,Yes,1,44987.04,0.996374028400395,High,Priority retention call + targeted offer
CUST101868,3,3796.94,1,0,56.2,Month-to-Month,Net Banking,South,Basic,Yes,1,45563.28,0.9963711888749653,High,Priority retention call + targeted offer
CUST103232,49,3801.66,3,0,55.8,Month-to-Month,Credit Card,West,Basic,No,1,45619.92,0.9963636385463756,High,Priority retention call + targeted offer
CUST102161,18,3760.17,1,1,25.4,One Year,UPI,South,Basic,No,1,45122.04,0.99635445336966,High,Priority retention call + targeted offer
CUST102706,51,3843.31,2,0,58.3,Month-to-Month,Cash,North,Standard,No,1,46119.72,0.9963402688018353,High,Priority retention call + targeted offer
CUST100574,1,3692.49,3,3,37.1,Month-to-Month,Net Banking,South,Basic,Yes,1,44309.88,0.9963126446595725,High,Priority retention call + targeted offer
CUST101229,21,3786.58,1,0,53.2,Month-to-Month,Credit Card,West,Premium,No,1,45438.96,0.9963109088846825,High,Priority retention call + targeted offer
CUST102879,71,3829.63,2,1,43.3,Month-to-Month,UPI,East,Premium,No,1,45955.56,0.996305849148839,High,Priority retention call + targeted offer
CUST103070,31,3867.41,4,0,37.6,One Year,Net Banking,South,Basic,Yes,1,46408.92,0.9963021853141342,High,Priority retention call + targeted offer
CUST100190,50,3800.72,1,0,55.5,Month-to-Month,Credit Card,North,Basic,No,1,45608.64,0.9962864255041695,High,Priority retention call + targeted offer
CUST100531,12,3740.6,2,4,54.6,One Year,UPI,East,Basic,No,1,44887.2,0.9962735581308567,High,Priority retention call + targeted offer
CUST101161,36,3807.15,2,0,59.0,Month-to-Month,Credit Card,East,Basic,Yes,1,45685.8,0.9962290251185023,High,Priority retention call + targeted offer
CUST100443,36,3887.73,0,0,42.6,One Year,Credit Card,East,Standard,No,1,46652.76,0.9962001446483337,High,Priority retention call + targeted offer
CUST105559,10,3704.06,3,2,43.0,Month-to-Month,Cash,West,Premium,No,1,44448.72,0.9961891688689968,High,Priority retention call + targeted offer
CUST101269,4,3794.67,3,2,60.7,Two Year,UPI,West,Basic,No,1,45536.04,0.9961826317624326,High,Priority retention call + targeted offer
CUST102396,69,3814.68,4,3,29.1,One Year,UPI,West,Premium,No,1,45776.16,0.9961726265852958,High,Priority retention call + targeted offer
CUST104437,69,3955.55,2,0,72.0,One Year,UPI,East,Premium,No,1,47466.6,0.996155783644357,High,Priority retention call + targeted offer
CUST102028,38,3889.23,3,2,56.8,One Year,Net Banking,North,Standard,No,1,46670.76,0.9961557069576858,High,Priority retention call + targeted offer
CUST103507,59,3869.55,3,2,47.0,Two Year,UPI,West,Basic,Yes,1,46434.6,0.9961304065056973,High,Priority retention call + targeted offer
CUST100738,54,3779.37,1,1,45.8,Month-to-Month,Credit Card,South,Basic,Yes,1,45352.44,0.9961272489765275,High,Priority retention call + targeted offer
CUST101957,39,3815.31,0,0,55.1,Month-to-Month,UPI,West,Premium,No,1,45783.72,0.9961081812568022,High,Priority retention call + targeted offer
CUST102689,71,3928.86,1,0,28.6,One Year,Net Banking,East,Basic,No,1,47146.32,0.9960940685957591,High,Priority retention call + targeted offer
CUST104754,16,3753.65,1,0,28.1,Month-to-Month,Cash,West,Standard,No,1,45043.8,0.9960894688734564,High,Priority retention call + targeted offer
CUST102206,10,3715.76,5,0,56.7,Month-to-Month,UPI,North,Basic,No,1,44589.12,0.9960743932785889,High,Priority retention call + targeted offer
CUST105876,66,3735.26,2,4,22.7,Month-to-Month,UPI,East,Premium,Yes,1,44823.12,0.9960616399863259,High,Priority retention call + targeted offer
CUST100502,70,3778.82,2,1,25.6,Month-to-Month,Credit Card,South,Premium,No,1,45345.84,0.9960611824562954,High,Priority retention call + targeted offer
CUST102779,4,3621.13,3,2,19.8,Month-to-Month,Credit Card,South,Basic,No,1,43453.56,0.9960598886793964,High,Priority retention call + targeted offer
CUST102070,14,3671.33,2,1,11.6,Month-to-Month,UPI,West,Basic,Yes,1,44055.96,0.9960355094852837,High,Priority retention call + targeted offer
CUST104269,37,3791.28,2,1,60.3,Month-to-Month,Cash,West,Premium,No,1,45495.36,0.9960300173003852,High,Priority retention call + targeted offer
CUST104806,34,3818.03,1,0,35.4,Month-to-Month,Debit Card,East,Standard,Yes,1,45816.36,0.9960216246927397,High,Priority retention call + targeted offer
CUST105097,24,3779.55,3,0,47.1,Month-to-Month,UPI,South,Standard,Yes,1,45354.6,0.9960084171335123,High,Priority retention call + targeted offer
CUST102769,70,3858.72,2,0,50.7,Month-to-Month,UPI,North,Standard,Yes,1,46304.64,0.995960443460977,High,Priority retention call + targeted offer
CUST102047,39,3845.24,1,2,37.3,Two Year,Credit Card,North,Standard,No,1,46142.88,0.9959567985949049,High,Priority retention call + targeted offer
CUST101776,24,3806.9,0,1,21.9,One Year,UPI,North,Standard,Yes,1,45682.8,0.9959470939399844,High,Priority retention call + targeted offer
CUST103758,6,3682.87,5,0,17.0,Month-to-Month,Debit Card,West,Basic,Yes,1,44194.44,0.9959187843629256,High,Priority retention call + targeted offer
CUST101416,46,3771.01,1,0,38.5,Month-to-Month,Credit Card,South,Basic,Yes,1,45252.12,0.9958875175452363,High,Priority retention call + targeted offer
CUST105372,26,3771.09,2,0,63.5,Month-to-Month,Debit Card,South,Basic,No,1,45253.08,0.9958648723467196,High,Priority retention call + targeted offer
CUST100415,49,3793.24,4,0,62.1,Month-to-Month,Credit Card,South,Basic,Yes,1,45518.88,0.9958195052343052,High,Priority retention call + targeted offer
CUST105437,1,3696.9,2,2,43.8,Month-to-Month,Debit Card,South,Standard,No,1,44362.8,0.99576340726759,High,Priority retention call + targeted offer
CUST103052,55,3825.14,1,2,38.0,Month-to-Month,Net Banking,West,Standard,No,1,45901.68,0.9957515347175591,High,Priority retention call + targeted offer
CUST101611,11,3821.18,2,0,36.7,Two Year,Debit Card,North,Basic,Yes,1,45854.16,0.9957434310165019,High,Priority retention call + targeted offer
CUST102044,20,3817.83,2,1,33.5,One Year,Net Banking,South,Basic,Yes,1,45813.96,0.995724155753928,High,Priority retention call + targeted offer
CUST105207,55,3826.05,2,2,27.4,One Year,Credit Card,North,Standard,Yes,1,45912.6,0.9957220279669445,High,Priority retention call + targeted offer
CUST101395,43,3825.25,1,0,42.7,Month-to-Month,Net Banking,East,Basic,No,1,45903.0,0.9957127130100837,High,Priority retention call + targeted offer
CUST102277,4,3617.73,4,2,11.6,Month-to-Month,UPI,South,Premium,No,1,43412.76,0.9956992587425212,High,Priority retention call + targeted offer
CUST105013,68,3859.09,2,1,73.1,Month-to-Month,Debit Card,North,Premium,Yes,1,46309.08,0.9956759212105513,High,Priority retention call + targeted offer
CUST104113,71,3828.59,4,0,37.8,Month-to-Month,UPI,East,Standard,No,1,45943.08,0.9956540929240693,High,Priority retention call + targeted offer
CUST102506,34,3732.07,4,0,21.5,Month-to-Month,Credit Card,North,Standard,No,1,44784.84,0.9956412186590926,High,Priority retention call + targeted offer
CUST101236,1,3754.02,1,1,31.4,Two Year,Credit Card,South,Basic,No,1,45048.24,0.9956163367749691,High,Priority retention call + targeted offer
CUST103811,33,3777.58,0,1,35.8,Month-to-Month,Debit Card,East,Standard,No,1,45330.96,0.9955912966456022,High,Priority retention call + targeted offer
CUST104119,4,3774.56,0,3,57.2,Month-to-Month,Net Banking,East,Standard,Yes,1,45294.72,0.995577881798079,High,Priority retention call + targeted offer
CUST101945,9,3775.29,2,1,14.5,One Year,Cash,East,Standard,Yes,1,45303.48,0.9955755785573379,High,Priority retention call + targeted offer
CUST100462,54,3861.2,2,1,59.2,One Year,Credit Card,North,Premium,No,1,46334.4,0.9955523120173072,High,Priority retention call + targeted offer
CUST102686,18,3719.95,3,0,20.0,Month-to-Month,Debit Card,South,Standard,No,1,44639.4,0.9955461054706216,High,Priority retention call + targeted offer
CUST103747,71,3837.93,2,0,51.2,Month-to-Month,Credit Card,North,Standard,No,1,46055.16,0.9955250339422574,High,Priority retention call + targeted offer
CUST100721,68,3885.62,1,1,47.5,Two Year,Credit Card,West,Basic,No,1,46627.44,0.9954769303330349,High,Priority retention call + targeted offer
CUST102415,36,3754.63,1,2,37.5,Month-to-Month,Net Banking,South,Basic,Yes,1,45055.56,0.9954752427645743,High,Priority retention call + targeted offer
CUST105250,11,3800.23,1,1,40.3,Two Year,Credit Card,West,Basic,Yes,1,45602.76,0.9954512801453385,High,Priority retention call + targeted offer
CUST104814,54,3884.52,2,0,36.5,One Year,Net Banking,West,Basic,No,1,46614.24,0.9954088400060805,High,Priority retention call + targeted offer
CUST105731,9,3865.22,1,0,50.0,One Year,Net Banking,South,Premium,Yes,1,46382.64,0.9953781925696816,High,Priority retention call + targeted offer
CUST104944,3,3770.25,3,0,15.8,One Year,Debit Card,South,Standard,Yes,1,45243.0,0.9953650222885838,High,Priority retention call + targeted offer
CUST100102,58,3735.5,1,3,34.6,Month-to-Month,UPI,East,Premium,No,1,44826.0,0.9953503001799784,High,Priority retention call + targeted offer
CUST105046,56,3738.03,5,1,17.1,Month-to-Month,Cash,West,Premium,Yes,1,44856.36,0.9953203331482199,High,Priority retention call + targeted offer
CUST102000,64,3789.93,1,1,28.5,Month-to-Month,Credit Card,East,Standard,No,1,45479.16,0.9952907342211635,High,Priority retention call + targeted offer
CUST102809,14,3841.88,1,1,52.5,Two Year,Credit Card,West,Standard,No,1,46102.56,0.9952528335347001,High,Priority retention call + targeted offer
CUST102281,26,3791.17,0,3,48.0,Two Year,Cash,East,Basic,No,1,45494.04,0.9952374138781609,High,Priority retention call + targeted offer
CUST102329,11,3746.85,1,1,47.9,Month-to-Month,UPI,East,Standard,Yes,1,44962.2,0.9951931191859483,High,Priority retention call + targeted offer
CUST105987,40,3821.38,3,1,46.7,One Year,Credit Card,South,Standard,No,1,45856.56,0.9951857914335072,High,Priority retention call + targeted offer
CUST103072,18,3799.77,1,0,40.0,Month-to-Month,Net Banking,West,Standard,No,1,45597.24,0.9951845825966475,High,Priority retention call + targeted offer
CUST101383,65,3874.35,2,1,32.4,Two Year,UPI,North,Standard,No,1,46492.2,0.9951843181577559,High,Priority retention call + targeted offer
CUST102286,66,3861.71,2,0,30.6,One Year,Credit Card,South,Standard,No,1,46340.52,0.9951071770256917,High,Priority retention call + targeted offer
CUST105374,54,3890.9,1,0,39.2,Two Year,UPI,South,Standard,No,1,46690.8,0.9951069960761108,High,Priority retention call + targeted offer
CUST100311,49,3733.63,2,1,33.7,Month-to-Month,Debit Card,West,Basic,No,1,44803.56,0.9950919933821734,High,Priority retention call + targeted offer
CUST105806,31,3808.89,3,2,43.8,One Year,Net Banking,North,Basic,Yes,1,45706.68,0.9950793457210912,High,Priority retention call + targeted offer
CUST100748,23,3817.7,3,0,65.2,Month-to-Month,Net Banking,West,Premium,No,1,45812.4,0.995053526794848,High,Priority retention call + targeted offer
CUST102609,60,3862.59,3,0,52.1,One Year,Debit Card,West,Basic,No,1,46351.08,0.9950275691093947,High,Priority retention call + targeted offer
CUST105983,60,3827.19,1,1,26.7,One Year,Debit Card,North,Premium,No,1,45926.28,0.994961170349724,High,Priority retention call + targeted offer
CUST102935,17,3706.82,2,4,38.0,One Year,UPI,West,Premium,No,1,44481.84,0.9949391967554665,High,Priority retention call + targeted offer
CUST102736,42,3775.17,0,2,20.7,One Year,UPI,North,Standard,No,1,45302.04,0.9949349591598786,High,Priority retention call + targeted offer
CUST105356,51,3715.81,3,2,37.8,Month-to-Month,Debit Card,South,Basic,Yes,1,44589.72,0.9949277287129107,High,Priority retention call + targeted offer
CUST102379,48,3741.12,2,2,41.2,Month-to-Month,Credit Card,West,Standard,No,1,44893.44,0.9948552831870295,High,Priority retention call + targeted offer
CUST105852,19,3667.61,4,1,24.9,Month-to-Month,Credit Card,East,Basic,Yes,1,44011.32,0.9948384669044625,High,Priority retention call + targeted offer
CUST101670,55,3813.14,1,1,64.3,Month-to-Month,Credit Card,North,Standard,Yes,1,45757.68,0.9948331444153325,High,Priority retention call + targeted offer
CUST105596,39,3811.77,0,0,34.7,Month-to-Month,Net Banking,North,Standard,No,1,45741.24,0.994828411385938,High,Priority retention call + targeted offer
CUST104973,56,3832.38,2,0,47.5,Month-to-Month,Net Banking,North,Premium,No,1,45988.56,0.9947966674631974,High,Priority retention call + targeted offer
CUST101549,1,3674.16,1,2,9.3,One Year,Debit Card,West,Basic,No,1,44089.92,0.9947915190339516,High,Priority retention call + targeted offer
CUST101930,7,3759.21,0,0,48.9,Month-to-Month,Credit Card,East,Standard,Yes,1,45110.52,0.9947734979363793,High,Priority retention call + targeted offer
CUST102979,35,3831.79,2,0,24.0,Two Year,UPI,East,Premium,No,1,45981.48,0.9947605387206994,High,Priority retention call + targeted offer
CUST105205,33,3699.73,2,1,35.9,Month-to-Month,UPI,East,Basic,No,1,44396.76,0.9947469788499781,High,Priority retention call + targeted offer
CUST101178,19,3814.37,1,1,23.4,Two Year,Net Banking,South,Basic,Yes,1,45772.44,0.9947197062736294,High,Priority retention call + targeted offer
CUST104176,22,3817.41,2,1,27.8,Two Year,Net Banking,West,Basic,No,1,45808.92,0.9946939003016605,High,Priority retention call + targeted offer
CUST102366,25,3637.06,3,2,6.2,Month-to-Month,Credit Card,North,Premium,Yes,1,43644.72,0.9946897156720833,High,Priority retention call + targeted offer
CUST102853,7,3789.59,1,1,15.0,One Year,Net Banking,North,Standard,Yes,1,45475.08,0.9946857280509311,High,Priority retention call + targeted offer
CUST101165,8,3679.91,3,2,54.7,Month-to-Month,UPI,North,Standard,No,1,44158.92,0.9946102703124481,High,Priority retention call + targeted offer
CUST103092,52,3748.5,2,1,28.2,Month-to-Month,Debit Card,East,Premium,No,1,44982.0,0.9944991615120427,High,Priority retention call + targeted offer
CUST104052,56,3643.87,4,3,24.0,Month-to-Month,UPI,North,Basic,No,1,43726.44,0.9944724360695012,High,Priority retention call + targeted offer
CUST101167,29,3821.43,3,1,44.9,One Year,Debit Card,West,Standard,Yes,1,45857.16,0.9944657298608338,High,Priority retention call + targeted offer
CUST100166,24,3850.45,1,0,37.9,One Year,Net Banking,South,Standard,No,1,46205.4,0.9943830950891785,High,Priority retention call + targeted offer
CUST100372,30,3767.55,0,1,40.4,One Year,Credit Card,West,Basic,No,1,45210.6,0.9943506884514409,High,Priority retention call + targeted offer
CUST101163,39,3805.38,3,0,57.4,Month-to-Month,Net Banking,West,Basic,Yes,1,45664.56,0.9943411922136991,High,Priority retention call + targeted offer
CUST100917,57,3850.22,6,2,48.8,Two Year,Debit Card,West,Standard,No,1,46202.64,0.9943405550049358,High,Priority retention call + targeted offer
CUST100475,57,3742.78,5,2,46.0,Month-to-Month,Credit Card,East,Standard,No,1,44913.36,0.9942614329650379,High,Priority retention call + targeted offer
CUST101279,63,3809.26,3,1,49.7,Month-to-Month,Net Banking,North,Premium,No,1,45711.12,0.9942287145412375,High,Priority retention call + targeted offer
CUST101719,38,3669.52,2,3,46.4,Month-to-Month,UPI,East,Basic,No,1,44034.24,0.9941746274344025,High,Priority retention call + targeted offer
CUST105970,54,3821.64,0,2,32.7,Two Year,UPI,West,Premium,No,1,45859.68,0.9941417897966935,High,Priority retention call + targeted offer
CUST104493,19,3741.85,4,0,18.5,Month-to-Month,Net Banking,East,Standard,No,1,44902.2,0.9941345635186833,High,Priority retention call + targeted offer
CUST104463,48,3829.66,1,1,52.2,One Year,UPI,North,Standard,No,1,45955.92,0.9941339664405461,High,Priority retention call + targeted offer
CUST104823,71,3777.85,3,1,40.0,Month-to-Month,Credit Card,South,Standard,Yes,1,45334.2,0.9940916625554673,High,Priority retention call + targeted offer
CUST105183,65,3796.26,5,3,49.5,Two Year,UPI,North,Basic,Yes,1,45555.12,0.9940862339787242,High,Priority retention call + targeted offer
CUST100577,38,3761.78,3,1,52.0,Month-to-Month,Debit Card,East,Standard,No,1,45141.36,0.9940706884617667,High,Priority retention call + targeted offer
CUST100232,2,3574.48,3,2,20.8,Month-to-Month,UPI,North,Basic,No,1,42893.76,0.9940359938041883,High,Priority retention call + targeted offer
CUST102476,38,3756.05,1,1,70.7,Month-to-Month,Debit Card,South,Basic,Yes,1,45072.6,0.9940248743100908,High,Priority retention call + targeted offer
CUST105734,47,3769.69,1,3,27.4,One Year,UPI,West,Standard,Yes,1,45236.28,0.993977897165539,High,Priority retention call + targeted offer
CUST101119,36,3639.01,2,2,16.1,Month-to-Month,Cash,South,Basic,Yes,1,43668.12,0.9939580444101389,High,Priority retention call + targeted offer
CUST102158,59,3727.78,2,1,50.3,Month-to-Month,UPI,North,Basic,No,1,44733.36,0.9939488884248285,High,Priority retention call + targeted offer
CUST102593,7,3700.72,2,2,48.6,Month-to-Month,Net Banking,South,Premium,No,1,44408.64,0.9939417601665711,High,Priority retention call + targeted offer
CUST102357,16,3728.34,1,0,63.7,Month-to-Month,UPI,North,Premium,No,1,44740.08,0.9938302534086073,High,Priority retention call + targeted offer
CUST104636,60,3809.83,1,0,34.0,One Year,Credit Card,West,Basic,No,1,45717.96,0.9937963626557355,High,Priority retention call + targeted offer
CUST101978,5,3750.51,6,0,42.9,One Year,UPI,West,Standard,No,0,45006.12,0.9937784302020903,High,Priority retention call + targeted offer
CUST102564,32,3848.96,1,0,42.8,Two Year,Credit Card,South,Standard,Yes,1,46187.52,0.9937620424155893,High,Priority retention call + targeted offer
CUST104312,26,3713.34,3,1,50.1,Month-to-Month,Cash,East,Premium,No,1,44560.08,0.9937613101916536,High,Priority retention call + targeted offer
CUST102930,13,3730.9,6,1,34.1,One Year,Debit Card,South,Standard,No,1,44770.8,0.9937095191259122,High,Priority retention call + targeted offer
CUST104748,63,3785.46,1,2,41.9,One Year,Debit Card,North,Basic,No,1,45425.52,0.9937082164839541,High,Priority retention call + targeted offer
CUST101499,61,3781.71,0,3,27.5,One Year,Debit Card,South,Standard,No,1,45380.52,0.9937042364613994,High,Priority retention call + targeted offer
CUST105005,69,3852.54,3,1,74.5,One Year,Credit Card,North,Basic,Yes,1,46230.48,0.9937006454700955,High,Priority retention call + targeted offer
CUST104808,29,3824.69,2,0,55.8,Two Year,Credit Card,East,Basic,No,1,45896.28,0.9936462707401986,High,Priority retention call + targeted offer
CUST103339,63,3790.5,1,1,50.2,Month-to-Month,UPI,West,Standard,Yes,1,45486.0,0.993585645566644,High,Priority retention call + targeted offer
CUST102224,29,3744.42,1,0,69.0,Month-to-Month,Credit Card,East,Basic,No,1,44933.04,0.9935133454335333,High,Priority retention call + targeted offer
CUST103076,8,3652.07,1,2,61.6,Month-to-Month,UPI,West,Basic,No,1,43824.84,0.9935020764807245,High,Priority retention call + targeted offer
CUST103646,47,3738.59,3,1,30.4,One Year,UPI,South,Basic,No,1,44863.08,0.9934761777638447,High,Priority retention call + targeted offer
CUST100635,50,3739.67,2,3,29.1,Month-to-Month,Net Banking,East,Standard,No,1,44876.04,0.9934647284393511,High,Priority retention call + targeted offer
CUST105382,28,3700.08,5,1,39.2,Month-to-Month,Debit Card,West,Standard,No,1,44400.96,0.9934427392059616,High,Priority retention call + targeted offer
CUST100302,1,3800.37,2,1,73.1,Two Year,UPI,South,Standard,No,1,45604.44,0.9933756360075667,High,Priority retention call + targeted offer
CUST100023,67,3784.35,3,0,12.1,One Year,Credit Card,West,Basic,Yes,1,45412.2,0.9933657525565966,High,Priority retention call + targeted offer
CUST105338,29,3705.35,2,1,49.1,Month-to-Month,UPI,North,Premium,Yes,1,44464.2,0.993332515112442,High,Priority retention call + targeted offer
CUST104810,15,3683.68,1,0,12.5,Month-to-Month,Net Banking,West,Basic,No,1,44204.16,0.9933292815886329,High,Priority retention call + targeted offer
CUST104553,41,3711.82,1,0,33.9,Month-to-Month,Credit Card,West,Basic,Yes,1,44541.84,0.9931911715884101,High,Priority retention call + targeted offer
CUST105383,28,3727.58,1,0,53.8,Month-to-Month,UPI,East,Basic,Yes,1,44730.96,0.9931856154957739,High,Priority retention call + targeted offer
CUST101951,44,3685.49,2,2,49.2,Month-to-Month,Cash,South,Basic,Yes,1,44225.88,0.9931717667826853,High,Priority retention call + targeted offer
CUST104460,8,3620.16,1,2,49.8,Month-to-Month,Credit Card,South,Basic,No,1,43441.92,0.9931646885704802,High,Priority retention call + targeted offer
CUST105209,3,3724.79,2,1,83.0,Month-to-Month,UPI,North,Standard,Yes,1,44697.48,0.9931401129736231,High,Priority retention call + targeted offer
CUST105392,58,3798.32,4,3,22.9,One Year,Net Banking,East,Standard,No,1,45579.84,0.9930883917579705,High,Priority retention call + targeted offer
CUST103932,51,3729.29,2,2,36.5,Month-to-Month,Net Banking,East,Basic,No,1,44751.48,0.9930390057662216,High,Priority retention call + targeted offer
CUST101226,8,3701.61,2,1,45.4,Month-to-Month,Net Banking,West,Basic,Yes,1,44419.32,0.9929891651659598,High,Priority retention call + targeted offer
CUST102629,3,3692.16,1,1,30.0,One Year,Credit Card,West,Basic,Yes,1,44305.92,0.9927706916101303,High,Priority retention call + targeted offer
CUST103693,24,3760.62,4,0,23.3,One Year,Net Banking,West,Basic,No,1,45127.44,0.9927579657669037,High,Priority retention call + targeted offer
CUST101341,10,3633.1,1,0,32.6,Month-to-Month,UPI,South,Basic,No,1,43597.2,0.9927369793757375,High,Priority retention call + targeted offer
CUST100737,25,3736.67,1,1,28.8,One Year,Credit Card,North,Premium,Yes,1,44840.04,0.9927038462255583,High,Priority retention call + targeted offer
CUST101284,28,3725.15,2,1,55.0,Month-to-Month,UPI,West,Standard,Yes,1,44701.8,0.9926958689067907,High,Priority retention call + targeted offer
CUST104877,32,3718.74,2,0,46.7,Month-to-Month,Credit Card,North,Standard,No,1,44624.88,0.992691665449753,High,Priority retention call + targeted offer
CUST104830,26,3727.04,2,2,49.1,One Year,Debit Card,West,Basic,No,1,44724.48,0.992642061053004,High,Priority retention call + targeted offer
CUST105653,34,3859.62,1,0,41.8,Two Year,Net Banking,North,Premium,No,1,46315.44,0.9926388837360592,High,Priority retention call + targeted offer
CUST105714,69,3811.8,0,1,41.5,One Year,Debit Card,West,Basic,No,1,45741.6,0.9926237723891772,High,Priority retention call + targeted offer
CUST100583,4,3691.11,3,1,19.8,One Year,Credit Card,West,Standard,No,1,44293.32,0.9926096983875555,High,Priority retention call + targeted offer
CUST100431,54,3734.26,4,4,45.4,Two Year,Cash,West,Basic,No,1,44811.12,0.9925846141190445,High,Priority retention call + targeted offer
CUST103738,49,3766.26,1,3,42.7,Two Year,Credit Card,West,Basic,Yes,1,45195.12,0.992555705154914,High,Priority retention call + targeted offer
CUST101339,30,3634.06,1,1,28.8,Month-to-Month,UPI,South,Basic,No,1,43608.72,0.9925220985454344,High,Priority retention call + targeted offer
CUST100840,21,3800.7,1,0,62.2,One Year,UPI,East,Premium,No,1,45608.4,0.9925100995607243,High,Priority retention call + targeted offer
CUST101293,1,3636.96,3,1,61.5,Month-to-Month,UPI,West,Basic,No,1,43643.52,0.9925095081645523,High,Priority retention call + targeted offer
CUST101652,4,3714.38,3,0,45.7,Month-to-Month,Net Banking,West,Premium,No,1,44572.56,0.9924268270856305,High,Priority retention call + targeted offer
CUST102290,29,3631.27,1,2,36.7,Month-to-Month,UPI,West,Basic,No,1,43575.24,0.9924081977422072,High,Priority retention call + targeted offer
CUST104336,55,3718.87,1,0,38.2,Month-to-Month,Cash,West,Basic,No,1,44626.44,0.9924069639786819,High,Priority retention call + targeted offer
CUST103181,15,3682.7,2,1,51.2,Month-to-Month,Debit Card,West,Premium,No,1,44192.4,0.9924038558665434,High,Priority retention call + targeted offer
CUST102577,33,3642.6,3,1,39.6,Month-to-Month,Credit Card,North,Basic,No,1,43711.2,0.9923305129979934,High,Priority retention call + targeted offer
CUST100616,18,3825.29,2,0,49.0,Two Year,Debit Card,East,Standard,No,1,45903.48,0.9922434549982914,High,Priority retention call + targeted offer
CUST103791,13,3705.81,1,2,61.3,Month-to-Month,Net Banking,South,Premium,No,1,44469.72,0.9922263019434538,High,Priority retention call + targeted offer
CUST101074,34,3716.67,1,2,28.8,Month-to-Month,Net Banking,South,Standard,Yes,1,44600.04,0.9922234023618945,High,Priority retention call + targeted offer
CUST104030,40,3701.14,0,1,39.5,Month-to-Month,Credit Card,South,Standard,No,1,44413.68,0.9921481313313381,High,Priority retention call + targeted offer
CUST105455,10,3693.32,3,0,50.8,Month-to-Month,Credit Card,East,Premium,Yes,1,44319.84,0.9920728960943157,High,Priority retention call + targeted offer
CUST104096,39,3757.27,2,1,60.4,Month-to-Month,Net Banking,South,Premium,No,1,45087.24,0.9920221143041728,High,Priority retention call + targeted offer
CUST101636,12,3690.52,4,3,32.9,One Year,Net Banking,East,Basic,No,1,44286.24,0.9920207470653114,High,Priority retention call + targeted offer
CUST100784,35,3689.44,3,1,28.3,Month-to-Month,UPI,East,Standard,Yes,1,44273.28,0.9919527842687212,High,Priority retention call + targeted offer
CUST101631,65,3751.33,3,0,34.4,Month-to-Month,Net Banking,South,Basic,No,1,45015.96,0.9919526840001445,High,Priority retention call + targeted offer
CUST103707,55,3808.0,2,0,20.0,One Year,Net Banking,East,Basic,No,1,45696.0,0.9919023221461613,High,Priority retention call + targeted offer
CUST105293,53,3833.81,1,1,63.0,One Year,Net Banking,North,Basic,No,1,46005.72,0.9918918554510814,High,Priority retention call + targeted offer
CUST102910,9,3727.71,0,2,51.5,One Year,Credit Card,West,Standard,No,1,44732.52,0.9918786000784454,High,Priority retention call + targeted offer
CUST100312,9,3570.65,0,5,24.8,Month-to-Month,Net Banking,West,Basic,No,1,42847.8,0.9918195608771905,High,Priority retention call + targeted offer
CUST102693,31,3642.55,2,3,43.4,Month-to-Month,Debit Card,East,Basic,Yes,1,43710.6,0.9918092043561567,High,Priority retention call + targeted offer
CUST101180,44,3801.83,2,1,45.2,Two Year,Cash,West,Premium,No,1,45621.96,0.9916999322216117,High,Priority retention call + targeted offer
CUST101532,68,3792.35,2,2,33.2,Two Year,Debit Card,East,Basic,No,1,45508.2,0.991643611356953,High,Priority retention call + targeted offer
CUST105711,68,3749.25,2,0,49.0,Month-to-Month,Debit Card,South,Basic,Yes,1,44991.0,0.9915882388785291,High,Priority retention call + targeted offer
CUST105038,72,3706.94,4,1,38.1,Month-to-Month,Debit Card,South,Basic,Yes,1,44483.28,0.9914163048120613,High,Priority retention call + targeted offer
CUST104711,58,3701.26,2,1,34.2,Month-to-Month,Credit Card,North,Standard,No,1,44415.12,0.9913610123729614,High,Priority retention call + targeted offer
CUST102995,46,3850.38,1,0,54.2,Two Year,Credit Card,South,Standard,Yes,1,46204.56,0.9912962111657371,High,Priority retention call + targeted offer
CUST100777,9,3717.5,1,0,4.0,Two Year,UPI,West,Premium,Yes,1,44610.0,0.9912625343256513,High,Priority retention call + targeted offer
CUST103451,4,3763.09,4,2,37.6,Two Year,Net Banking,East,Standard,No,1,45157.08,0.9912500747950418,High,Priority retention call + targeted offer
CUST103149,8,3598.34,4,2,20.6,Month-to-Month,Debit Card,North,Standard,Yes,1,43180.08,0.9912481148054308,High,Priority retention call + targeted offer
CUST104084,37,3737.03,1,0,70.2,Month-to-Month,UPI,East,Basic,Yes,1,44844.36,0.9912021528377846,High,Priority retention call + targeted offer
CUST100844,1,3705.89,4,1,38.5,Two Year,Cash,East,Basic,Yes,1,44470.68,0.9910855080533509,High,Priority retention call + targeted offer
CUST101356,25,3655.23,2,1,28.8,Month-to-Month,Cash,North,Standard,Yes,1,43862.76,0.991026195066491,High,Priority retention call + targeted offer
CUST104640,61,3698.39,1,1,30.0,Month-to-Month,Debit Card,South,Premium,No,1,44380.68,0.9909735510736456,High,Priority retention call + targeted offer
CUST104874,14,3631.23,1,2,38.6,Month-to-Month,UPI,South,Standard,Yes,1,43574.76,0.9909673641510187,High,Priority retention call + targeted offer
CUST102061,41,3671.62,1,0,31.6,Month-to-Month,Cash,North,Basic,Yes,1,44059.44,0.9909310350121417,High,Priority retention call + targeted offer
CUST102292,17,3625.88,3,1,24.1,Month-to-Month,Cash,West,Premium,Yes,1,43510.56,0.9908893028515324,High,Priority retention call + targeted offer
CUST101253,58,3639.48,2,1,13.5,Month-to-Month,UPI,South,Basic,Yes,1,43673.76,0.9907915771266864,High,Priority retention call + targeted offer
CUST104789,43,3804.27,1,0,44.3,One Year,Credit Card,West,Standard,Yes,1,45651.24,0.9907642931306392,High,Priority retention call + targeted offer
CUST105077,1,3645.36,1,0,41.1,Month-to-Month,Cash,South,Standard,No,1,43744.32,0.9906971657013456,High,Priority retention call + targeted offer
CUST101653,43,3756.47,3,2,33.7,One Year,Debit Card,East,Standard,Yes,1,45077.64,0.9906815169059092,High,Priority retention call + targeted offer
CUST104532,51,3689.73,3,3,65.4,Month-to-Month,Credit Card,West,Standard,No,1,44276.76,0.990647063981099,High,Priority retention call + targeted offer
CUST100494,21,3777.61,4,0,43.2,Two Year,Net Banking,South,Basic,No,1,45331.32,0.9906462424254252,High,Priority retention call + targeted offer
CUST102117,40,3661.12,2,1,49.0,Month-to-Month,Debit Card,South,Basic,No,1,43933.44,0.9905823814846574,High,Priority retention call + targeted offer
CUST101527,10,3619.86,2,0,2.0,Month-to-Month,UPI,East,Standard,Yes,1,43438.32,0.9903896882834555,High,Priority retention call + targeted offer
CUST100933,47,3659.11,6,0,34.0,Month-to-Month,UPI,South,Premium,No,1,43909.32,0.990320817805195,High,Priority retention call + targeted offer
CUST105586,17,3644.64,1,1,53.0,Month-to-Month,Debit Card,North,Basic,Yes,1,43735.68,0.9901556372748961,High,Priority retention call + targeted offer
CUST103097,23,3581.35,4,2,42.5,Month-to-Month,Cash,South,Basic,No,1,42976.2,0.9900986727936913,High,Priority retention call + targeted offer
CUST102359,16,3572.83,2,2,33.5,Month-to-Month,UPI,West,Basic,No,1,42873.96,0.9900769519911844,High,Priority retention call + targeted offer
CUST102203,25,3654.83,2,0,34.9,Month-to-Month,UPI,North,Premium,Yes,1,43857.96,0.9899406272191258,High,Priority retention call + targeted offer
CUST104332,62,3663.3,3,3,48.2,Month-to-Month,Debit Card,North,Premium,No,1,43959.6,0.9899362169649262,High,Priority retention call + targeted offer
CUST101762,1,3597.1,3,1,35.0,Month-to-Month,Cash,South,Standard,No,1,43165.2,0.9899004030132746,High,Priority retention call + targeted offer
CUST100610,61,3645.0,3,1,17.5,Month-to-Month,Debit Card,West,Basic,No,1,43740.0,0.989886210784452,High,Priority retention call + targeted offer
CUST104206,66,3663.11,4,3,38.8,Month-to-Month,Debit Card,South,Standard,No,1,43957.32,0.989859318643465,High,Priority retention call + targeted offer
CUST104230,6,3571.44,5,1,31.4,Month-to-Month,UPI,South,Premium,No,1,42857.28,0.989819399254226,High,Priority retention call + targeted offer
CUST104360,1,3627.49,6,0,46.2,Month-to-Month,Credit Card,North,Standard,Yes,1,43529.88,0.9898017494749201,High,Priority retention call + targeted offer
CUST104589,22,3674.3,1,0,22.8,Month-to-Month,Net Banking,West,Basic,Yes,1,44091.6,0.9897164917663512,High,Priority retention call + targeted offer
CUST104626,1,3630.44,1,2,35.0,One Year,Cash,South,Basic,Yes,1,43565.28,0.9896687676785539,High,Priority retention call + targeted offer
CUST105155,62,3702.77,2,0,44.6,Month-to-Month,UPI,East,Basic,No,1,44433.24,0.9895963352820046,High,Priority retention call + targeted offer
CUST104132,53,3682.53,4,1,32.7,Month-to-Month,Credit Card,West,Standard,Yes,1,44190.36,0.9895233544440312,High,Priority retention call + targeted offer
CUST105215,17,3688.28,3,3,51.0,One Year,Credit Card,West,Standard,Yes,1,44259.36,0.9895144807880513,High,Priority retention call + targeted offer
CUST101433,41,3693.14,1,0,36.1,Month-to-Month,UPI,South,Standard,Yes,1,44317.68,0.9894196167533749,High,Priority retention call + targeted offer
CUST103565,19,3696.35,4,0,33.2,One Year,Credit Card,West,Premium,No,1,44356.2,0.9893829880673705,High,Priority retention call + targeted offer
CUST102803,5,3697.48,3,2,51.1,Two Year,UPI,South,Standard,No,1,44369.76,0.9893626877425308,High,Priority retention call + targeted offer
CUST102395,48,3779.21,2,0,36.6,One Year,Debit Card,West,Standard,No,1,45350.52,0.9892338717885363,High,Priority retention call + targeted offer
CUST105951,60,3742.61,3,0,66.7,Month-to-Month,Credit Card,North,Standard,No,1,44911.32,0.9891926381281332,High,Priority retention call + targeted offer
CUST101394,16,3719.21,1,0,29.6,One Year,Cash,North,Standard,Yes,1,44630.52,0.9891926024053366,High,Priority retention call + targeted offer
CUST100926,39,3634.29,1,1,47.8,Month-to-Month,UPI,South,Basic,No,1,43611.48,0.9891317013308613,High,Priority retention call + targeted offer
CUST101319,29,3730.62,6,0,41.2,Two Year,UPI,North,Premium,No,1,44767.44,0.9890254332355726,High,Priority retention call + targeted offer
CUST101863,27,3585.23,1,3,31.5,Month-to-Month,UPI,South,Standard,No,1,43022.76,0.9889126583851282,High,Priority retention call + targeted offer
CUST104585,44,3677.83,2,0,19.8,Month-to-Month,Net Banking,West,Basic,No,1,44133.96,0.9888888820395527,High,Priority retention call + targeted offer
CUST102193,16,3727.82,1,0,22.5,Two Year,Credit Card,West,Standard,No,1,44733.84,0.988670205741539,High,Priority retention call + targeted offer
CUST102007,11,3607.67,3,1,24.0,Month-to-Month,Net Banking,South,Basic,Yes,1,43292.04,0.9886021894209216,High,Priority retention call + targeted offer
CUST100624,44,3650.73,2,1,35.6,Month-to-Month,Credit Card,South,Standard,No,1,43808.76,0.9885468428500925,High,Priority retention call + targeted offer
CUST104340,4,3706.25,0,1,33.6,Two Year,UPI,West,Premium,Yes,1,44475.0,0.9884782369449736,High,Priority retention call + targeted offer
CUST101219,32,3613.68,1,2,52.0,Month-to-Month,UPI,North,Basic,Yes,1,43364.16,0.9883138233144725,High,Priority retention call + targeted offer
CUST101122,20,3613.3,1,1,43.9,Month-to-Month,UPI,West,Basic,Yes,1,43359.6,0.988236405052282,High,Priority retention call + targeted offer
CUST103194,54,3740.16,3,0,46.0,One Year,UPI,South,Basic,Yes,1,44881.92,0.9881946503630786,High,Priority retention call + targeted offer
CUST102744,15,3621.18,2,3,40.8,Month-to-Month,Net Banking,South,Standard,No,1,43454.16,0.9881697455520105,High,Priority retention call + targeted offer
CUST104590,50,3723.05,2,1,46.0,One Year,Credit Card,East,Basic,No,1,44676.6,0.9881518856804186,High,Priority retention call + targeted offer
CUST103100,27,3628.79,2,3,35.4,One Year,Cash,South,Basic,Yes,1,43545.48,0.9880272360398779,High,Priority retention call + targeted offer
CUST102608,38,3608.09,2,2,43.9,Month-to-Month,UPI,East,Basic,No,1,43297.08,0.9880164662284593,High,Priority retention call + targeted offer
CUST100739,65,3823.89,1,0,58.7,One Year,Cash,South,Standard,Yes,1,45886.68,0.9880125197045527,High,Priority retention call + targeted offer
CUST102703,61,3690.75,4,0,30.6,Month-to-Month,Net Banking,North,Basic,No,1,44289.0,0.9878918525002462,High,Priority retention call + targeted offer
CUST100660,13,3692.96,3,3,57.0,Two Year,UPI,West,Standard,No,1,44315.52,0.9878881668137136,High,Priority retention call + targeted offer
CUST103579,6,3654.82,1,2,38.5,One Year,Debit Card,West,Premium,No,1,43857.84,0.9878749210724687,High,Priority retention call + targeted offer
CUST102965,43,3677.15,3,0,28.5,Month-to-Month,UPI,East,Standard,Yes,1,44125.8,0.9877839638149736,High,Priority retention call + targeted offer
CUST101077,12,3597.76,1,2,34.4,Month-to-Month,Cash,East,Standard,No,1,43173.12,0.9877235887515363,High,Priority retention call + targeted offer
CUST101743,2,3620.26,0,1,40.4,Month-to-Month,Debit Card,South,Standard,Yes,1,43443.12,0.9877012025680098,High,Priority retention call + targeted offer
CUST102632,66,3760.03,0,1,48.0,One Year,Credit Card,West,Basic,Yes,1,45120.36,0.9876175432410029,High,Priority retention call + targeted offer
CUST102463,43,3681.19,1,1,6.3,Two Year,Debit Card,North,Basic,No,1,44174.28,0.9875884541332127,High,Priority retention call + targeted offer
CUST104192,54,3768.06,4,1,33.6,One Year,Net Banking,South,Standard,No,1,45216.72,0.987583544849827,High,Priority retention call + targeted offer
CUST104216,36,3678.41,0,1,62.6,Month-to-Month,Cash,West,Premium,No,1,44140.92,0.9875721845273909,High,Priority retention call + targeted offer
CUST105337,42,3729.02,2,1,55.7,One Year,Cash,South,Premium,No,1,44748.24,0.9875460830496854,High,Priority retention call + targeted offer
CUST105347,34,3643.58,2,1,47.8,Month-to-Month,UPI,North,Standard,No,1,43722.96,0.9875103285032847,High,Priority retention call + targeted offer
CUST100418,22,3662.36,2,2,56.7,Month-to-Month,Net Banking,East,Basic,Yes,1,43948.32,0.9874677139692352,High,Priority retention call + targeted offer
CUST101773,29,3664.41,4,3,13.0,Two Year,Net Banking,North,Basic,Yes,1,43972.92,0.9874438458919053,High,Priority retention call + targeted offer
CUST101906,22,3643.95,0,2,51.3,Month-to-Month,Net Banking,West,Basic,No,1,43727.4,0.9874071521447028,High,Priority retention call + targeted offer
CUST100728,36,3642.68,1,1,39.8,Month-to-Month,Cash,South,Standard,No,1,43712.16,0.9873910434811378,High,Priority retention call + targeted offer
CUST100825,7,3636.73,4,2,53.7,One Year,UPI,South,Premium,No,1,43640.76,0.9873832283830524,High,Priority retention call + targeted offer
CUST105346,36,3647.51,1,1,48.2,Month-to-Month,Debit Card,West,Basic,Yes,1,43770.12,0.9872172861436349,High,Priority retention call + targeted offer
CUST105795,15,3550.32,3,3,48.0,Month-to-Month,Cash,East,Basic,No,1,42603.84,0.9872035620646586,High,Priority retention call + targeted offer
CUST103970,35,3712.85,3,1,41.8,One Year,Debit Card,North,Standard,No,1,44554.2,0.9871975234899238,High,Priority retention call + targeted offer
CUST101555,12,3670.4,2,0,56.6,Month-to-Month,Debit Card,East,Standard,No,1,44044.8,0.9871847772606196,High,Priority retention call + targeted offer
CUST103864,46,3622.87,3,2,41.4,Month-to-Month,Debit Card,South,Premium,No,1,43474.44,0.9871540293064608,High,Priority retention call + targeted offer
CUST100999,37,3586.44,3,1,20.9,Month-to-Month,Debit Card,West,Basic,No,1,43037.28,0.9870644494451548,High,Priority retention call + targeted offer
CUST101701,13,3544.56,4,1,27.5,Month-to-Month,Debit Card,North,Basic,No,1,42534.72,0.9869950110121164,High,Priority retention call + targeted offer
CUST100271,2,3671.86,2,1,40.3,One Year,Debit Card,West,Standard,No,1,44062.32,0.986859242666082,High,Priority retention call + targeted offer
CUST103161,65,3710.89,0,3,30.6,Two Year,Credit Card,East,Basic,No,1,44530.68,0.9868385658520418,High,Priority retention call + targeted offer
CUST101252,6,3622.77,1,1,4.8,One Year,Cash,West,Standard,No,1,43473.24,0.9868134258245704,High,Priority retention call + targeted offer
CUST103745,71,3802.9,3,0,58.5,Two Year,Debit Card,North,Basic,No,1,45634.8,0.986748322898603,High,Priority retention call + targeted offer
CUST101777,12,3669.09,2,3,36.9,One Year,Net Banking,North,Premium,Yes,1,44029.08,0.9867386512145289,High,Priority retention call + targeted offer
CUST100847,4,3612.62,2,2,29.2,Two Year,Cash,South,Basic,No,1,43351.44,0.986711529702746,High,Priority retention call + targeted offer
CUST105865,41,3702.35,3,1,29.1,One Year,UPI,East,Premium,Yes,1,44428.2,0.9866659257116878,High,Priority retention call + targeted offer
CUST103518,49,3547.14,4,2,14.5,Month-to-Month,Cash,North,Basic,No,1,42565.68,0.9864975927027834,High,Priority retention call + targeted offer
CUST102295,58,3603.86,3,2,37.8,Month-to-Month,UPI,West,Basic,No,1,43246.32,0.9864294412079556,High,Priority retention call + targeted offer
CUST103690,29,3631.75,1,3,60.0,Month-to-Month,Debit Card,South,Standard,Yes,1,43581.0,0.9863662985694289,High,Priority retention call + targeted offer
CUST105120,59,3810.93,2,0,81.4,One Year,UPI,South,Premium,Yes,1,45731.16,0.9863658130934317,High,Priority retention call + targeted offer
CUST105117,34,3611.75,1,1,47.5,Month-to-Month,Debit Card,North,Basic,No,1,43341.0,0.9860035375239505,High,Priority retention call + targeted offer
CUST105915,1,3629.94,2,1,26.0,One Year,UPI,West,Standard,No,1,43559.28,0.9859851142611966,High,Priority retention call + targeted offer
CUST103822,40,3737.8,0,2,50.5,One Year,Debit Card,West,Standard,Yes,1,44853.6,0.9858964441166451,High,Priority retention call + targeted offer
CUST103721,42,3665.34,1,2,44.4,One Year,UPI,West,Basic,No,1,43984.08,0.9858622928482137,High,Priority retention call + targeted offer
CUST101561,19,3555.81,2,1,22.6,Month-to-Month,Debit Card,West,Basic,No,1,42669.72,0.9857626288407416,High,Priority retention call + targeted offer
CUST102953,32,3604.96,3,2,31.2,Month-to-Month,UPI,East,Standard,Yes,1,43259.52,0.9856492158366791,High,Priority retention call + targeted offer
CUST102539,36,3721.04,8,1,70.7,One Year,Net Banking,South,Basic,No,1,44652.48,0.9854826951855423,High,Priority retention call + targeted offer
CUST102648,68,3739.41,1,2,45.4,One Year,UPI,West,Standard,No,1,44872.92,0.9854090908068202,High,Priority retention call + targeted offer
CUST105879,1,3664.3,1,2,29.1,Two Year,UPI,East,Standard,Yes,1,43971.6,0.9853899708166879,High,Priority retention call + targeted offer
CUST102074,51,3667.15,1,2,28.1,One Year,Debit Card,South,Basic,Yes,1,44005.8,0.9853778336813268,High,Priority retention call + targeted offer
CUST104434,43,3709.15,1,0,60.2,Month-to-Month,Net Banking,West,Basic,No,1,44509.8,0.985373273802815,High,Priority retention call + targeted offer
CUST100452,36,3668.74,1,1,35.6,Month-to-Month,Net Banking,North,Standard,No,1,44024.88,0.9852902435437806,High,Priority retention call + targeted offer
CUST104885,15,3713.85,2,1,59.6,One Year,UPI,East,Standard,Yes,0,44566.2,0.9852617124542175,High,Priority retention call + targeted offer
CUST101546,50,3628.24,0,3,18.9,Month-to-Month,Net Banking,South,Standard,No,1,43538.88,0.9852220960873788,High,Priority retention call + targeted offer
CUST104627,14,3655.3,0,0,38.1,One Year,Credit Card,West,Basic,No,1,43863.6,0.9851623046739251,High,Priority retention call + targeted offer
CUST105918,50,3709.24,3,2,52.0,One Year,Credit Card,West,Premium,Yes,1,44510.88,0.9851372262092124,High,Priority retention call + targeted offer
CUST102661,56,3707.26,1,2,41.3,One Year,UPI,East,Premium,No,1,44487.12,0.9851298917981095,High,Priority retention call + targeted offer
CUST103859,32,3591.26,4,1,33.7,Month-to-Month,Credit Card,South,Standard,No,1,43095.12,0.9851039033509632,High,Priority retention call + targeted offer
CUST105537,61,3645.69,2,1,52.8,Month-to-Month,Credit Card,West,Basic,No,1,43748.28,0.9850769897691469,High,Priority retention call + targeted offer
CUST101832,43,3604.81,6,0,41.4,Month-to-Month,UPI,South,Basic,Yes,1,43257.72,0.9849897980666683,High,Priority retention call + targeted offer
CUST102619,69,3816.58,2,0,54.8,One Year,Net Banking,West,Basic,Yes,1,45798.96,0.9849617065163779,High,Priority retention call + targeted offer
CUST103629,60,3707.71,2,2,39.8,Two Year,Debit Card,South,Basic,No,1,44492.52,0.9849077488740483,High,Priority retention call + targeted offer
CUST105309,33,3638.77,3,0,37.8,Month-to-Month,UPI,East,Standard,No,1,43665.24,0.9847678932877505,High,Priority retention call + targeted offer
CUST101620,20,3594.19,2,1,48.6,Month-to-Month,Debit Card,East,Basic,No,1,43130.28,0.9846882396082887,High,Priority retention call + targeted offer
CUST104190,31,3586.61,0,0,22.9,Month-to-Month,UPI,South,Basic,Yes,1,43039.32,0.9846675094571117,High,Priority retention call + targeted offer
CUST102397,21,3626.39,2,0,18.5,One Year,Debit Card,South,Basic,No,1,43516.68,0.9845868100838999,High,Priority retention call + targeted offer
CUST100785,43,3700.83,3,1,58.2,One Year,UPI,South,Premium,No,1,44409.96,0.9844612337271409,High,Priority retention call + targeted offer
CUST103417,64,3621.31,1,1,22.2,Month-to-Month,Debit Card,South,Basic,Yes,1,43455.72,0.9844404986240166,High,Priority retention call + targeted offer
CUST102315,1,3557.37,2,0,44.0,Month-to-Month,UPI,West,Basic,No,1,42688.44,0.984418705285711,High,Priority retention call + targeted offer
CUST101449,8,3722.3,2,2,63.5,Two Year,Net Banking,South,Premium,No,0,44667.6,0.9844152565466101,High,Priority retention call + targeted offer
CUST104876,30,3614.85,1,1,55.9,Month-to-Month,UPI,West,Basic,Yes,1,43378.2,0.9844013047630348,High,Priority retention call + targeted offer
CUST103576,47,3637.78,2,0,32.8,Month-to-Month,UPI,South,Standard,No,1,43653.36,0.9843960500125953,High,Priority retention call + targeted offer
CUST105133,3,3668.23,2,0,36.3,One Year,Debit Card,West,Premium,Yes,1,44018.76,0.9843406518462245,High,Priority retention call + targeted offer
CUST103837,44,3770.0,1,0,46.3,Two Year,UPI,South,Standard,Yes,1,45240.0,0.9841589276035161,High,Priority retention call + targeted offer
CUST103413,7,3590.08,3,1,24.0,Month-to-Month,Net Banking,North,Standard,No,1,43080.96,0.984155773974832,High,Priority retention call + targeted offer
CUST100134,58,3678.78,1,2,45.3,One Year,Credit Card,West,Basic,No,1,44145.36,0.9841371519819943,High,Priority retention call + targeted offer
CUST102204,33,3707.49,4,0,63.9,One Year,Credit Card,South,Premium,No,1,44489.88,0.9840668476272688,High,Priority retention call + targeted offer
CUST102081,7,3586.73,1,0,32.1,Month-to-Month,Credit Card,West,Premium,Yes,1,43040.76,0.9839235707059987,High,Priority retention call + targeted offer
CUST104509,70,3777.38,2,0,50.8,Month-to-Month,Net Banking,East,Standard,Yes,1,45328.56,0.983860137358122,High,Priority retention call + targeted offer
CUST102109,21,3613.68,0,1,21.1,One Year,UPI,North,Basic,Yes,1,43364.16,0.983825948319759,High,Priority retention call + targeted offer
CUST105249,42,3660.0,2,2,38.2,One Year,Credit Card,West,Premium,No,1,43920.0,0.9837650398975738,High,Priority retention call + targeted offer
CUST102660,32,3632.45,4,2,14.6,One Year,Net Banking,South,Basic,Yes,1,43589.4,0.9837115905247058,High,Priority retention call + targeted offer
CUST100273,70,3727.66,3,0,60.2,Month-to-Month,Debit Card,North,Standard,Yes,1,44731.92,0.9836315708303094,High,Priority retention call + targeted offer
CUST104527,7,3586.0,1,2,32.5,One Year,Credit Card,East,Basic,No,1,43032.0,0.9835230310848443,High,Priority retention call + targeted offer
CUST103020,26,3669.45,1,2,73.1,One Year,Cash,West,Basic,No,1,44033.4,0.9834912337934535,High,Priority retention call + targeted offer
CUST105065,50,3668.51,2,0,48.5,Month-to-Month,Credit Card,West,Standard,No,1,44022.12,0.9834140867412956,High,Priority retention call + targeted offer
CUST101795,15,3557.34,4,0,40.0,Month-to-Month,Debit Card,South,Basic,No,1,42688.08,0.9831160183279332,High,Priority retention call + targeted offer
CUST102985,47,3697.11,3,0,29.5,Two Year,UPI,South,Basic,Yes,1,44365.32,0.9831021452127471,High,Priority retention call + targeted offer
CUST100902,16,3509.99,2,2,9.4,Month-to-Month,UPI,East,Premium,No,1,42119.88,0.9830326300266943,High,Priority retention call + targeted offer
CUST105461,1,3731.86,0,0,48.8,One Year,Net Banking,East,Standard,No,1,44782.32,0.9829398184414894,High,Priority retention call + targeted offer
CUST100096,18,3500.25,2,2,22.0,Month-to-Month,Credit Card,West,Basic,No,1,42003.0,0.9829197137647434,High,Priority retention call + targeted offer
CUST100219,65,3660.35,0,1,49.3,Month-to-Month,UPI,East,Basic,Yes,1,43924.2,0.9828293890326228,High,Priority retention call + targeted offer
CUST105131,29,3561.44,3,2,18.7,Month-to-Month,Net Banking,South,Basic,Yes,1,42737.28,0.9827953511219221,High,Priority retention call + targeted offer
CUST105414,23,3515.51,2,4,64.1,Month-to-Month,Credit Card,North,Basic,No,1,42186.12,0.982635663868936,High,Priority retention call + targeted offer
CUST105807,72,3675.4,3,1,37.9,Month-to-Month,Credit Card,East,Standard,Yes,1,44104.8,0.9825705667323581,High,Priority retention call + targeted offer
CUST105888,48,3662.0,3,1,26.5,One Year,Credit Card,South,Premium,Yes,1,43944.0,0.982413367517267,High,Priority retention call + targeted offer
CUST100639,69,3599.59,3,2,33.5,Month-to-Month,Credit Card,South,Premium,No,1,43195.08,0.9823971191265602,High,Priority retention call + targeted offer
CUST103337,4,3610.78,0,1,53.0,Month-to-Month,Debit Card,West,Standard,Yes,1,43329.36,0.9822125130562764,High,Priority retention call + targeted offer
CUST100089,60,3642.12,4,1,20.7,One Year,UPI,South,Basic,Yes,1,43705.44,0.9821941913523649,High,Priority retention call + targeted offer
CUST105486,16,3665.63,1,0,24.4,One Year,Net Banking,West,Basic,No,1,43987.56,0.982119547042237,High,Priority retention call + targeted offer
CUST101692,48,3627.41,3,1,37.2,Month-to-Month,Credit Card,West,Standard,Yes,1,43528.92,0.9820871062513659,High,Priority retention call + targeted offer
CUST101190,30,3592.38,3,0,46.7,Month-to-Month,Credit Card,East,Basic,No,1,43108.56,0.9819704437684471,High,Priority retention call + targeted offer
CUST101623,2,3595.68,1,2,43.9,One Year,Debit Card,East,Basic,No,1,43148.16,0.9817172819828788,High,Priority retention call + targeted offer
CUST101513,24,3666.67,1,1,51.5,One Year,Credit Card,South,Premium,Yes,1,44000.04,0.9816907120158185,High,Priority retention call + targeted offer
CUST100643,35,3573.61,3,2,36.6,Month-to-Month,Credit Card,South,Standard,Yes,1,42883.32,0.9816834504970652,High,Priority retention call + targeted offer
CUST103380,60,3805.29,0,0,54.8,Two Year,UPI,West,Standard,Yes,1,45663.48,0.9816820255421318,High,Priority retention call + targeted offer
CUST101588,63,3550.2,2,1,7.0,Month-to-Month,Credit Card,North,Basic,No,1,42602.4,0.9815676418640601,High,Priority retention call + targeted offer
CUST105833,18,3678.27,1,0,56.2,One Year,Credit Card,East,Basic,Yes,1,44139.24,0.9815254595342443,High,Priority retention call + targeted offer
CUST105667,60,3641.92,2,0,34.8,Month-to-Month,UPI,North,Standard,No,1,43703.04,0.981461371516165,High,Priority retention call + targeted offer
CUST104173,26,3660.29,3,0,42.5,One Year,Debit Card,East,Basic,No,1,43923.48,0.9813963651807618,High,Priority retention call + targeted offer
CUST103926,37,3726.11,5,0,23.4,Two Year,Net Banking,West,Premium,No,1,44713.32,0.9813637361022068,High,Priority retention call + targeted offer
CUST100363,65,3686.44,2,0,37.0,One Year,UPI,North,Basic,No,1,44237.28,0.9813098246599785,High,Priority retention call + targeted offer
CUST101604,9,3530.79,4,0,28.2,Month-to-Month,UPI,North,Premium,No,1,42369.48,0.9812941466807127,High,Priority retention call + targeted offer
CUST104594,45,3662.97,2,2,43.7,Two Year,Credit Card,West,Basic,No,1,43955.64,0.9810502893528833,High,Priority retention call + targeted offer
CUST100986,45,3634.69,1,1,40.7,Month-to-Month,Net Banking,West,Basic,No,1,43616.28,0.9810271258354465,High,Priority retention call + targeted offer
CUST102705,21,3600.28,0,2,31.8,One Year,Credit Card,West,Basic,Yes,1,43203.36,0.9809862394971592,High,Priority retention call + targeted offer
CUST105269,38,3747.02,1,2,67.5,Two Year,Debit Card,East,Standard,No,1,44964.24,0.9809363906914393,High,Priority retention call + targeted offer
CUST101292,32,3660.68,1,0,35.5,One Year,Debit Card,North,Basic,Yes,1,43928.16,0.9807388114650634,High,Priority retention call + targeted offer
CUST103132,55,3589.13,2,4,73.6,Month-to-Month,Credit Card,South,Premium,No,1,43069.56,0.9807257589580151,High,Priority retention call + targeted offer
CUST105008,52,3781.48,0,1,38.1,Two Year,Net Banking,West,Premium,Yes,1,45377.76,0.9806237526447573,High,Priority retention call + targeted offer
CUST101069,1,3500.65,2,2,32.5,Month-to-Month,UPI,South,Premium,Yes,1,42007.8,0.9805939221985799,High,Priority retention call + targeted offer
CUST102866,23,3651.41,3,0,38.0,One Year,Credit Card,South,Standard,No,1,43816.92,0.9805810492578064,High,Priority retention call + targeted offer
CUST103459,29,3623.85,3,0,53.6,Month-to-Month,Credit Card,South,Standard,Yes,1,43486.2,0.9805242768158263,High,Priority retention call + targeted offer
CUST100600,45,3587.12,4,0,49.1,Month-to-Month,UPI,North,Basic,No,1,43045.44,0.9803619008884495,High,Priority retention call + targeted offer
CUST102624,67,3743.09,1,0,46.4,Two Year,Debit Card,South,Basic,No,1,44917.08,0.9799457674329126,High,Priority retention call + targeted offer
CUST105297,48,3697.45,2,0,21.5,Two Year,Cash,West,Premium,No,1,44369.4,0.9798497912119498,High,Priority retention call + targeted offer
CUST104552,8,3572.1,2,2,53.0,One Year,UPI,South,Basic,No,1,42865.2,0.9798157758494314,High,Priority retention call + targeted offer
CUST102885,12,3682.31,4,2,58.3,One Year,Net Banking,East,Standard,No,1,44187.72,0.9797406264858237,High,Priority retention call + targeted offer
CUST102601,16,3592.86,5,1,30.4,One Year,Debit Card,South,Premium,No,1,43114.32,0.9795994666804652,High,Priority retention call + targeted offer
CUST102647,57,3626.25,3,0,26.7,Month-to-Month,Cash,North,Standard,Yes,1,43515.0,0.9794865463727881,High,Priority retention call + targeted offer
CUST102733,16,3549.35,2,2,37.0,Month-to-Month,Debit Card,South,Standard,Yes,1,42592.2,0.9793760439763253,High,Priority retention call + targeted offer
CUST102348,15,3621.16,2,0,56.6,Month-to-Month,Net Banking,South,Basic,Yes,1,43453.92,0.9793706267758342,High,Priority retention call + targeted offer
CUST103877,18,3584.51,1,1,56.2,Month-to-Month,Cash,South,Standard,No,1,43014.12,0.9793248736444184,High,Priority retention call + targeted offer
CUST101243,36,3650.93,1,0,40.6,One Year,Credit Card,West,Basic,No,1,43811.16,0.979306202334877,High,Priority retention call + targeted offer
CUST103594,18,3613.7,3,0,35.2,Month-to-Month,Net Banking,South,Standard,No,1,43364.4,0.9792626012992625,High,Priority retention call + targeted offer
CUST100754,40,3670.23,2,1,42.0,One Year,Debit Card,South,Premium,Yes,1,44042.76,0.9790942360614121,High,Priority retention call + targeted offer
CUST105051,11,3593.8,1,0,9.6,One Year,Credit Card,South,Standard,No,1,43125.6,0.9790911005591142,High,Priority retention call + targeted offer
CUST101278,1,3530.68,0,1,50.9,Month-to-Month,Cash,North,Basic,Yes,1,42368.16,0.9790562261383137,High,Priority retention call + targeted offer
CUST103585,16,3655.87,1,1,41.7,Two Year,Credit Card,South,Premium,Yes,1,43870.44,0.978984154723452,High,Priority retention call + targeted offer
CUST100467,43,3638.88,3,0,36.6,Month-to-Month,Net Banking,South,Premium,No,1,43666.56,0.9789707965976334,High,Priority retention call + targeted offer
CUST105848,44,3682.25,4,0,19.2,One Year,Debit Card,East,Standard,Yes,1,44187.0,0.9785040030315922,High,Priority retention call + targeted offer
CUST102966,18,3699.99,2,1,57.0,Two Year,Net Banking,West,Basic,No,1,44399.88,0.9784501002013101,High,Priority retention call + targeted offer
CUST105642,49,3660.92,2,2,50.6,One Year,Credit Card,North,Standard,No,1,43931.04,0.9783941972122436,High,Priority retention call + targeted offer
CUST102323,47,3735.88,2,1,42.4,Two Year,Net Banking,South,Premium,No,1,44830.56,0.978339274935508,High,Priority retention call + targeted offer
CUST101624,40,3708.62,4,1,43.4,One Year,Net Banking,West,Standard,No,1,44503.44,0.978164444647984,High,Priority retention call + targeted offer
CUST100593,71,3623.2,2,5,13.6,Two Year,Net Banking,South,Basic,No,1,43478.4,0.9780935352505568,High,Priority retention call + targeted offer
CUST104616,22,3718.17,2,0,54.9,One Year,Net Banking,North,Standard,No,1,44618.04,0.9780287043963846,High,Priority retention call + targeted offer
CUST100834,62,3690.76,0,0,41.6,Month-to-Month,Net Banking,East,Basic,Yes,1,44289.12,0.9779563242279721,High,Priority retention call + targeted offer
CUST101500,39,3615.76,3,3,66.5,One Year,Debit Card,South,Basic,No,1,43389.12,0.9778958250895625,High,Priority retention call + targeted offer
CUST100212,57,3609.56,0,0,48.7,Month-to-Month,UPI,South,Basic,No,1,43314.72,0.9776760407762225,High,Priority retention call + targeted offer
CUST102052,27,3661.45,0,0,25.1,Two Year,Credit Card,East,Basic,Yes,1,43937.4,0.9775940957935821,High,Priority retention call + targeted offer
CUST105067,2,3566.96,3,0,51.0,Month-to-Month,Cash,South,Standard,Yes,1,42803.52,0.9775242545219616,High,Priority retention call + targeted offer
CUST104309,44,3662.22,2,3,58.1,Two Year,Debit Card,East,Basic,No,1,43946.64,0.9775171656508094,High,Priority retention call + targeted offer
CUST103650,9,3657.23,1,1,55.2,Two Year,UPI,South,Standard,No,1,43886.76,0.9774120558893967,High,Priority retention call + targeted offer
CUST100332,23,3634.66,2,1,41.2,One Year,Debit Card,South,Standard,No,1,43615.92,0.9772096903362953,High,Priority retention call + targeted offer
CUST104588,44,3615.3,3,1,43.0,One Year,Credit Card,South,Basic,No,1,43383.6,0.9771628623210804,High,Priority retention call + targeted offer
CUST102398,19,3638.88,1,1,46.3,Month-to-Month,Net Banking,East,Standard,Yes,1,43666.56,0.9771384200045079,High,Priority retention call + targeted offer
CUST102132,38,3593.91,3,1,26.2,One Year,Credit Card,South,Basic,Yes,1,43126.92,0.9770731792982468,High,Priority retention call + targeted offer
CUST105522,55,3562.99,2,1,42.1,Month-to-Month,UPI,South,Basic,No,1,42755.88,0.9769544769096766,High,Priority retention call + targeted offer
CUST102505,9,3555.52,0,1,56.0,Month-to-Month,UPI,West,Premium,No,1,42666.24,0.9769242470324553,High,Priority retention call + targeted offer
CUST103403,71,3617.27,3,0,17.7,Month-to-Month,Debit Card,South,Standard,No,1,43407.24,0.9769002784343821,High,Priority retention call + targeted offer
CUST100492,55,3612.78,0,1,29.9,Month-to-Month,Credit Card,West,Standard,Yes,1,43353.36,0.9766448746869602,High,Priority retention call + targeted offer
CUST102535,71,3608.94,1,1,46.1,Month-to-Month,Credit Card,South,Basic,Yes,1,43307.28,0.9765830102064147,High,Priority retention call + targeted offer
CUST103333,62,3671.68,0,4,45.6,Two Year,UPI,West,Standard,No,1,44060.16,0.9764571438888427,High,Priority retention call + targeted offer
CUST100329,40,3563.57,5,2,69.0,Month-to-Month,Credit Card,West,Basic,Yes,1,42762.84,0.9764133177197184,High,Priority retention call + targeted offer
CUST105526,43,3624.4,1,1,34.2,Month-to-Month,Net Banking,South,Standard,No,1,43492.8,0.976304695910571,High,Priority retention call + targeted offer
CUST105875,7,3586.03,3,0,22.7,Month-to-Month,Net Banking,West,Standard,Yes,1,43032.36,0.976219568252671,High,Priority retention call + targeted offer
CUST101640,52,3681.44,2,0,36.2,Two Year,Credit Card,North,Basic,Yes,1,44177.28,0.9760232677678595,High,Priority retention call + targeted offer
CUST103208,31,3590.91,1,1,50.6,Month-to-Month,UPI,East,Standard,No,1,43090.92,0.9755787297842267,High,Priority retention call + targeted offer
CUST102576,20,3668.29,1,0,71.0,Month-to-Month,Net Banking,West,Premium,Yes,1,44019.48,0.9754921461860931,High,Priority retention call + targeted offer
CUST102817,63,3626.95,4,1,57.2,Month-to-Month,Credit Card,West,Standard,No,1,43523.4,0.9754353719128842,High,Priority retention call + targeted offer
CUST104146,30,3570.2,0,1,63.3,Month-to-Month,Debit Card,South,Basic,No,0,42842.4,0.9753021534456446,High,Priority retention call + targeted offer
CUST101484,30,3542.55,3,0,33.8,Month-to-Month,Cash,East,Basic,No,1,42510.6,0.9752405294761247,High,Priority retention call + targeted offer
CUST101334,39,3576.91,0,2,41.2,Month-to-Month,UPI,West,Standard,Yes,1,42922.92,0.975233611944968,High,Priority retention call + targeted offer
CUST104667,10,3479.61,4,2,58.6,Month-to-Month,UPI,South,Basic,No,1,41755.32,0.9752044570127757,High,Priority retention call + targeted offer
CUST100771,72,3774.6,1,0,51.8,Two Year,Net Banking,South,Basic,No,1,45295.2,0.9751156300444385,High,Priority retention call + targeted offer
CUST105305,59,3651.9,3,1,22.0,Two Year,UPI,North,Premium,No,1,43822.8,0.975032638812888,High,Priority retention call + targeted offer
CUST101979,58,3592.6,3,0,38.0,Month-to-Month,Credit Card,North,Premium,No,1,43111.2,0.9749820101305456,High,Priority retention call + targeted offer
CUST101043,27,3543.98,4,0,57.0,Month-to-Month,UPI,North,Basic,No,1,42527.76,0.9749078958768905,High,Priority retention call + targeted offer
CUST101818,10,3475.36,1,2,36.8,Month-to-Month,Cash,West,Basic,No,1,41704.32,0.9748775440207591,High,Priority retention call + targeted offer
CUST104301,48,3619.03,5,0,47.4,Month-to-Month,Net Banking,West,Basic,No,1,43428.36,0.974804239396468,High,Priority retention call + targeted offer
CUST102878,63,3713.14,2,0,59.4,Two Year,Credit Card,North,Basic,No,1,44557.68,0.9746730513754585,High,Priority retention call + targeted offer
CUST103456,55,3663.6,1,0,55.9,Month-to-Month,Net Banking,North,Basic,Yes,0,43963.2,0.9746723094727979,High,Priority retention call + targeted offer
CUST101266,4,3550.12,2,0,34.0,Month-to-Month,UPI,East,Standard,Yes,1,42601.44,0.9746450600623444,High,Priority retention call + targeted offer
CUST100944,10,3551.51,4,0,21.9,Month-to-Month,Net Banking,West,Premium,No,1,42618.12,0.9745757836276304,High,Priority retention call + targeted offer
CUST105789,72,3626.0,3,0,52.7,Month-to-Month,Cash,North,Basic,Yes,1,43512.0,0.9745261164358247,High,Priority retention call + targeted offer
CUST100601,57,3718.38,3,1,53.0,One Year,Net Banking,East,Basic,Yes,1,44620.56,0.9743044691021632,High,Priority retention call + targeted offer
CUST103037,12,3681.27,3,1,42.0,Two Year,Net Banking,West,Standard,No,1,44175.24,0.9742572203639152,High,Priority retention call + targeted offer
CUST101550,21,3452.33,1,3,19.5,Month-to-Month,UPI,South,Premium,No,1,41427.96,0.97415177757128,High,Priority retention call + targeted offer
CUST102676,70,3716.49,0,1,50.6,One Year,Cash,West,Standard,No,1,44597.88,0.9740950975918911,High,Priority retention call + targeted offer
CUST104032,20,3530.32,2,1,50.8,Month-to-Month,UPI,West,Basic,Yes,1,42363.84,0.9738265555847219,High,Priority retention call + targeted offer
CUST104522,39,3572.33,4,1,54.4,Month-to-Month,UPI,East,Premium,No,1,42867.96,0.9736645122239646,High,Priority retention call + targeted offer
CUST103520,60,3564.87,0,5,41.5,One Year,Debit Card,South,Basic,No,1,42778.44,0.9735916615087968,High,Priority retention call + targeted offer
CUST100309,8,3485.5,3,0,30.5,Month-to-Month,UPI,West,Basic,No,1,41826.0,0.9735874896934593,High,Priority retention call + targeted offer
CUST102670,58,3616.31,3,3,29.9,One Year,Cash,East,Premium,Yes,1,43395.72,0.9735319565551299,High,Priority retention call + targeted offer
CUST103697,30,3572.86,1,0,32.4,Month-to-Month,Credit Card,East,Standard,No,1,42874.32,0.9728844863676009,High,Priority retention call + targeted offer
CUST100282,49,3712.96,1,0,51.5,Two Year,UPI,South,Standard,No,1,44555.52,0.9727829008271126,High,Priority retention call + targeted offer
CUST101002,41,3429.51,2,3,6.8,Month-to-Month,Credit Card,North,Basic,No,1,41154.12,0.9722598513303001,High,Priority retention call + targeted offer
CUST104604,16,3557.55,0,1,34.6,One Year,Cash,North,Basic,No,1,42690.6,0.9722144762318371,High,Priority retention call + targeted offer
CUST102418,21,3525.79,2,1,54.9,Month-to-Month,Credit Card,East,Basic,No,1,42309.48,0.9720057809658273,High,Priority retention call + targeted offer
CUST100795,22,3510.3,0,3,15.4,Month-to-Month,Net Banking,North,Standard,No,1,42123.6,0.9719626379818719,High,Priority retention call + targeted offer
CUST104821,50,3542.57,3,0,30.1,Month-to-Month,Credit Card,West,Basic,No,1,42510.84,0.9719426550173725,High,Priority retention call + targeted offer
CUST104161,29,3563.43,1,2,18.5,Two Year,Credit Card,West,Basic,No,1,42761.16,0.97186206637345,High,Priority retention call + targeted offer
CUST102662,11,3552.32,2,1,31.9,One Year,Debit Card,West,Basic,No,1,42627.84,0.971698468239609,High,Priority retention call + targeted offer
CUST105799,31,3509.11,1,1,42.7,Month-to-Month,UPI,South,Basic,No,1,42109.32,0.9716355973138161,High,Priority retention call + targeted offer
CUST102886,68,3575.86,2,3,29.2,Month-to-Month,Net Banking,North,Premium,No,1,42910.32,0.9716340909898719,High,Priority retention call + targeted offer
CUST104601,69,3663.55,2,0,53.3,Month-to-Month,Debit Card,East,Standard,No,1,43962.6,0.9713198363263605,High,Priority retention call + targeted offer
CUST101537,8,3527.73,1,0,63.6,Month-to-Month,Cash,South,Basic,No,1,42332.76,0.971255764007023,High,Priority retention call + targeted offer
CUST104847,7,3494.38,2,0,39.0,Month-to-Month,Debit Card,South,Basic,No,1,41932.56,0.971213159084529,High,Priority retention call + targeted offer
CUST102143,44,3656.96,2,2,42.6,Two Year,UPI,East,Standard,No,1,43883.52,0.9711807514202122,High,Priority retention call + targeted offer
CUST102774,40,3673.79,2,1,30.4,One Year,Net Banking,East,Premium,Yes,1,44085.48,0.9708017478721364,High,Priority retention call + targeted offer
CUST104166,34,3617.72,0,1,17.7,Two Year,Credit Card,South,Standard,No,1,43412.64,0.9706993271705171,High,Priority retention call + targeted offer
CUST104136,71,3651.61,2,1,2.0,Two Year,Credit Card,West,Standard,No,1,43819.32,0.9706921608851056,High,Priority retention call + targeted offer
CUST101427,65,3587.71,0,0,45.8,Month-to-Month,Credit Card,North,Basic,No,1,43052.52,0.9705578757773438,High,Priority retention call + targeted offer
CUST105603,36,3558.07,0,1,33.3,Month-to-Month,Credit Card,East,Standard,No,1,42696.84,0.9705441085109213,High,Priority retention call + targeted offer
CUST100935,68,3546.55,2,3,49.3,Month-to-Month,Debit Card,West,Basic,No,1,42558.6,0.9704715121400284,High,Priority retention call + targeted offer
CUST105557,19,3503.36,4,3,61.8,Month-to-Month,UPI,West,Standard,No,1,42040.32,0.970294152560977,High,Priority retention call + targeted offer
CUST102825,61,3553.97,3,3,58.7,Month-to-Month,UPI,West,Premium,No,1,42647.64,0.9702002616239145,High,Priority retention call + targeted offer
CUST105990,4,3543.27,2,1,50.7,Month-to-Month,Net Banking,West,Basic,Yes,1,42519.24,0.9699630697604029,High,Priority retention call + targeted offer
CUST103901,69,3639.59,2,1,39.3,One Year,Credit Card,East,Basic,No,1,43675.08,0.9699263554807601,High,Priority retention call + targeted offer
CUST101520,63,3646.75,0,1,56.3,One Year,UPI,South,Basic,No,1,43761.0,0.9698966694524881,High,Priority retention call + targeted offer
CUST103657,67,3621.49,1,1,18.5,Month-to-Month,Net Banking,West,Standard,No,1,43457.88,0.969865872654693,High,Priority retention call + targeted offer
CUST100413,10,3482.3,2,0,31.1,Month-to-Month,UPI,North,Basic,Yes,1,41787.6,0.9698122736097639,High,Priority retention call + targeted offer
CUST104314,55,3669.64,1,2,34.0,Two Year,Net Banking,West,Basic,No,1,44035.68,0.9697665809817706,High,Priority retention call + targeted offer
CUST102431,38,3520.88,1,1,41.9,Month-to-Month,Credit Card,West,Basic,No,1,42250.56,0.9695187747615329,High,Priority retention call + targeted offer
CUST101994,55,3555.2,2,3,41.5,Month-to-Month,UPI,East,Standard,Yes,1,42662.4,0.9694266586532766,High,Priority retention call + targeted offer
CUST100949,21,3556.09,2,1,33.2,Month-to-Month,Net Banking,North,Standard,No,1,42673.08,0.9692457966239129,High,Priority retention call + targeted offer
CUST100829,3,3533.35,3,0,50.7,Month-to-Month,Net Banking,North,Basic,No,1,42400.2,0.9692446217810474,High,Priority retention call + targeted offer
CUST103812,49,3562.89,0,0,43.3,Month-to-Month,Credit Card,West,Basic,No,1,42754.68,0.9688495046248246,High,Priority retention call + targeted offer
CUST100876,39,3643.71,3,1,71.8,One Year,UPI,East,Basic,Yes,1,43724.52,0.9688147204602625,High,Priority retention call + targeted offer
CUST102532,67,3734.77,1,0,47.0,Two Year,Net Banking,North,Basic,No,1,44817.24,0.9686357808524875,High,Priority retention call + targeted offer
CUST102727,3,3616.76,1,0,50.8,Two Year,Cash,South,Premium,No,1,43401.12,0.9685699876247421,High,Priority retention call + targeted offer
CUST100246,55,3618.03,0,0,17.0,One Year,Debit Card,South,Basic,Yes,1,43416.36,0.9682460969526964,High,Priority retention call + targeted offer
CUST105241,64,3733.73,1,0,57.1,One Year,Net Banking,West,Basic,Yes,1,44804.76,0.9680442293849385,High,Priority retention call + targeted offer
CUST100194,70,3654.18,2,1,65.7,One Year,UPI,South,Basic,No,1,43850.16,0.9679259863697057,High,Priority retention call + targeted offer
CUST104835,38,3470.08,4,3,45.8,Month-to-Month,Cash,South,Basic,Yes,1,41640.96,0.9676950110621696,High,Priority retention call + targeted offer
CUST104914,56,3635.0,0,1,51.1,Month-to-Month,Net Banking,West,Premium,No,1,43620.0,0.9675876697239102,High,Priority retention call + targeted offer
CUST104726,8,3453.85,2,3,55.6,Month-to-Month,Credit Card,South,Premium,No,1,41446.2,0.9672911058001925,High,Priority retention call + targeted offer
CUST103063,10,3446.28,3,1,30.8,Month-to-Month,UPI,North,Basic,Yes,1,41355.36,0.9670098415365688,High,Priority retention call + targeted offer
CUST105752,9,3455.7,3,1,26.4,Month-to-Month,Debit Card,East,Basic,No,1,41468.4,0.9670073051827738,High,Priority retention call + targeted offer
CUST105747,18,3368.16,2,4,9.8,Month-to-Month,Debit Card,South,Basic,No,1,40417.92,0.9662978585910956,High,Priority retention call + targeted offer
CUST104579,22,3531.08,4,2,27.9,One Year,UPI,East,Premium,No,1,42372.96,0.9662750833897764,High,Priority retention call + targeted offer
CUST104058,15,3570.38,3,0,42.8,One Year,Debit Card,West,Basic,No,1,42844.56,0.966229906146875,High,Priority retention call + targeted offer
CUST102562,49,3587.66,3,3,49.8,One Year,Credit Card,East,Premium,No,1,43051.92,0.9661393111232035,High,Priority retention call + targeted offer
CUST103903,1,3582.26,1,1,68.4,Month-to-Month,Net Banking,South,Standard,Yes,1,42987.12,0.9661332891730056,High,Priority retention call + targeted offer
CUST101415,57,3647.84,1,1,39.3,Two Year,Credit Card,West,Basic,Yes,1,43774.08,0.9659391553118758,High,Priority retention call + targeted offer
CUST101412,19,3594.31,2,0,36.4,One Year,Credit Card,West,Standard,No,1,43131.72,0.9656306842904344,High,Priority retention call + targeted offer
CUST105326,41,3501.88,1,1,30.1,Month-to-Month,Credit Card,East,Basic,No,1,42022.56,0.9654419917054726,High,Priority retention call + targeted offer
CUST105328,14,3477.97,4,1,64.2,Month-to-Month,Credit Card,South,Basic,No,1,41735.64,0.9654209705295812,High,Priority retention call + targeted offer
CUST100581,61,3592.43,0,1,45.3,Month-to-Month,UPI,East,Premium,Yes,1,43109.16,0.9649191157921615,High,Priority retention call + targeted offer
CUST100730,53,3546.22,2,0,41.9,Month-to-Month,Credit Card,North,Basic,Yes,1,42554.64,0.96469661889259,High,Priority retention call + targeted offer
CUST100187,28,3566.9,0,1,53.7,Month-to-Month,UPI,East,Standard,Yes,1,42802.8,0.9646905894354053,High,Priority retention call + targeted offer
CUST100029,32,3534.88,1,0,33.9,Month-to-Month,Cash,South,Standard,No,1,42418.56,0.9646296098391689,High,Priority retention call + targeted offer
CUST102053,69,3628.96,2,0,46.5,Month-to-Month,Debit Card,East,Standard,No,1,43547.52,0.9641894766746886,High,Priority retention call + targeted offer
CUST102982,58,3545.36,3,2,78.2,Month-to-Month,Credit Card,North,Basic,No,1,42544.32,0.9641153497116255,High,Priority retention call + targeted offer
CUST100100,60,3592.84,2,4,58.4,One Year,UPI,East,Premium,No,1,43114.08,0.9637954247535665,High,Priority retention call + targeted offer
CUST101598,61,3519.15,2,1,28.8,Month-to-Month,Cash,North,Basic,Yes,1,42229.8,0.9636313500824367,High,Priority retention call + targeted offer
CUST102717,50,3632.76,3,0,17.8,Two Year,UPI,West,Premium,Yes,1,43593.12,0.9636126213991221,High,Priority retention call + targeted offer
CUST104066,62,3717.71,3,1,64.3,Two Year,Debit Card,East,Standard,No,1,44612.52,0.9634256371921373,High,Priority retention call + targeted offer
CUST101042,30,3525.71,1,0,51.8,Month-to-Month,Debit Card,South,Basic,No,1,42308.52,0.9633711600910065,High,Priority retention call + targeted offer
CUST101608,18,3499.57,2,2,63.0,Month-to-Month,Debit Card,South,Premium,No,1,41994.84,0.9631606948443516,High,Priority retention call + targeted offer
CUST102351,55,3528.27,4,1,45.5,Month-to-Month,Credit Card,West,Basic,Yes,1,42339.24,0.9630602706668303,High,Priority retention call + targeted offer
CUST100685,58,3583.02,0,0,28.1,Month-to-Month,Debit Card,West,Premium,Yes,1,42996.24,0.9629039515229001,High,Priority retention call + targeted offer
CUST101785,18,3516.12,2,2,76.9,Month-to-Month,Credit Card,West,Premium,No,1,42193.44,0.9628424306270723,High,Priority retention call + targeted offer
CUST101088,47,3597.99,1,2,53.2,One Year,UPI,East,Basic,Yes,1,43175.88,0.9627254315188564,High,Priority retention call + targeted offer
CUST105702,20,3447.86,4,2,24.0,Month-to-Month,Debit Card,North,Premium,Yes,1,41374.32,0.9625800012981658,High,Priority retention call + targeted offer
CUST103445,52,3555.82,1,2,19.0,One Year,UPI,East,Basic,Yes,1,42669.84,0.9625323173512754,High,Priority retention call + targeted offer
CUST102461,16,3516.04,3,3,37.0,One Year,UPI,North,Standard,Yes,1,42192.48,0.9625246250866724,High,Priority retention call + targeted offer
CUST102738,36,3624.76,2,0,37.2,Two Year,Debit Card,East,Basic,No,1,43497.12,0.9622524144559608,High,Priority retention call + targeted offer
CUST101206,38,3535.86,1,1,60.7,Month-to-Month,UPI,West,Basic,Yes,1,42430.32,0.9622370672587947,High,Priority retention call + targeted offer
CUST102498,3,3546.88,5,0,34.1,One Year,Net Banking,South,Basic,No,1,42562.56,0.9620140862449608,High,Priority retention call + targeted offer
CUST102014,47,3589.93,0,0,43.3,Month-to-Month,Net Banking,West,Basic,No,1,43079.16,0.9620028140832774,High,Priority retention call + targeted offer
CUST105501,17,3540.34,3,0,47.3,Month-to-Month,Net Banking,East,Basic,No,1,42484.08,0.9611097989354523,High,Priority retention call + targeted offer
CUST104115,35,3501.27,1,0,10.7,Month-to-Month,Credit Card,West,Standard,No,1,42015.24,0.9610308231641077,High,Priority retention call + targeted offer
CUST105282,60,3649.19,2,1,32.5,Two Year,Debit Card,South,Standard,No,1,43790.28,0.9609815552656795,High,Priority retention call + targeted offer
CUST102054,52,3503.2,3,1,48.0,Month-to-Month,UPI,South,Basic,No,1,42038.4,0.960929067620263,High,Priority retention call + targeted offer
CUST100196,25,3606.68,2,0,28.2,One Year,Net Banking,North,Premium,No,1,43280.16,0.9608789145744906,High,Priority retention call + targeted offer
CUST105431,17,3461.4,3,3,20.9,Month-to-Month,Net Banking,East,Premium,No,1,41536.8,0.9605484561920858,High,Priority retention call + targeted offer
CUST100793,60,3451.31,4,3,12.7,Month-to-Month,Debit Card,West,Basic,Yes,1,41415.72,0.9603225128086097,High,Priority retention call + targeted offer
CUST100687,43,3561.1,2,2,41.5,Month-to-Month,Net Banking,West,Standard,No,1,42733.2,0.9601638494159304,High,Priority retention call + targeted offer
CUST101485,63,3603.76,1,0,54.7,Month-to-Month,UPI,West,Standard,No,1,43245.12,0.9599790268961039,High,Priority retention call + targeted offer
CUST101377,55,3558.93,2,0,30.7,Month-to-Month,Net Banking,North,Basic,No,1,42707.16,0.9599364774879454,High,Priority retention call + targeted offer
CUST102665,39,3517.72,3,0,14.0,Month-to-Month,Net Banking,North,Basic,Yes,1,42212.64,0.9598151791066364,High,Priority retention call + targeted offer
CUST104248,66,3571.92,4,0,37.8,Month-to-Month,UPI,North,Standard,Yes,1,42863.04,0.9597967472902986,High,Priority retention call + targeted offer
CUST104571,7,3453.54,2,1,60.1,Month-to-Month,UPI,North,Basic,No,1,41442.48,0.9595742236862511,High,Priority retention call + targeted offer
CUST105618,66,3470.8,3,3,33.5,Month-to-Month,UPI,North,Basic,Yes,1,41649.6,0.9595347404445379,High,Priority retention call + targeted offer
CUST101741,54,3503.02,2,1,45.0,Month-to-Month,UPI,North,Basic,No,1,42036.24,0.9594526235803581,High,Priority retention call + targeted offer
CUST102326,25,3463.07,1,1,38.1,Month-to-Month,UPI,West,Basic,No,1,41556.84,0.959403132169657,High,Priority retention call + targeted offer
CUST104188,4,3382.55,4,4,40.2,Month-to-Month,UPI,North,Standard,No,1,40590.6,0.9588064317772232,High,Priority retention call + targeted offer
CUST104757,10,3471.54,0,2,29.3,Month-to-Month,Debit Card,West,Standard,Yes,1,41658.48,0.9588005235546405,High,Priority retention call + targeted offer
CUST102352,52,3617.28,0,4,41.2,Two Year,Net Banking,North,Premium,No,1,43407.36,0.9586681570472234,High,Priority retention call + targeted offer
CUST100651,47,3539.9,3,1,21.6,One Year,Credit Card,East,Basic,No,1,42478.8,0.9585746980393088,High,Priority retention call + targeted offer
CUST101132,58,3656.81,1,1,71.2,One Year,Credit Card,South,Standard,No,1,43881.72,0.958544226731953,High,Priority retention call + targeted offer
CUST100181,11,3516.02,2,2,38.7,Month-to-Month,Net Banking,West,Standard,Yes,1,42192.24,0.9584721547595688,High,Priority retention call + targeted offer
CUST105606,33,3534.31,1,2,52.6,One Year,UPI,North,Basic,No,1,42411.72,0.9584214769698155,High,Priority retention call + targeted offer
CUST103140,36,3519.06,3,1,44.4,Month-to-Month,Credit Card,East,Premium,Yes,1,42228.72,0.9581111570541708,High,Priority retention call + targeted offer
CUST102450,61,3617.29,3,1,52.5,Month-to-Month,Net Banking,North,Standard,Yes,1,43407.48,0.9580005657403958,High,Priority retention call + targeted offer
CUST104617,44,3503.26,1,1,55.3,Month-to-Month,UPI,North,Basic,No,1,42039.12,0.957917567947873,High,Priority retention call + targeted offer
CUST103321,12,3441.38,2,1,50.5,Month-to-Month,UPI,North,Basic,No,1,41296.56,0.9573811945083366,High,Priority retention call + targeted offer
CUST102763,3,3473.59,2,0,18.2,One Year,Credit Card,North,Basic,No,1,41683.08,0.9573612411764401,High,Priority retention call + targeted offer
CUST105119,3,3436.61,1,1,45.7,Month-to-Month,Credit Card,South,Basic,Yes,1,41239.32,0.9568715006396411,High,Priority retention call + targeted offer
CUST101629,10,3550.33,8,1,42.0,Two Year,Net Banking,North,Basic,No,1,42603.96,0.9568599709368385,High,Priority retention call + targeted offer
CUST101327,7,3520.99,2,0,54.4,Month-to-Month,Net Banking,West,Basic,No,1,42251.88,0.9568429636073338,High,Priority retention call + targeted offer
CUST102745,30,3454.7,0,1,28.6,Month-to-Month,UPI,West,Basic,No,1,41456.4,0.9567484024715672,High,Priority retention call + targeted offer
CUST100877,54,3494.29,5,1,29.8,Month-to-Month,UPI,South,Standard,No,1,41931.48,0.9563048376534162,High,Priority retention call + targeted offer
CUST101375,70,3569.87,3,2,67.0,Month-to-Month,Debit Card,West,Premium,No,1,42838.44,0.9561512420562838,High,Priority retention call + targeted offer
CUST101850,6,3544.48,2,1,62.1,One Year,Credit Card,East,Basic,Yes,1,42533.76,0.9553559130832365,High,Priority retention call + targeted offer
CUST102076,34,3532.25,1,1,41.4,Month-to-Month,Debit Card,West,Standard,Yes,1,42387.0,0.955292284981967,High,Priority retention call + targeted offer
CUST105221,64,3584.71,2,0,76.1,Month-to-Month,Credit Card,North,Basic,Yes,1,43016.52,0.9549530669434696,High,Priority retention call + targeted offer
CUST100752,7,3494.55,3,0,41.2,Month-to-Month,UPI,East,Standard,Yes,1,41934.6,0.9544327052361729,High,Priority retention call + targeted offer
CUST100210,19,3480.71,3,1,39.2,Month-to-Month,Cash,East,Standard,No,1,41768.52,0.9543333639535313,High,Priority retention call + targeted offer
CUST103538,39,3474.09,3,1,33.5,Month-to-Month,UPI,East,Basic,Yes,1,41689.08,0.9541363709069463,High,Priority retention call + targeted offer
CUST104899,43,3510.28,2,2,51.8,Month-to-Month,Debit Card,North,Standard,No,1,42123.36,0.9540157273018648,High,Priority retention call + targeted offer
CUST105004,56,3579.31,3,0,33.4,One Year,Credit Card,East,Basic,No,1,42951.72,0.9538942647157496,High,Priority retention call + targeted offer
CUST100493,44,3618.91,3,1,63.1,Two Year,Credit Card,South,Premium,No,1,43426.92,0.9536568324673836,High,Priority retention call + targeted offer
CUST105489,26,3455.67,1,4,6.0,Two Year,UPI,South,Premium,No,1,41468.04,0.9534861992453628,High,Priority retention call + targeted offer
CUST102883,4,3499.81,1,2,52.1,One Year,Credit Card,South,Premium,No,1,41997.72,0.9534369618413563,High,Priority retention call + targeted offer
CUST101664,38,3563.34,1,0,47.5,Month-to-Month,Debit Card,West,Standard,Yes,1,42760.08,0.9534340951518474,High,Priority retention call + targeted offer
CUST105845,12,3530.09,1,0,15.3,Two Year,Credit Card,West,Basic,Yes,1,42361.08,0.9532942307403841,High,Priority retention call + targeted offer
CUST100014,52,3664.71,2,3,74.4,Two Year,Debit Card,East,Standard,Yes,1,43976.52,0.9532021222906529,High,Priority retention call + targeted offer
CUST104706,34,3463.62,2,2,49.1,Month-to-Month,Credit Card,West,Basic,Yes,1,41563.44,0.9532014771469461,High,Priority retention call + targeted offer
CUST104137,19,3445.98,4,3,55.4,Month-to-Month,Debit Card,South,Standard,No,1,41351.76,0.953196404936461,High,Priority retention call + targeted offer
CUST101507,35,3566.46,1,1,17.2,Two Year,Debit Card,East,Basic,Yes,1,42797.52,0.9531675958836069,High,Priority retention call + targeted offer
CUST105267,46,3604.9,2,0,59.8,Month-to-Month,Net Banking,South,Standard,No,1,43258.8,0.9529064348850932,High,Priority retention call + targeted offer
CUST100987,23,3555.39,2,0,37.7,Month-to-Month,Net Banking,East,Standard,No,1,42664.68,0.9529060832430933,High,Priority retention call + targeted offer
CUST101639,20,3542.51,0,0,42.8,One Year,Credit Card,West,Basic,No,1,42510.12,0.9528284103140834,High,Priority retention call + targeted offer
CUST102399,53,3534.12,3,2,64.3,Month-to-Month,UPI,North,Standard,Yes,1,42409.44,0.9523200363247771,High,Priority retention call + targeted offer
CUST104693,63,3539.36,3,0,33.4,Month-to-Month,Debit Card,East,Basic,Yes,1,42472.32,0.9521864679235963,High,Priority retention call + targeted offer
CUST100608,70,3587.2,2,2,39.2,One Year,Credit Card,North,Standard,No,1,43046.4,0.9519969396534816,High,Priority retention call + targeted offer
CUST105325,29,3413.08,2,4,29.6,Month-to-Month,Net Banking,South,Basic,No,1,40956.96,0.9518072364312671,High,Priority retention call + targeted offer
CUST105814,43,3604.47,0,1,39.7,Two Year,UPI,South,Premium,Yes,1,43253.64,0.9512812663932695,High,Priority retention call + targeted offer
CUST100870,33,3531.22,3,0,53.8,Month-to-Month,Net Banking,South,Basic,No,1,42374.64,0.9512579990464968,High,Priority retention call + targeted offer
CUST100392,27,3512.3,2,3,44.2,Two Year,Debit Card,South,Basic,No,1,42147.6,0.9512014864044143,High,Priority retention call + targeted offer
CUST100839,66,3662.4,2,0,32.7,One Year,Net Banking,North,Premium,Yes,1,43948.8,0.9509820973848895,High,Priority retention call + targeted offer
CUST105860,38,3585.65,2,0,24.5,One Year,Debit Card,East,Standard,No,1,43027.8,0.9508995810915368,High,Priority retention call + targeted offer
CUST100177,12,3458.63,2,0,35.4,Month-to-Month,UPI,South,Standard,No,1,41503.56,0.9500697131013819,High,Priority retention call + targeted offer
CUST102036,43,3573.55,1,1,39.9,Two Year,Credit Card,South,Basic,Yes,1,42882.6,0.9497015767975306,High,Priority retention call + targeted offer
CUST102862,61,3631.23,0,0,44.9,One Year,Cash,North,Standard,No,1,43574.76,0.9495766259201956,High,Priority retention call + targeted offer
CUST102978,21,3423.7,4,0,26.2,Month-to-Month,Credit Card,South,Basic,Yes,1,41084.4,0.9491930264332322,High,Priority retention call + targeted offer
CUST104037,45,3430.12,1,2,24.6,Month-to-Month,UPI,South,Basic,Yes,1,41161.44,0.9491012674411992,High,Priority retention call + targeted offer
CUST101209,70,3513.64,0,0,23.6,Month-to-Month,Debit Card,South,Basic,No,1,42163.68,0.9490872206761827,High,Priority retention call + targeted offer
CUST101199,45,3584.75,3,2,44.2,Two Year,Credit Card,West,Standard,No,1,43017.0,0.9490144520415662,High,Priority retention call + targeted offer
CUST101758,42,3522.38,1,0,35.4,Month-to-Month,Net Banking,South,Basic,No,1,42268.56,0.948737084718856,High,Priority retention call + targeted offer
CUST103881,17,3472.31,0,2,66.6,Month-to-Month,UPI,West,Premium,No,1,41667.72,0.9485949921502275,High,Priority retention call + targeted offer
CUST100085,51,3616.5,3,0,65.1,One Year,UPI,East,Basic,Yes,1,43398.0,0.9484369794484313,High,Priority retention call + targeted offer
CUST102772,15,3449.56,3,0,38.1,Month-to-Month,Cash,North,Premium,No,1,41394.72,0.9482957716643495,High,Priority retention call + targeted offer
CUST102818,10,3557.15,1,0,60.7,One Year,Credit Card,East,Basic,Yes,1,42685.8,0.9481134933626925,High,Priority retention call + targeted offer
CUST102643,34,3645.76,2,1,62.4,Two Year,Net Banking,West,Basic,Yes,1,43749.12,0.947989558205171,High,Priority retention call + targeted offer
CUST101223,48,3597.32,0,0,63.0,Month-to-Month,Net Banking,North,Premium,No,1,43167.84,0.9476745091200925,High,Priority retention call + targeted offer
CUST102615,49,3571.24,4,2,53.2,One Year,UPI,East,Premium,Yes,1,42854.88,0.9476384182907388,High,Priority retention call + targeted offer
CUST100310,48,3484.07,2,1,51.7,Month-to-Month,Credit Card,West,Basic,No,1,41808.84,0.9474931648281576,High,Priority retention call + targeted offer
CUST102594,23,3438.66,1,0,29.5,Month-to-Month,UPI,West,Basic,No,0,41263.92,0.9471868527982842,High,Priority retention call + targeted offer
CUST100138,26,3428.53,0,3,21.0,Month-to-Month,Credit Card,East,Standard,Yes,1,41142.36,0.9464812957523997,High,Priority retention call + targeted offer
CUST100942,66,3641.92,2,1,34.3,Two Year,UPI,East,Standard,Yes,1,43703.04,0.9464578529622846,High,Priority retention call + targeted offer
CUST104010,26,3595.81,0,1,66.4,Two Year,Debit Card,South,Basic,Yes,1,43149.72,0.9464443976810879,High,Priority retention call + targeted offer
CUST104846,61,3581.36,1,0,27.7,Month-to-Month,Net Banking,West,Standard,No,1,42976.32,0.9463307226980675,High,Priority retention call + targeted offer
CUST103227,28,3515.25,6,1,21.3,Two Year,Debit Card,North,Premium,No,1,42183.0,0.9459874255737719,High,Priority retention call + targeted offer
CUST100274,31,3552.49,2,0,41.5,Two Year,UPI,South,Basic,No,1,42629.88,0.9458943896898212,High,Priority retention call + targeted offer
CUST103280,7,3429.53,1,1,63.3,Month-to-Month,UPI,North,Basic,No,1,41154.36,0.9457156881154987,High,Priority retention call + targeted offer
CUST104690,1,3562.25,1,0,43.4,Two Year,Debit Card,South,Premium,Yes,1,42747.0,0.9456917425841878,High,Priority retention call + targeted offer
CUST102864,7,3425.89,5,0,28.5,Month-to-Month,UPI,West,Standard,No,1,41110.68,0.9452328038985973,High,Priority retention call + targeted offer
CUST101078,31,3482.1,1,2,49.2,Month-to-Month,Debit Card,West,Standard,No,1,41785.2,0.9449793884081448,High,Priority retention call + targeted offer
CUST101001,54,3636.14,3,0,38.9,Two Year,Debit Card,West,Standard,No,1,43633.68,0.944978004962985,High,Priority retention call + targeted offer
CUST101127,46,3469.43,3,4,51.9,One Year,UPI,South,Basic,No,1,41633.16,0.9449521035297218,High,Priority retention call + targeted offer
CUST101948,1,3499.2,3,0,77.2,Month-to-Month,Cash,West,Standard,No,1,41990.4,0.9445143991974092,High,Priority retention call + targeted offer
CUST103670,11,3445.19,2,1,14.2,One Year,Credit Card,East,Basic,No,1,41342.28,0.9440753580048611,High,Priority retention call + targeted offer
CUST102029,25,3480.01,3,5,18.7,Two Year,Net Banking,East,Basic,Yes,1,41760.12,0.9440104837217485,High,Priority retention call + targeted offer
CUST103996,2,3425.75,1,1,34.6,Month-to-Month,Debit Card,South,Standard,No,1,41109.0,0.9439171499451214,High,Priority retention call + targeted offer
CUST101602,60,3602.97,1,1,66.5,Month-to-Month,Net Banking,East,Premium,No,1,43235.64,0.943471480017827,High,Priority retention call + targeted offer
CUST105541,12,3425.66,3,1,65.7,Month-to-Month,Credit Card,South,Basic,No,1,41107.92,0.943163901710487,High,Priority retention call + targeted offer
CUST101642,33,3598.85,1,2,66.4,Two Year,Cash,West,Standard,No,1,43186.2,0.9428661776294975,High,Priority retention call + targeted offer
CUST102438,61,3537.82,2,1,14.0,One Year,Cash,West,Premium,No,1,42453.84,0.9427443030336813,High,Priority retention call + targeted offer
CUST102259,72,3560.36,4,0,45.3,Month-to-Month,Debit Card,West,Premium,Yes,1,42724.32,0.9426692638381095,High,Priority retention call + targeted offer
CUST104174,29,3579.3,3,2,50.7,Two Year,Cash,East,Standard,Yes,1,42951.6,0.9423715802756396,High,Priority retention call + targeted offer
CUST102312,37,3354.6,1,4,25.2,Month-to-Month,Cash,South,Basic,No,1,40255.2,0.9422781481975401,High,Priority retention call + targeted offer
CUST101837,22,3420.01,1,2,35.3,Month-to-Month,UPI,South,Standard,No,1,41040.12,0.9421364283221203,High,Priority retention call + targeted offer
CUST101907,12,3406.21,0,2,33.1,Month-to-Month,UPI,South,Standard,No,1,40874.52,0.9420107978843318,High,Priority retention call + targeted offer
CUST103038,21,3393.92,3,1,2.0,Month-to-Month,UPI,North,Standard,Yes,1,40727.04,0.941828047669339,High,Priority retention call + targeted offer
CUST102822,10,3462.43,0,1,23.8,Month-to-Month,Net Banking,North,Standard,No,1,41549.16,0.9413009178259045,High,Priority retention call + targeted offer
CUST101462,4,3475.33,2,1,43.6,Month-to-Month,Net Banking,East,Premium,No,1,41703.96,0.9411494875829949,High,Priority retention call + targeted offer
CUST101770,25,3495.19,0,2,49.9,One Year,UPI,South,Basic,Yes,1,41942.28,0.9410110513995974,High,Priority retention call + targeted offer
CUST105539,72,3527.61,2,2,46.9,Month-to-Month,UPI,West,Standard,Yes,1,42331.32,0.9408323045787723,High,Priority retention call + targeted offer
CUST104491,15,3427.36,3,0,37.2,Month-to-Month,UPI,South,Premium,No,1,41128.32,0.9404021027369522,High,Priority retention call + targeted offer
CUST105020,64,3549.27,1,0,47.0,Month-to-Month,Credit Card,West,Standard,No,1,42591.24,0.9403633527294945,High,Priority retention call + targeted offer
CUST104224,57,3476.64,4,2,41.5,Month-to-Month,Debit Card,South,Standard,No,1,41719.68,0.9401781609931191,High,Priority retention call + targeted offer
CUST103490,8,3425.43,2,2,51.6,Month-to-Month,UPI,North,Standard,Yes,1,41105.16,0.9397407589977443,High,Priority retention call + targeted offer
CUST104362,36,3497.32,0,1,55.4,Month-to-Month,Debit Card,West,Premium,No,1,41967.84,0.9380404748445209,High,Priority retention call + targeted offer
CUST105703,32,3438.35,3,4,8.1,Two Year,Credit Card,North,Standard,No,1,41260.2,0.9373712939517052,High,Priority retention call + targeted offer
CUST103501,47,3574.68,3,2,43.3,One Year,Net Banking,South,Standard,No,1,42896.16,0.9373487762070396,High,Priority retention call + targeted offer
CUST104367,11,3380.27,1,1,36.2,Month-to-Month,Credit Card,North,Basic,No,1,40563.24,0.9371690082041391,High,Priority retention call + targeted offer
CUST102267,53,3477.58,1,1,35.5,Month-to-Month,UPI,North,Standard,No,1,41730.96,0.9362368676623142,High,Priority retention call + targeted offer
CUST102187,19,3388.36,3,4,61.2,Month-to-Month,UPI,South,Premium,Yes,1,40660.32,0.9357856769117742,High,Priority retention call + targeted offer
CUST102043,54,3363.0,1,5,13.7,Month-to-Month,Credit Card,North,Standard,No,1,40356.0,0.9352299426214745,High,Priority retention call + targeted offer
CUST105299,61,3472.81,1,4,24.4,One Year,UPI,East,Basic,Yes,1,41673.72,0.9349523549501675,High,Priority retention call + targeted offer
CUST100448,38,3557.37,3,1,21.0,One Year,Net Banking,North,Standard,Yes,1,42688.44,0.9344939127188843,High,Priority retention call + targeted offer
CUST105217,48,3631.48,0,2,42.3,Two Year,Net Banking,East,Standard,No,1,43577.76,0.9341431226091331,High,Priority retention call + targeted offer
CUST102898,58,3429.51,3,2,46.0,Month-to-Month,Credit Card,South,Basic,No,1,41154.12,0.9341321929619335,High,Priority retention call + targeted offer
CUST105435,72,3522.65,3,1,29.8,Month-to-Month,Net Banking,South,Premium,No,1,42271.8,0.933438180073001,High,Priority retention call + targeted offer
CUST102386,69,3478.74,3,3,34.6,One Year,Credit Card,North,Basic,No,1,41744.88,0.9330627871860442,High,Priority retention call + targeted offer
CUST103502,23,3426.22,0,0,17.4,Month-to-Month,Credit Card,North,Standard,No,1,41114.64,0.9329806815098899,High,Priority retention call + targeted offer
CUST104228,26,3443.31,4,1,54.8,Month-to-Month,Debit Card,North,Premium,No,1,41319.72,0.9329293858477408,High,Priority retention call + targeted offer
CUST101232,70,3534.57,4,1,30.2,One Year,Debit Card,North,Basic,Yes,1,42414.84,0.932548434316607,High,Priority retention call + targeted offer
CUST100966,44,3553.15,1,2,62.8,Two Year,Debit Card,North,Basic,No,1,42637.8,0.9321129312809631,High,Priority retention call + targeted offer
CUST102304,66,3569.43,1,1,17.8,One Year,Debit Card,West,Standard,Yes,1,42833.16,0.931578080906677,High,Priority retention call + targeted offer
CUST101244,64,3570.29,1,0,48.0,Month-to-Month,Net Banking,East,Basic,Yes,1,42843.48,0.9314915837850049,High,Priority retention call + targeted offer
CUST104544,33,3398.95,2,0,15.4,Month-to-Month,Credit Card,West,Basic,No,1,40787.4,0.9313154366522749,High,Priority retention call + targeted offer
CUST102730,70,3514.81,2,0,27.4,Month-to-Month,Net Banking,South,Basic,No,1,42177.72,0.9311939839301187,High,Priority retention call + targeted offer
CUST105360,48,3396.47,3,3,12.0,Month-to-Month,Cash,East,Standard,No,1,40757.64,0.9308439658538237,High,Priority retention call + targeted offer
CUST101526,23,3433.33,2,0,32.5,Month-to-Month,UPI,South,Standard,No,1,41199.96,0.9305838807782654,High,Priority retention call + targeted offer
CUST102675,43,3452.4,4,1,32.1,Month-to-Month,Cash,East,Premium,Yes,1,41428.8,0.9301138764910147,High,Priority retention call + targeted offer
CUST100909,7,3525.64,4,0,59.9,One Year,Credit Card,East,Premium,Yes,1,42307.68,0.9300048153481102,High,Priority retention call + targeted offer
CUST101543,41,3483.47,3,0,70.1,Month-to-Month,Debit Card,South,Basic,No,1,41801.64,0.9289148266703734,High,Priority retention call + targeted offer
CUST102471,8,3459.9,5,1,79.1,Month-to-Month,Cash,East,Standard,No,1,41518.8,0.9282871547396877,High,Priority retention call + targeted offer
CUST104223,39,3433.18,3,1,36.1,Month-to-Month,UPI,South,Standard,No,1,41198.16,0.9281511713514701,High,Priority retention call + targeted offer
CUST105600,25,3413.22,2,1,34.3,Month-to-Month,Credit Card,South,Standard,No,1,40958.64,0.9273289243291556,High,Priority retention call + targeted offer
CUST101403,24,3366.75,3,1,32.6,Month-to-Month,UPI,South,Basic,No,1,40401.0,0.9268795760260303,High,Priority retention call + targeted offer
CUST105112,72,3600.97,1,0,37.5,One Year,Net Banking,South,Basic,No,1,43211.64,0.9266728749686803,High,Priority retention call + targeted offer
CUST100217,7,3497.53,2,0,31.5,One Year,Debit Card,North,Standard,Yes,1,41970.36,0.9264670917873706,High,Priority retention call + targeted offer
CUST101565,33,3464.46,0,0,58.1,Month-to-Month,Credit Card,South,Basic,Yes,1,41573.52,0.9263789762133297,High,Priority retention call + targeted offer
CUST103654,49,3513.73,3,2,32.3,Two Year,Debit Card,East,Basic,No,1,42164.76,0.9258049578689762,High,Priority retention call + targeted offer
CUST105510,30,3490.12,2,0,46.8,One Year,UPI,North,Basic,No,1,41881.44,0.924682112293969,High,Priority retention call + targeted offer
CUST103524,21,3491.97,2,0,42.7,One Year,UPI,West,Basic,Yes,1,41903.64,0.9244766933703816,High,Priority retention call + targeted offer
CUST101067,47,3478.52,3,1,51.7,Month-to-Month,Net Banking,North,Basic,No,1,41742.24,0.924386077040042,High,Priority retention call + targeted offer
CUST105943,47,3487.92,3,1,79.2,Month-to-Month,Credit Card,North,Premium,No,1,41855.04,0.9237387427413694,High,Priority retention call + targeted offer
CUST102939,13,3395.27,3,1,59.2,Month-to-Month,Credit Card,South,Basic,Yes,1,40743.24,0.9231740293617062,High,Priority retention call + targeted offer
CUST105332,29,3485.09,4,2,21.8,One Year,Net Banking,North,Premium,Yes,1,41821.08,0.92174804822397,High,Priority retention call + targeted offer
CUST101038,32,3441.34,3,0,26.2,Month-to-Month,UPI,West,Standard,Yes,1,41296.08,0.9217466156471253,High,Priority retention call + targeted offer
CUST101672,20,3408.6,2,1,56.4,Month-to-Month,UPI,East,Basic,No,1,40903.2,0.9214177147329868,High,Priority retention call + targeted offer
CUST104905,47,3501.39,0,1,11.6,One Year,UPI,East,Standard,No,1,42016.68,0.9206068506324221,High,Priority retention call + targeted offer
CUST100216,6,3463.06,1,0,46.1,One Year,UPI,South,Basic,Yes,1,41556.72,0.9205442876725023,High,Priority retention call + targeted offer
CUST105452,61,3564.91,3,1,56.7,One Year,Credit Card,West,Premium,Yes,1,42778.92,0.9205007768918054,High,Priority retention call + targeted offer
CUST100128,42,3419.16,4,2,43.3,Month-to-Month,Debit Card,West,Premium,No,1,41029.92,0.9200207607313179,High,Priority retention call + targeted offer
CUST105849,5,3374.13,1,0,16.2,Month-to-Month,Cash,South,Standard,No,1,40489.56,0.9194482403646848,High,Priority retention call + targeted offer
CUST101457,33,3400.63,3,2,54.0,Month-to-Month,UPI,West,Basic,Yes,1,40807.56,0.9190173252830318,High,Priority retention call + targeted offer
CUST104490,14,3420.44,2,1,36.8,Month-to-Month,Net Banking,East,Basic,No,1,41045.28,0.918974920969219,High,Priority retention call + targeted offer
CUST105095,13,3436.35,1,3,52.5,Two Year,UPI,South,Basic,No,1,41236.2,0.9189129169527629,High,Priority retention call + targeted offer
CUST104476,68,3465.01,4,1,29.0,Month-to-Month,Credit Card,East,Standard,No,1,41580.12,0.9183425401046208,High,Priority retention call + targeted offer
CUST101428,20,3572.89,1,0,63.6,One Year,Debit Card,East,Standard,Yes,1,42874.68,0.918330401855748,High,Priority retention call + targeted offer
CUST101304,44,3448.72,3,2,54.7,Month-to-Month,UPI,East,Standard,No,1,41384.64,0.9181376712718025,High,Priority retention call + targeted offer
CUST105304,17,3455.13,3,2,42.5,Two Year,UPI,East,Basic,No,1,41461.56,0.9179531662164548,High,Priority retention call + targeted offer
CUST105024,63,3568.22,5,1,42.5,Two Year,Debit Card,South,Standard,No,1,42818.64,0.9178921290083936,High,Priority retention call + targeted offer
CUST104250,31,3477.49,2,0,57.3,Month-to-Month,Net Banking,South,Basic,No,1,41729.88,0.9176817564403786,High,Priority retention call + targeted offer
CUST100571,30,3377.68,0,2,27.5,Month-to-Month,UPI,East,Basic,Yes,1,40532.16,0.9174859676788649,High,Priority retention call + targeted offer
CUST105617,14,3427.54,0,2,19.9,Two Year,Credit Card,North,Basic,Yes,1,41130.48,0.9173009400369085,High,Priority retention call + targeted offer
CUST105187,9,3477.77,0,1,44.2,One Year,UPI,West,Standard,No,1,41733.24,0.9169941433008671,High,Priority retention call + targeted offer
CUST102195,59,3489.77,2,1,14.0,Month-to-Month,Net Banking,East,Standard,No,1,41877.24,0.9169667591709256,High,Priority retention call + targeted offer
CUST100053,34,3431.59,2,1,42.8,Month-to-Month,Debit Card,West,Premium,No,1,41179.08,0.9164212134371718,High,Priority retention call + targeted offer
CUST100050,55,3485.22,1,1,62.5,Month-to-Month,UPI,North,Standard,No,1,41822.64,0.9145110030475451,High,Priority retention call + targeted offer
CUST105313,29,3446.77,0,1,62.2,Month-to-Month,Cash,East,Basic,Yes,1,41361.24,0.9143883130352666,High,Priority retention call + targeted offer
CUST104538,61,3614.05,2,0,49.4,Two Year,UPI,West,Standard,Yes,1,43368.6,0.9137344656777527,High,Priority retention call + targeted offer
CUST101047,44,3560.15,0,0,40.5,One Year,Net Banking,South,Basic,Yes,1,42721.8,0.9132938298453016,High,Priority retention call + targeted offer
CUST101448,54,3543.79,1,0,35.9,One Year,Debit Card,West,Premium,No,1,42525.48,0.9126997992233558,High,Priority retention call + targeted offer
CUST100894,54,3454.11,3,1,44.9,Month-to-Month,Debit Card,West,Premium,No,1,41449.32,0.9119914224063553,High,Priority retention call + targeted offer
CUST101131,49,3399.57,4,2,52.2,Month-to-Month,Cash,West,Basic,No,1,40794.84,0.9119759745535363,High,Priority retention call + targeted offer
CUST100718,17,3482.36,2,1,79.8,One Year,Cash,South,Basic,No,1,41788.32,0.9119599574483903,High,Priority retention call + targeted offer
CUST105599,56,3518.44,0,0,68.9,Month-to-Month,Credit Card,North,Standard,No,1,42221.28,0.9118606992122174,High,Priority retention call + targeted offer
CUST102428,55,3351.39,5,5,41.1,Month-to-Month,Credit Card,East,Premium,No,1,40216.68,0.9113598024222849,High,Priority retention call + targeted offer
CUST105263,36,3379.91,1,2,52.1,Month-to-Month,Credit Card,North,Basic,No,1,40558.92,0.911200395998721,High,Priority retention call + targeted offer
CUST102792,52,3414.81,2,0,27.7,Month-to-Month,UPI,West,Basic,No,1,40977.72,0.9110598400412215,High,Priority retention call + targeted offer
CUST103316,46,3465.25,4,0,33.3,One Year,Credit Card,South,Basic,No,1,41583.0,0.9106491046075605,High,Priority retention call + targeted offer
CUST104180,48,3404.69,4,2,34.0,Month-to-Month,UPI,North,Standard,Yes,1,40856.28,0.9101680171033519,High,Priority retention call + targeted offer
CUST100103,1,3353.02,3,1,40.1,Month-to-Month,Debit Card,West,Basic,Yes,1,40236.24,0.9099794488505194,High,Priority retention call + targeted offer
CUST103171,68,3538.15,1,0,17.4,One Year,Debit Card,South,Standard,No,1,42457.8,0.9098390183235944,High,Priority retention call + targeted offer
CUST100722,61,3582.73,5,1,65.9,One Year,Net Banking,West,Basic,Yes,1,42992.76,0.9098092579288929,High,Priority retention call + targeted offer
CUST102607,19,3345.83,5,1,2.0,Month-to-Month,Net Banking,South,Basic,Yes,1,40149.96,0.9097868200813287,High,Priority retention call + targeted offer
CUST101953,34,3448.67,0,1,28.3,One Year,Cash,West,Basic,No,1,41384.04,0.908173258739543,High,Priority retention call + targeted offer
CUST104487,19,3435.74,4,2,44.8,One Year,Credit Card,East,Premium,No,1,41228.88,0.9077935625491145,High,Priority retention call + targeted offer
CUST100414,2,3395.35,3,2,23.1,Two Year,UPI,West,Basic,Yes,1,40744.2,0.9077028689004603,High,Priority retention call + targeted offer
CUST103591,22,3430.65,1,1,35.3,One Year,UPI,West,Basic,No,1,41167.8,0.9075657620753014,High,Priority retention call + targeted offer
CUST101970,60,3401.22,2,4,41.5,Month-to-Month,Debit Card,East,Premium,No,1,40814.64,0.9067445693649604,High,Priority retention call + targeted offer
CUST104613,38,3528.73,2,0,67.3,One Year,Credit Card,West,Basic,Yes,1,42344.76,0.9067163668182234,High,Priority retention call + targeted offer
CUST102726,10,3385.62,0,1,25.7,Month-to-Month,Net Banking,South,Basic,Yes,1,40627.44,0.9060903695929211,High,Priority retention call + targeted offer
CUST105746,32,3443.35,3,0,58.2,Month-to-Month,UPI,South,Standard,No,1,41320.2,0.9058929553703042,High,Priority retention call + targeted offer
CUST105648,71,3528.25,2,1,30.9,One Year,UPI,West,Standard,No,1,42339.0,0.9057363278661147,High,Priority retention call + targeted offer
CUST104251,28,3424.64,3,1,57.0,Month-to-Month,Credit Card,West,Standard,No,1,41095.68,0.9056246122282103,High,Priority retention call + targeted offer
CUST100327,3,3318.19,2,2,20.6,Month-to-Month,Credit Card,West,Standard,No,1,39818.28,0.9056039241894792,High,Priority retention call + targeted offer
CUST104000,23,3408.82,1,1,45.1,Month-to-Month,UPI,West,Standard,No,1,40905.84,0.905363366793867,High,Priority retention call + targeted offer
CUST101965,54,3538.99,1,0,41.0,Two Year,UPI,North,Basic,Yes,1,42467.88,0.9051988610483929,High,Priority retention call + targeted offer
CUST100322,45,3576.2,3,2,52.2,Two Year,Net Banking,West,Standard,No,0,42914.4,0.9050307289846119,High,Priority retention call + targeted offer
CUST100654,40,3423.53,2,2,6.8,One Year,UPI,West,Premium,Yes,1,41082.36,0.9049254085716946,High,Priority retention call + targeted offer
CUST102728,42,3468.67,4,0,32.8,Month-to-Month,Net Banking,North,Standard,No,1,41624.04,0.9045233830329281,High,Priority retention call + targeted offer
CUST100358,7,3505.08,2,0,51.9,Two Year,UPI,East,Premium,No,1,42060.96,0.9044812406599191,High,Priority retention call + targeted offer
CUST100042,51,3549.8,5,1,45.7,One Year,Net Banking,East,Premium,No,1,42597.6,0.904422814415342,High,Priority retention call + targeted offer
CUST105705,59,3475.81,1,1,51.3,Month-to-Month,Net Banking,North,Basic,No,1,41709.72,0.9025080775459443,High,Priority retention call + targeted offer
CUST101057,56,3511.79,1,1,35.8,One Year,Debit Card,West,Premium,No,1,42141.48,0.9017686918471819,High,Priority retention call + targeted offer
CUST103065,40,3423.48,1,3,52.0,One Year,UPI,North,Basic,No,1,41081.76,0.9015870497598161,High,Priority retention call + targeted offer
CUST104380,68,3394.45,7,0,19.8,Month-to-Month,Credit Card,South,Basic,Yes,0,40733.4,0.9015715858661816,High,Priority retention call + targeted offer
CUST100786,3,3508.94,0,1,44.7,One Year,Net Banking,East,Standard,No,1,42107.28,0.9012760947528823,High,Priority retention call + targeted offer
CUST105728,30,3523.03,1,0,59.1,Two Year,Debit Card,South,Basic,No,1,42276.36,0.9007815528445194,High,Priority retention call + targeted offer
CUST105370,57,3546.05,0,1,76.3,Month-to-Month,Net Banking,South,Premium,Yes,1,42552.6,0.9003715729102456,High,Priority retention call + targeted offer
CUST101096,61,3416.03,3,0,31.6,Month-to-Month,Credit Card,West,Basic,No,1,40992.36,0.9002578930832285,High,Priority retention call + targeted offer
CUST100560,39,3465.6,1,0,64.5,Month-to-Month,UPI,North,Standard,No,1,41587.2,0.8997509893009721,High,Priority retention call + targeted offer
CUST102600,63,3383.09,1,1,21.8,Month-to-Month,UPI,North,Basic,No,1,40597.08,0.8995371607678351,High,Priority retention call + targeted offer
CUST104094,70,3416.68,0,1,34.5,Month-to-Month,Credit Card,South,Basic,No,1,41000.16,0.899396654476541,High,Priority retention call + targeted offer
CUST104824,36,3446.1,0,0,51.8,Month-to-Month,UPI,North,Standard,No,1,41353.2,0.8984939668956177,High,Priority retention call + targeted offer
CUST105832,60,3500.99,4,1,62.4,One Year,Credit Card,West,Basic,No,1,42011.88,0.8974757106446168,High,Priority retention call + targeted offer
CUST103242,65,3468.71,0,1,49.2,Month-to-Month,Debit Card,East,Basic,Yes,1,41624.52,0.8964466034254707,High,Priority retention call + targeted offer
CUST105247,68,3455.47,2,0,51.9,Month-to-Month,UPI,West,Basic,No,1,41465.64,0.8961804326282663,High,Priority retention call + targeted offer
CUST101985,58,3509.33,2,0,29.4,Two Year,UPI,South,Basic,Yes,1,42111.96,0.8936742888733057,High,Priority retention call + targeted offer
CUST102636,25,3415.53,1,2,39.4,Month-to-Month,Net Banking,East,Premium,No,1,40986.36,0.8935368143247246,High,Priority retention call + targeted offer
CUST102984,52,3351.53,2,3,49.1,Month-to-Month,Credit Card,South,Basic,No,1,40218.36,0.893030267026539,High,Priority retention call + targeted offer
CUST103059,20,3467.32,3,0,54.8,Month-to-Month,Net Banking,West,Standard,No,1,41607.84,0.8929473034595051,High,Priority retention call + targeted offer
CUST102071,47,3458.11,0,0,45.1,Month-to-Month,Debit Card,North,Premium,Yes,1,41497.32,0.8925591732505056,High,Priority retention call + targeted offer
CUST102516,50,3377.04,2,0,17.3,Month-to-Month,Debit Card,North,Basic,No,1,40524.48,0.8921553410211333,High,Priority retention call + targeted offer
CUST105417,13,3462.19,0,0,56.7,One Year,UPI,East,Basic,No,1,41546.28,0.8920350110453372,High,Priority retention call + targeted offer
CUST100188,18,3404.06,5,0,33.0,One Year,UPI,West,Basic,No,1,40848.72,0.8920089173285446,High,Priority retention call + targeted offer
CUST104634,8,3492.85,4,0,68.8,One Year,Cash,East,Standard,No,1,41914.2,0.8915754399672061,High,Priority retention call + targeted offer
CUST100426,63,3382.17,3,2,37.1,Month-to-Month,Credit Card,East,Basic,No,1,40586.04,0.8911261765131933,High,Priority retention call + targeted offer
CUST100985,47,3443.51,1,2,33.6,Month-to-Month,Net Banking,West,Standard,No,1,41322.12,0.8908066929984547,High,Priority retention call + targeted offer
CUST103779,33,3402.68,3,0,66.7,Month-to-Month,UPI,North,Basic,No,1,40832.16,0.8904087264109125,High,Priority retention call + targeted offer
CUST101759,42,3491.85,3,1,48.6,One Year,UPI,East,Standard,No,1,41902.2,0.8884201405832269,High,Priority retention call + targeted offer
CUST100435,9,3533.41,0,2,50.9,Two Year,Net Banking,East,Standard,Yes,1,42400.92,0.8875193080019531,High,Priority retention call + targeted offer
CUST102541,70,3496.1,1,1,12.6,One Year,UPI,West,Standard,Yes,1,41953.2,0.8873545453182694,High,Priority retention call + targeted offer
CUST103396,33,3463.54,4,1,51.7,Two Year,Credit Card,West,Basic,No,1,41562.48,0.8871376337963669,High,Priority retention call + targeted offer
CUST102405,60,3546.46,0,0,72.7,One Year,UPI,North,Basic,Yes,1,42557.52,0.8867838580677538,High,Priority retention call + targeted offer
CUST102409,2,3333.36,2,1,40.3,Month-to-Month,UPI,South,Standard,No,1,40000.32,0.88653025203714,High,Priority retention call + targeted offer
CUST103934,14,3361.56,1,2,57.8,Month-to-Month,Credit Card,North,Standard,No,1,40338.72,0.8864363810797525,High,Priority retention call + targeted offer
CUST100607,38,3394.75,2,2,41.5,Month-to-Month,Net Banking,West,Basic,No,1,40737.0,0.8861592485790362,High,Priority retention call + targeted offer
CUST105048,22,3435.19,2,2,47.5,One Year,Debit Card,South,Standard,No,1,41222.28,0.8846043591702804,High,Priority retention call + targeted offer
CUST103539,60,3380.09,1,2,24.1,Month-to-Month,Debit Card,North,Premium,No,1,40561.08,0.8845625102319562,High,Priority retention call + targeted offer
CUST104531,10,3332.18,2,0,43.3,Month-to-Month,Credit Card,South,Basic,No,1,39986.16,0.8842532250037327,High,Priority retention call + targeted offer
CUST104827,39,3346.75,2,3,48.5,Month-to-Month,Cash,West,Basic,Yes,1,40161.0,0.8837739006555186,High,Priority retention call + targeted offer
CUST104220,9,3348.21,2,3,54.5,Month-to-Month,UPI,East,Standard,Yes,1,40178.52,0.8825719006810551,High,Priority retention call + targeted offer
CUST101239,3,3281.02,4,2,43.2,Month-to-Month,Debit Card,North,Basic,No,1,39372.24,0.8825593971751264,High,Priority retention call + targeted offer
CUST102157,46,3535.14,1,0,27.1,One Year,Net Banking,West,Premium,Yes,1,42421.68,0.8821211711034748,High,Priority retention call + targeted offer
CUST103946,2,3333.35,2,2,67.7,Month-to-Month,Debit Card,West,Basic,No,1,40000.2,0.8820931819029952,High,Priority retention call + targeted offer
CUST105306,29,3418.2,3,1,33.1,Two Year,UPI,North,Basic,No,1,41018.4,0.8800270929274667,High,Priority retention call + targeted offer
CUST100447,69,3448.45,3,0,52.4,Month-to-Month,UPI,South,Premium,No,1,41381.4,0.8798913800467484,High,Priority retention call + targeted offer
CUST105160,28,3309.64,1,3,45.0,Month-to-Month,Credit Card,West,Basic,No,1,39715.68,0.8798727827693186,High,Priority retention call + targeted offer
CUST103351,68,3510.01,2,0,38.5,Two Year,Credit Card,South,Basic,No,1,42120.12,0.8790518593423969,High,Priority retention call + targeted offer
CUST101812,49,3477.69,1,0,29.8,Month-to-Month,Net Banking,East,Standard,No,1,41732.28,0.8790279903942972,High,Priority retention call + targeted offer
CUST102252,18,3451.87,1,1,47.7,Two Year,Cash,East,Basic,No,1,41422.44,0.8787279101028386,High,Priority retention call + targeted offer
CUST100316,53,3404.42,1,4,41.1,One Year,Credit Card,South,Premium,No,1,40853.04,0.8785965347238642,High,Priority retention call + targeted offer
CUST105071,43,3413.42,3,1,53.2,Month-to-Month,Debit Card,South,Standard,No,1,40961.04,0.8780468268335576,High,Priority retention call + targeted offer
CUST100523,60,3459.96,4,0,53.3,Month-to-Month,UPI,East,Standard,No,1,41519.52,0.8780337713953992,High,Priority retention call + targeted offer
CUST100133,41,3482.14,1,0,40.8,One Year,Credit Card,North,Standard,No,1,41785.68,0.877883438707149,High,Priority retention call + targeted offer
CUST101791,64,3471.81,2,1,32.8,Month-to-Month,Net Banking,North,Standard,Yes,1,41661.72,0.8762097217645407,High,Priority retention call + targeted offer
CUST105394,40,3461.84,2,1,49.9,Two Year,Cash,South,Basic,No,1,41542.08,0.874168851586248,High,Priority retention call + targeted offer
CUST104234,19,3383.87,1,1,55.9,Month-to-Month,Credit Card,West,Standard,No,1,40606.44,0.8739358257570428,High,Priority retention call + targeted offer
CUST103586,33,3440.83,2,1,59.4,Month-to-Month,Net Banking,East,Basic,Yes,1,41289.96,0.8737791441139852,High,Priority retention call + targeted offer
CUST104580,14,3374.13,1,0,52.1,Month-to-Month,UPI,East,Basic,Yes,1,40489.56,0.8735896406490035,High,Priority retention call + targeted offer
CUST105528,2,3360.71,3,2,47.0,Month-to-Month,Net Banking,East,Premium,No,1,40328.52,0.8735280792005281,High,Priority retention call + targeted offer
CUST100705,41,3461.07,1,0,46.4,One Year,Debit Card,North,Basic,No,1,41532.84,0.872896768161663,High,Priority retention call + targeted offer
CUST102996,22,3389.23,3,2,61.2,One Year,Credit Card,South,Basic,No,1,40670.76,0.8728036906291723,High,Priority retention call + targeted offer
CUST103005,27,3469.89,4,1,68.0,Month-to-Month,Net Banking,East,Standard,Yes,1,41638.68,0.8727297892152589,High,Priority retention call + targeted offer
CUST104753,63,3468.47,0,2,43.9,Month-to-Month,Net Banking,West,Standard,No,1,41621.64,0.8724578224760882,High,Priority retention call + targeted offer
CUST101936,27,3305.26,0,2,37.7,Month-to-Month,UPI,South,Basic,No,1,39663.12,0.8720927644165243,High,Priority retention call + targeted offer
CUST102373,29,3348.08,1,1,38.2,Month-to-Month,UPI,North,Premium,No,1,40176.96,0.8715200858532616,High,Priority retention call + targeted offer
CUST104373,59,3556.33,2,0,42.6,One Year,Net Banking,East,Premium,No,1,42675.96,0.8709650360389775,High,Priority retention call + targeted offer
CUST103891,67,3500.4,1,1,55.5,One Year,UPI,South,Premium,No,1,42004.8,0.8703403034237239,High,Priority retention call + targeted offer
CUST105453,57,3402.96,2,1,24.5,Month-to-Month,Debit Card,South,Standard,Yes,1,40835.52,0.8702533042275614,High,Priority retention call + targeted offer
CUST102196,21,3289.53,1,0,2.0,Month-to-Month,Credit Card,West,Basic,No,1,39474.36,0.8696294883111032,High,Priority retention call + targeted offer
CUST102003,33,3482.46,2,1,43.5,Two Year,Debit Card,North,Standard,No,1,41789.52,0.8689620868064631,High,Priority retention call + targeted offer
CUST102842,56,3549.15,2,0,53.4,Two Year,Credit Card,West,Standard,No,1,42589.8,0.8684475241688008,High,Priority retention call + targeted offer
CUST104423,33,3362.24,2,1,56.6,Month-to-Month,Debit Card,North,Basic,No,1,40346.88,0.8682158120638943,High,Priority retention call + targeted offer
CUST105322,50,3370.9,2,2,32.6,Month-to-Month,Net Banking,South,Basic,No,0,40450.8,0.8667082111058204,High,Priority retention call + targeted offer
CUST100554,71,3492.08,2,0,37.2,One Year,Credit Card,West,Basic,Yes,0,41904.96,0.8665961270156904,High,Priority retention call + targeted offer
CUST100485,17,3350.26,3,0,64.1,Month-to-Month,Credit Card,South,Basic,No,1,40203.12,0.8664589443247165,High,Priority retention call + targeted offer
CUST105057,60,3353.82,4,2,22.4,Month-to-Month,UPI,West,Premium,Yes,1,40245.84,0.8661067574853819,High,Priority retention call + targeted offer
CUST101829,71,3531.24,5,2,48.9,Two Year,Debit Card,West,Standard,Yes,1,42374.88,0.8655015772175799,High,Priority retention call + targeted offer
CUST102688,46,3408.73,1,0,50.9,Month-to-Month,Debit Card,South,Basic,Yes,1,40904.76,0.8653484016680486,High,Priority retention call + targeted offer
CUST100041,55,3331.04,2,1,7.2,Month-to-Month,Debit Card,West,Basic,No,1,39972.48,0.8649644022988816,High,Priority retention call + targeted offer
CUST105568,23,3430.69,0,0,47.1,One Year,Debit Card,South,Basic,No,0,41168.28,0.8640367086122015,High,Priority retention call + targeted offer
CUST105729,30,3406.93,0,0,45.0,Month-to-Month,Net Banking,South,Basic,No,1,40883.16,0.8637791212344008,High,Priority retention call + targeted offer
CUST104513,66,3432.22,2,1,45.0,Month-to-Month,Credit Card,East,Standard,No,1,41186.64,0.8632658485210674,High,Priority retention call + targeted offer
CUST104755,44,3482.2,1,0,43.5,Two Year,Debit Card,South,Basic,No,1,41786.4,0.8628110886696613,High,Priority retention call + targeted offer
CUST103391,38,3507.8,1,1,57.8,Two Year,UPI,South,Standard,Yes,1,42093.6,0.8616073028510846,High,Priority retention call + targeted offer
CUST100429,52,3437.06,4,0,58.0,Month-to-Month,Net Banking,North,Basic,No,1,41244.72,0.8603141541560576,High,Priority retention call + targeted offer
CUST105098,68,3534.14,5,0,75.3,One Year,Debit Card,West,Basic,Yes,1,42409.68,0.8600357571226975,High,Priority retention call + targeted offer
CUST102230,46,3394.47,2,0,39.5,Month-to-Month,UPI,North,Standard,No,1,40733.64,0.8600206839421738,High,Priority retention call + targeted offer
CUST102441,1,3283.37,3,1,41.9,Month-to-Month,UPI,East,Basic,No,1,39400.44,0.8592138158522258,High,Priority retention call + targeted offer
CUST104112,11,3355.2,7,0,58.4,Month-to-Month,UPI,South,Standard,Yes,1,40262.4,0.8589949017756577,High,Priority retention call + targeted offer
CUST101087,72,3414.92,4,1,37.6,Month-to-Month,Debit Card,East,Premium,No,1,40979.04,0.8575954625972736,High,Priority retention call + targeted offer
CUST102575,24,3388.23,3,2,43.3,One Year,UPI,South,Standard,No,1,40658.76,0.8572951289406279,High,Priority retention call + targeted offer
CUST103508,5,3384.42,1,3,46.6,Two Year,Credit Card,North,Standard,No,1,40613.04,0.8572789472553586,High,Priority retention call + targeted offer
CUST105100,40,3424.4,4,0,26.0,One Year,UPI,South,Standard,No,1,41092.8,0.857135050014018,High,Priority retention call + targeted offer
CUST105630,35,3433.6,2,0,53.1,Month-to-Month,Net Banking,North,Premium,No,1,41203.2,0.8565183657112614,High,Priority retention call + targeted offer
CUST104091,4,3246.04,0,2,31.0,Month-to-Month,UPI,South,Basic,No,1,38952.48,0.8562935413231328,High,Priority retention call + targeted offer
CUST104788,23,3387.69,3,3,4.1,Two Year,Net Banking,West,Premium,No,1,40652.28,0.8553104260883533,High,Priority retention call + targeted offer
CUST104183,62,3413.85,0,1,60.4,Month-to-Month,UPI,East,Basic,No,1,40966.2,0.8552618623312699,High,Priority retention call + targeted offer
CUST102407,52,3406.88,3,0,51.0,Month-to-Month,UPI,West,Premium,No,1,40882.56,0.8549267781684557,High,Priority retention call + targeted offer
CUST102844,33,3387.69,4,1,21.0,Two Year,UPI,West,Basic,No,1,40652.28,0.8548069819247461,High,Priority retention call + targeted offer
CUST101493,24,3387.72,1,0,59.9,Month-to-Month,Debit Card,West,Basic,Yes,1,40652.64,0.8538307851464413,High,Priority retention call + targeted offer
CUST105105,47,3504.37,1,1,44.7,One Year,Net Banking,South,Premium,Yes,1,42052.44,0.8536799535427314,High,Priority retention call + targeted offer
CUST100025,47,3402.8,0,1,53.7,Month-to-Month,Cash,South,Standard,No,1,40833.6,0.8529504887740367,High,Priority retention call + targeted offer
CUST102889,15,3360.86,3,0,48.4,Month-to-Month,Debit Card,South,Standard,No,1,40330.32,0.8523669683960219,High,Priority retention call + targeted offer
CUST104060,11,3237.63,2,3,42.4,Month-to-Month,UPI,South,Basic,No,1,38851.56,0.8505635031755897,High,Priority retention call + targeted offer
CUST102623,67,3470.91,3,1,36.8,One Year,Debit Card,South,Premium,Yes,1,41650.92,0.8503384963716212,High,Priority retention call + targeted offer
CUST101594,51,3407.58,3,0,32.6,Month-to-Month,Debit Card,East,Standard,No,1,40890.96,0.8492667445760996,High,Priority retention call + targeted offer
CUST101634,30,3396.78,1,2,33.5,Month-to-Month,Net Banking,East,Standard,Yes,1,40761.36,0.8487133289416039,High,Priority retention call + targeted offer
CUST104246,20,3281.18,3,1,13.6,Month-to-Month,Credit Card,North,Standard,No,1,39374.16,0.8470705844636105,High,Priority retention call + targeted offer
CUST103067,51,3447.63,0,1,56.6,One Year,UPI,West,Basic,No,1,41371.56,0.8461879487813896,High,Priority retention call + targeted offer
CUST103157,72,3440.7,0,1,40.0,Month-to-Month,UPI,East,Standard,Yes,1,41288.4,0.8459981604328507,High,Priority retention call + targeted offer
CUST105846,9,3350.23,1,1,15.5,One Year,Credit Card,East,Premium,No,1,40202.76,0.8455254271257522,High,Priority retention call + targeted offer
CUST103952,53,3378.65,2,0,40.3,Month-to-Month,UPI,West,Basic,Yes,0,40543.8,0.8450640653909355,High,Priority retention call + targeted offer
CUST105487,56,3516.77,2,0,37.2,Two Year,Credit Card,West,Standard,Yes,0,42201.24,0.8441220536338495,High,Priority retention call + targeted offer
CUST102032,7,3338.42,3,1,2.6,One Year,Debit Card,South,Standard,Yes,1,40061.04,0.8439875218748792,High,Priority retention call + targeted offer
CUST102832,22,3345.77,0,1,39.7,Month-to-Month,Debit Card,North,Standard,No,1,40149.24,0.8436332838550522,High,Priority retention call + targeted offer
CUST104081,21,3367.07,3,0,33.9,Month-to-Month,Net Banking,West,Basic,Yes,1,40404.84,0.8431224715033206,High,Priority retention call + targeted offer
CUST100389,12,3382.07,2,2,32.9,One Year,Debit Card,West,Standard,Yes,1,40584.84,0.8422748878333642,High,Priority retention call + targeted offer
CUST105096,45,3345.15,5,1,34.4,Month-to-Month,Debit Card,North,Premium,Yes,1,40141.8,0.8401520465409047,High,Priority retention call + targeted offer
CUST104198,69,3362.75,1,3,36.8,Month-to-Month,Debit Card,North,Standard,No,1,40353.0,0.838849366230109,High,Priority retention call + targeted offer
CUST102937,52,3394.95,2,0,47.5,Month-to-Month,UPI,South,Premium,Yes,1,40739.4,0.8378433745150651,High,Priority retention call + targeted offer
CUST103885,30,3347.4,1,0,25.0,Month-to-Month,UPI,North,Standard,Yes,1,40168.8,0.8374566490734304,High,Priority retention call + targeted offer
CUST102791,12,3366.48,1,1,72.1,Month-to-Month,UPI,South,Standard,Yes,1,40397.76,0.8374492217329096,High,Priority retention call + targeted offer
CUST101632,7,3329.91,4,0,66.5,Month-to-Month,Debit Card,West,Basic,No,1,39958.92,0.8361935198343206,High,Priority retention call + targeted offer
CUST105066,38,3473.23,2,1,45.5,Two Year,UPI,West,Standard,Yes,1,41678.76,0.8356540851081968,High,Priority retention call + targeted offer
CUST103898,22,3426.22,0,1,38.2,Two Year,Credit Card,North,Standard,No,1,41114.64,0.8350322038727804,High,Priority retention call + targeted offer
CUST101081,72,3388.05,3,0,35.7,Month-to-Month,Credit Card,West,Basic,Yes,0,40656.6,0.8344930664042443,High,Priority retention call + targeted offer
CUST105893,24,3424.58,2,2,45.6,Two Year,Net Banking,North,Basic,No,1,41094.96,0.8342175175325486,High,Priority retention call + targeted offer
CUST105665,34,3364.26,0,0,65.2,Month-to-Month,UPI,South,Basic,No,0,40371.12,0.834156981749898,High,Priority retention call + targeted offer
CUST100155,48,3369.49,4,0,47.0,Month-to-Month,UPI,East,Basic,Yes,1,40433.88,0.8339077879287236,High,Priority retention call + targeted offer
CUST105378,35,3334.62,2,0,25.2,Month-to-Month,UPI,South,Standard,No,1,40015.44,0.8335623417922937,High,Priority retention call + targeted offer
CUST100191,46,3466.91,0,0,42.9,One Year,Credit Card,West,Premium,Yes,1,41602.92,0.8335211807460187,High,Priority retention call + targeted offer
CUST103784,71,3474.57,1,1,46.0,One Year,UPI,North,Standard,No,1,41694.84,0.8331025776189638,High,Priority retention call + targeted offer
CUST104818,39,3404.84,1,0,46.6,Month-to-Month,Credit Card,East,Standard,Yes,1,40858.08,0.8315515883599872,High,Priority retention call + targeted offer
CUST103198,71,3387.05,2,1,41.1,Month-to-Month,Cash,East,Basic,Yes,1,40644.6,0.8313353283961709,High,Priority retention call + targeted offer
CUST104011,64,3349.88,4,1,44.0,Month-to-Month,Debit Card,North,Basic,No,0,40198.56,0.8308516007084461,High,Priority retention call + targeted offer
CUST101689,7,3274.2,6,1,30.8,Month-to-Month,Net Banking,North,Basic,No,1,39290.4,0.8305162077207734,High,Priority retention call + targeted offer
CUST103179,13,3360.46,1,2,44.0,One Year,UPI,North,Standard,No,1,40325.52,0.8303751745316325,High,Priority retention call + targeted offer
CUST100749,12,3350.45,1,1,30.2,Month-to-Month,Net Banking,West,Standard,No,0,40205.4,0.8297167141928603,High,Priority retention call + targeted offer
CUST101982,4,3312.54,2,2,73.9,Month-to-Month,Debit Card,North,Premium,No,1,39750.48,0.8295113614581655,High,Priority retention call + targeted offer
CUST101263,60,3511.62,2,0,53.9,One Year,UPI,East,Standard,Yes,1,42139.44,0.8294956218936966,High,Priority retention call + targeted offer
CUST100796,70,3471.71,1,0,12.6,One Year,UPI,East,Standard,Yes,1,41660.52,0.828771593172706,High,Priority retention call + targeted offer
CUST104923,49,3389.76,4,1,30.1,One Year,Cash,West,Basic,Yes,1,40677.12,0.8286917267825454,High,Priority retention call + targeted offer
CUST101968,61,3277.65,3,2,18.2,Month-to-Month,Credit Card,South,Basic,No,1,39331.8,0.8285330986395805,High,Priority retention call + targeted offer
CUST101311,26,3444.35,0,0,70.8,Month-to-Month,Net Banking,North,Premium,Yes,1,41332.2,0.8283105633091882,High,Priority retention call + targeted offer
CUST104225,13,3350.96,2,1,8.9,Two Year,Credit Card,West,Premium,No,1,40211.52,0.8274909430256453,High,Priority retention call + targeted offer
CUST101786,15,3370.27,1,0,57.4,Month-to-Month,Cash,East,Premium,Yes,0,40443.24,0.8263022643864302,High,Priority retention call + targeted offer
CUST105738,17,3289.02,3,1,50.9,Month-to-Month,Debit Card,North,Basic,No,1,39468.24,0.8254823108671422,High,Priority retention call + targeted offer
CUST100527,11,3312.0,1,0,44.6,Month-to-Month,Credit Card,North,Premium,No,1,39744.0,0.825252735904132,High,Priority retention call + targeted offer
CUST102048,55,3415.4,3,1,26.2,One Year,UPI,West,Standard,No,1,40984.8,0.825136440780776,High,Priority retention call + targeted offer
CUST102408,34,3420.51,0,1,38.2,Two Year,Debit Card,West,Basic,No,1,41046.12,0.8229563977222857,High,Priority retention call + targeted offer
CUST104537,53,3413.51,2,2,38.0,Two Year,Credit Card,East,Basic,No,1,40962.12,0.8226511405551205,High,Priority retention call + targeted offer
CUST101881,20,3392.3,2,0,26.6,Two Year,Cash,East,Basic,No,1,40707.6,0.8226082800944362,High,Priority retention call + targeted offer
CUST102118,40,3363.05,2,1,52.8,Month-to-Month,Credit Card,West,Standard,No,1,40356.6,0.8225975169012707,High,Priority retention call + targeted offer
CUST101380,71,3470.54,2,0,51.0,Month-to-Month,Net Banking,South,Standard,No,1,41646.48,0.8220170780766957,High,Priority retention call + targeted offer
CUST100055,4,3444.18,3,0,58.5,One Year,Net Banking,South,Premium,Yes,1,41330.16,0.8213551317253223,High,Priority retention call + targeted offer
CUST100149,5,3452.41,1,1,49.2,Two Year,Net Banking,South,Standard,No,1,41428.92,0.8207757771134664,High,Priority retention call + targeted offer
CUST104126,4,3229.47,2,1,15.5,Month-to-Month,UPI,North,Premium,No,1,38753.64,0.8199834256914469,High,Priority retention call + targeted offer
CUST101659,19,3464.08,0,2,54.1,Two Year,Net Banking,South,Standard,No,1,41568.96,0.819842440357996,High,Priority retention call + targeted offer
CUST102652,72,3373.73,1,1,41.2,Month-to-Month,UPI,South,Premium,No,1,40484.76,0.8191342896280814,High,Priority retention call + targeted offer
CUST102657,20,3272.35,2,2,52.9,Month-to-Month,Credit Card,West,Basic,No,1,39268.2,0.8184530958934549,High,Priority retention call + targeted offer
CUST103172,32,3392.07,2,0,33.5,Month-to-Month,Net Banking,West,Premium,Yes,1,40704.84,0.8182175358821104,High,Priority retention call + targeted offer
CUST105296,1,3315.35,1,2,25.0,One Year,Credit Card,West,Standard,No,1,39784.2,0.8178297910272577,High,Priority retention call + targeted offer
CUST101823,64,3385.03,1,1,58.2,Month-to-Month,UPI,South,Premium,No,1,40620.36,0.8177891265581401,High,Priority retention call + targeted offer
CUST103269,71,3359.68,2,2,32.9,Month-to-Month,Cash,West,Standard,No,0,40316.16,0.8159417732282648,High,Priority retention call + targeted offer
CUST105572,18,3254.78,2,3,31.7,Month-to-Month,UPI,North,Standard,Yes,0,39057.36,0.8154134376722902,High,Priority retention call + targeted offer
CUST105108,24,3339.98,1,0,35.7,Month-to-Month,Cash,South,Standard,Yes,1,40079.76,0.8142788849994531,High,Priority retention call + targeted offer
CUST100628,37,3324.71,5,0,28.1,Month-to-Month,Debit Card,South,Premium,Yes,1,39896.52,0.8142784590994487,High,Priority retention call + targeted offer
CUST100380,1,3352.05,0,1,30.5,Two Year,UPI,West,Basic,Yes,1,40224.6,0.8137043157647452,High,Priority retention call + targeted offer
CUST101547,62,3437.27,2,2,49.7,One Year,Debit Card,South,Premium,Yes,0,41247.24,0.8135045705761402,High,Priority retention call + targeted offer
CUST100417,9,3271.44,1,2,36.2,Month-to-Month,Debit Card,South,Standard,No,1,39257.28,0.812927490788498,High,Priority retention call + targeted offer
CUST103498,9,3416.81,1,0,52.1,One Year,Debit Card,West,Standard,No,1,41001.72,0.8126503140785111,High,Priority retention call + targeted offer
CUST103442,33,3357.63,2,0,51.7,Month-to-Month,Cash,North,Premium,Yes,1,40291.56,0.8124253107076177,High,Priority retention call + targeted offer
CUST101039,60,3458.06,4,0,36.4,Two Year,Debit Card,East,Basic,No,1,41496.72,0.8113901792117337,High,Priority retention call + targeted offer
CUST101474,71,3469.25,0,1,38.8,Two Year,Debit Card,West,Basic,No,1,41631.0,0.8112926579072043,High,Priority retention call + targeted offer
CUST100080,68,3330.53,3,1,24.7,Month-to-Month,Debit Card,South,Basic,Yes,1,39966.36,0.8112755422112297,High,Priority retention call + targeted offer
CUST103398,1,3381.16,2,0,34.6,Two Year,Credit Card,North,Standard,No,1,40573.92,0.8092640040880414,High,Priority retention call + targeted offer
CUST100644,56,3404.66,4,1,53.9,Month-to-Month,Net Banking,East,Basic,Yes,1,40855.92,0.8083258992347954,High,Priority retention call + targeted offer
CUST100012,53,3449.88,0,0,48.0,One Year,Credit Card,East,Basic,Yes,1,41398.56,0.8072781378213,High,Priority retention call + targeted offer
CUST103289,14,3222.56,3,2,40.7,Month-to-Month,UPI,South,Basic,No,1,38670.72,0.8072215291225775,High,Priority retention call + targeted offer
CUST105073,57,3309.0,2,3,43.5,Month-to-Month,Credit Card,West,Premium,No,1,39708.0,0.8065100995091824,High,Priority retention call + targeted offer
CUST104659,36,3330.26,3,1,34.8,Month-to-Month,Net Banking,West,Basic,No,1,39963.12,0.8061236055201882,High,Priority retention call + targeted offer
CUST104564,65,3441.87,3,0,65.2,Month-to-Month,Net Banking,North,Basic,Yes,1,41302.44,0.806079401653719,High,Priority retention call + targeted offer
CUST105256,5,3420.06,0,0,56.5,One Year,Debit Card,North,Standard,Yes,1,41040.72,0.8058693028024608,High,Priority retention call + targeted offer
CUST100111,57,3420.94,5,2,60.9,Two Year,Debit Card,North,Basic,No,1,41051.28,0.8050503483580641,High,Priority retention call + targeted offer
CUST100436,41,3337.17,0,2,46.1,Month-to-Month,Net Banking,South,Basic,No,0,40046.04,0.8050099515042866,High,Priority retention call + targeted offer
CUST100479,8,3342.35,2,1,64.1,One Year,Credit Card,North,Basic,No,1,40108.2,0.8036880666874481,High,Priority retention call + targeted offer
CUST100291,20,3480.59,1,1,55.1,Two Year,Net Banking,West,Standard,No,1,41767.08,0.8024133667640617,High,Priority retention call + targeted offer
CUST100895,45,3458.82,3,1,48.4,One Year,Net Banking,North,Standard,No,1,41505.84,0.8018110794539489,High,Priority retention call + targeted offer
CUST105471,34,3397.52,2,0,37.6,Month-to-Month,Net Banking,East,Standard,No,1,40770.24,0.801227607326473,High,Priority retention call + targeted offer
CUST102583,48,3282.48,1,1,29.5,Month-to-Month,UPI,South,Basic,No,1,39389.76,0.7980943635217129,High,Priority retention call + targeted offer
CUST104619,65,3347.33,3,3,58.2,Month-to-Month,Credit Card,South,Standard,Yes,0,40167.96,0.7977118688326125,High,Priority retention call + targeted offer
CUST102787,5,3367.53,1,2,80.2,Month-to-Month,Net Banking,West,Standard,No,1,40410.36,0.7969999299887786,High,Priority retention call + targeted offer
CUST101313,62,3436.88,1,0,32.9,One Year,Credit Card,North,Standard,No,1,41242.56,0.7963283960310625,High,Priority retention call + targeted offer
CUST101748,58,3310.99,2,1,34.5,Month-to-Month,UPI,South,Basic,Yes,1,39731.88,0.7959784934227605,High,Priority retention call + targeted offer
CUST102343,54,3335.64,5,1,40.4,Month-to-Month,Credit Card,North,Standard,Yes,1,40027.68,0.7950399305427904,High,Priority retention call + targeted offer
CUST103649,54,3378.3,2,0,71.4,Month-to-Month,Debit Card,South,Basic,No,0,40539.6,0.7945535554951475,High,Priority retention call + targeted offer
CUST101649,61,3363.6,2,2,55.7,Month-to-Month,Net Banking,South,Basic,No,1,40363.2,0.7929030228416339,High,Priority retention call + targeted offer
CUST102494,31,3308.81,2,3,51.0,One Year,UPI,North,Basic,No,1,39705.72,0.7923732179215515,High,Priority retention call + targeted offer
CUST101677,31,3307.35,1,2,32.8,Month-to-Month,Debit Card,West,Standard,Yes,1,39688.2,0.7910869942962772,High,Priority retention call + targeted offer
CUST102775,22,3383.41,2,1,56.0,Two Year,Credit Card,West,Basic,No,1,40600.92,0.790681762302103,High,Priority retention call + targeted offer
CUST104279,61,3395.42,0,0,45.6,Month-to-Month,Debit Card,South,Standard,No,1,40745.04,0.7905900335405204,High,Priority retention call + targeted offer
CUST103266,54,3350.37,4,0,36.9,Month-to-Month,Credit Card,West,Standard,No,0,40204.44,0.7905034762742298,High,Priority retention call + targeted offer
CUST101405,12,3231.94,5,2,48.5,Month-to-Month,Credit Card,West,Basic,Yes,1,38783.28,0.7897373048635915,High,Priority retention call + targeted offer
CUST105140,28,3417.06,0,0,46.4,One Year,Cash,West,Standard,No,1,41004.72,0.7879285482084019,High,Priority retention call + targeted offer
CUST101581,16,3300.42,3,1,37.5,One Year,Credit Card,South,Basic,No,1,39605.04,0.7878055083265505,High,Priority retention call + targeted offer
CUST101989,67,3405.86,6,0,33.8,Month-to-Month,Net Banking,West,Standard,No,1,40870.32,0.7866430976546341,High,Priority retention call + targeted offer
CUST102899,15,3422.55,4,0,49.2,Two Year,Debit Card,South,Standard,Yes,1,41070.6,0.7861549643304138,High,Priority retention call + targeted offer
CUST105633,21,3336.58,5,1,37.1,Month-to-Month,Net Banking,West,Standard,Yes,1,40038.96,0.7861013290833646,High,Priority retention call + targeted offer
CUST104304,49,3245.5,2,2,26.8,Month-to-Month,UPI,South,Basic,No,1,38946.0,0.7844404086575885,High,Priority retention call + targeted offer
CUST101277,56,3237.6,1,3,12.8,Month-to-Month,Credit Card,East,Basic,No,1,38851.2,0.7842304152105192,High,Priority retention call + targeted offer
CUST100024,57,3325.18,3,1,44.3,Month-to-Month,Cash,South,Premium,No,1,39902.16,0.782788703271978,High,Priority retention call + targeted offer
CUST100937,11,3219.29,4,2,49.2,Month-to-Month,Credit Card,West,Basic,No,1,38631.48,0.7825473130942853,High,Priority retention call + targeted offer
CUST101303,65,3424.78,3,0,26.1,One Year,Credit Card,North,Standard,Yes,1,41097.36,0.7816168421231254,High,Priority retention call + targeted offer
CUST100366,34,3366.69,5,1,48.9,One Year,Credit Card,South,Standard,No,1,40400.28,0.7809633871868868,High,Priority retention call + targeted offer
CUST104454,45,3423.54,1,0,49.0,One Year,UPI,North,Standard,No,1,41082.48,0.7806113827253996,High,Priority retention call + targeted offer
CUST105037,40,3283.3,3,1,28.2,Month-to-Month,UPI,South,Standard,No,1,39399.6,0.7796545561059536,High,Priority retention call + targeted offer
CUST102658,49,3387.37,2,2,46.6,One Year,UPI,West,Premium,Yes,1,40648.44,0.7794819820155624,High,Priority retention call + targeted offer
CUST102970,45,3348.97,3,1,57.8,Month-to-Month,Cash,North,Standard,Yes,1,40187.64,0.7772532909958931,High,Priority retention call + targeted offer
CUST103042,24,3204.08,4,3,40.0,Month-to-Month,Credit Card,North,Basic,Yes,0,38448.96,0.7764327672464779,High,Priority retention call + targeted offer
CUST105834,19,3344.79,0,2,11.0,Two Year,Debit Card,North,Standard,Yes,1,40137.48,0.7750889161526263,High,Priority retention call + targeted offer
CUST100921,42,3300.68,3,1,31.3,Month-to-Month,Debit Card,South,Standard,No,0,39608.16,0.7750296446728053,High,Priority retention call + targeted offer
CUST102836,70,3364.43,3,2,36.1,One Year,Debit Card,North,Basic,No,1,40373.16,0.7750128264747107,High,Priority retention call + targeted offer
CUST105493,15,3251.0,1,4,57.2,Month-to-Month,Cash,East,Premium,Yes,1,39012.0,0.7738598465819138,High,Priority retention call + targeted offer
CUST104737,27,3430.65,1,3,54.2,Two Year,Net Banking,North,Standard,Yes,0,41167.8,0.770558037344595,High,Priority retention call + targeted offer
CUST104449,65,3286.82,4,3,40.2,Month-to-Month,UPI,North,Standard,No,1,39441.84,0.7704415571241631,High,Priority retention call + targeted offer
CUST101204,47,3421.82,2,1,38.8,One Year,Debit Card,East,Standard,Yes,1,41061.84,0.7703304111723221,High,Priority retention call + targeted offer
CUST103355,32,3281.67,6,1,43.2,Month-to-Month,Credit Card,West,Standard,No,1,39380.04,0.7686449670403726,High,Priority retention call + targeted offer
CUST105972,36,3408.51,4,0,27.3,Two Year,UPI,West,Standard,Yes,1,40902.12,0.7675873867779511,High,Priority retention call + targeted offer
CUST103055,35,3399.06,2,1,73.0,One Year,Cash,South,Premium,No,1,40788.72,0.7667964125634948,High,Priority retention call + targeted offer
CUST102263,38,3278.42,2,2,43.3,Month-to-Month,Credit Card,South,Standard,No,1,39341.04,0.766708528516653,High,Priority retention call + targeted offer
CUST104549,63,3329.7,1,2,18.6,One Year,UPI,West,Basic,No,0,39956.4,0.7664751163321899,High,Priority retention call + targeted offer
CUST104467,69,3402.56,3,0,59.4,Month-to-Month,Credit Card,East,Standard,No,1,40830.72,0.7661343073659042,High,Priority retention call + targeted offer
CUST104086,20,3303.96,1,0,49.4,Month-to-Month,UPI,South,Premium,Yes,1,39647.52,0.7651795391238889,High,Priority retention call + targeted offer
CUST105316,39,3405.25,2,1,39.0,Two Year,Credit Card,West,Standard,No,1,40863.0,0.7649801517287833,High,Priority retention call + targeted offer
CUST100130,41,3387.56,4,2,62.7,One Year,Net Banking,North,Basic,No,1,40650.72,0.7649244537423685,High,Priority retention call + targeted offer
CUST103930,52,3283.94,2,1,35.5,Month-to-Month,Credit Card,South,Basic,Yes,0,39407.28,0.7646556449148094,High,Priority retention call + targeted offer
CUST101373,31,3485.57,3,0,79.8,Two Year,Net Banking,South,Basic,Yes,1,41826.84,0.7641267660486156,High,Priority retention call + targeted offer
CUST104949,27,3267.07,4,1,16.8,One Year,Credit Card,South,Basic,No,0,39204.84,0.7628930422772492,High,Priority retention call + targeted offer
CUST100587,8,3190.645,3,2,36.9,Month-to-Month,Debit Card,South,Basic,No,0,38287.74,0.7602199975636658,High,Priority retention call + targeted offer
CUST104087,67,3336.42,0,0,20.7,Month-to-Month,Debit Card,North,Premium,No,0,40037.04,0.7593433607325316,High,Priority retention call + targeted offer
CUST102219,14,3251.29,4,2,29.5,One Year,UPI,West,Basic,No,0,39015.48,0.7580996875026436,High,Priority retention call + targeted offer
CUST101932,61,3295.16,1,2,45.0,Month-to-Month,Cash,South,Basic,Yes,1,39541.92,0.7580793336831306,High,Priority retention call + targeted offer
CUST100746,39,3287.64,3,1,33.1,Month-to-Month,Debit Card,South,Standard,No,0,39451.68,0.7566921211283013,High,Priority retention call + targeted offer
CUST104889,35,3369.18,1,1,25.3,Two Year,Credit Card,South,Standard,No,1,40430.16,0.7561338005444811,High,Priority retention call + targeted offer
CUST103523,13,3341.95,4,1,59.1,Two Year,UPI,West,Basic,No,0,40103.4,0.7548224293364463,High,Priority retention call + targeted offer
CUST105722,50,3353.15,5,0,57.3,Month-to-Month,Net Banking,North,Basic,No,1,40237.8,0.7547547764456423,High,Priority retention call + targeted offer
CUST103379,29,3286.05,4,1,44.3,Month-to-Month,Debit Card,East,Premium,No,1,39432.6,0.7539675661071009,High,Priority retention call + targeted offer
CUST105903,56,3346.69,1,1,52.6,Month-to-Month,Credit Card,West,Standard,No,1,40160.28,0.7531509942040305,High,Priority retention call + targeted offer
CUST100433,10,3233.01,2,1,33.6,Month-to-Month,Credit Card,South,Premium,Yes,1,38796.12,0.7520526466512111,High,Priority retention call + targeted offer
CUST101615,13,3350.32,2,1,26.4,One Year,Net Banking,North,Standard,No,0,40203.84,0.7488899669452779,High,Priority retention call + targeted offer
CUST103561,13,3329.81,0,0,70.4,Month-to-Month,Credit Card,West,Standard,No,1,39957.72,0.7484624928688866,High,Priority retention call + targeted offer
CUST101715,64,3387.03,2,1,75.8,Month-to-Month,Debit Card,South,Standard,No,1,40644.36,0.7482045130441943,High,Priority retention call + targeted offer
CUST104099,25,3286.32,1,1,54.8,Month-to-Month,Cash,East,Basic,Yes,0,39435.84,0.7472797403316577,High,Priority retention call + targeted offer
CUST103247,7,3240.09,2,0,22.1,Month-to-Month,UPI,West,Standard,No,1,38881.08,0.7467159642997689,High,Priority retention call + targeted offer
CUST101827,71,3397.09,3,0,42.8,One Year,Credit Card,West,Basic,No,1,40765.08,0.7459565674752302,High,Priority retention call + targeted offer
CUST100244,46,3394.83,3,0,32.5,One Year,Cash,West,Standard,Yes,1,40737.96,0.7423939394135999,High,Priority retention call + targeted offer
CUST105549,55,3413.68,3,1,49.1,One Year,Net Banking,South,Basic,Yes,1,40964.16,0.7422485183916101,High,Priority retention call + targeted offer
CUST103389,49,3312.96,0,2,50.2,Month-to-Month,Cash,West,Standard,No,0,39755.52,0.7402266225639776,High,Priority retention call + targeted offer
CUST103229,61,3279.83,2,1,6.9,Month-to-Month,Cash,West,Standard,No,0,39357.96,0.7397400141092267,High,Priority retention call + targeted offer
CUST102125,19,3280.16,1,1,46.0,Month-to-Month,UPI,East,Standard,No,1,39361.92,0.7396330768410936,High,Priority retention call + targeted offer
CUST104719,11,3178.32,0,5,41.4,Month-to-Month,Debit Card,North,Standard,No,1,38139.84,0.7388744391890817,High,Priority retention call + targeted offer
CUST101390,23,3328.12,2,3,43.6,One Year,Net Banking,South,Premium,No,1,39937.44,0.7370470804339887,High,Priority retention call + targeted offer
CUST101938,70,3398.37,4,1,71.3,Month-to-Month,Net Banking,West,Basic,Yes,1,40780.44,0.7352169899182778,High,Priority retention call + targeted offer
CUST102843,35,3328.44,2,0,24.6,One Year,Credit Card,North,Premium,No,1,39941.28,0.7348372148484554,High,Priority retention call + targeted offer
CUST105052,70,3360.92,2,0,43.9,Month-to-Month,Credit Card,West,Standard,No,1,40331.04,0.7345347587114475,High,Priority retention call + targeted offer
CUST101102,67,3377.83,3,1,40.4,Month-to-Month,Net Banking,West,Standard,No,1,40533.96,0.7342654751742609,High,Priority retention call + targeted offer
CUST102474,8,3233.83,4,2,52.9,Month-to-Month,Net Banking,South,Basic,No,0,38805.96,0.7340342700781719,High,Priority retention call + targeted offer
CUST103253,27,3452.1,2,0,40.7,Two Year,Net Banking,East,Standard,No,1,41425.2,0.7338473063722037,High,Priority retention call + targeted offer
CUST102257,47,3317.13,1,1,45.7,Month-to-Month,Debit Card,East,Premium,No,0,39805.56,0.7312858657076785,High,Priority retention call + targeted offer
CUST103974,7,3243.15,1,0,31.1,Month-to-Month,UPI,East,Premium,No,1,38917.8,0.7309868607719785,High,Priority retention call + targeted offer
CUST105445,26,3230.46,2,1,25.5,Month-to-Month,UPI,West,Premium,No,1,38765.52,0.7301859889401258,High,Priority retention call + targeted offer
CUST105494,56,3337.06,2,0,36.6,Month-to-Month,UPI,West,Standard,Yes,1,40044.72,0.7273282943904855,High,Priority retention call + targeted offer
CUST105497,36,3287.34,5,1,59.2,Month-to-Month,Debit Card,East,Basic,Yes,0,39448.08,0.7270887544355358,High,Priority retention call + targeted offer
CUST100801,22,3278.09,2,0,56.3,Month-to-Month,Credit Card,South,Premium,No,1,39337.08,0.7265144639631896,High,Priority retention call + targeted offer
CUST103963,28,3301.49,1,3,61.3,One Year,Credit Card,East,Basic,No,0,39617.88,0.7255564481268704,High,Priority retention call + targeted offer
CUST103080,32,3251.67,3,1,37.1,Month-to-Month,Debit Card,South,Premium,No,1,39020.04,0.7252635518182459,High,Priority retention call + targeted offer
CUST104725,35,3236.97,1,1,42.1,Month-to-Month,Credit Card,South,Basic,No,1,38843.64,0.7241142284541376,High,Priority retention call + targeted offer
CUST101590,53,3282.42,3,2,44.3,Month-to-Month,UPI,West,Standard,No,0,39389.04,0.7231087242269252,High,Priority retention call + targeted offer
CUST101307,18,3234.25,2,0,38.6,Month-to-Month,Debit Card,North,Basic,No,1,38811.0,0.7230389772306807,High,Priority retention call + targeted offer
CUST100874,51,3375.01,0,1,61.0,One Year,Debit Card,South,Basic,No,1,40500.12,0.7207147805449007,High,Priority retention call + targeted offer
CUST105079,37,3363.11,2,1,57.7,One Year,UPI,North,Standard,No,1,40357.32,0.7200509950111906,High,Priority retention call + targeted offer
CUST104397,19,3271.02,2,2,56.1,Month-to-Month,Debit Card,East,Standard,No,1,39252.24,0.7200199563666696,High,Priority retention call + targeted offer
CUST101378,37,3241.67,3,2,40.7,Month-to-Month,UPI,North,Standard,No,0,38900.04,0.7197720039516204,High,Priority retention call + targeted offer
CUST103093,18,3297.91,2,1,49.5,One Year,Debit Card,South,Basic,No,1,39574.92,0.7194960238412337,High,Priority retention call + targeted offer
CUST101740,32,3366.67,2,2,75.0,One Year,Cash,East,Premium,No,1,40400.04,0.7189388036731462,High,Priority retention call + targeted offer
CUST104321,33,3312.3,0,2,22.9,One Year,Credit Card,East,Standard,No,1,39747.6,0.7185955538862446,High,Priority retention call + targeted offer
CUST102549,10,3218.16,3,0,32.0,Month-to-Month,Cash,South,Premium,No,1,38617.92,0.7160238397798347,High,Priority retention call + targeted offer
CUST102997,26,3190.645,1,2,3.3,Month-to-Month,Debit Card,North,Standard,No,1,38287.74,0.7143047096156713,High,Priority retention call + targeted offer
CUST100240,11,3243.24,0,4,32.0,One Year,Credit Card,North,Standard,Yes,1,38918.88,0.7139563134301417,High,Priority retention call + targeted offer
CUST100504,20,3310.19,4,2,41.5,Two Year,Credit Card,North,Premium,Yes,1,39722.28,0.7137808539804139,High,Priority retention call + targeted offer
CUST100092,61,3214.56,2,4,18.5,Month-to-Month,UPI,West,Premium,Yes,1,38574.72,0.7136106535790311,High,Priority retention call + targeted offer
CUST102255,50,3321.2,2,0,43.8,Month-to-Month,Debit Card,South,Standard,No,1,39854.4,0.7130734007676143,High,Priority retention call + targeted offer
CUST105780,14,3300.02,1,2,33.5,Two Year,UPI,West,Premium,No,0,39600.24,0.712495016294494,High,Priority retention call + targeted offer
CUST103861,47,3271.69,2,0,46.8,Month-to-Month,UPI,North,Basic,No,0,39260.28,0.7122971037738572,High,Priority retention call + targeted offer
CUST103022,28,3342.76,0,0,51.4,One Year,Debit Card,North,Basic,No,0,40113.12,0.7118768034427178,High,Priority retention call + targeted offer
CUST100946,71,3526.02,1,0,55.7,Two Year,Net Banking,West,Standard,No,0,42312.24,0.7115620199869547,High,Priority retention call + targeted offer
CUST104504,2,3322.52,4,0,75.1,Month-to-Month,Net Banking,South,Standard,No,1,39870.24,0.7112247416358347,High,Priority retention call + targeted offer
CUST100727,7,3216.37,0,2,65.0,Month-to-Month,Debit Card,North,Basic,No,1,38596.44,0.7096888431759445,High,Priority retention call + targeted offer
CUST102254,22,3198.27,1,3,38.7,Month-to-Month,Credit Card,South,Premium,Yes,1,38379.24,0.7093635529078632,High,Priority retention call + targeted offer
CUST105010,61,3420.63,2,1,31.9,Two Year,Net Banking,East,Basic,No,1,41047.56,0.7093246382523829,High,Priority retention call + targeted offer
CUST104366,12,3278.39,1,0,32.0,Month-to-Month,Debit Card,East,Standard,Yes,0,39340.68,0.708383510747877,High,Priority retention call + targeted offer
CUST103879,4,3254.97,2,2,25.0,One Year,Net Banking,North,Basic,No,1,39059.64,0.7082037451935286,High,Priority retention call + targeted offer
CUST102739,25,3231.08,4,0,2.0,Month-to-Month,Net Banking,East,Basic,No,0,38772.96,0.7072886566552657,High,Priority retention call + targeted offer
CUST104924,24,3214.74,5,0,37.3,Month-to-Month,Credit Card,West,Basic,No,1,38576.88,0.7053907957589444,High,Priority retention call + targeted offer
CUST101724,39,3277.55,6,3,23.9,Two Year,UPI,North,Premium,Yes,1,39330.6,0.703664211382634,High,Priority retention call + targeted offer
CUST100394,52,3270.55,3,1,34.5,Month-to-Month,Cash,South,Premium,Yes,1,39246.6,0.7033703610831933,High,Priority retention call + targeted offer
CUST105543,58,3423.52,2,1,44.7,Two Year,Net Banking,West,Basic,No,1,41082.24,0.7025708032604612,High,Priority retention call + targeted offer
CUST101116,72,3267.12,4,0,19.4,Month-to-Month,Debit Card,South,Basic,No,1,39205.44,0.7010510632366228,High,Priority retention call + targeted offer
CUST102983,60,3264.09,3,2,37.6,Month-to-Month,Cash,South,Premium,Yes,0,39169.08,0.6989976968483865,High,Priority retention call + targeted offer
CUST100555,37,3298.46,2,2,53.2,Month-to-Month,Net Banking,East,Basic,Yes,1,39581.52,0.6978623384110929,High,Priority retention call + targeted offer
CUST104107,61,3339.97,1,1,46.8,One Year,UPI,South,Basic,No,1,40079.64,0.697388683807319,High,Priority retention call + targeted offer
CUST100780,64,3288.67,1,1,16.5,Month-to-Month,Credit Card,West,Standard,Yes,1,39464.04,0.6968699772838949,High,Priority retention call + targeted offer
CUST105584,34,3203.61,3,3,47.7,Month-to-Month,Cash,West,Basic,Yes,1,38443.32,0.6965098566709802,High,Priority retention call + targeted offer
CUST104957,27,3195.4,2,2,40.9,Month-to-Month,Credit Card,North,Basic,Yes,1,38344.8,0.6960128800326425,High,Priority retention call + targeted offer
CUST103704,69,3418.65,4,1,50.8,One Year,Net Banking,North,Premium,No,1,41023.8,0.6952019928354928,High,Priority retention call + targeted offer
CUST101916,21,3227.0,2,0,32.3,Month-to-Month,Debit Card,North,Basic,Yes,0,38724.0,0.69422881480279,High,Priority retention call + targeted offer
CUST103999,38,3327.1,2,0,55.4,Month-to-Month,Debit Card,East,Standard,No,1,39925.2,0.6941492276016759,High,Priority retention call + targeted offer
CUST104197,9,3220.71,4,3,33.3,One Year,Credit Card,North,Standard,No,1,38648.52,0.6937049647527941,High,Priority retention call + targeted offer
CUST101007,37,3326.7,2,0,37.2,One Year,UPI,North,Premium,No,1,39920.4,0.6924126405718551,High,Priority retention call + targeted offer
CUST105736,22,3239.82,2,0,58.5,Month-to-Month,UPI,North,Basic,No,1,38877.84,0.6917051795557229,High,Priority retention call + targeted offer
CUST101388,65,3310.16,2,3,35.2,Month-to-Month,Net Banking,South,Standard,Yes,1,39721.92,0.6911744653693401,High,Priority retention call + targeted offer
CUST101248,24,3287.14,1,2,22.7,One Year,Cash,West,Standard,Yes,1,39445.68,0.689684475148342,High,Priority retention call + targeted offer
CUST101168,72,3388.03,3,1,41.2,One Year,Debit Card,East,Premium,No,1,40656.36,0.689152962436314,High,Priority retention call + targeted offer
CUST101021,6,3228.56,3,0,55.5,Month-to-Month,Credit Card,North,Premium,No,1,38742.72,0.6890223334170035,High,Priority retention call + targeted offer
CUST104410,9,3257.6,4,1,30.1,Month-to-Month,Net Banking,West,Standard,Yes,1,39091.2,0.6875188893566611,High,Priority retention call + targeted offer
CUST100500,9,3317.87,4,0,26.6,One Year,Net Banking,West,Premium,No,0,39814.44,0.6855217527223357,High,Priority retention call + targeted offer
CUST105685,32,3262.88,2,0,34.3,Month-to-Month,UPI,West,Standard,No,0,39154.56,0.6851888254409544,High,Priority retention call + targeted offer
CUST103440,69,3338.91,0,0,56.0,Month-to-Month,Debit Card,North,Basic,Yes,1,40066.92,0.6844875901190601,High,Priority retention call + targeted offer
CUST100509,18,3270.38,4,2,47.2,One Year,Credit Card,North,Standard,No,1,39244.56,0.6840611985461429,High,Priority retention call + targeted offer
CUST105615,53,3305.89,3,1,60.1,Month-to-Month,Credit Card,West,Standard,No,1,39670.68,0.6835381577750123,High,Priority retention call + targeted offer
CUST105719,33,3190.645,3,3,37.0,Month-to-Month,UPI,North,Standard,No,0,38287.74,0.6834616671757748,High,Priority retention call + targeted offer
CUST102015,23,3172.18,3,3,34.7,Month-to-Month,Credit Card,North,Standard,No,0,38066.16,0.6827305285236835,High,Priority retention call + targeted offer
CUST102144,27,3276.95,1,2,10.1,One Year,Net Banking,East,Basic,No,1,39323.4,0.6821732982017367,High,Priority retention call + targeted offer
CUST105300,5,3286.17,3,0,29.2,Two Year,UPI,South,Premium,No,0,39434.04,0.6810214819957602,High,Priority retention call + targeted offer
CUST105697,56,3399.11,1,1,47.0,One Year,Net Banking,West,Basic,Yes,1,40789.32,0.6805405109022726,High,Priority retention call + targeted offer
CUST100132,7,3204.55,1,1,16.9,Month-to-Month,Net Banking,East,Basic,No,1,38454.6,0.6793175599491482,High,Priority retention call + targeted offer
CUST103922,35,3212.57,2,2,43.9,Month-to-Month,Credit Card,West,Basic,Yes,1,38550.84,0.67863877781304,High,Priority retention call + targeted offer
CUST102716,32,3248.61,0,4,69.5,Month-to-Month,Debit Card,West,Standard,No,1,38983.32,0.6771861512757957,High,Priority retention call + targeted offer
CUST103714,53,3305.66,0,1,14.7,One Year,Debit Card,East,Basic,No,0,39667.92,0.6758085089506782,High,Priority retention call + targeted offer
CUST102212,44,3323.96,0,1,35.0,One Year,UPI,West,Premium,No,1,39887.52,0.6754603984770179,High,Priority retention call + targeted offer
CUST102685,35,3234.73,3,1,40.7,Month-to-Month,Debit Card,West,Basic,Yes,1,38816.76,0.6754517880631472,High,Priority retention call + targeted offer
CUST103364,12,3323.16,2,2,29.9,Two Year,Net Banking,South,Premium,Yes,1,39877.92,0.6750873077788072,High,Priority retention call + targeted offer
CUST100736,53,3350.56,1,0,18.9,One Year,UPI,East,Standard,No,0,40206.72,0.6739859812860465,High,Priority retention call + targeted offer
CUST105122,45,3327.39,1,0,53.8,Month-to-Month,UPI,East,Standard,Yes,1,39928.68,0.6691176834737411,High,Priority retention call + targeted offer
CUST103902,37,3215.83,1,1,19.8,Month-to-Month,UPI,North,Standard,No,1,38589.96,0.6682478954185913,High,Priority retention call + targeted offer
CUST104771,55,3300.2,1,1,20.8,One Year,UPI,West,Basic,Yes,1,39602.4,0.6664514519733343,High,Priority retention call + targeted offer
CUST100172,56,3249.12,3,2,45.5,Month-to-Month,Credit Card,South,Premium,Yes,0,38989.44,0.6660098517548033,High,Priority retention call + targeted offer
CUST102571,68,3281.58,2,1,28.7,Month-to-Month,Debit Card,North,Premium,Yes,1,39378.96,0.665842369688856,High,Priority retention call + targeted offer
CUST105601,72,3310.37,1,0,60.3,Month-to-Month,UPI,North,Basic,No,1,39724.44,0.6655320996920334,High,Priority retention call + targeted offer
CUST104065,25,3283.7,2,1,68.9,Month-to-Month,UPI,West,Standard,Yes,1,39404.4,0.6653089594692907,High,Priority retention call + targeted offer
CUST104292,36,3325.53,1,2,56.8,One Year,UPI,West,Standard,No,1,39906.36,0.6646595979980044,High,Priority retention call + targeted offer
CUST100441,22,3190.89,1,1,8.6,Month-to-Month,Net Banking,South,Basic,No,1,38290.68,0.6645232471721195,High,Priority retention call + targeted offer
CUST100911,14,3294.6,3,0,52.9,One Year,Debit Card,West,Basic,No,1,39535.2,0.6644744731556456,High,Priority retention call + targeted offer
CUST104892,5,3190.96,3,1,24.8,Month-to-Month,Net Banking,South,Basic,Yes,0,38291.52,0.6644550893999269,High,Priority retention call + targeted offer
CUST100508,20,3251.16,0,1,51.8,Month-to-Month,Credit Card,South,Standard,Yes,0,39013.92,0.6641214816992619,High,Priority retention call + targeted offer
CUST103406,26,3233.27,3,0,54.0,Month-to-Month,Credit Card,South,Basic,Yes,1,38799.24,0.664112256920744,High,Priority retention call + targeted offer
CUST102622,8,3380.56,0,0,62.8,Two Year,UPI,West,Standard,Yes,0,40566.72,0.6635761705696832,High,Priority retention call + targeted offer
CUST103882,42,3248.61,3,1,45.3,Month-to-Month,Credit Card,North,Standard,No,1,38983.32,0.6635677939044187,High,Priority retention call + targeted offer
CUST103531,6,3285.76,2,0,51.6,One Year,Credit Card,South,Premium,No,1,39429.12,0.6632137209435369,High,Priority retention call + targeted offer
CUST103534,7,3360.74,2,0,58.0,One Year,Net Banking,South,Standard,No,0,40328.88,0.6602528671233017,High,Priority retention call + targeted offer
CUST102265,7,3190.645,1,1,62.3,Month-to-Month,UPI,North,Basic,No,0,38287.74,0.6596986465144069,High,Priority retention call + targeted offer
CUST105225,36,3238.91,3,1,35.6,Month-to-Month,Net Banking,South,Basic,No,1,38866.92,0.6594296711595994,High,Priority retention call + targeted offer
CUST102199,13,3214.36,4,1,66.4,Month-to-Month,Credit Card,North,Premium,No,1,38572.32,0.6588410178426365,High,Priority retention call + targeted offer
CUST100288,40,3293.91,0,0,44.7,Month-to-Month,Credit Card,East,Standard,No,1,39526.92,0.6573482199189213,High,Priority retention call + targeted offer
CUST102435,41,3205.86,1,1,38.2,Month-to-Month,UPI,South,Basic,No,1,38470.32,0.6567142154840115,High,Priority retention call + targeted offer
CUST100259,43,3294.88,6,2,56.3,Month-to-Month,Net Banking,East,Premium,Yes,0,39538.56,0.6554120634586661,High,Priority retention call + targeted offer
CUST105786,47,3261.61,4,1,69.4,Month-to-Month,Cash,North,Basic,Yes,1,39139.32,0.655163181035294,High,Priority retention call + targeted offer
CUST105566,16,3190.645,2,2,27.0,Month-to-Month,Net Banking,North,Basic,Yes,1,38287.74,0.6547960752553033,High,Priority retention call + targeted offer
CUST105311,67,3367.66,0,3,53.2,Two Year,Credit Card,South,Standard,No,1,40411.92,0.6539995515150827,High,Priority retention call + targeted offer
CUST102107,10,3206.08,1,1,38.2,Month-to-Month,UPI,South,Standard,Yes,0,38472.96,0.6536735086435116,High,Priority retention call + targeted offer
CUST101419,35,3297.83,0,2,26.0,One Year,Debit Card,East,Standard,No,1,39573.96,0.6502724814108584,High,Priority retention call + targeted offer
CUST104984,14,3329.62,2,0,60.0,One Year,Debit Card,North,Standard,No,1,39955.44,0.6496279857912294,High,Priority retention call + targeted offer
CUST102924,31,3176.52,3,3,41.3,Month-to-Month,Credit Card,North,Premium,Yes,1,38118.24,0.6491522534304414,High,Priority retention call + targeted offer
CUST103141,30,3287.45,5,0,38.6,One Year,UPI,East,Basic,Yes,0,39449.4,0.6471937306901319,High,Priority retention call + targeted offer
CUST105808,35,3208.91,4,1,23.0,Month-to-Month,Credit Card,East,Premium,Yes,0,38506.92,0.6468802881350303,High,Priority retention call + targeted offer
CUST102065,37,3254.71,3,0,26.3,Month-to-Month,Debit Card,East,Premium,Yes,1,39056.52,0.6468753103753856,High,Priority retention call + targeted offer
CUST102674,68,3311.54,1,0,37.4,Month-to-Month,Credit Card,North,Standard,Yes,1,39738.48,0.6465673275389582,High,Priority retention call + targeted offer
CUST105548,16,3305.47,1,1,60.4,One Year,Cash,South,Premium,Yes,1,39665.64,0.6458933655519649,High,Priority retention call + targeted offer
CUST105861,43,3382.7,1,0,66.2,One Year,Credit Card,West,Standard,No,1,40592.4,0.6456113817175596,High,Priority retention call + targeted offer
CUST101005,67,3274.91,2,1,4.4,Month-to-Month,Net Banking,South,Standard,No,1,39298.92,0.6433570811785938,High,Priority retention call + targeted offer
CUST102215,29,3202.36,0,2,27.7,Month-to-Month,Net Banking,South,Basic,No,1,38428.32,0.6422080068932523,High,Priority retention call + targeted offer
CUST100483,58,3326.64,2,1,42.3,One Year,Credit Card,East,Basic,Yes,1,39919.68,0.6411525812947526,High,Priority retention call + targeted offer
CUST102293,54,3253.82,1,1,29.4,Month-to-Month,Debit Card,South,Premium,Yes,1,39045.84,0.6410160980602653,High,Priority retention call + targeted offer
CUST100401,56,3261.83,1,1,38.2,Month-to-Month,Cash,North,Standard,No,1,39141.96,0.6398135701648988,High,Priority retention call + targeted offer
CUST100671,45,3277.15,2,2,20.9,One Year,Net Banking,North,Basic,No,1,39325.8,0.6385812992199129,High,Priority retention call + targeted offer
CUST104622,60,3378.99,2,0,52.0,One Year,UPI,West,Standard,No,1,40547.88,0.6373333965750175,High,Priority retention call + targeted offer
CUST101879,8,3180.82,1,0,35.8,Month-to-Month,UPI,East,Basic,No,1,38169.84,0.6366674674910369,High,Priority retention call + targeted offer
CUST105439,41,3340.1,1,0,53.0,Two Year,UPI,South,Basic,No,1,40081.2,0.6361472059745235,High,Priority retention call + targeted offer
CUST100453,2,3174.23,3,0,39.4,Month-to-Month,Debit Card,South,Basic,Yes,1,38090.76,0.6349921861003488,High,Priority retention call + targeted offer
CUST104939,25,3173.39,3,2,15.9,Month-to-Month,Net Banking,South,Basic,Yes,1,38080.68,0.6342125491247443,High,Priority retention call + targeted offer
CUST105165,6,3182.31,2,1,34.6,Month-to-Month,Cash,West,Standard,No,1,38187.72,0.6337852089831382,High,Priority retention call + targeted offer
CUST102789,61,3218.43,2,2,50.9,Month-to-Month,Credit Card,South,Basic,No,1,38621.16,0.6336490288848375,High,Priority retention call + targeted offer
CUST103622,24,3270.92,1,1,63.2,Month-to-Month,UPI,East,Standard,Yes,0,39251.04,0.6330348128291917,High,Priority retention call + targeted offer
CUST100546,31,3220.23,1,1,41.2,Month-to-Month,UPI,North,Standard,No,0,38642.76,0.6319809259159187,High,Priority retention call + targeted offer
CUST105330,41,3342.96,1,3,52.4,One Year,Net Banking,West,Standard,No,1,40115.52,0.6313993967802773,High,Priority retention call + targeted offer
CUST104535,37,3363.85,0,2,76.2,One Year,Debit Card,East,Standard,No,1,40366.2,0.6305950131284994,High,Priority retention call + targeted offer
CUST103068,11,3141.32,1,3,39.7,Month-to-Month,UPI,West,Premium,No,1,37695.84,0.6304633945061306,High,Priority retention call + targeted offer
CUST101273,49,3209.73,2,2,52.3,Month-to-Month,UPI,West,Basic,No,1,38516.76,0.6296213348404662,High,Priority retention call + targeted offer
CUST101867,55,3227.79,2,1,51.7,Month-to-Month,UPI,South,Basic,No,1,38733.48,0.6270396393524463,High,Priority retention call + targeted offer
CUST103571,61,3379.38,2,0,27.8,Two Year,Credit Card,East,Standard,No,1,40552.56,0.6268593318587101,High,Priority retention call + targeted offer
CUST105828,9,3250.11,1,1,38.5,One Year,UPI,South,Standard,No,1,39001.32,0.6244793818139219,High,Priority retention call + targeted offer
CUST104350,44,3247.04,1,1,49.7,Month-to-Month,UPI,North,Premium,Yes,0,38964.48,0.6228876350521678,High,Priority retention call + targeted offer
CUST103359,38,3313.8,2,0,30.3,One Year,Net Banking,North,Basic,No,1,39765.6,0.6215602619794709,High,Priority retention call + targeted offer
CUST105663,33,3224.65,4,3,36.7,Two Year,Cash,South,Basic,No,1,38695.8,0.6210358633826132,High,Priority retention call + targeted offer
CUST101802,33,3195.94,0,1,14.4,Month-to-Month,Debit Card,North,Premium,Yes,1,38351.28,0.6203327041555164,High,Priority retention call + targeted offer
CUST102967,17,3256.54,3,1,33.8,One Year,Credit Card,South,Standard,Yes,1,39078.48,0.6199346250998313,High,Priority retention call + targeted offer
CUST103821,1,3129.62,4,2,38.9,Month-to-Month,UPI,North,Standard,No,1,37555.44,0.6183519341315912,High,Priority retention call + targeted offer
CUST100924,18,3211.37,2,0,33.5,Month-to-Month,Debit Card,South,Standard,No,1,38536.44,0.6182611049719118,High,Priority retention call + targeted offer
CUST100884,59,3401.68,1,1,82.3,Two Year,UPI,West,Basic,Yes,1,40820.16,0.6159532499941057,High,Priority retention call + targeted offer
CUST103656,38,3241.5,2,1,74.1,Month-to-Month,Debit Card,North,Basic,No,0,38898.0,0.6143321279653648,High,Priority retention call + targeted offer
CUST104276,5,3243.81,1,1,41.3,One Year,Credit Card,South,Standard,No,1,38925.72,0.614298939939883,High,Priority retention call + targeted offer
CUST100174,51,3344.98,1,2,66.6,One Year,UPI,East,Premium,Yes,1,40139.76,0.6137083405974831,High,Priority retention call + targeted offer
CUST101851,19,3274.77,1,1,50.8,One Year,Credit Card,West,Premium,No,0,39297.24,0.6131443480356994,High,Priority retention call + targeted offer
CUST104270,58,3280.95,2,1,15.2,One Year,Credit Card,South,Standard,No,1,39371.4,0.6117732976775969,High,Priority retention call + targeted offer
CUST105823,11,3260.76,4,0,59.7,One Year,Credit Card,North,Basic,Yes,1,39129.12,0.6115596706904569,High,Priority retention call + targeted offer
CUST102510,15,3141.75,3,2,53.8,Month-to-Month,Cash,North,Basic,No,0,37701.0,0.6114824362899403,High,Priority retention call + targeted offer
CUST104644,2,3175.33,1,0,47.0,Month-to-Month,Cash,South,Basic,Yes,0,38103.96,0.6112354046857387,High,Priority retention call + targeted offer
CUST101533,14,3186.77,2,0,50.3,Month-to-Month,UPI,West,Basic,No,1,38241.24,0.61113977341021,High,Priority retention call + targeted offer
CUST103129,57,3371.01,2,1,59.2,One Year,Debit Card,East,Premium,Yes,0,40452.12,0.6110136620681863,High,Priority retention call + targeted offer
CUST101969,12,3228.35,5,1,37.7,One Year,Credit Card,South,Standard,No,1,38740.2,0.6108000042748603,High,Priority retention call + targeted offer
CUST105659,54,3286.15,2,0,40.5,Month-to-Month,Net Banking,West,Basic,No,0,39433.8,0.6107549771835846,High,Priority retention call + targeted offer
CUST100883,12,3130.91,2,3,14.5,Month-to-Month,Debit Card,West,Standard,Yes,1,37570.92,0.6102133963266706,High,Priority retention call + targeted offer
CUST104621,72,3190.645,4,2,34.3,Month-to-Month,Credit Card,South,Basic,No,1,38287.74,0.6097818438077203,High,Priority retention call + targeted offer
CUST101158,28,3267.77,3,0,56.4,Month-to-Month,Debit Card,East,Standard,No,0,39213.24,0.6090009545889841,High,Priority retention call + targeted offer
CUST103035,69,3333.14,1,0,57.4,Month-to-Month,UPI,West,Standard,Yes,1,39997.68,0.6083657538850618,High,Priority retention call + targeted offer
CUST104382,26,3182.64,3,2,49.0,Month-to-Month,Credit Card,North,Standard,No,1,38191.68,0.607757257995688,High,Priority retention call + targeted offer
CUST100716,38,3256.82,1,1,27.5,One Year,Credit Card,North,Premium,No,1,39081.84,0.604488255909833,High,Priority retention call + targeted offer
CUST104421,72,3420.78,1,1,48.1,Two Year,Net Banking,South,Premium,No,1,41049.36,0.604455701447149,High,Priority retention call + targeted offer
CUST101601,54,3191.5,2,2,29.9,Month-to-Month,Cash,North,Premium,No,0,38298.0,0.604342463378571,High,Priority retention call + targeted offer
CUST105473,14,3320.94,3,0,63.1,One Year,Net Banking,West,Basic,No,0,39851.28,0.6037877252551339,High,Priority retention call + targeted offer
CUST103331,62,3256.71,2,0,31.5,Month-to-Month,Credit Card,North,Standard,No,1,39080.52,0.6031895895432958,High,Priority retention call + targeted offer
CUST102701,58,3190.49,2,1,22.1,Month-to-Month,Credit Card,South,Basic,Yes,1,38285.88,0.6006124312175154,High,Priority retention call + targeted offer
CUST104462,43,3216.17,3,0,37.2,Month-to-Month,Credit Card,North,Premium,No,0,38594.04,0.5995565441813383,Medium,Send personalized engagement offer
CUST102798,51,3235.55,2,0,35.4,Month-to-Month,UPI,East,Basic,Yes,1,38826.6,0.5981221000693426,Medium,Send personalized engagement offer
CUST100334,34,3157.18,1,2,29.8,Month-to-Month,UPI,West,Basic,Yes,0,37886.16,0.59778169343324,Medium,Send personalized engagement offer
CUST101516,35,3207.41,3,1,31.3,Month-to-Month,Debit Card,West,Premium,Yes,1,38488.92,0.5965418570962688,Medium,Send personalized engagement offer
CUST100482,19,3272.09,3,1,41.7,One Year,Debit Card,North,Standard,Yes,1,39265.08,0.5942937192433736,Medium,Send personalized engagement offer
CUST105546,12,3232.7,0,1,81.3,Month-to-Month,Credit Card,West,Premium,No,1,38792.4,0.5932956470718633,Medium,Send personalized engagement offer
CUST105686,55,3219.59,3,2,52.2,Month-to-Month,UPI,West,Premium,No,1,38635.08,0.5912360935187777,Medium,Send personalized engagement offer
CUST103712,59,3221.62,4,1,49.1,Month-to-Month,Credit Card,East,Basic,No,1,38659.44,0.5905631576417433,Medium,Send personalized engagement offer
CUST104932,65,3146.57,3,3,26.5,Month-to-Month,Cash,North,Basic,No,0,37758.84,0.5866706577222943,Medium,Send personalized engagement offer
CUST101371,25,3211.27,0,0,47.6,Month-to-Month,UPI,North,Premium,No,1,38535.24,0.5849565639929769,Medium,Send personalized engagement offer
CUST103975,50,3258.14,0,1,47.8,Month-to-Month,Credit Card,East,Premium,Yes,0,39097.68,0.5843555089993787,Medium,Send personalized engagement offer
CUST105681,57,3305.16,1,2,66.9,One Year,UPI,East,Basic,No,1,39661.92,0.5829013847987986,Medium,Send personalized engagement offer
CUST105498,72,3435.9,1,0,33.2,Two Year,Net Banking,South,Standard,Yes,1,41230.8,0.582203143028208,Medium,Send personalized engagement offer
CUST102361,55,3312.67,1,1,38.6,One Year,Debit Card,North,Premium,Yes,1,39752.04,0.5806594411802369,Medium,Send personalized engagement offer
CUST104875,48,3325.78,1,0,37.9,One Year,Net Banking,South,Basic,No,1,39909.36,0.5803931459388962,Medium,Send personalized engagement offer
CUST105194,27,3190.645,5,0,47.9,Month-to-Month,Cash,West,Basic,Yes,1,38287.74,0.57883516808143,Medium,Send personalized engagement offer
CUST105589,61,3191.95,4,3,42.9,Month-to-Month,Cash,North,Standard,No,1,38303.4,0.5781105847358835,Medium,Send personalized engagement offer
CUST103324,32,3213.58,2,2,36.5,Month-to-Month,Net Banking,West,Premium,No,1,38562.96,0.5777242409824782,Medium,Send personalized engagement offer
CUST103786,13,3149.01,3,1,33.3,Month-to-Month,UPI,East,Premium,No,1,37788.12,0.5738340870790797,Medium,Send personalized engagement offer
CUST103040,29,3144.39,1,3,29.5,Month-to-Month,Debit Card,North,Standard,No,1,37732.68,0.5721401195405673,Medium,Send personalized engagement offer
CUST100566,17,3190.645,1,1,52.2,Month-to-Month,UPI,East,Premium,No,1,38287.74,0.5708594918352808,Medium,Send personalized engagement offer
CUST103291,34,3226.25,2,0,30.5,Month-to-Month,UPI,East,Standard,Yes,1,38715.0,0.5691627853117035,Medium,Send personalized engagement offer
CUST103460,30,3188.98,3,1,38.8,Month-to-Month,UPI,North,Standard,Yes,1,38267.76,0.5678334995710717,Medium,Send personalized engagement offer
CUST105426,60,3302.0,0,1,63.6,Month-to-Month,Credit Card,East,Standard,Yes,0,39624.0,0.567562595183021,Medium,Send personalized engagement offer
CUST100952,45,3261.76,1,1,66.9,Month-to-Month,Credit Card,South,Standard,Yes,1,39141.12,0.5675037982471546,Medium,Send personalized engagement offer
CUST100009,7,3226.89,0,1,24.2,One Year,UPI,West,Standard,Yes,0,38722.68,0.5651932731861589,Medium,Send personalized engagement offer
CUST104420,52,3262.84,0,0,40.6,Month-to-Month,Net Banking,North,Basic,No,0,39154.08,0.5644988426997222,Medium,Send personalized engagement offer
CUST101877,65,3273.9,4,1,27.2,One Year,UPI,West,Premium,No,0,39286.8,0.563922172041058,Medium,Send personalized engagement offer
CUST105585,54,3305.74,4,0,44.8,One Year,UPI,South,Standard,No,1,39668.88,0.5614962536898668,Medium,Send personalized engagement offer
CUST103283,8,3190.8,1,1,30.6,Month-to-Month,Net Banking,North,Standard,No,0,38289.6,0.5610389994333465,Medium,Send personalized engagement offer
CUST101361,5,3282.25,2,1,54.9,Two Year,UPI,East,Standard,No,0,39387.0,0.560945888786869,Medium,Send personalized engagement offer
CUST102725,45,3208.12,3,0,58.3,Month-to-Month,UPI,South,Basic,No,1,38497.44,0.5603539297635022,Medium,Send personalized engagement offer
CUST101511,17,3311.44,2,1,72.8,One Year,Net Banking,East,Basic,No,1,39737.28,0.5600487928820138,Medium,Send personalized engagement offer
CUST103701,17,3285.4,0,0,27.1,Two Year,UPI,South,Standard,Yes,0,39424.8,0.5593844268271146,Medium,Send personalized engagement offer
CUST104447,14,3123.63,1,1,8.4,Month-to-Month,UPI,West,Standard,No,1,37483.56,0.5587151192790566,Medium,Send personalized engagement offer
CUST100487,39,3208.79,2,2,54.7,Month-to-Month,Net Banking,South,Basic,No,0,38505.48,0.5582104942436966,Medium,Send personalized engagement offer
CUST103244,53,3237.57,3,1,59.9,Month-to-Month,Credit Card,South,Standard,No,0,38850.84,0.5577628276027076,Medium,Send personalized engagement offer
CUST101869,56,3184.23,2,1,41.7,Month-to-Month,Credit Card,North,Basic,No,0,38210.76,0.556677647081783,Medium,Send personalized engagement offer
CUST102115,15,3196.7,3,2,56.4,One Year,UPI,West,Basic,No,1,38360.4,0.5549829153987019,Medium,Send personalized engagement offer
CUST104327,31,3280.06,1,0,28.5,Two Year,Credit Card,East,Basic,Yes,1,39360.72,0.5478766331479398,Medium,Send personalized engagement offer
CUST100787,50,3250.82,0,0,67.7,Month-to-Month,UPI,North,Basic,Yes,1,39009.84,0.5472869831726489,Medium,Send personalized engagement offer
CUST102023,44,3288.09,1,0,54.2,One Year,UPI,South,Basic,Yes,0,39457.08,0.5471369122602554,Medium,Send personalized engagement offer
CUST101721,54,3360.04,1,1,49.6,Two Year,UPI,East,Standard,Yes,0,40320.48,0.5464317287032623,Medium,Send personalized engagement offer
CUST103919,45,3180.72,1,3,34.1,Month-to-Month,Debit Card,East,Standard,No,1,38168.64,0.5459256395888313,Medium,Send personalized engagement offer
CUST102421,55,3194.69,2,2,49.4,Month-to-Month,Cash,South,Premium,No,0,38336.28,0.5457736333580492,Medium,Send personalized engagement offer
CUST105277,60,3190.645,6,0,35.9,Month-to-Month,Credit Card,North,Basic,Yes,0,38287.74,0.5448417284552092,Medium,Send personalized engagement offer
CUST102490,25,3155.86,1,0,29.2,Month-to-Month,UPI,East,Basic,No,1,37870.32,0.5445379220928942,Medium,Send personalized engagement offer
CUST105575,39,3158.94,2,2,46.1,Month-to-Month,UPI,West,Basic,Yes,0,37907.28,0.5423973170950164,Medium,Send personalized engagement offer
CUST102961,31,3228.24,3,1,51.1,One Year,UPI,West,Basic,No,1,38738.88,0.5411722221730126,Medium,Send personalized engagement offer
CUST101463,4,3272.58,2,0,65.7,One Year,UPI,North,Standard,Yes,1,39270.96,0.5396049986409064,Medium,Send personalized engagement offer
CUST105274,45,3283.39,1,0,43.6,One Year,Debit Card,South,Basic,Yes,0,39400.68,0.538557507371005,Medium,Send personalized engagement offer
CUST101213,63,3303.75,4,1,28.7,One Year,Net Banking,West,Basic,Yes,1,39645.0,0.5382979471725472,Medium,Send personalized engagement offer
CUST103554,30,3168.86,2,2,35.7,Month-to-Month,Net Banking,West,Basic,No,1,38026.32,0.5381691442496254,Medium,Send personalized engagement offer
CUST101846,29,3234.72,2,2,57.5,Month-to-Month,Net Banking,West,Standard,No,0,38816.64,0.5370276623552541,Medium,Send personalized engagement offer
CUST101467,28,3146.67,1,1,36.7,Month-to-Month,Cash,North,Basic,Yes,0,37760.04,0.5367425935111485,Medium,Send personalized engagement offer
CUST105551,26,3293.26,2,0,36.2,Two Year,Credit Card,North,Standard,Yes,1,39519.12,0.5361978692131383,Medium,Send personalized engagement offer
CUST100991,40,3213.77,4,1,40.1,Month-to-Month,Net Banking,South,Premium,No,1,38565.24,0.5355741219700048,Medium,Send personalized engagement offer
CUST102949,38,3143.93,2,1,31.2,Month-to-Month,UPI,South,Basic,Yes,0,37727.16,0.5354158380911652,Medium,Send personalized engagement offer
CUST104670,7,3192.19,4,2,53.9,Two Year,Cash,South,Basic,No,0,38306.28,0.5344999052836187,Medium,Send personalized engagement offer
CUST104663,28,3184.87,1,1,47.3,Month-to-Month,Cash,North,Standard,No,1,38218.44,0.5339337824713308,Medium,Send personalized engagement offer
CUST102149,62,3309.68,3,0,27.8,Two Year,UPI,East,Basic,Yes,0,39716.16,0.5330448535026772,Medium,Send personalized engagement offer
CUST102708,53,3190.645,1,3,53.8,Month-to-Month,Debit Card,East,Basic,Yes,0,38287.74,0.5311707970879133,Medium,Send personalized engagement offer
CUST100676,42,3157.2,0,1,27.4,Month-to-Month,UPI,East,Basic,No,0,37886.4,0.5308786978230916,Medium,Send personalized engagement offer
CUST103815,6,3182.98,4,2,49.9,One Year,Debit Card,West,Basic,Yes,1,38195.76,0.5298671493629554,Medium,Send personalized engagement offer
CUST101668,39,3248.55,2,1,51.7,One Year,UPI,East,Basic,No,1,38982.6,0.5296597290917479,Medium,Send personalized engagement offer
CUST103487,70,3160.42,3,2,36.7,Month-to-Month,Credit Card,South,Basic,No,1,37925.04,0.529565996479468,Medium,Send personalized engagement offer
CUST102391,14,3223.87,2,0,27.0,One Year,Credit Card,West,Premium,Yes,0,38686.44,0.5286420904618591,Medium,Send personalized engagement offer
CUST103680,52,3270.27,1,2,50.9,One Year,Credit Card,North,Standard,No,0,39243.24,0.5273553194569881,Medium,Send personalized engagement offer
CUST100588,61,3244.37,1,0,69.8,Month-to-Month,UPI,North,Basic,No,0,38932.44,0.5265184672942492,Medium,Send personalized engagement offer
CUST100261,13,3072.62,4,3,46.2,Month-to-Month,Debit Card,South,Basic,No,0,36871.44,0.5264243401594962,Medium,Send personalized engagement offer
CUST105634,56,3234.55,2,1,37.2,One Year,UPI,South,Basic,No,0,38814.6,0.5256880467844922,Medium,Send personalized engagement offer
CUST102218,21,3108.33,1,0,2.8,Month-to-Month,UPI,West,Basic,Yes,0,37299.96,0.5252886389160362,Medium,Send personalized engagement offer
CUST101149,62,3285.64,0,0,14.9,One Year,UPI,West,Standard,No,0,39427.68,0.519124960012541,Medium,Send personalized engagement offer
CUST102770,48,3222.34,1,2,27.1,Month-to-Month,Net Banking,East,Standard,No,1,38668.08,0.5143382263903031,Medium,Send personalized engagement offer
CUST102198,42,3213.12,1,2,64.0,Month-to-Month,UPI,East,Standard,No,1,38557.44,0.5134037905665316,Medium,Send personalized engagement offer
CUST105019,47,3175.5,4,2,43.5,Month-to-Month,Net Banking,South,Basic,No,0,38106.0,0.5129665117332997,Medium,Send personalized engagement offer
CUST102783,61,3191.3,2,2,42.1,Month-to-Month,Cash,South,Standard,No,0,38295.6,0.5103772475278762,Medium,Send personalized engagement offer
CUST103514,19,3191.01,2,0,76.1,Month-to-Month,Cash,West,Basic,No,0,38292.12,0.5097083559545776,Medium,Send personalized engagement offer
CUST105164,26,3190.645,2,2,33.8,Month-to-Month,Net Banking,East,Premium,Yes,0,38287.74,0.5096911931923394,Medium,Send personalized engagement offer
CUST103574,69,3318.45,6,0,61.1,Month-to-Month,Net Banking,East,Standard,No,1,39821.4,0.5090914194437617,Medium,Send personalized engagement offer
CUST102126,23,3237.85,1,0,37.0,One Year,UPI,South,Premium,Yes,0,38854.2,0.5086615103062155,Medium,Send personalized engagement offer
CUST103478,30,3280.22,1,1,73.6,One Year,Debit Card,South,Premium,No,0,39362.64,0.5074635235481032,Medium,Send personalized engagement offer
CUST105331,59,3239.19,1,1,28.0,Month-to-Month,Net Banking,South,Standard,No,0,38870.28,0.5033956577045695,Medium,Send personalized engagement offer
CUST101509,50,3159.12,4,0,32.7,Month-to-Month,Credit Card,West,Basic,No,1,37909.44,0.5023170554325873,Medium,Send personalized engagement offer
CUST105644,44,3234.9,2,0,58.6,Month-to-Month,UPI,South,Standard,Yes,1,38818.8,0.5009409966380539,Medium,Send personalized engagement offer
CUST100031,17,3231.16,3,0,42.7,Two Year,Credit Card,South,Basic,Yes,0,38773.92,0.49935162413120626,Medium,Send personalized engagement offer
CUST101176,23,3232.82,4,0,42.7,One Year,Credit Card,East,Premium,No,0,38793.84,0.49917771029467917,Medium,Send personalized engagement offer
CUST103430,18,3238.18,4,0,55.6,One Year,Debit Card,South,Premium,No,1,38858.16,0.4977244480230994,Medium,Send personalized engagement offer
CUST102019,34,3114.82,5,2,60.2,Month-to-Month,UPI,North,Basic,No,0,37377.84,0.4950584659710562,Medium,Send personalized engagement offer
CUST101379,39,3247.8,3,0,40.6,Two Year,Credit Card,North,Basic,No,0,38973.6,0.4949256206099993,Medium,Send personalized engagement offer
CUST103457,3,3122.69,2,4,31.4,One Year,UPI,East,Standard,No,1,37472.28,0.4930398239423816,Medium,Send personalized engagement offer
CUST103798,1,3089.44,3,0,27.4,Month-to-Month,UPI,South,Premium,No,1,37073.28,0.4903140345479611,Medium,Send personalized engagement offer
CUST104022,40,3154.53,2,3,62.7,Month-to-Month,UPI,South,Standard,No,0,37854.36,0.4886577514197658,Medium,Send personalized engagement offer
CUST100758,10,3105.83,3,3,9.4,Two Year,Debit Card,North,Basic,No,1,37269.96,0.4885521831933951,Medium,Send personalized engagement offer
CUST100585,67,3213.84,2,0,40.8,Month-to-Month,Debit Card,South,Basic,Yes,1,38566.08,0.4854303266784138,Medium,Send personalized engagement offer
CUST102142,70,3242.95,3,4,38.9,One Year,Net Banking,East,Basic,No,1,38915.4,0.48396255658623066,Medium,Send personalized engagement offer
CUST102122,42,3180.37,1,2,28.0,Month-to-Month,Net Banking,West,Premium,No,0,38164.44,0.48349003064271495,Medium,Send personalized engagement offer
CUST101012,18,3144.35,2,2,25.5,One Year,UPI,North,Premium,No,1,37732.2,0.48342840714462343,Medium,Send personalized engagement offer
CUST105993,48,3198.48,1,1,34.2,Month-to-Month,Net Banking,South,Basic,Yes,1,38381.76,0.48325713644173063,Medium,Send personalized engagement offer
CUST105266,40,3256.53,2,2,66.2,Two Year,Credit Card,North,Basic,Yes,0,39078.36,0.4830930522666119,Medium,Send personalized engagement offer
CUST103560,5,3152.55,3,1,30.9,Month-to-Month,Net Banking,West,Standard,No,0,37830.6,0.4830605032999046,Medium,Send personalized engagement offer
CUST102416,45,3167.19,5,0,44.0,Month-to-Month,UPI,South,Premium,No,1,38006.28,0.48237923730231685,Medium,Send personalized engagement offer
CUST101810,18,3113.79,3,4,27.8,One Year,UPI,North,Standard,No,1,37365.48,0.48181713709784785,Medium,Send personalized engagement offer
CUST100584,30,3133.9,1,1,50.9,Month-to-Month,Cash,North,Basic,No,1,37606.8,0.4815706501724181,Medium,Send personalized engagement offer
CUST103000,57,3177.9,0,0,31.6,Month-to-Month,Credit Card,West,Basic,No,0,38134.8,0.4800542155541718,Medium,Send personalized engagement offer
CUST101722,47,3107.8,0,4,49.4,Month-to-Month,Credit Card,North,Basic,Yes,0,37293.6,0.47994016116968574,Medium,Send personalized engagement offer
CUST101551,62,3265.0,1,0,44.7,Month-to-Month,Net Banking,South,Premium,No,0,39180.0,0.4796491133392834,Medium,Send personalized engagement offer
CUST104006,19,3099.94,4,2,24.6,Month-to-Month,Debit Card,South,Standard,Yes,0,37199.28,0.47920321209316813,Medium,Send personalized engagement offer
CUST100693,69,3250.94,1,1,24.6,One Year,Credit Card,East,Basic,Yes,0,39011.28,0.4790776971014957,Medium,Send personalized engagement offer
CUST103254,18,3272.57,1,1,57.4,One Year,Net Banking,East,Basic,Yes,0,39270.84,0.47847160458847454,Medium,Send personalized engagement offer
CUST100397,15,3220.89,0,0,27.6,One Year,Net Banking,North,Basic,No,0,38650.68,0.47682614139924917,Medium,Send personalized engagement offer
CUST101382,25,3142.13,2,1,44.4,Month-to-Month,UPI,North,Standard,No,1,37705.56,0.47629408512161986,Medium,Send personalized engagement offer
CUST103673,1,3039.77,3,2,33.5,Month-to-Month,UPI,North,Basic,Yes,1,36477.24,0.4756021956102686,Medium,Send personalized engagement offer
CUST101312,57,3170.35,2,2,45.0,Month-to-Month,Cash,West,Premium,No,0,38044.2,0.47446791809563293,Medium,Send personalized engagement offer
CUST100657,46,3145.45,1,2,37.0,Month-to-Month,UPI,South,Standard,No,0,37745.4,0.47269341769781154,Medium,Send personalized engagement offer
CUST101381,21,3168.45,4,1,4.8,Two Year,Credit Card,North,Premium,Yes,0,38021.4,0.4711658135346442,Medium,Send personalized engagement offer
CUST100427,58,3138.46,1,1,24.0,Month-to-Month,UPI,West,Basic,No,1,37661.52,0.4710078116177295,Medium,Send personalized engagement offer
CUST101372,33,3200.3,0,0,48.2,Month-to-Month,Debit Card,South,Standard,No,0,38403.6,0.4709519367454895,Medium,Send personalized engagement offer
CUST103887,13,3058.37,5,0,13.0,Month-to-Month,Debit Card,South,Basic,No,1,36700.44,0.47059830592699636,Medium,Send personalized engagement offer
CUST105798,41,3174.76,4,1,48.2,Month-to-Month,Net Banking,South,Basic,No,1,38097.12,0.4686034908891852,Medium,Send personalized engagement offer
CUST104907,57,3212.24,2,0,52.2,Month-to-Month,UPI,East,Basic,Yes,1,38546.88,0.4685761924091195,Medium,Send personalized engagement offer
CUST103581,56,3190.645,2,1,36.8,Month-to-Month,Debit Card,East,Premium,No,0,38287.74,0.46703132164963274,Medium,Send personalized engagement offer
CUST102858,53,3230.96,5,1,41.2,Two Year,Cash,North,Basic,No,0,38771.52,0.4665969802614461,Medium,Send personalized engagement offer
CUST101086,58,3205.71,1,4,5.4,Two Year,Debit Card,East,Standard,No,0,38468.52,0.466321250073361,Medium,Send personalized engagement offer
CUST103469,63,3226.49,0,2,31.1,Month-to-Month,Net Banking,West,Premium,Yes,1,38717.88,0.46622967246892594,Medium,Send personalized engagement offer
CUST103087,13,3094.58,3,0,32.5,Month-to-Month,Debit Card,North,Basic,No,0,37134.96,0.4661148387698678,Medium,Send personalized engagement offer
CUST103683,42,3289.68,1,1,59.9,One Year,Net Banking,South,Basic,Yes,1,39476.16,0.4652797569334005,Medium,Send personalized engagement offer
CUST104231,67,3223.44,0,0,30.5,Month-to-Month,UPI,South,Standard,Yes,1,38681.28,0.46466760566844173,Medium,Send personalized engagement offer
CUST102190,27,3108.81,1,0,22.3,Month-to-Month,UPI,South,Basic,Yes,0,37305.72,0.463300304043823,Medium,Send personalized engagement offer
CUST105099,22,3190.645,2,1,28.6,Two Year,UPI,East,Basic,No,1,38287.74,0.4616180601844438,Medium,Send personalized engagement offer
CUST102909,26,3187.58,2,0,34.8,One Year,UPI,West,Basic,No,0,38250.96,0.4598011286798182,Medium,Send personalized engagement offer
CUST103416,45,3209.83,3,2,60.0,One Year,Cash,West,Basic,No,1,38517.96,0.45839664143070286,Medium,Send personalized engagement offer
CUST100278,5,3132.33,4,0,48.2,Month-to-Month,UPI,South,Standard,Yes,1,37587.96,0.4581006744449197,Medium,Send personalized engagement offer
CUST105251,31,3062.36,2,4,16.3,Month-to-Month,Credit Card,West,Standard,Yes,0,36748.32,0.45752658936679286,Medium,Send personalized engagement offer
CUST104702,40,3152.1,1,3,23.8,Month-to-Month,Net Banking,West,Standard,No,1,37825.2,0.4565725853103127,Medium,Send personalized engagement offer
CUST101808,7,3076.85,3,1,27.4,Month-to-Month,Credit Card,North,Standard,No,0,36922.2,0.45554117487628,Medium,Send personalized engagement offer
CUST105152,19,3127.79,0,0,17.3,Month-to-Month,Debit Card,North,Standard,No,1,37533.48,0.45444607930050407,Medium,Send personalized engagement offer
CUST105535,49,3217.34,3,1,41.4,One Year,Credit Card,South,Premium,No,1,38608.08,0.453336846873671,Medium,Send personalized engagement offer
CUST104676,41,3180.98,3,0,2.0,Month-to-Month,Net Banking,East,Standard,No,0,38171.76,0.4529744857567399,Medium,Send personalized engagement offer
CUST105432,24,3185.97,4,0,32.5,Month-to-Month,Net Banking,West,Standard,No,1,38231.64,0.4512884166865121,Medium,Send personalized engagement offer
CUST100854,21,3246.88,1,0,19.9,Two Year,Debit Card,East,Standard,No,0,38962.56,0.45086962652151735,Medium,Send personalized engagement offer
CUST100733,56,3210.51,5,2,44.4,Month-to-Month,Net Banking,East,Premium,Yes,0,38526.12,0.4485133121913825,Medium,Send personalized engagement offer
CUST103511,42,3236.57,2,2,23.9,Two Year,UPI,East,Standard,Yes,1,38838.84,0.4483669585487048,Medium,Send personalized engagement offer
CUST104677,41,3110.48,5,0,26.5,Month-to-Month,UPI,North,Basic,Yes,0,37325.76,0.44776519985398927,Medium,Send personalized engagement offer
CUST104692,72,3204.96,4,1,79.8,Month-to-Month,UPI,South,Basic,No,0,38459.52,0.4463909179733193,Medium,Send personalized engagement offer
CUST102171,54,3240.22,3,3,55.5,One Year,Net Banking,South,Basic,Yes,0,38882.64,0.44226034812288034,Medium,Send personalized engagement offer
CUST104741,34,3229.3,2,1,74.5,Month-to-Month,Net Banking,East,Basic,Yes,1,38751.6,0.4412086708318345,Medium,Send personalized engagement offer
CUST102443,16,3185.58,5,0,42.6,Two Year,Cash,North,Basic,No,1,38226.96,0.4393039387216758,Medium,Send personalized engagement offer
CUST104641,3,3184.45,0,1,62.8,Month-to-Month,Net Banking,East,Premium,No,1,38213.4,0.4381798146804459,Medium,Send personalized engagement offer
CUST100889,20,3129.87,1,2,36.7,Month-to-Month,Net Banking,North,Premium,No,0,37558.44,0.43733018757792946,Medium,Send personalized engagement offer
CUST100649,62,3286.3,2,0,58.9,Two Year,UPI,South,Basic,No,0,39435.6,0.43334967677716635,Medium,Send personalized engagement offer
CUST103202,56,3177.45,4,1,50.7,Month-to-Month,Cash,East,Premium,No,1,38129.4,0.4328106567687077,Medium,Send personalized engagement offer
CUST101104,23,3190.645,2,0,55.4,One Year,UPI,South,Basic,No,0,38287.74,0.43204976559677843,Medium,Send personalized engagement offer
CUST103617,30,3206.09,2,2,39.9,One Year,Net Banking,East,Basic,No,0,38473.08,0.4291199391215377,Medium,Send personalized engagement offer
CUST105506,8,3102.35,6,1,67.6,Month-to-Month,Credit Card,East,Basic,Yes,0,37228.2,0.4280998212035678,Medium,Send personalized engagement offer
CUST103627,18,3191.82,1,0,74.4,Month-to-Month,Debit Card,North,Standard,No,0,38301.84,0.4276510800399719,Medium,Send personalized engagement offer
CUST100476,61,3155.62,4,0,23.0,Month-to-Month,UPI,South,Standard,No,1,37867.44,0.4276442798948806,Medium,Send personalized engagement offer
CUST102317,32,3093.23,0,2,39.4,Month-to-Month,UPI,East,Basic,No,0,37118.76,0.4270136126187299,Medium,Send personalized engagement offer
CUST101669,53,3140.52,0,1,22.7,Month-to-Month,UPI,North,Premium,Yes,0,37686.24,0.42667831662825545,Medium,Send personalized engagement offer
CUST102238,35,3098.75,4,2,57.0,Month-to-Month,Credit Card,South,Basic,Yes,0,37185.0,0.4258684747373371,Medium,Send personalized engagement offer
CUST102424,26,3136.67,4,0,52.0,Month-to-Month,Credit Card,East,Basic,Yes,1,37640.04,0.42550349916459557,Medium,Send personalized engagement offer
CUST101192,13,3102.93,2,0,31.9,Month-to-Month,UPI,South,Premium,Yes,0,37235.16,0.42515299890828956,Medium,Send personalized engagement offer
CUST100143,30,3190.17,1,0,59.8,Month-to-Month,Net Banking,South,Basic,No,0,38282.04,0.4232136780280831,Medium,Send personalized engagement offer
CUST100104,58,3094.53,1,2,29.1,Month-to-Month,UPI,North,Basic,No,0,37134.36,0.42302997390084685,Medium,Send personalized engagement offer
CUST104845,56,3128.83,4,0,27.3,Month-to-Month,Debit Card,North,Basic,No,1,37545.96,0.423017097057542,Medium,Send personalized engagement offer
CUST103927,12,3188.05,1,1,54.7,One Year,Credit Card,North,Standard,No,1,38256.6,0.41799278314068455,Medium,Send personalized engagement offer
CUST101251,30,3168.16,4,2,46.8,One Year,UPI,North,Standard,No,1,38017.92,0.41766268157854625,Medium,Send personalized engagement offer
CUST104570,50,3139.92,1,1,35.5,Month-to-Month,UPI,West,Premium,No,0,37679.04,0.41162246156180027,Medium,Send personalized engagement offer
CUST104371,13,3150.77,0,1,68.4,Month-to-Month,UPI,South,Standard,Yes,1,37809.24,0.40976197596523384,Medium,Send personalized engagement offer
CUST102950,3,3134.16,6,2,62.0,Month-to-Month,Net Banking,East,Standard,No,1,37609.92,0.4096638062402957,Medium,Send personalized engagement offer
CUST102642,15,3109.15,2,3,32.6,One Year,UPI,South,Standard,No,0,37309.8,0.40836635769570656,Medium,Send personalized engagement offer
CUST100767,35,3144.48,1,0,38.5,Month-to-Month,Credit Card,South,Standard,No,1,37733.76,0.40785518591991565,Medium,Send personalized engagement offer
CUST102381,33,3170.93,4,1,34.6,One Year,UPI,South,Standard,No,0,38051.16,0.40723777117133036,Medium,Send personalized engagement offer
CUST100036,62,3164.28,2,0,52.9,Month-to-Month,Credit Card,South,Basic,No,0,37971.36,0.40637848460946036,Medium,Send personalized engagement offer
CUST103839,69,3232.73,2,0,56.4,Month-to-Month,UPI,East,Standard,No,0,38792.76,0.40499524301680173,Medium,Send personalized engagement offer
CUST103674,47,3136.16,0,0,36.7,Month-to-Month,UPI,West,Basic,No,0,37633.92,0.40397825421020744,Medium,Send personalized engagement offer
CUST102918,62,3190.645,0,2,28.6,One Year,Credit Card,North,Premium,No,1,38287.74,0.40318808297695247,Medium,Send personalized engagement offer
CUST101514,18,3221.26,2,1,60.0,Two Year,UPI,North,Premium,Yes,0,38655.12,0.4001896496209378,Medium,Send personalized engagement offer
CUST102514,8,3162.57,1,3,39.5,Two Year,Credit Card,West,Standard,Yes,1,37950.84,0.3994605745989313,Medium,Send personalized engagement offer
CUST105014,48,3246.39,3,1,35.1,Two Year,Cash,East,Premium,Yes,1,38956.68,0.3981011840688117,Medium,Send personalized engagement offer
CUST105298,13,3092.79,5,1,39.8,Month-to-Month,Debit Card,South,Standard,Yes,1,37113.48,0.3976876004203763,Medium,Send personalized engagement offer
CUST105567,26,3238.67,2,2,54.3,One Year,Net Banking,North,Standard,Yes,0,38864.04,0.3976268014835341,Medium,Send personalized engagement offer
CUST100700,38,3060.02,1,4,40.5,Month-to-Month,Cash,East,Basic,Yes,1,36720.24,0.3957691954033436,Medium,Send personalized engagement offer
CUST103308,2,3163.56,2,1,60.3,Month-to-Month,Net Banking,East,Standard,No,0,37962.72,0.3945159461010756,Medium,Send personalized engagement offer
CUST102800,58,3246.62,1,2,46.2,One Year,Net Banking,East,Basic,No,0,38959.44,0.3933386305595707,Medium,Send personalized engagement offer
CUST105376,13,3209.2,2,1,71.5,One Year,Debit Card,North,Standard,No,0,38510.4,0.3911787685938771,Medium,Send personalized engagement offer
CUST104526,2,3142.31,2,2,64.3,Two Year,UPI,North,Basic,No,0,37707.72,0.39041164987659027,Medium,Send personalized engagement offer
CUST102121,69,3234.3,0,1,23.7,One Year,UPI,North,Standard,Yes,0,38811.6,0.3898008296383177,Medium,Send personalized engagement offer
CUST101854,8,3213.1,1,1,57.9,Two Year,Credit Card,West,Standard,No,0,38557.2,0.3878174519154445,Medium,Send personalized engagement offer
CUST103684,71,3164.37,2,0,33.7,Month-to-Month,UPI,South,Premium,No,1,37972.44,0.38706014552402135,Medium,Send personalized engagement offer
CUST100726,52,3204.74,2,0,72.7,Month-to-Month,UPI,South,Standard,No,0,38456.88,0.3867107125155943,Medium,Send personalized engagement offer
CUST100674,45,3190.645,5,1,62.3,One Year,UPI,North,Basic,Yes,1,38287.74,0.385500829416504,Medium,Send personalized engagement offer
CUST100562,36,3154.02,1,2,37.1,Month-to-Month,Net Banking,West,Standard,No,0,37848.24,0.38467777175026857,Medium,Send personalized engagement offer
CUST102138,39,3146.27,2,2,21.3,Two Year,Credit Card,South,Basic,Yes,1,37755.24,0.3841747148356169,Medium,Send personalized engagement offer
CUST104941,33,3192.25,1,0,43.1,One Year,Cash,East,Basic,No,0,38307.0,0.38242051532996113,Medium,Send personalized engagement offer
CUST101409,21,3110.78,1,0,43.6,Month-to-Month,Debit Card,East,Basic,No,0,37329.36,0.3795263265650981,Medium,Send personalized engagement offer
CUST103555,33,3190.645,1,0,58.5,Month-to-Month,Cash,East,Standard,Yes,0,38287.74,0.3792295530022298,Medium,Send personalized engagement offer
CUST104785,26,3083.42,0,0,28.3,Month-to-Month,Credit Card,North,Basic,Yes,0,37001.04,0.37746936749907184,Medium,Send personalized engagement offer
CUST103679,53,3132.85,3,1,51.9,Month-to-Month,UPI,South,Premium,No,0,37594.2,0.3769567998569594,Medium,Send personalized engagement offer
CUST104993,40,3216.14,1,1,40.4,One Year,Net Banking,West,Basic,No,0,38593.68,0.3755320620945454,Medium,Send personalized engagement offer
CUST101152,32,3178.27,2,0,45.4,One Year,Cash,West,Basic,No,1,38139.24,0.37482363977125666,Medium,Send personalized engagement offer
CUST101984,46,3143.52,0,0,31.3,Month-to-Month,Cash,North,Premium,Yes,0,37722.24,0.37398972052433865,Medium,Send personalized engagement offer
CUST101009,38,3190.645,4,0,57.5,One Year,Credit Card,West,Basic,No,0,38287.74,0.3732619494297682,Medium,Send personalized engagement offer
CUST101015,61,3139.0,2,1,38.9,Month-to-Month,UPI,West,Premium,No,0,37668.0,0.3725900628797595,Medium,Send personalized engagement offer
CUST101548,36,3153.89,2,1,29.9,Month-to-Month,Net Banking,West,Standard,No,0,37846.68,0.3721137799850194,Medium,Send personalized engagement offer
CUST103553,52,3124.82,2,0,38.3,Month-to-Month,Credit Card,North,Basic,Yes,0,37497.84,0.37120758975943574,Medium,Send personalized engagement offer
CUST103543,56,3147.51,1,2,48.0,Month-to-Month,Cash,North,Standard,Yes,0,37770.12,0.36948611215714755,Medium,Send personalized engagement offer
CUST100097,50,3090.18,3,0,20.6,Month-to-Month,Credit Card,North,Basic,Yes,1,37082.16,0.3684126200166911,Medium,Send personalized engagement offer
CUST105982,67,3025.14,5,2,2.0,Month-to-Month,Credit Card,South,Basic,No,1,36301.68,0.3683507254402037,Medium,Send personalized engagement offer
CUST101528,2,3141.29,2,0,51.4,One Year,UPI,East,Basic,No,0,37695.48,0.36795278952205523,Medium,Send personalized engagement offer
CUST100199,70,3257.02,1,0,43.6,One Year,Credit Card,South,Premium,Yes,0,39084.24,0.36785441488633,Medium,Send personalized engagement offer
CUST100831,18,3128.45,2,1,43.5,One Year,Credit Card,South,Basic,Yes,0,37541.4,0.36693901686191877,Medium,Send personalized engagement offer
CUST105883,17,3102.72,1,0,64.5,Month-to-Month,Cash,South,Basic,No,0,37232.64,0.36615919469278585,Medium,Send personalized engagement offer
CUST102411,4,3111.56,2,0,36.1,Month-to-Month,Debit Card,East,Standard,Yes,1,37338.72,0.36530463023127524,Medium,Send personalized engagement offer
CUST103735,15,3076.17,0,0,22.4,Month-to-Month,Credit Card,South,Standard,No,0,36914.04,0.365043554274037,Medium,Send personalized engagement offer
CUST101366,22,2992.99,0,3,19.3,Month-to-Month,Credit Card,West,Basic,No,0,35915.88,0.3646313180255852,Medium,Send personalized engagement offer
CUST102940,52,3224.73,0,1,52.9,Two Year,Cash,North,Basic,No,0,38696.76,0.3643409980384603,Medium,Send personalized engagement offer
CUST103486,25,3095.12,3,1,50.3,Month-to-Month,UPI,North,Standard,No,0,37141.44,0.3627639073867925,Medium,Send personalized engagement offer
CUST103884,12,3139.47,0,0,70.9,Month-to-Month,Credit Card,South,Standard,No,0,37673.64,0.3609682790129798,Medium,Send personalized engagement offer
CUST102507,45,3193.66,2,0,37.3,Month-to-Month,Net Banking,West,Standard,No,1,38323.92,0.3604905118980357,Medium,Send personalized engagement offer
CUST105329,36,3149.66,2,2,68.3,Month-to-Month,Credit Card,East,Standard,Yes,1,37795.92,0.3590737256733072,Medium,Send personalized engagement offer
CUST103834,11,3147.55,1,2,52.6,One Year,Debit Card,South,Standard,No,0,37770.6,0.35873316313288,Medium,Send personalized engagement offer
CUST104661,42,3150.69,1,0,40.3,Month-to-Month,Net Banking,South,Basic,No,0,37808.28,0.3579718471802929,Medium,Send personalized engagement offer
CUST105741,45,3069.58,1,1,23.2,Month-to-Month,Debit Card,South,Basic,No,0,36834.96,0.35747294821389053,Medium,Send personalized engagement offer
CUST105689,16,2993.52,7,1,30.3,Month-to-Month,Credit Card,South,Basic,No,1,35922.24,0.3558101826249213,Medium,Send personalized engagement offer
CUST104786,41,3190.645,0,2,46.2,Two Year,UPI,West,Basic,Yes,0,38287.74,0.35491714882436964,Medium,Send personalized engagement offer
CUST101082,69,3075.66,2,1,8.1,Month-to-Month,Credit Card,West,Basic,No,1,36907.92,0.35447789501323107,Medium,Send personalized engagement offer
CUST101475,22,3138.98,2,0,49.3,Month-to-Month,Net Banking,South,Basic,Yes,0,37667.76,0.35431597796026804,Medium,Send personalized engagement offer
CUST100044,5,3062.45,1,0,35.2,Month-to-Month,Credit Card,East,Basic,Yes,0,36749.4,0.35397409368487626,Medium,Send personalized engagement offer
CUST105233,15,3165.31,2,0,27.6,One Year,Net Banking,West,Basic,No,0,37983.72,0.35333322950794793,Medium,Send personalized engagement offer
CUST101389,66,3190.645,0,0,15.8,One Year,Credit Card,East,Basic,No,0,38287.74,0.3531362734212937,Medium,Send personalized engagement offer
CUST100038,20,3141.37,4,0,27.6,Two Year,Credit Card,West,Basic,No,0,37696.44,0.352854890587644,Medium,Send personalized engagement offer
CUST104836,10,3134.1,4,2,32.0,Two Year,UPI,East,Standard,No,0,37609.2,0.3523824371097072,Medium,Send personalized engagement offer
CUST104164,52,3150.35,1,0,40.1,Month-to-Month,UPI,East,Premium,No,0,37804.2,0.35167856946287834,Medium,Send personalized engagement offer
CUST103491,46,3146.11,2,0,46.5,Month-to-Month,Cash,North,Standard,No,1,37753.32,0.3513273773887739,Medium,Send personalized engagement offer
CUST103906,52,3086.14,0,1,35.0,Month-to-Month,UPI,North,Basic,No,1,37033.68,0.34991834343786643,Medium,Send personalized engagement offer
CUST102179,33,3211.63,2,1,70.1,Two Year,UPI,South,Basic,Yes,0,38539.56,0.34956815462024093,Medium,Send personalized engagement offer
CUST100596,42,3076.62,6,0,16.8,Month-to-Month,Credit Card,East,Premium,No,0,36919.44,0.3490639703061552,Medium,Send personalized engagement offer
CUST103108,65,3131.93,5,3,54.1,Month-to-Month,UPI,East,Standard,Yes,0,37583.16,0.34710383436479325,Medium,Send personalized engagement offer
CUST104820,39,3185.45,4,1,66.6,One Year,Credit Card,South,Premium,No,0,38225.4,0.3470878540831256,Medium,Send personalized engagement offer
CUST100277,57,3245.33,1,0,19.1,Two Year,UPI,West,Standard,Yes,0,38943.96,0.34639982215775905,Medium,Send personalized engagement offer
CUST101911,64,3152.47,1,2,26.4,Month-to-Month,Net Banking,South,Premium,Yes,1,37829.64,0.3462678037161096,Medium,Send personalized engagement offer
CUST105661,16,3044.38,1,0,34.2,Month-to-Month,Credit Card,South,Basic,No,0,36532.56,0.346113745981732,Medium,Send personalized engagement offer
CUST101880,28,3156.26,5,0,80.6,Month-to-Month,Credit Card,West,Standard,No,0,37875.12,0.34576460626208266,Medium,Send personalized engagement offer
CUST104401,9,3027.53,3,1,39.6,Month-to-Month,UPI,East,Basic,No,1,36330.36,0.34545403216777065,Medium,Send personalized engagement offer
CUST105053,66,3120.15,1,2,27.2,Month-to-Month,UPI,East,Premium,Yes,0,37441.8,0.3440902812831738,Medium,Send personalized engagement offer
CUST101235,25,3096.47,1,4,39.3,Two Year,Cash,West,Basic,No,1,37157.64,0.3439097710791728,Medium,Send personalized engagement offer
CUST104191,25,3137.84,2,4,55.9,Two Year,UPI,South,Standard,No,0,37654.08,0.34362890741668844,Medium,Send personalized engagement offer
CUST101406,25,2925.14,5,5,28.8,Month-to-Month,UPI,South,Basic,No,0,35101.68,0.34361097856002143,Medium,Send personalized engagement offer
CUST104606,18,2984.51,0,2,10.9,Month-to-Month,UPI,West,Basic,No,1,35814.12,0.34199441700020666,Medium,Send personalized engagement offer
CUST103772,38,3198.89,1,1,54.9,Two Year,Credit Card,North,Basic,Yes,1,38386.68,0.34082400106220617,Medium,Send personalized engagement offer
CUST104516,26,3208.51,2,0,56.3,One Year,UPI,East,Standard,No,0,38502.12,0.34071760994958716,Medium,Send personalized engagement offer
CUST104832,29,3158.13,0,1,37.3,One Year,Credit Card,North,Standard,No,0,37897.56,0.34068815964856364,Medium,Send personalized engagement offer
CUST103563,58,3155.18,4,2,45.8,Month-to-Month,Net Banking,North,Standard,No,1,37862.16,0.34003062440724646,Medium,Send personalized engagement offer
CUST102973,71,3257.87,4,2,21.9,Two Year,Net Banking,East,Premium,Yes,0,39094.44,0.3391642453052258,Medium,Send personalized engagement offer
CUST104733,19,3053.92,2,0,35.1,Month-to-Month,UPI,South,Basic,Yes,1,36647.04,0.33903200269904,Medium,Send personalized engagement offer
CUST103955,68,3160.02,3,1,42.7,Month-to-Month,Debit Card,West,Standard,No,1,37920.24,0.33792317849687853,Medium,Send personalized engagement offer
CUST104528,32,3030.33,1,1,12.8,Month-to-Month,Credit Card,East,Basic,No,1,36363.96,0.33764189029044644,Medium,Send personalized engagement offer
CUST104172,37,3048.81,2,2,43.4,Month-to-Month,Credit Card,West,Basic,No,0,36585.72,0.3375647782966818,Medium,Send personalized engagement offer
CUST100691,58,3129.74,2,2,56.6,Month-to-Month,Credit Card,East,Premium,No,0,37556.88,0.3362497255753845,Medium,Send personalized engagement offer
CUST102093,15,3067.15,1,1,46.1,Month-to-Month,Credit Card,West,Premium,No,0,36805.8,0.33569643215883005,Medium,Send personalized engagement offer
CUST104288,56,3127.9,1,0,45.5,Month-to-Month,UPI,North,Basic,Yes,1,37534.8,0.33372640313463514,Medium,Send personalized engagement offer
CUST104841,9,3098.76,2,1,52.3,One Year,UPI,South,Basic,No,0,37185.12,0.3335510225890523,Medium,Send personalized engagement offer
CUST102683,59,3082.07,3,1,15.7,Month-to-Month,Debit Card,South,Premium,No,1,36984.84,0.3333679355007027,Medium,Send personalized engagement offer
CUST104182,8,3073.78,2,1,2.2,One Year,UPI,South,Standard,Yes,0,36885.36,0.33304524452849066,Medium,Send personalized engagement offer
CUST105941,34,3066.66,3,2,38.9,Month-to-Month,UPI,West,Standard,No,1,36799.92,0.3327003147239699,Medium,Send personalized engagement offer
CUST104887,39,3218.44,0,0,14.0,One Year,Net Banking,West,Standard,No,1,38621.28,0.3324504448815889,Medium,Send personalized engagement offer
CUST105932,25,3173.1,2,3,33.6,Two Year,Net Banking,South,Standard,No,1,38077.2,0.3306800846653765,Medium,Send personalized engagement offer
CUST105815,5,3167.04,1,0,45.0,Two Year,Debit Card,East,Basic,No,1,38004.48,0.3303775011763661,Medium,Send personalized engagement offer
CUST101107,66,3301.39,1,1,56.5,Two Year,Net Banking,South,Premium,No,0,39616.68,0.33020230255325633,Medium,Send personalized engagement offer
CUST104432,65,3287.01,1,0,54.0,Two Year,Credit Card,West,Standard,No,0,39444.12,0.32823346132281916,Medium,Send personalized engagement offer
CUST103961,62,3098.41,3,2,65.1,Month-to-Month,UPI,South,Basic,No,0,37180.92,0.3282188742096496,Medium,Send personalized engagement offer
CUST104548,38,3062.34,1,1,29.0,Month-to-Month,UPI,West,Basic,Yes,0,36748.08,0.32757630426135137,Medium,Send personalized engagement offer
CUST105054,4,3124.56,2,0,31.7,One Year,Debit Card,West,Premium,No,1,37494.72,0.32621945800018315,Medium,Send personalized engagement offer
CUST105476,19,3103.55,0,2,56.1,Month-to-Month,Net Banking,East,Basic,No,0,37242.6,0.3261285430681721,Medium,Send personalized engagement offer
CUST105670,26,3134.66,3,2,33.0,Two Year,UPI,South,Standard,No,0,37615.92,0.3259153640479011,Medium,Send personalized engagement offer
CUST103262,54,3047.2,1,3,39.7,Month-to-Month,UPI,West,Basic,No,0,36566.4,0.3258227024758196,Medium,Send personalized engagement offer
CUST104556,12,3017.78,6,2,44.6,Month-to-Month,Cash,South,Standard,No,0,36213.36,0.3256856329792328,Medium,Send personalized engagement offer
CUST101766,37,3208.79,0,0,34.6,One Year,Credit Card,East,Standard,Yes,1,38505.48,0.3249234819983792,Medium,Send personalized engagement offer
CUST101106,18,3008.86,1,2,16.0,Month-to-Month,UPI,East,Premium,No,0,36106.32,0.3239989330701192,Medium,Send personalized engagement offer
CUST101612,49,3223.32,4,1,74.4,One Year,UPI,West,Standard,No,0,38679.84,0.32371717187868815,Medium,Send personalized engagement offer
CUST102916,45,3159.62,1,2,28.0,One Year,Debit Card,North,Standard,Yes,1,37915.44,0.3232793672840833,Medium,Send personalized engagement offer
CUST100364,9,3132.98,2,1,46.5,Two Year,UPI,East,Basic,No,0,37595.76,0.322518458345935,Medium,Send personalized engagement offer
CUST104466,58,3219.53,3,2,57.3,One Year,Cash,East,Standard,Yes,0,38634.36,0.32195314822198007,Medium,Send personalized engagement offer
CUST103293,21,3166.97,4,1,71.8,One Year,Credit Card,North,Standard,No,1,38003.64,0.3216983853117531,Medium,Send personalized engagement offer
CUST105593,46,3141.5,3,1,53.6,Month-to-Month,Debit Card,East,Standard,No,0,37698.0,0.32126756546507956,Medium,Send personalized engagement offer
CUST103692,15,3074.1,3,0,45.8,Month-to-Month,UPI,North,Standard,No,0,36889.2,0.32085191447682293,Medium,Send personalized engagement offer
CUST101845,45,3121.41,1,0,45.8,Month-to-Month,UPI,East,Basic,Yes,0,37456.92,0.31941479275529955,Medium,Send personalized engagement offer
CUST100908,27,3103.28,1,0,20.5,Month-to-Month,Net Banking,North,Premium,No,0,37239.36,0.31727077586891267,Medium,Send personalized engagement offer
CUST101019,9,3127.19,0,0,44.2,One Year,Credit Card,East,Basic,No,1,37526.28,0.3170076138585016,Medium,Send personalized engagement offer
CUST102227,68,3141.44,2,1,37.5,Month-to-Month,UPI,East,Standard,No,0,37697.28,0.316335976972705,Medium,Send personalized engagement offer
CUST101710,25,3179.12,3,1,59.9,One Year,UPI,West,Standard,Yes,0,38149.44,0.315694275584382,Medium,Send personalized engagement offer
CUST103613,6,3166.53,3,0,50.4,Two Year,Cash,West,Premium,No,1,37998.36,0.31561658786963487,Medium,Send personalized engagement offer
CUST102722,9,3010.23,2,1,13.9,Month-to-Month,Credit Card,West,Standard,No,0,36122.76,0.3154507561406795,Medium,Send personalized engagement offer
CUST105847,49,3128.82,2,2,51.2,One Year,Credit Card,North,Basic,No,0,37545.84,0.3147790464166351,Medium,Send personalized engagement offer
CUST100120,32,3116.65,2,1,38.3,One Year,Debit Card,South,Basic,No,0,37399.8,0.31382829686740327,Medium,Send personalized engagement offer
CUST102528,7,3022.76,2,0,43.1,Month-to-Month,UPI,North,Basic,No,0,36273.12,0.3136476779344558,Medium,Send personalized engagement offer
CUST104285,56,3106.4,1,1,24.3,Month-to-Month,Net Banking,North,Basic,No,0,37276.8,0.312330556961873,Medium,Send personalized engagement offer
CUST105800,9,3039.02,3,0,48.3,Month-to-Month,Debit Card,South,Basic,No,1,36468.24,0.31015107103923717,Medium,Send personalized engagement offer
CUST101200,64,3121.55,5,1,43.7,Month-to-Month,Debit Card,South,Standard,No,0,37458.6,0.30901021299917236,Medium,Send personalized engagement offer
CUST102611,67,3128.32,1,2,52.6,Month-to-Month,UPI,East,Premium,No,0,37539.84,0.3084476139294756,Medium,Send personalized engagement offer
CUST103484,30,3043.27,3,0,22.5,Month-to-Month,UPI,South,Premium,No,1,36519.24,0.308164061593851,Medium,Send personalized engagement offer
CUST102599,29,3152.2,0,0,34.8,Month-to-Month,Net Banking,South,Standard,Yes,1,37826.4,0.30775781503771993,Medium,Send personalized engagement offer
CUST101761,30,3066.87,0,0,13.3,Month-to-Month,UPI,West,Standard,No,0,36802.44,0.30645078041937074,Medium,Send personalized engagement offer
CUST102248,12,3112.17,1,0,43.2,One Year,UPI,West,Basic,No,0,37346.04,0.3062123073482031,Medium,Send personalized engagement offer
CUST101806,1,3147.47,2,0,31.6,Two Year,Net Banking,South,Basic,No,0,37769.64,0.3061559570659635,Medium,Send personalized engagement offer
CUST104798,29,3058.44,4,0,2.0,One Year,Cash,North,Basic,No,0,36701.28,0.3050108409611192,Medium,Send personalized engagement offer
CUST100028,40,3169.82,2,3,60.5,Two Year,Credit Card,North,Standard,No,0,38037.84,0.30481474897520877,Medium,Send personalized engagement offer
CUST103296,16,3061.14,4,1,48.1,Month-to-Month,UPI,East,Standard,No,0,36733.68,0.3030406494755221,Medium,Send personalized engagement offer
CUST100516,64,3158.47,0,1,39.5,One Year,UPI,South,Basic,No,1,37901.64,0.3029407187269409,Medium,Send personalized engagement offer
CUST105713,48,3055.79,2,0,2.0,Month-to-Month,Credit Card,North,Standard,No,0,36669.48,0.29949626635911375,Low,Standard engagement
CUST103342,8,3068.96,3,2,49.6,Month-to-Month,Net Banking,North,Standard,No,1,36827.52,0.29902690025224893,Low,Standard engagement
CUST105836,64,3198.15,3,0,38.2,One Year,Credit Card,North,Standard,No,0,38377.8,0.2987303417341713,Low,Standard engagement
CUST103937,35,3085.15,6,1,62.4,Month-to-Month,UPI,East,Premium,No,0,37021.8,0.29824328161707225,Low,Standard engagement
CUST101497,57,3141.53,1,0,41.5,Month-to-Month,UPI,South,Standard,Yes,1,37698.36,0.2973645683565388,Low,Standard engagement
CUST101126,62,3091.74,2,1,30.5,Month-to-Month,UPI,West,Premium,No,0,37100.88,0.29723901611852666,Low,Standard engagement
CUST101884,45,3037.98,1,1,21.9,Month-to-Month,UPI,North,Basic,Yes,0,36455.76,0.2970485078229933,Low,Standard engagement
CUST100451,67,3119.17,0,1,35.2,Month-to-Month,Credit Card,South,Standard,No,0,37430.04,0.2962084225541512,Low,Standard engagement
CUST102596,37,3158.8,2,0,40.0,One Year,UPI,West,Premium,No,0,37905.6,0.2961749553114753,Low,Standard engagement
CUST103301,20,3027.81,1,1,18.6,Month-to-Month,Credit Card,West,Standard,No,0,36333.72,0.2943674740439948,Low,Standard engagement
CUST101113,22,3018.21,3,1,40.2,Month-to-Month,Debit Card,South,Basic,No,0,36218.52,0.29434678897852334,Low,Standard engagement
CUST104987,67,3177.98,3,0,62.9,Month-to-Month,Cash,West,Standard,No,1,38135.76,0.29428359819455113,Low,Standard engagement
CUST101139,39,3023.68,0,5,31.5,One Year,Cash,South,Basic,No,0,36284.16,0.2912198898932009,Low,Standard engagement
CUST101637,45,3087.16,0,1,23.4,Month-to-Month,Debit Card,West,Premium,Yes,0,37045.92,0.2909593579511671,Low,Standard engagement
CUST104646,54,3178.37,2,0,20.5,One Year,Cash,East,Standard,No,0,38140.44,0.2899652325306584,Low,Standard engagement
CUST105769,40,3210.13,2,0,40.6,One Year,Net Banking,East,Basic,Yes,0,38521.56,0.2895132574225092,Low,Standard engagement
CUST103121,72,3093.98,3,1,39.3,Month-to-Month,Cash,South,Basic,Yes,0,37127.76,0.28894767255515447,Low,Standard engagement
CUST102058,29,3127.59,2,1,42.6,One Year,UPI,South,Premium,Yes,0,37531.08,0.2877189503022164,Low,Standard engagement
CUST101134,45,3117.76,2,2,12.5,One Year,Net Banking,North,Basic,Yes,1,37413.12,0.2875853877062013,Low,Standard engagement
CUST100845,1,3121.72,1,0,49.2,One Year,Cash,West,Premium,No,1,37460.64,0.2874678230347097,Low,Standard engagement
CUST101713,53,3135.34,0,1,37.4,Month-to-Month,Net Banking,North,Premium,No,0,37624.08,0.28645335784531384,Low,Standard engagement
CUST100047,65,3101.3,0,2,51.6,Month-to-Month,Debit Card,South,Basic,Yes,0,37215.6,0.2852602867285468,Low,Standard engagement
CUST105177,33,3078.5,1,0,36.4,Month-to-Month,Debit Card,North,Premium,No,0,36942.0,0.2846394680603698,Low,Standard engagement
CUST104749,27,3068.56,1,1,67.0,Month-to-Month,Debit Card,North,Basic,No,0,36822.72,0.2831058034673518,Low,Standard engagement
CUST100398,21,3161.85,3,0,77.8,Month-to-Month,Net Banking,South,Standard,No,0,37942.2,0.28241514161097303,Low,Standard engagement
CUST105683,32,3053.82,0,1,21.0,Month-to-Month,Net Banking,South,Basic,No,1,36645.84,0.2820215333454513,Low,Standard engagement
CUST102969,46,3021.65,4,3,54.2,Month-to-Month,Credit Card,South,Basic,Yes,0,36259.8,0.28159363961746897,Low,Standard engagement
CUST104379,67,3220.75,0,1,62.1,One Year,UPI,South,Standard,No,0,38649.0,0.2813090977410666,Low,Standard engagement
CUST105055,65,3100.99,1,1,35.2,Month-to-Month,Credit Card,South,Standard,No,0,37211.88,0.2767442934137621,Low,Standard engagement
CUST103053,26,3022.51,2,1,50.7,Month-to-Month,Credit Card,South,Basic,No,1,36270.12,0.2766302620840214,Low,Standard engagement
CUST102732,68,3094.95,1,1,53.4,Month-to-Month,UPI,North,Basic,No,1,37139.4,0.2762359837422454,Low,Standard engagement
CUST101755,23,2985.5,2,3,57.6,Month-to-Month,UPI,South,Basic,No,0,35826.0,0.27615113809239955,Low,Standard engagement
CUST102684,37,3087.01,1,0,41.2,Month-to-Month,Credit Card,South,Standard,No,0,37044.12,0.2752082292253562,Low,Standard engagement
CUST100383,18,3022.11,1,0,26.4,Month-to-Month,Debit Card,West,Basic,No,0,36265.32,0.2745446955075489,Low,Standard engagement
CUST101955,29,3010.96,6,1,17.3,Month-to-Month,UPI,East,Standard,No,0,36131.52,0.272751327919059,Low,Standard engagement
CUST103910,17,3134.36,0,0,57.6,Month-to-Month,Net Banking,South,Premium,Yes,0,37612.32,0.27158488216023663,Low,Standard engagement
CUST102839,70,3140.22,2,2,65.9,Month-to-Month,Credit Card,East,Premium,Yes,0,37682.64,0.2709252820656421,Low,Standard engagement
CUST100193,27,3153.05,3,2,52.8,Two Year,UPI,East,Standard,No,0,37836.6,0.2701106515771944,Low,Standard engagement
CUST101688,68,3153.89,1,1,51.1,Month-to-Month,Debit Card,East,Standard,No,0,37846.68,0.26909455167698637,Low,Standard engagement
CUST104805,55,3171.8,3,0,53.5,Month-to-Month,Net Banking,North,Standard,No,0,38061.6,0.2689764177607262,Low,Standard engagement
CUST100171,7,3122.21,2,0,21.3,Two Year,Cash,North,Standard,Yes,0,37466.52,0.2677743678304314,Low,Standard engagement
CUST100791,33,3089.14,4,0,33.5,Month-to-Month,Net Banking,South,Premium,No,0,37069.68,0.2657398977155788,Low,Standard engagement
CUST102100,66,3142.01,2,1,37.2,One Year,Cash,West,Basic,No,0,37704.12,0.2643137091622839,Low,Standard engagement
CUST103196,17,2968.09,4,2,40.0,Month-to-Month,Debit Card,South,Basic,No,0,35617.08,0.26359401920192743,Low,Standard engagement
CUST100220,10,3052.57,1,0,69.2,Month-to-Month,UPI,West,Basic,No,0,36630.84,0.26332928073102513,Low,Standard engagement
CUST102874,28,3035.07,2,2,43.2,Month-to-Month,Credit Card,North,Standard,Yes,0,36420.84,0.26180474280744936,Low,Standard engagement
CUST103271,30,3130.69,4,0,48.6,Two Year,Credit Card,North,Basic,No,0,37568.28,0.2614809483368146,Low,Standard engagement
CUST100039,46,3166.18,3,2,45.7,Two Year,Net Banking,North,Basic,No,0,37994.16,0.26115202240771535,Low,Standard engagement
CUST100650,36,3132.17,3,1,20.8,Two Year,Debit Card,North,Standard,No,0,37586.04,0.2605761014789608,Low,Standard engagement
CUST103112,5,3134.28,2,1,49.3,Two Year,UPI,East,Standard,No,0,37611.36,0.2594492055358738,Low,Standard engagement
CUST105049,66,3208.1,1,1,46.4,One Year,Net Banking,South,Basic,Yes,0,38497.2,0.2588923048145514,Low,Standard engagement
CUST101305,49,3113.39,3,2,35.3,Two Year,Credit Card,South,Basic,Yes,1,37360.68,0.25765164453622824,Low,Standard engagement
CUST104237,8,3043.92,0,3,77.0,Month-to-Month,Credit Card,East,Standard,No,1,36527.04,0.2570479754385913,Low,Standard engagement
CUST103335,17,3112.88,1,1,46.9,One Year,Credit Card,West,Premium,Yes,0,37354.56,0.2552823834540976,Low,Standard engagement
CUST101016,28,3155.9,1,1,47.6,Two Year,UPI,East,Premium,No,0,37870.8,0.25514673524472736,Low,Standard engagement
CUST105660,10,2976.89,0,1,37.9,Month-to-Month,Credit Card,South,Basic,No,0,35722.68,0.25406722074689203,Low,Standard engagement
CUST104227,45,3100.92,2,0,45.8,Month-to-Month,Debit Card,North,Premium,Yes,1,37211.04,0.2539517564898239,Low,Standard engagement
CUST104165,49,3012.24,2,2,8.9,Month-to-Month,Credit Card,South,Standard,Yes,0,36146.88,0.25293677581216717,Low,Standard engagement
CUST100294,40,3130.98,2,1,45.9,One Year,Credit Card,South,Standard,No,0,37571.76,0.25216466437592605,Low,Standard engagement
CUST105818,29,3197.42,0,0,50.3,Two Year,Net Banking,South,Basic,No,0,38369.04,0.2518865276497017,Low,Standard engagement
CUST101797,14,3028.33,2,0,30.8,Month-to-Month,UPI,West,Standard,No,0,36339.96,0.2513696591703749,Low,Standard engagement
CUST101444,11,3054.42,6,3,44.8,Two Year,Credit Card,South,Standard,No,0,36653.04,0.2513008434020712,Low,Standard engagement
CUST102835,40,3084.52,1,1,57.8,Month-to-Month,Credit Card,East,Premium,No,0,37014.24,0.2500686242911319,Low,Standard engagement
CUST104140,53,3253.67,1,0,71.3,Two Year,Debit Card,South,Premium,Yes,0,39044.04,0.2498474196503342,Low,Standard engagement
CUST103303,20,3011.86,1,0,42.5,Month-to-Month,UPI,South,Basic,No,0,36142.32,0.2498092532651767,Low,Standard engagement
CUST103642,67,3116.18,2,1,17.9,One Year,UPI,North,Premium,No,1,37394.16,0.2482173671660566,Low,Standard engagement
CUST105965,8,3078.54,3,1,42.2,One Year,UPI,West,Standard,No,0,36942.48,0.2469752822622891,Low,Standard engagement
CUST101789,55,3144.07,1,0,62.1,Month-to-Month,Net Banking,South,Basic,No,0,37728.84,0.24630907788443854,Low,Standard engagement
CUST105033,11,2999.3,1,2,41.5,Month-to-Month,UPI,West,Standard,No,1,35991.6,0.2461648544618623,Low,Standard engagement
CUST103945,53,3201.15,3,1,41.5,One Year,Net Banking,North,Standard,Yes,0,38413.8,0.24599380885264946,Low,Standard engagement
CUST102037,3,3004.09,3,0,22.6,Month-to-Month,Debit Card,West,Standard,No,0,36049.08,0.24510576886557858,Low,Standard engagement
CUST105750,64,3171.1,1,1,49.7,Month-to-Month,Net Banking,East,Premium,Yes,0,38053.2,0.24493496014228094,Low,Standard engagement
CUST103612,44,3156.46,3,0,46.9,Two Year,Credit Card,South,Basic,Yes,0,37877.52,0.24429084173206306,Low,Standard engagement
CUST105408,41,3165.53,0,0,48.7,One Year,Cash,North,Premium,Yes,0,37986.36,0.24402623485560476,Low,Standard engagement
CUST101671,41,3072.76,4,2,29.6,One Year,UPI,South,Standard,No,0,36873.12,0.2429478259806312,Low,Standard engagement
CUST101711,34,3153.46,1,2,55.6,Two Year,UPI,West,Standard,No,0,37841.52,0.24109452684817856,Low,Standard engagement
CUST103257,15,3011.24,3,0,57.5,Month-to-Month,UPI,North,Basic,No,0,36134.88,0.2406515717203505,Low,Standard engagement
CUST102439,5,3127.81,1,0,39.4,Two Year,Credit Card,West,Standard,No,0,37533.72,0.2405655857515613,Low,Standard engagement
CUST104938,22,2985.45,0,0,22.6,Month-to-Month,UPI,South,Basic,No,0,35825.4,0.24012684083412222,Low,Standard engagement
CUST103446,24,3136.69,1,0,21.0,Two Year,UPI,East,Standard,No,0,37640.28,0.2395882556911162,Low,Standard engagement
CUST102364,55,3153.71,4,1,49.7,One Year,Debit Card,North,Premium,Yes,0,37844.52,0.23903052191903548,Low,Standard engagement
CUST104238,55,3111.02,2,2,37.8,Two Year,Cash,South,Basic,No,1,37332.24,0.23807118381936365,Low,Standard engagement
CUST101764,42,3096.72,2,3,56.1,One Year,Debit Card,West,Basic,Yes,1,37160.64,0.237941789978268,Low,Standard engagement
CUST104156,51,3153.64,4,1,50.6,Two Year,UPI,North,Premium,No,1,37843.68,0.23760669179629887,Low,Standard engagement
CUST102618,48,3026.18,1,1,34.0,Month-to-Month,Credit Card,North,Basic,Yes,0,36314.16,0.23546753872442572,Low,Standard engagement
CUST102170,2,3050.92,2,1,47.2,One Year,UPI,South,Premium,No,0,36611.04,0.23460884951397218,Low,Standard engagement
CUST103299,58,3090.17,3,1,31.4,Month-to-Month,Net Banking,South,Premium,No,0,37082.04,0.2345524144599676,Low,Standard engagement
CUST103580,64,3048.52,2,1,2.0,Month-to-Month,Net Banking,West,Basic,No,0,36582.24,0.23454340690876302,Low,Standard engagement
CUST101115,36,3005.29,1,2,47.2,Month-to-Month,Debit Card,North,Basic,No,1,36063.48,0.2341991176533892,Low,Standard engagement
CUST102578,70,3213.6,0,0,18.6,Two Year,Net Banking,West,Basic,No,1,38563.2,0.2340682500165283,Low,Standard engagement
CUST105143,41,3134.9,1,1,43.1,One Year,Debit Card,South,Standard,No,0,37618.8,0.23389270463131906,Low,Standard engagement
CUST104431,7,3154.99,0,1,68.7,Two Year,Debit Card,South,Standard,No,0,37859.88,0.23305954601037596,Low,Standard engagement
CUST103991,55,3166.8,2,2,57.4,One Year,Net Banking,North,Basic,Yes,1,38001.6,0.23295009456943405,Low,Standard engagement
CUST102905,63,3161.88,1,1,48.2,One Year,Credit Card,South,Standard,No,0,37942.56,0.23140107614365446,Low,Standard engagement
CUST102160,59,3198.71,2,2,51.6,Two Year,Cash,East,Standard,Yes,0,38384.52,0.2307571824616819,Low,Standard engagement
CUST105212,34,3066.08,1,3,42.0,One Year,Credit Card,North,Premium,Yes,0,36792.96,0.23059315846099487,Low,Standard engagement
CUST104384,28,3013.2,6,1,32.0,Month-to-Month,Debit Card,South,Standard,Yes,0,36158.4,0.22903537086403222,Low,Standard engagement
CUST104244,26,3081.75,1,2,52.0,One Year,Debit Card,East,Basic,No,0,36981.0,0.22886437147120903,Low,Standard engagement
CUST104199,18,2990.21,6,1,61.5,Month-to-Month,UPI,South,Basic,Yes,0,35882.52,0.22752932594962452,Low,Standard engagement
CUST102426,12,3052.79,1,0,73.6,Month-to-Month,UPI,West,Basic,Yes,1,36633.48,0.22661066363284912,Low,Standard engagement
CUST102851,29,3138.47,0,1,51.4,One Year,Credit Card,West,Standard,Yes,0,37661.64,0.22602571853819828,Low,Standard engagement
CUST102207,61,2999.71,5,1,28.8,Month-to-Month,UPI,South,Basic,No,0,35996.52,0.22526093857024407,Low,Standard engagement
CUST105388,36,3042.11,4,0,67.0,Month-to-Month,UPI,North,Basic,No,0,36505.32,0.22427839094911703,Low,Standard engagement
CUST101031,13,2936.58,1,3,26.1,Month-to-Month,Credit Card,South,Standard,No,0,35238.96,0.22398609114531004,Low,Standard engagement
CUST104409,24,2983.71,3,4,68.9,Month-to-Month,Credit Card,North,Standard,No,0,35804.52,0.2222095150549137,Low,Standard engagement
CUST105171,33,3146.04,2,1,60.3,Two Year,UPI,East,Basic,Yes,0,37752.48,0.22148705645844666,Low,Standard engagement
CUST103034,8,3106.51,3,1,46.3,Two Year,Net Banking,North,Basic,No,0,37278.12,0.221388712799459,Low,Standard engagement
CUST100640,49,3120.35,3,1,37.6,One Year,UPI,South,Standard,Yes,0,37444.2,0.21974890280539508,Low,Standard engagement
CUST104365,61,3253.83,1,1,64.4,Two Year,Net Banking,West,Premium,No,0,39045.96,0.21875796050774365,Low,Standard engagement
CUST105448,31,3094.17,0,0,2.0,Two Year,Debit Card,South,Premium,No,1,37130.04,0.21868516703160226,Low,Standard engagement
CUST102591,28,3023.59,5,1,30.7,Month-to-Month,Net Banking,South,Premium,No,0,36283.08,0.21798463245184196,Low,Standard engagement
CUST100775,69,3043.76,1,0,2.0,Month-to-Month,Debit Card,West,Basic,Yes,0,36525.12,0.2177350870060974,Low,Standard engagement
CUST103030,53,3125.92,1,0,50.6,One Year,UPI,North,Basic,No,0,37511.04,0.21769058999906074,Low,Standard engagement
CUST103605,10,2942.29,2,3,31.6,Month-to-Month,Debit Card,South,Standard,No,0,35307.48,0.21583995929692484,Low,Standard engagement
CUST100764,26,3017.78,1,1,43.4,Month-to-Month,Credit Card,South,Standard,No,1,36213.36,0.21580756084792224,Low,Standard engagement
CUST100772,1,2944.66,0,1,33.4,Month-to-Month,UPI,South,Basic,Yes,1,35335.92,0.21438217024400938,Low,Standard engagement
CUST103521,24,3176.12,1,1,49.2,Two Year,Net Banking,South,Standard,No,0,38113.44,0.21403253068008168,Low,Standard engagement
CUST103743,32,3048.91,1,2,41.5,One Year,Credit Card,South,Basic,Yes,0,36586.92,0.2135995851447977,Low,Standard engagement
CUST102671,62,3103.25,3,3,54.7,One Year,Credit Card,West,Premium,No,0,37239.0,0.21284742203329995,Low,Standard engagement
CUST103297,66,3211.32,2,2,62.3,One Year,Net Banking,West,Standard,No,0,38535.84,0.2123694047973321,Low,Standard engagement
CUST104688,1,2906.75,3,3,43.3,Month-to-Month,Credit Card,East,Basic,No,0,34881.0,0.21229551324988885,Low,Standard engagement
CUST102249,31,3133.65,2,1,45.1,One Year,Debit Card,East,Standard,Yes,0,37603.8,0.21194637439354247,Low,Standard engagement
CUST105898,47,3070.65,2,1,38.7,One Year,Credit Card,North,Basic,No,0,36847.8,0.2118077592560111,Low,Standard engagement
CUST104418,52,3084.66,1,0,49.8,Month-to-Month,Credit Card,South,Standard,No,0,37015.92,0.21154532117640396,Low,Standard engagement
CUST104853,5,2958.01,2,1,29.4,Month-to-Month,Cash,West,Premium,No,1,35496.12,0.21097826760204602,Low,Standard engagement
CUST100488,56,3073.13,1,0,38.0,Month-to-Month,UPI,North,Standard,No,0,36877.56,0.21055076821278437,Low,Standard engagement
CUST105402,49,3107.0,2,1,47.2,One Year,UPI,South,Premium,No,0,37284.0,0.20991381950370055,Low,Standard engagement
CUST104511,38,3079.57,2,0,29.6,One Year,Credit Card,East,Basic,No,0,36954.84,0.2087524788886365,Low,Standard engagement
CUST103166,54,3151.51,6,1,59.5,One Year,Net Banking,West,Basic,No,0,37818.12,0.20853250062871095,Low,Standard engagement
CUST105011,4,3043.08,2,0,52.7,One Year,UPI,South,Basic,No,0,36516.96,0.2083798211514047,Low,Standard engagement
CUST101109,4,3165.51,4,1,89.5,Two Year,Cash,East,Standard,Yes,1,37986.12,0.20679449897632532,Low,Standard engagement
CUST104793,19,2960.74,0,2,43.6,Month-to-Month,UPI,South,Basic,Yes,1,35528.88,0.20646654896247035,Low,Standard engagement
CUST105890,54,3089.53,2,1,55.9,Month-to-Month,Debit Card,West,Standard,No,1,37074.36,0.20625223288403693,Low,Standard engagement
CUST103687,68,3045.69,3,2,41.7,Month-to-Month,Credit Card,East,Premium,No,1,36548.28,0.20503484060568203,Low,Standard engagement
CUST103620,72,3061.32,3,2,55.9,Month-to-Month,Credit Card,East,Basic,Yes,0,36735.84,0.20494490225761913,Low,Standard engagement
CUST102635,2,3063.23,3,1,29.3,Two Year,Credit Card,East,Standard,No,0,36758.76,0.20475574693690943,Low,Standard engagement
CUST103235,42,3126.53,2,0,46.8,One Year,UPI,South,Standard,No,0,37518.36,0.2047103168938478,Low,Standard engagement
CUST100556,53,2939.01,1,4,34.0,Month-to-Month,Credit Card,South,Basic,No,0,35268.12,0.20459056354726937,Low,Standard engagement
CUST102993,62,3086.38,1,0,17.3,Month-to-Month,Net Banking,West,Basic,Yes,0,37036.56,0.20428774333699798,Low,Standard engagement
CUST100779,62,3038.22,3,2,39.1,Month-to-Month,Credit Card,West,Standard,No,0,36458.64,0.20427899006641026,Low,Standard engagement
CUST100906,30,3013.45,0,2,52.7,Month-to-Month,Credit Card,South,Standard,No,1,36161.4,0.2038615203340473,Low,Standard engagement
CUST102242,33,2992.38,2,1,24.7,Month-to-Month,UPI,East,Premium,No,1,35908.56,0.2037969039162691,Low,Standard engagement
CUST103897,2,2939.73,0,1,42.1,Month-to-Month,Credit Card,South,Basic,No,1,35276.76,0.20360147734756925,Low,Standard engagement
CUST104149,29,3051.38,0,0,68.8,Month-to-Month,UPI,South,Basic,Yes,0,36616.56,0.20268265814691544,Low,Standard engagement
CUST103341,23,3065.06,4,0,50.4,One Year,Credit Card,West,Basic,No,0,36780.72,0.20197653850675898,Low,Standard engagement
CUST100731,31,3014.27,3,1,33.3,Month-to-Month,Credit Card,West,Standard,Yes,0,36171.24,0.20187764356794466,Low,Standard engagement
CUST103210,70,3152.76,1,1,45.1,Two Year,UPI,West,Basic,No,1,37833.12,0.20177457364592535,Low,Standard engagement
CUST103869,52,3064.5,3,1,24.9,Month-to-Month,Net Banking,North,Standard,No,0,36774.0,0.20154820623504094,Low,Standard engagement
CUST102489,26,3003.81,2,1,36.9,Month-to-Month,Credit Card,West,Standard,No,0,36045.72,0.20110638474968656,Low,Standard engagement
CUST105278,28,3033.16,2,1,55.5,Month-to-Month,UPI,West,Standard,No,0,36397.92,0.20107405495975675,Low,Standard engagement
CUST101135,5,3096.6,0,0,57.8,Month-to-Month,Net Banking,West,Standard,Yes,1,37159.2,0.20035817904244035,Low,Standard engagement
CUST102470,65,3205.45,3,0,29.5,Two Year,Net Banking,East,Basic,Yes,0,38465.4,0.20032225912623552,Low,Standard engagement
CUST101589,3,3048.33,0,3,40.5,Two Year,UPI,East,Premium,Yes,1,36579.96,0.1989006190402871,Low,Standard engagement
CUST104026,16,2989.78,4,0,48.2,Month-to-Month,Debit Card,West,Basic,No,1,35877.36,0.19807532792419516,Low,Standard engagement
CUST101215,9,3072.18,1,2,61.1,One Year,Net Banking,North,Basic,No,0,36866.16,0.19797548921960653,Low,Standard engagement
CUST100227,42,3143.28,2,1,64.1,One Year,UPI,East,Standard,No,0,37719.36,0.1978845173417931,Low,Standard engagement
CUST104488,48,3035.84,1,1,49.9,Month-to-Month,Credit Card,North,Premium,No,0,36430.08,0.19781497515200577,Low,Standard engagement
CUST103021,10,2972.55,0,1,43.8,Month-to-Month,Debit Card,West,Basic,No,0,35670.6,0.19768060216463518,Low,Standard engagement
CUST104936,70,3134.55,2,1,31.7,One Year,UPI,North,Standard,Yes,0,37614.6,0.19755494023063566,Low,Standard engagement
CUST102980,52,3031.09,3,1,41.1,Month-to-Month,Debit Card,South,Premium,No,0,36373.08,0.19721459616113926,Low,Standard engagement
CUST101962,11,3100.68,2,0,62.6,Two Year,UPI,West,Basic,No,0,37208.16,0.19668076008293608,Low,Standard engagement
CUST100184,36,3031.45,1,0,30.1,Month-to-Month,UPI,West,Standard,No,0,36377.4,0.19662186164895706,Low,Standard engagement
CUST104370,41,3069.55,2,1,36.7,One Year,UPI,West,Basic,Yes,0,36834.6,0.19615971738610627,Low,Standard engagement
CUST104643,5,3087.54,0,1,59.2,One Year,Net Banking,North,Basic,No,1,37050.48,0.195791571260022,Low,Standard engagement
CUST105023,31,3046.43,2,2,27.1,One Year,Credit Card,South,Standard,Yes,0,36557.16,0.19566294956910538,Low,Standard engagement
CUST103393,14,3066.24,7,2,54.8,Two Year,UPI,South,Standard,Yes,0,36794.88,0.19531710242927114,Low,Standard engagement
CUST102504,4,3116.18,1,1,37.2,Two Year,Net Banking,North,Standard,No,0,37394.16,0.1949872489778432,Low,Standard engagement
CUST104715,37,3045.85,0,1,60.3,Month-to-Month,Credit Card,West,Premium,No,0,36550.2,0.19422385807461715,Low,Standard engagement
CUST104582,12,3053.55,0,1,47.5,Month-to-Month,Net Banking,West,Standard,No,0,36642.6,0.19204346496525002,Low,Standard engagement
CUST100059,50,3135.05,2,1,64.5,One Year,Credit Card,South,Standard,No,0,37620.6,0.19190719698647987,Low,Standard engagement
CUST100862,9,3011.64,2,0,51.5,Month-to-Month,UPI,West,Premium,Yes,0,36139.68,0.19132616419960607,Low,Standard engagement
CUST102332,20,3084.53,3,2,72.0,One Year,UPI,North,Standard,Yes,0,37014.36,0.18860592294875764,Low,Standard engagement
CUST101118,53,3090.87,2,2,72.4,Month-to-Month,Debit Card,West,Standard,Yes,1,37090.44,0.18813898299874693,Low,Standard engagement
CUST103848,54,3165.26,2,0,61.2,Two Year,UPI,East,Basic,No,0,37983.12,0.18764125571167145,Low,Standard engagement
CUST104458,9,3081.07,3,2,52.2,Two Year,Debit Card,South,Standard,Yes,0,36972.84,0.1868473051114708,Low,Standard engagement
CUST105948,68,3121.37,1,2,21.8,Two Year,Credit Card,West,Standard,No,0,37456.44,0.1859795221222657,Low,Standard engagement
CUST103953,34,3061.44,2,3,64.1,Two Year,Cash,South,Basic,No,0,36737.28,0.18492439575286795,Low,Standard engagement
CUST101435,8,3049.05,1,1,45.4,Two Year,UPI,South,Basic,Yes,0,36588.6,0.1841319398784415,Low,Standard engagement
CUST101095,6,3014.18,2,2,30.0,One Year,Credit Card,West,Standard,Yes,0,36170.16,0.18397266719907052,Low,Standard engagement
CUST104558,55,2975.03,2,5,39.5,Month-to-Month,UPI,East,Standard,Yes,0,35700.36,0.18295825637565208,Low,Standard engagement
CUST105007,60,3101.28,2,1,40.0,One Year,Credit Card,East,Basic,Yes,0,37215.36,0.1822508098442183,Low,Standard engagement
CUST102380,13,3005.0,3,0,59.3,Month-to-Month,Credit Card,West,Premium,No,0,36060.0,0.18123633332888656,Low,Standard engagement
CUST100318,68,3150.79,0,2,65.3,Two Year,UPI,South,Basic,Yes,1,37809.48,0.18107736897353083,Low,Standard engagement
CUST104135,70,3105.87,0,2,34.0,Month-to-Month,Net Banking,West,Standard,Yes,0,37270.44,0.18075803846543517,Low,Standard engagement
CUST105491,57,3140.36,1,1,18.5,One Year,Net Banking,North,Standard,Yes,0,37684.32,0.17916716656853493,Low,Standard engagement
CUST101876,17,3127.62,3,0,73.3,Two Year,Debit Card,East,Basic,No,0,37531.44,0.1784368149083306,Low,Standard engagement
CUST103664,37,3042.07,0,0,48.6,Month-to-Month,Credit Card,South,Standard,No,0,36504.84,0.17841938926598816,Low,Standard engagement
CUST100904,34,3048.15,1,0,39.9,Month-to-Month,UPI,East,Standard,Yes,0,36577.8,0.17678438978064562,Low,Standard engagement
CUST101809,70,3084.73,1,4,57.7,One Year,Debit Card,South,Premium,No,0,37016.76,0.17490157380056257,Low,Standard engagement
CUST100106,57,3120.8,2,3,49.2,One Year,Net Banking,South,Standard,No,0,37449.6,0.17322042825545922,Low,Standard engagement
CUST105223,59,2986.94,2,3,31.2,Month-to-Month,Debit Card,North,Standard,No,0,35843.28,0.17284602073990746,Low,Standard engagement
CUST101112,14,3035.73,0,0,69.2,Month-to-Month,UPI,East,Premium,No,0,36428.76,0.17242205304636765,Low,Standard engagement
CUST104614,41,2951.98,1,1,28.6,Month-to-Month,UPI,South,Basic,No,0,35423.76,0.17202753938836837,Low,Standard engagement
CUST101841,7,2939.27,2,2,41.5,Month-to-Month,UPI,West,Standard,No,0,35271.24,0.1717503276567629,Low,Standard engagement
CUST101471,51,3109.44,2,0,54.3,Month-to-Month,Net Banking,North,Standard,No,0,37313.28,0.17142773280753149,Low,Standard engagement
CUST104894,35,2990.55,4,0,42.3,Month-to-Month,Debit Card,West,Basic,No,0,35886.6,0.17076708502920415,Low,Standard engagement
CUST105695,5,2995.85,1,0,3.7,Two Year,Credit Card,North,Basic,Yes,0,35950.2,0.1701886952211091,Low,Standard engagement
CUST105651,54,3075.18,2,0,53.7,Month-to-Month,Net Banking,North,Basic,No,0,36902.16,0.16953651456000296,Low,Standard engagement
CUST102559,43,2971.83,2,3,15.6,One Year,Credit Card,South,Basic,Yes,0,35661.96,0.169524856704102,Low,Standard engagement
CUST100108,34,3069.07,0,0,52.2,Month-to-Month,Net Banking,East,Basic,No,0,36828.84,0.16948433832271895,Low,Standard engagement
CUST105168,26,3025.28,4,0,14.0,Two Year,Credit Card,North,Basic,Yes,0,36303.36,0.16650342201636545,Low,Standard engagement
CUST104344,27,2921.41,3,2,38.4,Month-to-Month,Credit Card,North,Basic,Yes,0,35056.92,0.16419631734974482,Low,Standard engagement
CUST104247,14,2990.75,1,3,52.0,One Year,Credit Card,South,Premium,No,1,35889.0,0.16315831657772922,Low,Standard engagement
CUST100880,7,2929.95,1,1,17.3,Month-to-Month,Net Banking,North,Basic,No,0,35159.4,0.16272381959170462,Low,Standard engagement
CUST102673,14,2962.21,1,2,46.4,Month-to-Month,UPI,East,Standard,No,0,35546.52,0.16268768902251995,Low,Standard engagement
CUST103818,46,3041.63,4,1,23.0,One Year,Credit Card,East,Premium,No,0,36499.56,0.16243108563840628,Low,Standard engagement
CUST105773,2,2962.38,0,1,34.5,Month-to-Month,Debit Card,East,Premium,Yes,0,35548.56,0.1603252399857243,Low,Standard engagement
CUST104584,43,3010.56,1,0,46.9,Month-to-Month,Credit Card,East,Basic,No,0,36126.72,0.16005269950147136,Low,Standard engagement
CUST103383,66,3131.84,0,1,52.8,One Year,Credit Card,East,Premium,No,0,37582.08,0.1593779545046586,Low,Standard engagement
CUST101481,1,3018.67,2,3,45.5,Two Year,Debit Card,West,Standard,No,0,36224.04,0.15777351083952557,Low,Standard engagement
CUST105885,59,3010.41,1,3,32.4,Month-to-Month,Debit Card,East,Standard,Yes,0,36124.92,0.15718721447596828,Low,Standard engagement
CUST102655,41,2993.86,3,2,19.0,Month-to-Month,Net Banking,West,Standard,No,0,35926.32,0.15564985940956247,Low,Standard engagement
CUST105404,2,3094.21,3,0,37.2,Two Year,Net Banking,South,Standard,No,0,37130.52,0.15548486045887475,Low,Standard engagement
CUST105213,45,3157.12,1,1,44.2,Two Year,Net Banking,South,Standard,No,0,37885.44,0.15373969945308785,Low,Standard engagement
CUST103369,9,2938.19,5,2,34.4,One Year,Credit Card,West,Basic,No,0,35258.28,0.15353554972803057,Low,Standard engagement
CUST103651,6,3044.11,2,0,33.0,Two Year,Credit Card,South,Premium,Yes,0,36529.32,0.1534965733632967,Low,Standard engagement
CUST105625,50,3057.5,4,0,61.3,Month-to-Month,Net Banking,North,Basic,No,0,36690.0,0.1534519016393245,Low,Standard engagement
CUST104906,21,2950.84,2,2,2.0,One Year,Credit Card,South,Standard,No,0,35410.08,0.15332631249831197,Low,Standard engagement
CUST102595,12,2949.55,3,0,44.2,Month-to-Month,Credit Card,South,Premium,No,1,35394.6,0.15255809007990978,Low,Standard engagement
CUST104211,52,2967.94,0,3,30.5,Month-to-Month,UPI,South,Standard,Yes,0,35615.28,0.15251880847856755,Low,Standard engagement
CUST104859,55,3023.32,0,2,67.4,Month-to-Month,Cash,West,Basic,Yes,0,36279.84,0.15174127989162595,Low,Standard engagement
CUST105363,62,3119.86,0,2,38.0,Two Year,Net Banking,North,Basic,No,0,37438.32,0.15119569967861243,Low,Standard engagement
CUST102621,29,3009.77,3,1,63.4,Month-to-Month,UPI,East,Premium,Yes,0,36117.24,0.15060049223681576,Low,Standard engagement
CUST105240,26,3087.53,2,1,58.8,Two Year,UPI,South,Premium,Yes,0,37050.36,0.15008154683442318,Low,Standard engagement
CUST105318,55,3016.52,3,3,74.4,Month-to-Month,Credit Card,West,Standard,No,0,36198.24,0.14946682553701834,Low,Standard engagement
CUST103724,1,2962.88,3,1,51.7,Month-to-Month,Credit Card,East,Standard,Yes,1,35554.56,0.1491709729581374,Low,Standard engagement
CUST100723,9,2943.86,6,0,38.1,Month-to-Month,Debit Card,South,Standard,No,0,35326.32,0.14839556335357632,Low,Standard engagement
CUST103844,67,3095.71,3,0,40.7,One Year,UPI,North,Premium,No,0,37148.52,0.14820459375583978,Low,Standard engagement
CUST105198,41,2968.94,1,1,36.6,Month-to-Month,Debit Card,South,Basic,Yes,0,35627.28,0.14765326642607168,Low,Standard engagement
CUST104979,44,3021.63,3,0,43.1,Month-to-Month,Net Banking,South,Basic,No,0,36259.56,0.14759192469967775,Low,Standard engagement
CUST101976,68,3095.67,3,1,70.7,One Year,UPI,North,Basic,No,0,37148.04,0.1473802492462486,Low,Standard engagement
CUST103730,52,3092.75,1,0,31.2,Two Year,Credit Card,East,Basic,No,0,37113.0,0.14711840462924622,Low,Standard engagement
CUST104720,42,3127.51,3,0,64.6,Two Year,UPI,East,Basic,Yes,0,37530.12,0.14675725952150162,Low,Standard engagement
CUST103702,18,3000.65,2,0,53.1,Month-to-Month,Net Banking,North,Basic,No,0,36007.8,0.14636432154573337,Low,Standard engagement
CUST105553,47,3070.58,1,2,49.9,One Year,Debit Card,South,Standard,No,0,36846.96,0.14635843659536743,Low,Standard engagement
CUST103471,54,3000.66,0,1,48.3,Month-to-Month,Cash,South,Basic,Yes,1,36007.92,0.14629336092019474,Low,Standard engagement
CUST102094,12,3012.87,0,1,42.4,Month-to-Month,Net Banking,North,Standard,Yes,0,36154.44,0.14527333282435134,Low,Standard engagement
CUST100875,37,3091.25,3,1,28.1,One Year,Net Banking,East,Standard,No,0,37095.0,0.14496476718497453,Low,Standard engagement
CUST104673,63,3016.07,1,1,58.6,Month-to-Month,Credit Card,West,Basic,No,0,36192.84,0.1439896107907932,Low,Standard engagement
CUST100869,3,2957.28,0,3,54.4,Month-to-Month,Net Banking,West,Premium,No,0,35487.36,0.143895618939742,Low,Standard engagement
CUST101478,17,3051.33,2,1,45.5,One Year,Net Banking,East,Basic,No,0,36615.96,0.1417545215691393,Low,Standard engagement
CUST105953,48,3023.91,3,1,61.1,Month-to-Month,Debit Card,South,Standard,No,0,36286.92,0.14144290084957287,Low,Standard engagement
CUST100573,4,3000.65,3,0,68.2,Month-to-Month,Net Banking,West,Basic,No,0,36007.8,0.1406833027758908,Low,Standard engagement
CUST103270,12,2987.52,2,0,16.4,One Year,Debit Card,North,Premium,No,0,35850.24,0.14009013067461712,Low,Standard engagement
CUST102302,42,2937.45,1,3,27.7,Month-to-Month,Debit Card,East,Premium,No,0,35249.4,0.14008143471247192,Low,Standard engagement
CUST101280,54,3053.62,3,0,56.4,Month-to-Month,Cash,East,Premium,Yes,0,36643.44,0.14006323324255804,Low,Standard engagement
CUST104869,51,3039.26,1,2,50.2,One Year,UPI,East,Basic,No,0,36471.12,0.13972694473794128,Low,Standard engagement
CUST101918,33,2978.69,0,2,50.5,Month-to-Month,Cash,West,Standard,No,0,35744.28,0.13910447756154726,Low,Standard engagement
CUST101860,54,3094.17,2,0,58.3,Month-to-Month,Net Banking,East,Premium,No,1,37130.04,0.1364963776930663,Low,Standard engagement
CUST101495,32,2992.38,2,2,32.0,One Year,Credit Card,West,Premium,No,0,35908.56,0.13631141872009592,Low,Standard engagement
CUST104290,5,2998.8,2,1,26.9,Two Year,UPI,North,Standard,No,1,35985.6,0.13613608640014752,Low,Standard engagement
CUST101584,46,3024.43,2,2,51.0,One Year,Credit Card,East,Basic,No,1,36293.16,0.13537727547340736,Low,Standard engagement
CUST105985,23,2963.03,1,1,26.7,One Year,Credit Card,North,Basic,No,0,35556.36,0.13510947349429078,Low,Standard engagement
CUST104456,43,3100.28,4,0,50.6,Two Year,UPI,South,Standard,No,0,37203.36,0.1348441985304395,Low,Standard engagement
CUST104363,70,2952.59,6,3,65.8,Month-to-Month,Credit Card,South,Basic,No,0,35431.08,0.13426732735237457,Low,Standard engagement
CUST104472,36,2899.59,5,2,2.0,Month-to-Month,Net Banking,North,Basic,Yes,0,34795.08,0.13399413220989967,Low,Standard engagement
CUST104029,30,2957.48,0,1,34.6,Month-to-Month,Credit Card,East,Premium,No,0,35489.76,0.1337326119471609,Low,Standard engagement
CUST100890,8,2968.21,0,0,38.7,Month-to-Month,UPI,West,Standard,Yes,0,35618.52,0.13336765792042346,Low,Standard engagement
CUST102933,32,2883.78,3,2,34.2,Month-to-Month,Credit Card,South,Basic,No,0,34605.36,0.1333513807757246,Low,Standard engagement
CUST101138,54,3026.95,4,0,32.5,Month-to-Month,Net Banking,South,Premium,No,0,36323.4,0.13311057198125442,Low,Standard engagement
CUST104152,66,3103.89,0,0,35.2,Month-to-Month,Net Banking,West,Standard,Yes,0,37246.68,0.13300774621694514,Low,Standard engagement
CUST104849,65,2996.76,4,1,33.1,Month-to-Month,Debit Card,South,Standard,No,0,35961.12,0.13279066941581663,Low,Standard engagement
CUST100598,46,2994.57,3,1,33.2,One Year,UPI,South,Basic,No,0,35934.84,0.13265864515378806,Low,Standard engagement
CUST101048,49,2918.8,1,3,40.4,Month-to-Month,UPI,North,Basic,Yes,0,35025.6,0.13233411551339616,Low,Standard engagement
CUST103086,14,3018.28,1,2,60.2,One Year,UPI,West,Standard,No,0,36219.36,0.13093848786943305,Low,Standard engagement
CUST103197,59,3044.04,0,3,57.5,One Year,Credit Card,North,Premium,No,0,36528.48,0.13039945902980277,Low,Standard engagement
CUST103732,29,2908.75,4,3,38.5,Month-to-Month,UPI,East,Premium,Yes,0,34905.0,0.12980679936275558,Low,Standard engagement
CUST104130,1,2921.49,3,0,52.4,Month-to-Month,Debit Card,West,Basic,No,0,35057.88,0.1279373994368575,Low,Standard engagement
CUST101434,24,3002.92,2,3,44.6,Two Year,UPI,South,Standard,No,0,36035.04,0.12751268106212799,Low,Standard engagement
CUST102530,66,3045.92,2,4,61.8,One Year,Debit Card,East,Basic,Yes,0,36551.04,0.12747261927600761,Low,Standard engagement
CUST105075,28,2994.98,3,1,28.2,One Year,Credit Card,East,Premium,No,0,35939.76,0.1265111542876259,Low,Standard engagement
CUST105547,4,2951.03,0,0,42.0,Month-to-Month,Credit Card,North,Standard,Yes,0,35412.36,0.12621641282510898,Low,Standard engagement
CUST102734,33,2995.21,2,4,51.5,Two Year,Cash,South,Premium,No,0,35942.52,0.1261257352942499,Low,Standard engagement
CUST100011,71,3054.69,1,1,39.6,One Year,Credit Card,West,Basic,No,0,36656.28,0.12528776021963314,Low,Standard engagement
CUST100886,4,2869.66,2,5,25.5,One Year,Credit Card,North,Premium,Yes,0,34435.92,0.12461855406899008,Low,Standard engagement
CUST100499,31,2825.01,6,4,40.2,Month-to-Month,UPI,North,Basic,No,0,33900.12,0.12332583094395612,Low,Standard engagement
CUST105913,12,3031.4,1,1,48.0,Two Year,Credit Card,North,Premium,Yes,0,36376.8,0.12292880870118691,Low,Standard engagement
CUST100091,58,3012.55,1,2,65.2,Month-to-Month,Debit Card,West,Premium,No,0,36150.6,0.12258786394052591,Low,Standard engagement
CUST104768,9,2953.62,3,1,26.5,One Year,Debit Card,West,Basic,Yes,0,35443.44,0.12241808634654247,Low,Standard engagement
CUST100970,22,2945.83,1,0,26.1,Month-to-Month,Debit Card,North,Premium,Yes,0,35349.96,0.12231224313025883,Low,Standard engagement
CUST100866,60,3145.1,0,1,60.5,One Year,Net Banking,West,Premium,No,0,37741.2,0.1220236633175496,Low,Standard engagement
CUST103039,15,2980.13,0,0,53.8,Month-to-Month,UPI,North,Standard,Yes,0,35761.56,0.12200606435397165,Low,Standard engagement
CUST105042,29,3055.59,1,1,25.5,One Year,Net Banking,West,Standard,No,0,36667.08,0.12154776632573287,Low,Standard engagement
CUST105619,12,2863.96,4,0,24.5,Month-to-Month,Credit Card,South,Basic,No,0,34367.52,0.1207778404429487,Low,Standard engagement
CUST105957,52,3003.88,1,2,57.6,Month-to-Month,Debit Card,West,Standard,No,0,36046.56,0.12066306772449609,Low,Standard engagement
CUST102272,22,2941.55,2,1,43.5,Month-to-Month,Credit Card,West,Standard,No,0,35298.6,0.12061351380740419,Low,Standard engagement
CUST105103,36,3055.6,2,1,44.9,One Year,Debit Card,East,Standard,No,0,36667.2,0.12041055886468581,Low,Standard engagement
CUST101207,52,3039.27,2,1,50.4,Month-to-Month,Net Banking,North,Standard,No,0,36471.24,0.11984412474509548,Low,Standard engagement
CUST102816,49,3057.2,1,1,33.9,Two Year,UPI,East,Basic,Yes,0,36686.4,0.1194886750896563,Low,Standard engagement
CUST102999,48,2931.46,3,1,20.1,Month-to-Month,Credit Card,South,Standard,No,1,35177.52,0.11933173007391772,Low,Standard engagement
CUST103951,16,2952.8,2,1,70.4,Month-to-Month,Credit Card,East,Basic,Yes,0,35433.6,0.11906955316110437,Low,Standard engagement
CUST100819,72,3004.25,5,1,52.6,Month-to-Month,UPI,South,Standard,No,0,36051.0,0.11894846959265823,Low,Standard engagement
CUST102729,34,2909.22,4,2,32.0,Month-to-Month,UPI,West,Premium,Yes,0,34910.64,0.1185584093282071,Low,Standard engagement
CUST103239,3,2855.23,2,2,40.1,Month-to-Month,Credit Card,East,Basic,No,0,34262.76,0.1180964195564801,Low,Standard engagement
CUST105759,1,3022.86,4,1,43.9,Two Year,Net Banking,East,Basic,No,1,36274.32,0.1179620346361863,Low,Standard engagement
CUST105244,26,3024.36,3,0,51.9,Month-to-Month,Net Banking,West,Standard,No,0,36292.32,0.1170274404601274,Low,Standard engagement
CUST104623,6,2957.57,0,1,40.6,Month-to-Month,Net Banking,West,Premium,No,0,35490.84,0.11663416946970205,Low,Standard engagement
CUST103694,29,2924.21,1,2,45.9,Month-to-Month,UPI,South,Premium,Yes,0,35090.52,0.11659373130527013,Low,Standard engagement
CUST102824,45,2992.93,2,1,25.3,One Year,UPI,South,Premium,No,0,35915.16,0.11581766271938132,Low,Standard engagement
CUST103737,39,3010.6,2,2,14.9,One Year,Net Banking,West,Premium,No,0,36127.2,0.11580162900287917,Low,Standard engagement
CUST100776,31,2893.92,0,1,22.0,Month-to-Month,UPI,North,Basic,Yes,0,34727.04,0.11480722417658895,Low,Standard engagement
CUST103510,70,3100.01,0,1,40.2,One Year,Cash,West,Standard,Yes,0,37200.12,0.11409785515157385,Low,Standard engagement
CUST100444,37,2892.86,3,3,37.7,Month-to-Month,Credit Card,South,Standard,No,0,34714.32,0.11409356572433257,Low,Standard engagement
CUST100357,65,2961.14,2,0,33.9,Month-to-Month,Credit Card,North,Basic,No,0,35533.68,0.11395731913533147,Low,Standard engagement
CUST102759,31,2904.07,2,2,44.6,Month-to-Month,UPI,West,Basic,Yes,0,34848.84,0.11361684489472064,Low,Standard engagement
CUST105717,54,3089.87,3,0,53.1,One Year,UPI,East,Premium,Yes,0,37078.44,0.11356776229866059,Low,Standard engagement
CUST104642,69,2988.04,0,3,53.1,Month-to-Month,UPI,South,Standard,Yes,0,35856.48,0.11214110928070888,Low,Standard engagement
CUST100899,45,3004.39,3,2,2.7,Two Year,UPI,East,Standard,Yes,0,36052.68,0.11206612982200431,Low,Standard engagement
CUST105869,49,2990.3,2,1,35.9,Month-to-Month,Net Banking,West,Basic,Yes,0,35883.6,0.11152892201362598,Low,Standard engagement
CUST103840,63,2909.6,2,2,15.2,Month-to-Month,Credit Card,South,Premium,No,0,34915.2,0.11150396636052994,Low,Standard engagement
CUST100709,34,3100.65,1,0,43.5,Two Year,Net Banking,East,Basic,No,0,37207.8,0.1111975205144469,Low,Standard engagement
CUST100609,62,3030.56,1,0,51.1,Month-to-Month,UPI,South,Standard,Yes,0,36366.72,0.11064675298874999,Low,Standard engagement
CUST101811,47,2993.2,6,2,33.6,Two Year,Credit Card,South,Premium,No,0,35918.4,0.11057699680103568,Low,Standard engagement
CUST105451,54,2965.88,2,1,34.7,Month-to-Month,Debit Card,West,Premium,No,0,35590.56,0.11049747942802712,Low,Standard engagement
CUST102884,26,2904.07,2,2,39.4,Month-to-Month,Cash,South,Standard,No,0,34848.84,0.1104620582358131,Low,Standard engagement
CUST100412,21,2944.4,4,2,53.0,Month-to-Month,Debit Card,East,Standard,Yes,0,35332.8,0.11032179172056386,Low,Standard engagement
CUST103089,34,3038.61,2,0,74.2,One Year,UPI,North,Basic,No,0,36463.32,0.11023300624468291,Low,Standard engagement
CUST102011,29,3022.65,2,1,39.8,One Year,Cash,West,Standard,Yes,0,36271.8,0.10977315725688824,Low,Standard engagement
CUST105218,4,3005.36,0,0,36.4,One Year,Credit Card,West,Standard,Yes,0,36064.32,0.10879830222041134,Low,Standard engagement
CUST104695,61,2991.75,2,3,58.1,One Year,UPI,North,Basic,No,0,35901.0,0.1081852105668232,Low,Standard engagement
CUST105350,17,3002.16,0,1,51.0,One Year,UPI,North,Standard,No,0,36025.92,0.10794523152820955,Low,Standard engagement
CUST100623,31,2967.3,4,1,41.5,One Year,Cash,West,Basic,No,0,35607.6,0.10770600190632579,Low,Standard engagement
CUST104376,23,2892.08,1,1,8.5,Month-to-Month,Cash,East,Premium,Yes,0,34704.96,0.10605219070753534,Low,Standard engagement
CUST102150,24,2957.1,2,1,24.7,Two Year,Credit Card,South,Basic,No,0,35485.2,0.10585118742886668,Low,Standard engagement
CUST104320,48,3088.67,2,0,51.6,Two Year,Credit Card,South,Premium,Yes,0,37064.04,0.10583536359155961,Low,Standard engagement
CUST104264,44,2993.04,1,0,29.9,One Year,Cash,South,Basic,No,0,35916.48,0.1051971805697482,Low,Standard engagement
CUST102987,57,2933.25,1,2,30.3,Month-to-Month,Cash,West,Premium,No,0,35199.0,0.1049002069178426,Low,Standard engagement
CUST104743,24,2974.56,2,1,38.2,Two Year,Credit Card,South,Basic,No,0,35694.72,0.10414693701056539,Low,Standard engagement
CUST100582,8,2865.07,3,3,16.7,One Year,Credit Card,North,Premium,No,0,34380.84,0.10361961152961252,Low,Standard engagement
CUST101518,36,2928.43,1,0,31.0,Month-to-Month,UPI,North,Premium,No,0,35141.16,0.10324688912715949,Low,Standard engagement
CUST101578,9,3013.72,3,2,29.3,Two Year,Net Banking,North,Standard,Yes,0,36164.64,0.10314969520190329,Low,Standard engagement
CUST103256,13,2946.85,2,0,58.7,Month-to-Month,Debit Card,East,Basic,Yes,0,35362.2,0.10291942537390628,Low,Standard engagement
CUST103940,40,3050.18,2,0,35.1,Two Year,UPI,North,Standard,No,0,36602.16,0.10274476783079722,Low,Standard engagement
CUST102177,35,2993.21,0,1,32.7,One Year,UPI,West,Premium,No,0,35918.52,0.10263349482671859,Low,Standard engagement
CUST100892,38,2918.59,1,0,31.9,Month-to-Month,Credit Card,West,Basic,No,0,35023.08,0.10251439089497807,Low,Standard engagement
CUST101166,2,2958.37,4,1,65.1,One Year,Credit Card,West,Basic,Yes,0,35500.44,0.10137884045495228,Low,Standard engagement
CUST105428,3,2871.71,3,4,57.1,Month-to-Month,Net Banking,West,Basic,Yes,1,34460.52,0.10123875625785489,Low,Standard engagement
CUST102741,7,2839.04,1,2,14.9,Month-to-Month,UPI,West,Standard,No,0,34068.48,0.10056305214259954,Low,Standard engagement
CUST103480,58,2853.75,1,4,23.7,Month-to-Month,Debit Card,North,Basic,No,0,34245.0,0.09995650887718661,Low,Standard engagement
CUST104797,9,2878.06,1,2,47.5,Month-to-Month,UPI,South,Standard,No,0,34536.72,0.09967291823176078,Low,Standard engagement
CUST103626,56,3017.66,1,0,46.3,Month-to-Month,Net Banking,South,Basic,Yes,0,36211.92,0.09926657649937715,Low,Standard engagement
CUST103116,46,3025.87,2,1,50.6,One Year,Credit Card,South,Standard,No,0,36310.44,0.09920644366296735,Low,Standard engagement
CUST103496,8,2911.45,2,0,35.4,Month-to-Month,UPI,East,Premium,Yes,0,34937.4,0.09899475083066211,Low,Standard engagement
CUST100214,54,3074.69,2,0,50.4,Two Year,Credit Card,West,Basic,Yes,0,36896.28,0.09897918741236138,Low,Standard engagement
CUST103288,13,2852.58,0,1,24.8,Month-to-Month,UPI,North,Basic,Yes,0,34230.96,0.09897021620243736,Low,Standard engagement
CUST105393,60,2959.32,4,1,42.3,Month-to-Month,Debit Card,East,Basic,Yes,0,35511.84,0.09875514880978942,Low,Standard engagement
CUST103619,7,2915.85,3,2,25.1,One Year,Debit Card,North,Standard,No,0,34990.2,0.0983303640459954,Low,Standard engagement
CUST105226,23,2981.78,1,2,24.7,Two Year,Net Banking,South,Basic,No,0,35781.36,0.09730708119362663,Low,Standard engagement
CUST103260,32,2957.03,2,1,59.8,Month-to-Month,Debit Card,North,Standard,No,0,35484.36,0.09726102820711606,Low,Standard engagement
CUST100339,69,3004.77,1,0,29.5,Month-to-Month,Credit Card,West,Standard,Yes,0,36057.24,0.0971823833438171,Low,Standard engagement
CUST104965,8,2962.67,0,2,51.6,Two Year,Debit Card,North,Basic,No,0,35552.04,0.09710938846512082,Low,Standard engagement
CUST100701,45,3011.41,1,0,35.6,One Year,UPI,South,Premium,No,0,36136.92,0.0965455671456511,Low,Standard engagement
CUST103302,44,2938.55,4,0,33.6,Month-to-Month,Cash,South,Standard,No,0,35262.6,0.09626853799282112,Low,Standard engagement
CUST105595,26,2985.76,3,2,47.7,Two Year,Debit Card,East,Basic,No,0,35829.12,0.09625966879279411,Low,Standard engagement
CUST103939,37,2978.75,1,1,40.3,Month-to-Month,Net Banking,North,Premium,Yes,0,35745.0,0.0959091647812882,Low,Standard engagement
CUST101798,35,2879.05,4,1,20.3,Month-to-Month,Cash,West,Premium,No,0,34548.6,0.09440490565725122,Low,Standard engagement
CUST103668,31,2863.75,3,3,58.3,Month-to-Month,Credit Card,West,Basic,No,0,34365.0,0.09433510333659316,Low,Standard engagement
CUST103205,49,3049.88,3,1,50.7,Two Year,UPI,South,Standard,No,0,36598.56,0.09426453353434748,Low,Standard engagement
CUST105348,23,2964.22,0,0,56.2,Month-to-Month,Credit Card,South,Standard,Yes,0,35570.64,0.09404603079408944,Low,Standard engagement
CUST104563,14,2902.38,3,1,56.3,Month-to-Month,UPI,South,Standard,No,0,34828.56,0.09391843401857601,Low,Standard engagement
CUST103336,38,2977.09,2,2,82.2,Month-to-Month,UPI,East,Standard,No,0,35725.08,0.09362714963554081,Low,Standard engagement
CUST100434,32,2888.52,2,1,34.3,Month-to-Month,Credit Card,West,Basic,Yes,0,34662.24,0.09348011121942586,Low,Standard engagement
CUST100703,13,2910.05,1,1,33.1,Month-to-Month,Net Banking,East,Basic,No,0,34920.6,0.0934107388867807,Low,Standard engagement
CUST104021,4,2974.24,1,0,60.1,One Year,UPI,East,Basic,No,0,35690.88,0.09326637732586168,Low,Standard engagement
CUST104097,11,3001.5,1,0,49.8,One Year,Debit Card,South,Standard,No,0,36018.0,0.09282420500885599,Low,Standard engagement
CUST105579,28,2846.95,4,2,47.3,Month-to-Month,UPI,South,Basic,No,0,34163.4,0.09266684261743592,Low,Standard engagement
CUST100630,54,3013.14,3,2,36.2,Two Year,UPI,North,Premium,Yes,0,36157.68,0.09263127157955231,Low,Standard engagement
CUST101059,23,2864.59,4,2,21.9,Month-to-Month,Debit Card,North,Standard,Yes,0,34375.08,0.0924570075856913,Low,Standard engagement
CUST102666,18,2833.56,0,2,19.9,Month-to-Month,UPI,South,Premium,No,0,34002.72,0.0916880231742893,Low,Standard engagement
CUST100396,4,2912.61,3,0,53.9,Month-to-Month,Debit Card,South,Premium,Yes,0,34951.32,0.09104534653586016,Low,Standard engagement
CUST101716,47,2940.13,3,4,48.6,Month-to-Month,Net Banking,South,Standard,Yes,1,35281.56,0.09082072826996185,Low,Standard engagement
CUST102517,38,2980.36,4,0,31.3,Month-to-Month,Net Banking,North,Standard,Yes,0,35764.32,0.09071301242327443,Low,Standard engagement
CUST104070,7,2971.4,1,0,44.1,One Year,UPI,South,Standard,No,0,35656.8,0.09047959709438141,Low,Standard engagement
CUST100982,40,2931.48,3,1,49.1,Month-to-Month,Credit Card,East,Premium,No,0,35177.76,0.09043833046499927,Low,Standard engagement
CUST100913,71,3096.62,0,1,32.7,Two Year,UPI,East,Standard,Yes,0,37159.44,0.09039184849269989,Low,Standard engagement
CUST101137,27,2958.45,1,1,26.2,One Year,UPI,East,Premium,No,0,35501.4,0.08990974298349974,Low,Standard engagement
CUST105839,52,2976.64,3,3,39.8,One Year,Net Banking,South,Basic,No,1,35719.68,0.08962351376185362,Low,Standard engagement
CUST103190,1,2909.2,2,1,35.8,One Year,Debit Card,West,Basic,No,0,34910.4,0.08930394335315626,Low,Standard engagement
CUST103851,4,2797.48,1,1,10.3,Month-to-Month,UPI,West,Basic,No,0,33569.76,0.08891863352476627,Low,Standard engagement
CUST105484,39,3003.98,1,2,42.9,Two Year,Credit Card,South,Standard,No,0,36047.76,0.08760239621294624,Low,Standard engagement
CUST104696,6,2866.64,1,1,38.9,Month-to-Month,UPI,North,Standard,No,0,34399.68,0.08733981982879219,Low,Standard engagement
CUST105039,16,2905.63,1,5,70.2,Month-to-Month,Net Banking,West,Standard,No,0,34867.56,0.08727533530922134,Low,Standard engagement
CUST100823,47,2981.29,0,0,55.6,Month-to-Month,Credit Card,East,Premium,No,0,35775.48,0.08630978425847834,Low,Standard engagement
CUST103813,32,2862.44,2,1,38.5,Month-to-Month,UPI,South,Basic,No,0,34349.28,0.08630267005553816,Low,Standard engagement
CUST105214,58,2931.88,2,2,54.6,Month-to-Month,Cash,North,Premium,No,0,35182.56,0.08610828505116358,Low,Standard engagement
CUST100817,8,2889.77,2,1,21.9,One Year,Cash,North,Basic,Yes,0,34677.24,0.08601286247087499,Low,Standard engagement
CUST101344,14,2936.55,0,2,51.7,One Year,UPI,North,Premium,No,0,35238.6,0.08552133615936472,Low,Standard engagement
CUST100272,11,2822.87,2,2,41.7,Month-to-Month,UPI,West,Basic,No,0,33874.44,0.08541537171660495,Low,Standard engagement
CUST103075,54,2992.68,3,1,20.2,Two Year,Cash,South,Premium,No,0,35912.16,0.08535725889725199,Low,Standard engagement
CUST103049,51,2972.74,1,0,55.4,Month-to-Month,UPI,West,Premium,No,0,35672.88,0.08511725504040411,Low,Standard engagement
CUST102890,11,2975.3,1,1,46.5,One Year,Debit Card,West,Standard,No,0,35703.6,0.08498853712545325,Low,Standard engagement
CUST100505,33,2887.49,0,2,38.5,Month-to-Month,UPI,South,Standard,No,0,34649.88,0.08498466561128111,Low,Standard engagement
CUST102782,55,2934.49,2,3,19.3,One Year,Credit Card,North,Standard,No,0,35213.88,0.08471340471588272,Low,Standard engagement
CUST102901,58,3007.58,2,2,50.3,Two Year,UPI,West,Basic,No,0,36090.96,0.08466347826247171,Low,Standard engagement
CUST101064,55,2929.71,4,0,46.1,Month-to-Month,UPI,North,Basic,Yes,0,35156.52,0.08441055880970287,Low,Standard engagement
CUST100403,70,2928.49,5,2,36.3,Month-to-Month,Credit Card,North,Standard,Yes,0,35141.88,0.08413503750432372,Low,Standard engagement
CUST103060,18,2854.66,2,1,50.6,Month-to-Month,UPI,South,Basic,No,0,34255.92,0.08351725132275166,Low,Standard engagement
CUST101417,32,2980.4,1,0,40.2,One Year,UPI,North,Premium,No,0,35764.8,0.08277798206536907,Low,Standard engagement
CUST105500,69,3009.73,2,0,23.7,One Year,Debit Card,North,Basic,Yes,0,36116.76,0.08252842120594293,Low,Standard engagement
CUST103529,9,2896.13,2,0,43.0,Month-to-Month,Credit Card,West,Standard,No,0,34753.56,0.08243404639634645,Low,Standard engagement
CUST104747,19,2884.19,1,3,63.4,Month-to-Month,UPI,South,Standard,Yes,0,34610.28,0.08181749241511627,Low,Standard engagement
CUST105301,72,3020.06,1,0,39.6,Month-to-Month,Net Banking,South,Premium,No,0,36240.72,0.08170432042948303,Low,Standard engagement
CUST103292,18,2872.3,2,1,44.0,Month-to-Month,Debit Card,East,Basic,No,0,34467.6,0.08147040663329079,Low,Standard engagement
CUST104171,19,2994.99,1,2,27.7,Two Year,Net Banking,South,Standard,No,0,35939.88,0.08116320803919021,Low,Standard engagement
CUST101524,44,2905.43,1,1,48.9,Month-to-Month,UPI,South,Basic,Yes,1,34865.16,0.08104467002604332,Low,Standard engagement
CUST100071,14,2908.1,3,0,49.4,Month-to-Month,Debit Card,South,Standard,No,0,34897.2,0.0807069678798048,Low,Standard engagement
CUST104597,1,2851.27,6,1,42.2,Month-to-Month,Cash,East,Standard,No,0,34215.24,0.08065969478962152,Low,Standard engagement
CUST103598,21,2863.63,3,3,2.0,One Year,UPI,East,Standard,No,0,34363.56,0.08063744057353227,Low,Standard engagement
CUST104452,35,3022.21,3,1,41.9,Two Year,Debit Card,South,Standard,Yes,0,36266.52,0.08042439879592406,Low,Standard engagement
CUST105733,30,2935.45,0,1,37.8,Month-to-Month,Net Banking,South,Premium,No,0,35225.4,0.08026917767789421,Low,Standard engagement
CUST101336,46,2997.48,3,1,40.2,One Year,UPI,East,Standard,No,0,35969.76,0.08006419949521068,Low,Standard engagement
CUST100525,23,2949.46,2,1,48.3,One Year,Debit Card,South,Basic,Yes,0,35393.52,0.07952189303786757,Low,Standard engagement
CUST105889,21,2895.22,2,0,39.8,Month-to-Month,Cash,West,Premium,No,0,34742.64,0.07900325826298002,Low,Standard engagement
CUST104495,46,3016.74,2,0,70.7,Month-to-Month,Net Banking,North,Premium,No,0,36200.88,0.07891618447763342,Low,Standard engagement
CUST103399,52,2926.73,2,1,35.2,Month-to-Month,Credit Card,North,Standard,Yes,0,35120.76,0.07852326714218467,Low,Standard engagement
CUST103422,44,2992.24,3,0,51.4,Month-to-Month,Net Banking,South,Premium,Yes,0,35906.88,0.07840217252558852,Low,Standard engagement
CUST104441,26,2974.51,2,0,34.4,Month-to-Month,Net Banking,East,Standard,Yes,1,35694.12,0.07750573578629402,Low,Standard engagement
CUST101073,38,2850.17,2,1,23.7,Month-to-Month,Credit Card,South,Basic,Yes,0,34202.04,0.07735679859141671,Low,Standard engagement
CUST105742,65,2982.15,2,1,39.5,One Year,UPI,West,Basic,No,0,35785.8,0.07730053325103206,Low,Standard engagement
CUST105562,57,2931.23,4,1,59.7,Month-to-Month,Credit Card,North,Premium,No,0,35174.76,0.07654205794023783,Low,Standard engagement
CUST103757,40,2926.92,2,1,60.5,Month-to-Month,Credit Card,North,Premium,Yes,0,35123.04,0.07550251390177831,Low,Standard engagement
CUST105245,17,2984.97,0,0,45.3,One Year,Credit Card,North,Standard,Yes,0,35819.64,0.07544583779797502,Low,Standard engagement
CUST105576,42,2849.73,2,3,25.6,Month-to-Month,Debit Card,South,Standard,No,0,34196.76,0.07470099091513165,Low,Standard engagement
CUST100437,67,2919.32,3,2,36.7,Month-to-Month,UPI,North,Standard,Yes,0,35031.84,0.07441376552056526,Low,Standard engagement
CUST102306,24,2995.83,3,0,57.0,One Year,Credit Card,South,Standard,Yes,0,35949.96,0.07436486445068816,Low,Standard engagement
CUST102175,55,2913.92,3,1,40.1,Month-to-Month,UPI,South,Standard,No,0,34967.04,0.07435852066888737,Low,Standard engagement
CUST104555,16,2968.72,2,2,51.8,One Year,Debit Card,East,Standard,Yes,0,35624.64,0.07421481833220214,Low,Standard engagement
CUST104848,12,2991.28,2,1,36.1,Two Year,Debit Card,East,Standard,Yes,0,35895.36,0.07403176255982351,Low,Standard engagement
CUST101593,2,2940.2,1,0,48.7,One Year,Credit Card,East,Basic,Yes,0,35282.4,0.07395245405415404,Low,Standard engagement
CUST100321,8,2792.59,1,5,41.7,Month-to-Month,Debit Card,West,Standard,No,0,33511.08,0.07371133774518857,Low,Standard engagement
CUST104909,45,2990.38,0,0,19.1,One Year,Net Banking,North,Basic,No,0,35884.56,0.07353775856266156,Low,Standard engagement
CUST101926,26,2954.38,5,1,65.9,One Year,Credit Card,North,Premium,No,0,35452.56,0.0733966124049663,Low,Standard engagement
CUST103407,46,2931.39,3,1,44.9,Month-to-Month,Net Banking,West,Basic,No,0,35176.68,0.07319567692472567,Low,Standard engagement
CUST100379,19,3008.41,1,0,62.9,Two Year,Credit Card,West,Basic,Yes,0,36100.92,0.07310912385391377,Low,Standard engagement
CUST102922,9,2897.66,2,2,32.6,Two Year,UPI,East,Basic,No,0,34771.92,0.07305503594154528,Low,Standard engagement
CUST105592,39,2843.35,5,2,40.3,Month-to-Month,Credit Card,West,Basic,Yes,0,34120.2,0.07302956021936559,Low,Standard engagement
CUST105662,62,3007.81,1,1,46.6,One Year,UPI,West,Premium,No,0,36093.72,0.07218901570393432,Low,Standard engagement
CUST103220,51,2975.2,1,1,49.7,One Year,Credit Card,North,Basic,Yes,0,35702.4,0.07187475353007969,Low,Standard engagement
CUST103931,6,2881.92,3,2,54.3,One Year,Debit Card,North,Basic,No,0,34583.04,0.07133426892009112,Low,Standard engagement
CUST105609,9,2913.44,3,1,29.8,Two Year,Credit Card,North,Premium,No,0,34961.28,0.07123559320565218,Low,Standard engagement
CUST100773,52,3003.57,4,0,61.4,Month-to-Month,Net Banking,South,Standard,No,0,36042.84,0.07111727320408663,Low,Standard engagement
CUST101453,18,2888.32,2,1,66.4,Month-to-Month,Credit Card,East,Basic,Yes,0,34659.84,0.0709306940290183,Low,Standard engagement
CUST100711,38,2898.61,1,4,51.3,Month-to-Month,Net Banking,North,Standard,No,0,34783.32,0.0706913066464757,Low,Standard engagement
CUST103499,33,2976.95,1,0,29.0,Two Year,Credit Card,South,Premium,No,0,35723.4,0.07005262764258832,Low,Standard engagement
CUST105573,50,2878.81,0,2,46.9,Month-to-Month,UPI,North,Basic,Yes,0,34545.72,0.06989792532495992,Low,Standard engagement
CUST105026,19,2982.16,1,0,36.0,Two Year,UPI,East,Premium,No,0,35785.92,0.06980419410230174,Low,Standard engagement
CUST100126,6,2852.63,2,1,30.2,Month-to-Month,Credit Card,East,Standard,Yes,0,34231.56,0.06980330514193092,Low,Standard engagement
CUST102162,30,2921.97,2,0,35.0,One Year,Credit Card,North,Basic,No,0,35063.64,0.06957961387402836,Low,Standard engagement
CUST102485,26,2915.4,2,0,50.8,Month-to-Month,UPI,South,Standard,Yes,0,34984.8,0.069548980987228,Low,Standard engagement
CUST101987,16,2828.78,2,1,7.3,Month-to-Month,Debit Card,South,Standard,Yes,0,33945.36,0.06910468599929219,Low,Standard engagement
CUST102266,50,2958.41,5,0,40.5,Month-to-Month,Net Banking,West,Premium,No,0,35500.92,0.06887623654456013,Low,Standard engagement
CUST100264,72,2972.91,2,0,24.8,Month-to-Month,Net Banking,West,Basic,Yes,0,35674.92,0.0688284350958722,Low,Standard engagement
CUST101952,6,2816.35,1,2,29.8,Month-to-Month,UPI,South,Standard,Yes,0,33796.2,0.06862633408627199,Low,Standard engagement
CUST105357,54,2988.84,2,1,64.8,Month-to-Month,Net Banking,East,Basic,Yes,0,35866.08,0.06834728254152973,Low,Standard engagement
CUST101317,43,2905.52,3,0,27.7,Month-to-Month,Net Banking,North,Basic,No,0,34866.24,0.06834541610485621,Low,Standard engagement
CUST105163,61,2964.92,2,1,41.7,Month-to-Month,Net Banking,East,Basic,Yes,0,35579.04,0.06756051099480799,Low,Standard engagement
CUST103429,22,2915.44,2,2,33.5,Two Year,Credit Card,South,Premium,No,0,34985.28,0.06725951874141489,Low,Standard engagement
CUST105364,20,2906.76,2,2,45.8,Two Year,UPI,North,Basic,No,0,34881.12,0.06716621602116951,Low,Standard engagement
CUST105666,15,2887.21,2,0,42.8,Month-to-Month,Cash,South,Standard,Yes,0,34646.52,0.06711149197002854,Low,Standard engagement
CUST101272,68,2916.95,2,2,48.4,Month-to-Month,UPI,North,Premium,Yes,0,35003.4,0.06699833519538483,Low,Standard engagement
CUST105874,52,2910.29,4,0,29.9,Month-to-Month,UPI,South,Standard,Yes,0,34923.48,0.06664551653218166,Low,Standard engagement
CUST103635,35,2791.47,3,4,27.9,Month-to-Month,Credit Card,North,Standard,No,0,33497.64,0.0666110868809075,Low,Standard engagement
CUST100567,18,2932.12,2,1,39.2,One Year,Debit Card,South,Standard,No,0,35185.44,0.06652747961527027,Low,Standard engagement
CUST104005,69,2988.22,3,3,33.3,Two Year,Net Banking,South,Basic,No,0,35858.64,0.0661300828563713,Low,Standard engagement
CUST100538,39,2866.48,2,0,28.8,Month-to-Month,Credit Card,East,Basic,No,0,34397.76,0.06608842301661225,Low,Standard engagement
CUST104812,38,2950.47,2,1,43.0,One Year,UPI,West,Premium,No,1,35405.64,0.06578258366564037,Low,Standard engagement
CUST104839,68,2934.2,1,1,43.7,Month-to-Month,UPI,South,Standard,No,0,35210.4,0.0657206601159451,Low,Standard engagement
CUST105459,65,2951.7,2,1,63.1,Month-to-Month,UPI,South,Standard,No,0,35420.4,0.06515119124190522,Low,Standard engagement
CUST101585,23,2882.2,0,2,24.2,One Year,Cash,South,Premium,No,0,34586.4,0.06489500272750512,Low,Standard engagement
CUST104059,43,2894.91,0,2,9.7,Two Year,Credit Card,South,Basic,No,0,34738.92,0.0645528739741705,Low,Standard engagement
CUST105121,45,2852.78,2,2,31.2,Month-to-Month,Debit Card,South,Premium,No,0,34233.36,0.06449744016750183,Low,Standard engagement
CUST101894,10,2929.89,2,0,34.8,One Year,UPI,South,Standard,Yes,0,35158.68,0.06418762718893083,Low,Standard engagement
CUST103989,35,2979.77,0,0,55.9,One Year,Cash,East,Basic,No,0,35757.24,0.06372583755297694,Low,Standard engagement
CUST100269,43,2863.18,2,3,69.0,Month-to-Month,UPI,East,Basic,No,0,34358.16,0.06369288092855027,Low,Standard engagement
CUST104485,27,2876.75,2,1,62.4,Month-to-Month,UPI,South,Premium,No,0,34521.0,0.06361589760871791,Low,Standard engagement
CUST104689,53,3017.5,4,0,18.5,Two Year,Net Banking,West,Basic,Yes,0,36210.0,0.0633539451492678,Low,Standard engagement
CUST103474,22,2926.06,2,1,56.8,Month-to-Month,Net Banking,North,Premium,Yes,0,35112.72,0.06330328917455809,Low,Standard engagement
CUST101651,2,2875.26,2,0,14.9,One Year,UPI,North,Standard,No,0,34503.12,0.06313336475743496,Low,Standard engagement
CUST105801,28,2923.91,1,1,49.2,One Year,UPI,North,Basic,Yes,0,35086.92,0.06308210360337432,Low,Standard engagement
CUST102068,24,2870.57,1,0,24.6,Month-to-Month,Net Banking,South,Basic,No,0,34446.84,0.06225015093376212,Low,Standard engagement
CUST102189,43,2839.12,2,2,17.6,Month-to-Month,Debit Card,South,Standard,No,0,34069.44,0.06208796838404692,Low,Standard engagement
CUST102123,44,2899.96,3,1,45.6,Month-to-Month,Net Banking,South,Basic,No,0,34799.52,0.0618450010277859,Low,Standard engagement
CUST100867,61,2848.98,2,3,38.4,Month-to-Month,Credit Card,South,Premium,No,0,34187.76,0.061582661903996694,Low,Standard engagement
CUST104933,60,3017.96,0,1,44.9,One Year,Net Banking,West,Basic,No,0,36215.52,0.06138154669696162,Low,Standard engagement
CUST103178,16,2964.33,1,0,37.1,One Year,Debit Card,West,Standard,Yes,0,35571.96,0.061222129562734394,Low,Standard engagement
CUST103950,28,2783.83,5,2,40.0,Month-to-Month,Credit Card,North,Basic,No,0,33405.96,0.06114840363844129,Low,Standard engagement
CUST102001,5,2775.58,3,1,38.7,Month-to-Month,UPI,North,Basic,No,0,33306.96,0.06038281343015195,Low,Standard engagement
CUST101108,68,3033.71,1,0,27.7,Two Year,UPI,West,Standard,No,1,36404.52,0.060261186416692654,Low,Standard engagement
CUST103173,25,2911.53,2,0,67.1,Month-to-Month,Cash,South,Premium,Yes,0,34938.36,0.06021888411214686,Low,Standard engagement
CUST102663,36,2992.96,2,0,49.7,One Year,UPI,West,Standard,Yes,0,35915.52,0.059991011705028595,Low,Standard engagement
CUST105335,6,2823.63,4,0,62.2,Month-to-Month,Credit Card,South,Basic,No,1,33883.56,0.05868406978343221,Low,Standard engagement
CUST100559,62,2889.78,2,1,31.8,Month-to-Month,UPI,South,Standard,No,0,34677.36,0.058543954420758125,Low,Standard engagement
CUST103547,64,2963.03,1,1,35.5,One Year,Cash,West,Basic,Yes,0,35556.36,0.05803778683919975,Low,Standard engagement
CUST105521,48,2893.91,6,1,63.4,Month-to-Month,UPI,North,Standard,No,0,34726.92,0.057980115603490895,Low,Standard engagement
CUST102801,33,2830.26,3,1,47.8,Month-to-Month,Cash,South,Basic,No,0,33963.12,0.0579121321223837,Low,Standard engagement
CUST101194,38,2865.26,2,0,17.7,Month-to-Month,Debit Card,South,Standard,No,0,34383.12,0.0578799996985507,Low,Standard engagement
CUST102956,8,2941.72,3,1,50.4,Two Year,Debit Card,North,Premium,Yes,0,35300.64,0.057619533814012136,Low,Standard engagement
CUST100891,52,2838.04,1,3,21.7,Month-to-Month,Credit Card,East,Premium,Yes,0,34056.48,0.05759880987562814,Low,Standard engagement
CUST100224,52,2910.18,3,1,61.7,Month-to-Month,Debit Card,North,Premium,No,0,34922.16,0.05732681582124889,Low,Standard engagement
CUST105530,43,2922.6,2,2,44.4,One Year,UPI,West,Premium,No,0,35071.2,0.056927400780443047,Low,Standard engagement
CUST100075,35,2902.56,3,2,19.9,One Year,Net Banking,North,Basic,Yes,0,34830.72,0.05677845398933904,Low,Standard engagement
CUST100049,57,2984.82,3,1,7.4,One Year,Net Banking,West,Standard,Yes,0,35817.84,0.05676699072089535,Low,Standard engagement
CUST100464,1,2913.75,0,0,48.9,Month-to-Month,Net Banking,North,Standard,Yes,1,34965.0,0.05661948748652304,Low,Standard engagement
CUST105344,21,2854.25,5,0,39.6,Month-to-Month,Debit Card,North,Standard,No,0,34251.0,0.056599663307836647,Low,Standard engagement
CUST102296,13,2857.08,2,2,45.0,One Year,Credit Card,North,Basic,Yes,0,34284.96,0.05648178879667962,Low,Standard engagement
CUST100955,44,2911.69,1,2,35.1,One Year,Credit Card,East,Basic,Yes,0,34940.28,0.056466810421582324,Low,Standard engagement
CUST105764,23,2835.87,3,2,65.5,Month-to-Month,UPI,North,Premium,No,0,34030.44,0.05632157204846175,Low,Standard engagement
CUST103948,70,2946.11,2,3,29.4,One Year,Debit Card,West,Standard,No,0,35353.32,0.05629551868778714,Low,Standard engagement
CUST101281,54,3067.91,2,0,66.7,One Year,Net Banking,South,Standard,No,0,36814.92,0.056210704210503434,Low,Standard engagement
CUST104386,19,2894.86,2,4,57.2,Two Year,UPI,South,Standard,No,1,34738.32,0.05588621323161809,Low,Standard engagement
CUST103101,10,2868.15,1,1,40.3,Month-to-Month,Net Banking,East,Basic,Yes,1,34417.8,0.05583682538798099,Low,Standard engagement
CUST104699,2,2780.34,3,0,30.1,Month-to-Month,Credit Card,West,Basic,No,0,33364.08,0.05583332564134285,Low,Standard engagement
CUST101630,42,2949.79,2,1,9.9,Two Year,Net Banking,West,Basic,No,0,35397.48,0.05556587107846021,Low,Standard engagement
CUST100611,34,2906.96,4,0,13.9,One Year,Credit Card,West,Standard,No,0,34883.52,0.055046989852897577,Low,Standard engagement
CUST104822,66,2888.66,1,1,28.9,Month-to-Month,Credit Card,South,Premium,Yes,0,34663.92,0.0549306779642776,Low,Standard engagement
CUST102557,63,2920.05,3,0,39.0,Month-to-Month,UPI,West,Standard,No,0,35040.6,0.054851103656218224,Low,Standard engagement
CUST103985,25,2833.97,2,2,43.1,Month-to-Month,UPI,North,Standard,Yes,0,34007.64,0.05474774270012503,Low,Standard engagement
CUST100209,57,2949.72,2,2,53.3,Month-to-Month,Net Banking,North,Standard,Yes,0,35396.64,0.05455668288673822,Low,Standard engagement
CUST105321,61,2977.54,1,1,35.1,Two Year,Debit Card,West,Basic,No,0,35730.48,0.05448024849833737,Low,Standard engagement
CUST102986,54,2876.43,2,2,15.4,One Year,UPI,East,Basic,No,0,34517.16,0.05427611114028223,Low,Standard engagement
CUST102089,2,2759.31,1,1,7.1,Month-to-Month,Credit Card,South,Standard,No,0,33111.72,0.054181962791712904,Low,Standard engagement
CUST101355,36,3056.57,0,1,83.3,Two Year,UPI,East,Standard,Yes,0,36678.84,0.054181757266315064,Low,Standard engagement
CUST100544,60,2954.9,3,1,49.5,One Year,Credit Card,West,Basic,Yes,0,35458.8,0.05377483465409964,Low,Standard engagement
CUST103994,37,2947.0,3,0,34.7,One Year,Cash,West,Standard,No,0,35364.0,0.053594515229263576,Low,Standard engagement
CUST102130,52,2959.94,4,1,65.0,One Year,UPI,South,Premium,No,0,35519.28,0.053405365963571975,Low,Standard engagement
CUST101195,46,2964.76,2,0,57.0,Month-to-Month,Net Banking,South,Standard,No,0,35577.12,0.05340418615984236,Low,Standard engagement
CUST104239,18,2823.23,2,1,27.5,Month-to-Month,UPI,East,Standard,No,0,33878.76,0.05333074943968943,Low,Standard engagement
CUST102009,46,2909.14,1,1,22.9,Month-to-Month,Net Banking,West,Standard,No,0,34909.68,0.05321129088435548,Low,Standard engagement
CUST100402,24,2890.49,0,0,72.6,Month-to-Month,UPI,East,Basic,No,0,34685.88,0.05298263326547892,Low,Standard engagement
CUST103317,29,2905.61,0,0,28.2,Month-to-Month,Net Banking,South,Standard,No,0,34867.32,0.052701569851414005,Low,Standard engagement
CUST105151,45,2983.56,0,1,49.2,One Year,Cash,West,Standard,Yes,0,35802.72,0.05243917085641449,Low,Standard engagement
CUST105758,39,2872.23,4,3,57.7,One Year,UPI,West,Basic,No,0,34466.76,0.05228442546546617,Low,Standard engagement
CUST100878,40,2864.65,3,0,35.9,Month-to-Month,Credit Card,South,Premium,Yes,0,34375.8,0.05226987850167355,Low,Standard engagement
CUST104139,37,2797.51,4,1,26.9,Month-to-Month,UPI,South,Basic,Yes,0,33570.12,0.05211093201434085,Low,Standard engagement
CUST104860,5,2752.29,3,3,38.5,Month-to-Month,Credit Card,South,Standard,No,0,33027.48,0.05167577203177603,Low,Standard engagement
CUST101363,15,2912.44,2,2,69.9,Month-to-Month,Net Banking,West,Standard,Yes,0,34949.28,0.051469734997812114,Low,Standard engagement
CUST101917,36,2846.52,1,3,62.5,Month-to-Month,Cash,South,Standard,No,0,34158.24,0.051257203628411595,Low,Standard engagement
CUST102908,10,2892.45,3,2,41.0,One Year,Net Banking,West,Basic,Yes,0,34709.4,0.05119528962165034,Low,Standard engagement
CUST101793,21,2846.31,3,1,50.7,Month-to-Month,Debit Card,North,Premium,Yes,0,34155.72,0.05107421397285511,Low,Standard engagement
CUST104076,71,3006.78,0,0,69.5,One Year,UPI,South,Basic,No,0,36081.36,0.05086313148279716,Low,Standard engagement
CUST100131,40,2880.93,2,0,59.3,Month-to-Month,UPI,East,Basic,No,0,34571.16,0.05066103937019989,Low,Standard engagement
CUST100983,47,2852.0,3,3,34.4,One Year,UPI,West,Basic,No,0,34224.0,0.05060444955836679,Low,Standard engagement
CUST102445,65,2924.14,0,0,40.3,Month-to-Month,Cash,South,Standard,No,0,35089.68,0.05039117376817466,Low,Standard engagement
CUST103765,30,2842.32,1,1,16.9,One Year,Credit Card,North,Basic,No,0,34107.84,0.05016707864545535,Low,Standard engagement
CUST100800,1,2787.73,2,1,37.9,Month-to-Month,Credit Card,South,Standard,No,0,33452.76,0.04983857303615147,Low,Standard engagement
CUST103708,36,2935.26,1,1,50.8,One Year,Credit Card,South,Standard,No,0,35223.12,0.049708450403598226,Low,Standard engagement
CUST101044,52,2920.78,2,0,14.3,Two Year,Cash,South,Basic,No,0,35049.36,0.04959113174585101,Low,Standard engagement
CUST104483,5,2949.07,2,0,26.1,One Year,Net Banking,East,Standard,Yes,0,35388.84,0.049079041341102934,Low,Standard engagement
CUST100622,12,2922.01,4,1,26.3,One Year,Net Banking,West,Standard,Yes,0,35064.12,0.04905636751632057,Low,Standard engagement
CUST104925,7,2942.51,2,0,56.6,Two Year,UPI,South,Standard,No,0,35310.12,0.04832551455363599,Low,Standard engagement
CUST102294,52,2897.16,0,2,71.1,Month-to-Month,UPI,North,Premium,Yes,0,34765.92,0.04820232433941177,Low,Standard engagement
CUST101660,45,2878.03,1,0,30.4,Month-to-Month,Credit Card,North,Standard,Yes,0,34536.36,0.047972154700391824,Low,Standard engagement
CUST105712,34,2835.7,4,2,17.5,Month-to-Month,Net Banking,West,Standard,No,0,34028.4,0.04786507769184163,Low,Standard engagement
CUST104277,56,2869.87,2,0,3.3,Month-to-Month,Net Banking,East,Basic,No,0,34438.44,0.047377506745523726,Low,Standard engagement
CUST103103,32,2866.78,0,3,31.4,One Year,Debit Card,West,Premium,No,0,34401.36,0.046952004045033253,Low,Standard engagement
CUST101784,53,2806.19,3,3,2.0,One Year,Credit Card,South,Basic,Yes,0,33674.28,0.045832214093506456,Low,Standard engagement
CUST101676,11,2724.68,4,0,7.8,Month-to-Month,Credit Card,South,Basic,No,0,32696.16,0.04579002768892734,Low,Standard engagement
CUST101534,59,2853.57,1,2,65.6,Month-to-Month,Credit Card,South,Basic,No,0,34242.84,0.04572900644749618,Low,Standard engagement
CUST100446,23,2894.09,2,0,31.4,One Year,Credit Card,South,Standard,No,0,34729.08,0.04572802719558634,Low,Standard engagement
CUST105716,15,2904.26,1,3,67.1,Two Year,Credit Card,North,Premium,Yes,0,34851.12,0.0451492123034886,Low,Standard engagement
CUST104424,23,2802.88,2,1,43.7,Month-to-Month,Cash,East,Basic,No,0,33634.56,0.045144236683088555,Low,Standard engagement
CUST102758,26,2813.11,2,1,55.5,Month-to-Month,Credit Card,West,Basic,No,0,33757.32,0.045104419658476815,Low,Standard engagement
CUST103663,70,2941.08,2,2,46.5,One Year,Debit Card,South,Premium,No,0,35292.96,0.04430317365531503,Low,Standard engagement
CUST102740,14,2865.67,2,1,35.7,Two Year,UPI,West,Basic,No,0,34388.04,0.0442751042586513,Low,Standard engagement
CUST100565,18,2945.41,1,1,56.0,Two Year,Debit Card,North,Standard,No,0,35344.92,0.04417754033452431,Low,Standard engagement
CUST104002,3,2718.42,1,2,33.6,Month-to-Month,Credit Card,North,Basic,No,0,32621.04,0.04402200256943817,Low,Standard engagement
CUST102767,72,2893.54,0,2,46.6,Month-to-Month,UPI,North,Standard,Yes,0,34722.48,0.04329689220943169,Low,Standard engagement
CUST100078,41,2811.43,2,0,31.7,Month-to-Month,Cash,North,Basic,No,0,33737.16,0.04297694218181893,Low,Standard engagement
CUST100812,50,2796.65,1,4,35.2,Month-to-Month,Debit Card,North,Standard,No,0,33559.8,0.04295074888105641,Low,Standard engagement
CUST103983,49,2939.41,4,3,60.6,Two Year,Debit Card,South,Standard,No,0,35272.92,0.042950647152273876,Low,Standard engagement
CUST103913,40,2870.91,2,1,63.8,Month-to-Month,UPI,East,Premium,No,0,34450.92,0.04291379942517462,Low,Standard engagement
CUST101934,11,2834.14,2,0,34.0,Month-to-Month,Net Banking,East,Basic,No,0,34009.68,0.04284102970212068,Low,Standard engagement
CUST104040,24,2882.52,1,1,40.8,One Year,Cash,East,Basic,Yes,0,34590.24,0.042793241537978435,Low,Standard engagement
CUST104630,11,2810.76,1,1,40.9,Month-to-Month,UPI,East,Standard,No,0,33729.12,0.042443967206901384,Low,Standard engagement
CUST103863,44,2816.67,0,2,43.1,Month-to-Month,Credit Card,West,Basic,Yes,0,33800.04,0.04233097918589078,Low,Standard engagement
CUST100207,70,2991.83,2,2,60.7,Two Year,Credit Card,East,Premium,No,0,35901.96,0.042266329745495636,Low,Standard engagement
CUST102067,66,2916.25,2,0,54.4,Month-to-Month,Credit Card,East,Premium,No,0,34995.0,0.042166563554376466,Low,Standard engagement
CUST100255,11,2806.96,0,1,41.1,Month-to-Month,Debit Card,West,Premium,No,0,33683.52,0.04210516845276494,Low,Standard engagement
CUST104978,67,2911.99,0,0,47.2,Month-to-Month,UPI,South,Standard,No,0,34943.88,0.041900111699874946,Low,Standard engagement
CUST104724,21,2745.6,1,3,43.9,Month-to-Month,UPI,North,Basic,Yes,0,32947.2,0.04170413445455871,Low,Standard engagement
CUST105272,18,2812.84,1,1,52.9,Month-to-Month,Credit Card,East,Basic,Yes,0,33754.08,0.04166275070126912,Low,Standard engagement
CUST105441,37,3014.99,3,0,100.0,One Year,UPI,East,Standard,No,0,36179.88,0.04144242504578527,Low,Standard engagement
CUST101807,35,2902.26,3,1,39.0,One Year,UPI,East,Standard,No,0,34827.12,0.04104361654966467,Low,Standard engagement
CUST103374,49,2819.22,2,2,38.6,Month-to-Month,Credit Card,North,Standard,No,0,33830.64,0.04097742766777022,Low,Standard engagement
CUST105744,2,2840.85,4,2,52.8,One Year,UPI,South,Standard,Yes,0,34090.2,0.04089553008554977,Low,Standard engagement
CUST105929,19,2780.02,2,0,38.0,Month-to-Month,Cash,South,Basic,No,0,33360.24,0.040552689786874374,Low,Standard engagement
CUST104185,42,2803.85,3,2,22.0,Month-to-Month,Net Banking,West,Basic,No,0,33646.2,0.04052956334246785,Low,Standard engagement
CUST105418,41,2832.82,2,1,32.3,Month-to-Month,Debit Card,East,Premium,No,0,33993.84,0.04031030511732653,Low,Standard engagement
CUST103125,65,2942.73,1,0,57.8,Month-to-Month,Debit Card,East,Standard,No,0,35312.76,0.03948620438995516,Low,Standard engagement
CUST103763,46,2881.73,0,1,58.7,Month-to-Month,Credit Card,North,Standard,Yes,0,34580.76,0.03930455216520182,Low,Standard engagement
CUST101452,4,2781.52,2,0,44.1,Month-to-Month,UPI,North,Premium,No,0,33378.24,0.03919146340659398,Low,Standard engagement
CUST104364,42,2930.43,1,2,35.0,Two Year,Cash,West,Standard,Yes,0,35165.16,0.039138592139165346,Low,Standard engagement
CUST102184,46,2980.16,0,1,39.3,Two Year,Net Banking,West,Basic,Yes,0,35761.92,0.03904595033447917,Low,Standard engagement
CUST104685,53,2919.48,1,0,53.0,Month-to-Month,Net Banking,East,Basic,No,0,35033.76,0.038941631829410434,Low,Standard engagement
CUST102140,51,2894.93,2,0,55.9,Month-to-Month,UPI,North,Standard,Yes,0,34739.16,0.038914891912774294,Low,Standard engagement
CUST102467,49,2856.7,0,0,50.3,Month-to-Month,Debit Card,South,Basic,No,0,34280.4,0.038821529928281306,Low,Standard engagement
CUST101577,58,2911.38,2,1,37.8,One Year,UPI,West,Premium,No,0,34936.56,0.03815575799807669,Low,Standard engagement
CUST102178,46,2941.54,4,2,62.7,Two Year,Credit Card,West,Premium,Yes,1,35298.48,0.03803943296248926,Low,Standard engagement
CUST103831,15,2810.79,4,1,33.2,Month-to-Month,Net Banking,West,Premium,No,0,33729.48,0.038000881423741466,Low,Standard engagement
CUST104850,67,2941.57,2,3,61.4,One Year,Credit Card,West,Standard,Yes,0,35298.84,0.037515858794521684,Low,Standard engagement
CUST104306,54,2881.37,4,1,36.0,One Year,Credit Card,South,Premium,No,0,34576.44,0.037403735509688445,Low,Standard engagement
CUST104991,38,2812.47,1,2,30.4,Month-to-Month,Net Banking,South,Basic,Yes,0,33749.64,0.037235507001079624,Low,Standard engagement
CUST101231,53,2951.88,3,2,60.9,Two Year,Credit Card,West,Premium,Yes,0,35422.56,0.03718222274143799,Low,Standard engagement
CUST102638,11,2822.04,2,2,27.9,Two Year,Credit Card,West,Basic,Yes,0,33864.48,0.03714964837213031,Low,Standard engagement
CUST101647,48,2811.59,1,1,49.7,Month-to-Month,Credit Card,North,Basic,No,0,33739.08,0.03708381772283558,Low,Standard engagement
CUST104414,36,2816.0,0,1,25.8,Month-to-Month,Debit Card,East,Premium,No,0,33792.0,0.03703609485089991,Low,Standard engagement
CUST100010,38,2877.26,1,0,67.5,Month-to-Month,UPI,South,Premium,Yes,0,34527.12,0.037014747484886354,Low,Standard engagement
CUST101556,65,2847.74,1,1,29.5,Month-to-Month,UPI,East,Premium,No,0,34172.88,0.03699512599105948,Low,Standard engagement
CUST105056,69,2795.53,1,2,25.2,Month-to-Month,UPI,West,Basic,No,0,33546.36,0.036778019711944276,Low,Standard engagement
CUST104791,72,2846.56,3,1,19.4,Month-to-Month,Credit Card,East,Standard,No,0,34158.72,0.03653352813057049,Low,Standard engagement
CUST101950,66,2893.8,2,0,44.2,Month-to-Month,UPI,North,Standard,Yes,0,34725.6,0.03652230607925322,Low,Standard engagement
CUST104707,40,2810.52,4,0,38.9,Month-to-Month,UPI,North,Premium,No,0,33726.24,0.03628926731601177,Low,Standard engagement
CUST102033,49,2749.59,1,2,22.7,Month-to-Month,UPI,South,Basic,No,0,32995.08,0.036113640220783484,Low,Standard engagement
CUST105995,16,2875.9,3,2,53.2,One Year,Debit Card,West,Standard,Yes,0,34510.8,0.03601516783066734,Low,Standard engagement
CUST101921,39,2941.86,5,0,62.0,Two Year,Cash,South,Premium,No,0,35302.32,0.03592054557511169,Low,Standard engagement
CUST104330,14,2737.72,1,2,35.8,Month-to-Month,UPI,North,Premium,No,0,32852.64,0.035778429484475426,Low,Standard engagement
CUST103558,13,2738.24,1,1,32.4,Month-to-Month,UPI,West,Basic,No,0,32858.88,0.035728929419527995,Low,Standard engagement
CUST103177,22,2899.02,1,0,56.6,Two Year,UPI,South,Basic,No,0,34788.24,0.03555065053241552,Low,Standard engagement
CUST103703,66,2846.19,2,2,35.5,Month-to-Month,Credit Card,West,Standard,Yes,0,34154.28,0.035474456365107744,Low,Standard engagement
CUST101342,9,2774.41,1,1,53.9,Month-to-Month,UPI,West,Basic,Yes,0,33292.92,0.035406440730577096,Low,Standard engagement
CUST103751,58,2904.94,1,0,9.9,One Year,Debit Card,North,Standard,No,0,34859.28,0.03532054350824244,Low,Standard engagement
CUST103829,11,2869.65,3,3,42.4,One Year,Net Banking,West,Standard,Yes,0,34435.8,0.03529546658367864,Low,Standard engagement
CUST102444,44,2851.71,1,0,47.8,Month-to-Month,Debit Card,West,Basic,Yes,0,34220.52,0.035152819301451976,Low,Standard engagement
CUST104446,23,2917.82,2,0,51.0,One Year,Net Banking,West,Basic,No,0,35013.84,0.034994027259990776,Low,Standard engagement
CUST103159,63,2831.46,1,0,38.6,Month-to-Month,UPI,South,Basic,No,0,33977.52,0.03484970314283005,Low,Standard engagement
CUST104144,10,2832.73,2,2,59.7,Month-to-Month,Net Banking,West,Premium,Yes,0,33992.76,0.03483923083740524,Low,Standard engagement
CUST100821,48,2949.84,3,1,35.1,One Year,Net Banking,East,Standard,No,0,35398.08,0.034546836279983964,Low,Standard engagement
CUST101790,43,2807.73,1,2,47.8,Month-to-Month,Credit Card,North,Premium,Yes,0,33692.76,0.03447114281218909,Low,Standard engagement
CUST100853,18,2837.67,2,1,35.4,Two Year,Cash,North,Basic,No,0,34052.04,0.03438853229790912,Low,Standard engagement
CUST102430,10,2843.69,5,2,49.9,Two Year,Credit Card,North,Standard,No,0,34124.28,0.034370026620195684,Low,Standard engagement
CUST103462,63,2921.45,0,2,30.2,One Year,Cash,East,Standard,Yes,0,35057.4,0.034050298732086676,Low,Standard engagement
CUST104353,30,2763.89,5,0,26.7,Month-to-Month,Credit Card,North,Premium,No,0,33166.68,0.033353160477078106,Low,Standard engagement
CUST105462,51,2775.53,1,2,36.3,Month-to-Month,UPI,South,Basic,Yes,0,33306.36,0.03332146227925966,Low,Standard engagement
CUST105825,39,2819.45,0,1,30.0,Month-to-Month,Debit Card,West,Premium,Yes,0,33833.4,0.033256296074688836,Low,Standard engagement
CUST100388,65,2855.53,2,2,73.5,Month-to-Month,Debit Card,West,Basic,No,0,34266.36,0.03324241768439341,Low,Standard engagement
CUST105682,28,2838.71,1,1,62.3,Month-to-Month,UPI,East,Premium,Yes,0,34064.52,0.03316683357679772,Low,Standard engagement
CUST102540,21,2774.88,0,1,24.4,Month-to-Month,Credit Card,North,Standard,Yes,0,33298.56,0.033047737761733635,Low,Standard engagement
CUST103118,2,2758.9,3,1,43.9,Month-to-Month,Debit Card,South,Standard,No,0,33106.8,0.03299997148678753,Low,Standard engagement
CUST104023,21,2828.38,2,3,52.6,Two Year,UPI,North,Basic,Yes,0,33940.56,0.03286756220790415,Low,Standard engagement
CUST101020,5,2751.5,2,1,34.6,Month-to-Month,UPI,West,Standard,No,0,33018.0,0.03284931744410893,Low,Standard engagement
CUST102707,22,2747.16,3,3,13.7,One Year,UPI,West,Basic,Yes,0,32965.92,0.03266741897777205,Low,Standard engagement
CUST103525,16,2787.07,2,4,40.5,One Year,UPI,South,Standard,Yes,0,33444.84,0.03261785836954185,Low,Standard engagement
CUST104359,70,2987.47,3,0,78.4,Month-to-Month,Net Banking,East,Standard,No,0,35849.64,0.03221135102599746,Low,Standard engagement
CUST102847,28,2893.85,0,0,39.2,Month-to-Month,Net Banking,East,Standard,Yes,0,34726.2,0.03216879701673271,Low,Standard engagement
CUST104229,2,2742.31,2,1,16.9,Month-to-Month,Net Banking,East,Basic,No,0,32907.72,0.03202241774944295,Low,Standard engagement
CUST105469,20,2767.99,1,2,27.2,Month-to-Month,Net Banking,East,Basic,No,0,33215.88,0.03187032509092613,Low,Standard engagement
CUST103799,4,2835.84,1,1,35.0,One Year,Debit Card,West,Standard,No,0,34030.08,0.031844167064910174,Low,Standard engagement
CUST100421,50,2820.33,0,2,52.6,Month-to-Month,UPI,South,Standard,No,0,33843.96,0.03154180217079534,Low,Standard engagement
CUST101503,24,2734.79,2,2,46.7,Month-to-Month,UPI,West,Basic,No,0,32817.48,0.031220668360322414,Low,Standard engagement
CUST104095,40,2911.49,3,1,64.7,One Year,Credit Card,South,Standard,Yes,0,34937.88,0.031178412251501905,Low,Standard engagement
CUST102456,61,2905.74,3,1,26.9,One Year,UPI,East,Standard,Yes,0,34868.88,0.031122846199864797,Low,Standard engagement
CUST105675,20,2820.1,1,4,48.6,One Year,Net Banking,South,Basic,Yes,0,33841.2,0.030968149787887488,Low,Standard engagement
CUST105302,13,2874.24,1,0,64.4,Month-to-Month,Net Banking,West,Standard,No,0,34490.88,0.02983350040884156,Low,Standard engagement
CUST105457,29,2803.99,1,1,32.0,One Year,Credit Card,North,Basic,No,0,33647.88,0.02982345311657407,Low,Standard engagement
CUST102124,54,2771.21,3,2,22.5,Month-to-Month,Credit Card,West,Standard,No,0,33254.52,0.029441683106459508,Low,Standard engagement
CUST103744,18,2762.43,4,0,53.2,Month-to-Month,UPI,South,Basic,Yes,0,33149.16,0.029300545879150992,Low,Standard engagement
CUST105482,22,2866.43,2,0,20.5,Two Year,Credit Card,West,Premium,Yes,0,34397.16,0.029296287159903484,Low,Standard engagement
CUST100686,30,2907.91,1,1,57.3,One Year,Net Banking,East,Basic,No,0,34894.92,0.028980217960418057,Low,Standard engagement
CUST101663,40,2804.37,2,3,31.3,One Year,Credit Card,South,Standard,No,0,33652.44,0.02853361903421265,Low,Standard engagement
CUST104772,13,2748.95,1,0,38.1,Month-to-Month,UPI,East,Basic,No,0,32987.4,0.028368121823346176,Low,Standard engagement
CUST104322,34,2863.39,1,0,49.2,One Year,Debit Card,South,Basic,No,0,34360.68,0.02833643982828188,Low,Standard engagement
CUST100859,58,2787.73,3,1,34.4,Month-to-Month,Credit Card,North,Premium,No,0,33452.76,0.028208986428490106,Low,Standard engagement
CUST102882,41,2745.58,3,2,11.3,Month-to-Month,Debit Card,North,Standard,Yes,0,32946.96,0.028151632749385164,Low,Standard engagement
CUST100112,41,2789.13,2,2,13.4,One Year,Cash,South,Premium,No,0,33469.56,0.02795511074025016,Low,Standard engagement
CUST104770,22,2867.9,1,0,40.4,One Year,Credit Card,North,Standard,Yes,0,34414.8,0.027950689063938026,Low,Standard engagement
CUST101774,56,2816.55,4,2,51.5,Month-to-Month,UPI,West,Standard,Yes,0,33798.6,0.02777107488879876,Low,Standard engagement
CUST103597,40,2880.49,3,1,73.8,Month-to-Month,Net Banking,North,Standard,No,0,34565.88,0.027655769829184516,Low,Standard engagement
CUST101738,1,2709.26,4,3,61.7,Month-to-Month,Debit Card,East,Basic,Yes,0,32511.12,0.02749954173771843,Low,Standard engagement
CUST101150,27,2792.33,4,1,49.8,Month-to-Month,Debit Card,South,Standard,Yes,0,33507.96,0.027427810555286914,Low,Standard engagement
CUST103546,30,2927.63,1,0,73.2,One Year,Net Banking,South,Basic,No,0,35131.56,0.02728661002772376,Low,Standard engagement
CUST103414,44,2941.58,1,0,70.9,One Year,UPI,North,Standard,Yes,0,35298.96,0.027144565691804234,Low,Standard engagement
CUST102537,36,2873.14,2,0,48.9,Month-to-Month,Net Banking,South,Standard,Yes,0,34477.68,0.02691278786110907,Low,Standard engagement
CUST105870,57,2813.63,2,1,55.1,Month-to-Month,UPI,West,Basic,Yes,0,33763.56,0.026882586959161653,Low,Standard engagement
CUST102131,71,2875.19,2,1,55.3,Month-to-Month,Net Banking,West,Basic,No,0,34502.28,0.02677159711843094,Low,Standard engagement
CUST103794,65,2965.05,0,2,63.7,Two Year,Debit Card,West,Standard,No,0,35580.6,0.02670434952294864,Low,Standard engagement
CUST100510,72,2789.21,4,2,50.7,Month-to-Month,Debit Card,North,Basic,No,0,33470.52,0.026543380030841876,Low,Standard engagement
CUST103876,51,2770.77,5,1,51.6,Month-to-Month,Credit Card,West,Basic,No,0,33249.24,0.026338662943733503,Low,Standard engagement
CUST103282,70,2882.59,4,1,35.2,Two Year,Credit Card,West,Basic,No,0,34591.08,0.02629484612207758,Low,Standard engagement
CUST101720,7,2707.13,3,3,60.4,Month-to-Month,UPI,South,Standard,No,0,32485.56,0.025510309429169598,Low,Standard engagement
CUST102374,51,2857.68,2,1,23.8,Two Year,Debit Card,South,Basic,Yes,0,34292.16,0.025344606998276703,Low,Standard engagement
CUST104075,2,2832.72,3,2,48.5,Two Year,Net Banking,South,Basic,Yes,0,33992.64,0.025291297052453535,Low,Standard engagement
CUST102872,59,2785.04,1,0,35.3,Month-to-Month,Credit Card,South,Basic,No,0,33420.48,0.025227254547893357,Low,Standard engagement
CUST102972,44,2936.31,0,0,57.5,Two Year,Debit Card,South,Premium,No,0,35235.72,0.025222894270299532,Low,Standard engagement
CUST103624,60,2940.11,1,0,39.4,Two Year,Credit Card,West,Standard,No,0,35281.32,0.02509941760878592,Low,Standard engagement
CUST103432,15,2818.92,1,1,62.6,One Year,Debit Card,South,Basic,No,0,33827.04,0.024984530500217098,Low,Standard engagement
CUST103390,19,2646.7,2,2,15.2,Month-to-Month,UPI,South,Basic,No,0,31760.4,0.024867884048954847,Low,Standard engagement
CUST103944,10,2664.94,3,2,32.1,Month-to-Month,UPI,North,Basic,Yes,0,31979.28,0.024797066201290383,Low,Standard engagement
CUST105342,41,2862.22,3,0,26.2,One Year,Debit Card,West,Standard,No,0,34346.64,0.0246596009930323,Low,Standard engagement
CUST105488,62,2788.59,3,1,32.5,Month-to-Month,Credit Card,North,Standard,No,0,33463.08,0.02445936853951264,Low,Standard engagement
CUST101847,40,2816.78,0,1,20.9,Month-to-Month,Net Banking,South,Standard,Yes,0,33801.36,0.02437359359782693,Low,Standard engagement
CUST101796,71,2840.71,2,1,56.4,Month-to-Month,Credit Card,North,Standard,No,0,34088.52,0.024284003596781765,Low,Standard engagement
CUST100905,52,2849.46,1,0,32.1,One Year,Credit Card,North,Basic,Yes,0,34193.52,0.02427674550159229,Low,Standard engagement
CUST105856,35,2815.3,0,1,34.7,One Year,UPI,East,Basic,No,0,33783.6,0.024254112619935497,Low,Standard engagement
CUST103958,8,2788.07,0,1,56.2,One Year,UPI,North,Basic,No,0,33456.84,0.024210050318246898,Low,Standard engagement
CUST103388,21,2922.17,1,0,67.3,Two Year,Net Banking,North,Basic,No,0,35066.04,0.023968449367651922,Low,Standard engagement
CUST105349,42,2788.82,2,1,28.4,One Year,Credit Card,South,Basic,No,0,33465.84,0.023919811138232546,Low,Standard engagement
CUST101728,32,2805.53,1,1,63.3,Month-to-Month,UPI,South,Standard,Yes,0,33666.36,0.023836939624302216,Low,Standard engagement
CUST103828,50,2773.41,5,1,55.0,Month-to-Month,Debit Card,West,Basic,No,0,33280.92,0.023411574150442295,Low,Standard engagement
CUST105790,53,2843.72,0,0,64.4,Month-to-Month,Credit Card,East,Basic,Yes,0,34124.64,0.02335956781778231,Low,Standard engagement
CUST102943,14,2647.66,2,5,33.0,Month-to-Month,Net Banking,South,Basic,No,0,31771.92,0.0232859140652412,Low,Standard engagement
CUST101410,5,2666.72,6,1,47.8,Month-to-Month,Credit Card,North,Basic,No,0,32000.64,0.023150118425150218,Low,Standard engagement
CUST104494,23,2836.05,2,1,58.9,One Year,UPI,South,Standard,No,0,34032.6,0.023110247259838734,Low,Standard engagement
CUST100407,11,2817.01,1,0,40.7,One Year,Credit Card,North,Standard,No,0,33804.12,0.022875278905579513,Low,Standard engagement
CUST101866,8,2731.31,2,0,29.2,Month-to-Month,UPI,South,Standard,Yes,0,32775.72,0.02285940461724671,Low,Standard engagement
CUST104508,20,2733.43,1,0,45.9,Month-to-Month,Cash,North,Basic,No,0,32801.16,0.022698730619306873,Low,Standard engagement
CUST104297,56,2827.7,3,0,71.8,Month-to-Month,Cash,North,Basic,Yes,0,33932.4,0.022604167931626253,Low,Standard engagement
CUST105623,63,2812.3,6,1,46.7,Month-to-Month,Net Banking,West,Basic,No,0,33747.6,0.022555403625316058,Low,Standard engagement
CUST105366,7,2716.3,1,1,28.8,Month-to-Month,Cash,North,Standard,Yes,0,32595.6,0.022542513572186763,Low,Standard engagement
CUST101217,53,2764.49,2,1,54.8,Month-to-Month,Credit Card,South,Basic,No,0,33173.88,0.022273329886634417,Low,Standard engagement
CUST103329,67,2845.78,3,3,17.9,Two Year,UPI,West,Standard,Yes,0,34149.36,0.022163283226204797,Low,Standard engagement
CUST102962,71,2961.64,0,0,66.5,One Year,UPI,East,Premium,Yes,0,35539.68,0.022046736247515023,Low,Standard engagement
CUST104079,55,2758.85,6,2,60.6,Month-to-Month,Debit Card,South,Basic,Yes,0,33106.2,0.021967966009210714,Low,Standard engagement
CUST101966,27,2709.75,3,1,49.2,Month-to-Month,UPI,South,Basic,No,0,32517.0,0.02190546052303138,Low,Standard engagement
CUST104593,53,2694.13,2,1,7.5,Month-to-Month,Credit Card,South,Basic,No,0,32329.56,0.021812067911291595,Low,Standard engagement
CUST104381,9,2668.45,2,4,31.4,Month-to-Month,Net Banking,East,Basic,No,0,32021.4,0.02177313979985583,Low,Standard engagement
CUST105727,8,2795.05,2,2,60.6,Two Year,Credit Card,South,Basic,Yes,0,33540.6,0.021749110414996307,Low,Standard engagement
CUST101008,53,2865.23,3,1,13.6,Two Year,UPI,East,Standard,Yes,0,34382.76,0.021731899635535123,Low,Standard engagement
CUST101326,49,2793.6,0,0,53.1,Month-to-Month,Credit Card,West,Basic,No,0,33523.2,0.021731866022722007,Low,Standard engagement
CUST104100,7,2753.79,1,0,43.1,Month-to-Month,UPI,East,Standard,No,0,33045.48,0.021695799804292606,Low,Standard engagement
CUST105578,33,2792.8,2,1,64.3,Month-to-Month,UPI,South,Standard,Yes,0,33513.6,0.0216094931143116,Low,Standard engagement
CUST103823,13,2700.75,4,2,39.4,Month-to-Month,UPI,East,Standard,No,0,32409.0,0.021565954637534048,Low,Standard engagement
CUST100005,62,2758.62,0,1,30.3,Month-to-Month,Credit Card,West,Basic,No,0,33103.44,0.02151125879773085,Low,Standard engagement
CUST101254,47,2795.64,3,2,51.0,Month-to-Month,Net Banking,North,Premium,No,0,33547.68,0.021381593563002104,Low,Standard engagement
CUST100988,18,2852.26,1,0,42.4,Two Year,Debit Card,North,Premium,No,0,34227.12,0.021370617002386495,Low,Standard engagement
CUST105292,25,2737.07,4,1,50.1,Month-to-Month,UPI,North,Standard,No,0,32844.84,0.021310103705950236,Low,Standard engagement
CUST102724,57,2834.51,2,2,21.7,Two Year,Debit Card,South,Premium,No,0,34014.12,0.02129610910422865,Low,Standard engagement
CUST100480,21,2806.13,3,0,35.2,One Year,Credit Card,South,Standard,No,0,33673.56,0.021262437975557463,Low,Standard engagement
CUST105629,3,2705.39,1,2,19.5,Month-to-Month,Net Banking,North,Standard,No,0,32464.68,0.021193819055411605,Low,Standard engagement
CUST104856,61,2809.76,1,0,48.6,Month-to-Month,Debit Card,West,Basic,No,0,33717.12,0.021124626981666506,Low,Standard engagement
CUST101276,48,2822.11,2,0,66.8,Month-to-Month,Credit Card,West,Premium,No,0,33865.32,0.021115747078948678,Low,Standard engagement
CUST101072,55,2861.72,1,1,47.0,One Year,Credit Card,South,Premium,Yes,0,34340.64,0.02107651387327809,Low,Standard engagement
CUST103878,13,2691.81,1,1,47.5,Month-to-Month,Credit Card,South,Basic,No,0,32301.72,0.02107223021486148,Low,Standard engagement
CUST100019,33,2875.97,1,1,59.0,Two Year,Debit Card,South,Premium,No,0,34511.64,0.021038650334321205,Low,Standard engagement
CUST100338,15,2841.13,0,2,58.0,Two Year,UPI,West,Standard,No,0,34093.56,0.02095665129919886,Low,Standard engagement
CUST104855,50,2831.88,1,2,43.2,Two Year,Credit Card,West,Basic,No,0,33982.56,0.020897500002968403,Low,Standard engagement
CUST104521,51,2840.64,3,4,66.2,One Year,Credit Card,East,Standard,Yes,0,34087.68,0.020875279894425468,Low,Standard engagement
CUST102887,5,2779.07,1,0,57.0,Month-to-Month,Credit Card,East,Standard,Yes,0,33348.84,0.020839692356488144,Low,Standard engagement
CUST103224,44,2810.11,0,3,51.1,One Year,Credit Card,West,Premium,No,0,33721.32,0.020805602488319704,Low,Standard engagement
CUST101085,61,2846.92,4,2,44.0,One Year,Net Banking,North,Basic,No,0,34163.04,0.02078791821682422,Low,Standard engagement
CUST101925,10,2618.06,0,5,44.7,Month-to-Month,UPI,East,Basic,No,0,31416.72,0.020416035704444658,Low,Standard engagement
CUST105680,14,2792.18,0,2,55.5,One Year,UPI,North,Standard,No,0,33506.16,0.02026101805165561,Low,Standard engagement
CUST104372,17,2717.27,1,2,63.2,Month-to-Month,Debit Card,West,Basic,No,0,32607.24,0.020218972464083742,Low,Standard engagement
CUST103750,42,2761.14,1,1,23.0,Month-to-Month,Net Banking,North,Basic,Yes,0,33133.68,0.020197397367732493,Low,Standard engagement
CUST103652,30,2797.67,1,1,45.4,One Year,Credit Card,East,Basic,No,1,33572.04,0.020057721436672914,Low,Standard engagement
CUST104212,30,2716.22,2,1,19.6,Month-to-Month,Credit Card,North,Standard,Yes,0,32594.64,0.019995617346063276,Low,Standard engagement
CUST104705,17,2748.75,0,0,44.6,Month-to-Month,Debit Card,North,Premium,No,0,32985.0,0.019850589134060743,Low,Standard engagement
CUST102174,17,2782.11,1,0,53.7,Month-to-Month,Net Banking,West,Basic,No,0,33385.32,0.01964547900340555,Low,Standard engagement
CUST104394,37,2701.84,2,2,27.2,Month-to-Month,UPI,North,Standard,No,0,32422.08,0.01957374261829062,Low,Standard engagement
CUST102137,2,2674.02,3,1,16.7,Month-to-Month,Debit Card,South,Standard,Yes,0,32088.24,0.0195522319537117,Low,Standard engagement
CUST102454,60,2909.52,4,1,49.3,Two Year,Net Banking,South,Basic,Yes,0,34914.24,0.019521398782532864,Low,Standard engagement
CUST105359,25,2740.12,1,0,34.5,Month-to-Month,Credit Card,South,Standard,No,0,32881.44,0.019490723123828515,Low,Standard engagement
CUST104193,3,2769.31,1,0,32.8,Two Year,UPI,North,Basic,No,0,33231.72,0.019454676264466644,Low,Standard engagement
CUST100920,63,2816.79,2,0,51.9,Month-to-Month,Debit Card,South,Premium,No,0,33801.48,0.01942744611231123,Low,Standard engagement
CUST103549,46,2824.33,1,0,54.0,Month-to-Month,Debit Card,North,Standard,Yes,0,33891.96,0.019328467577923582,Low,Standard engagement
CUST103911,70,2839.48,3,0,65.0,Month-to-Month,UPI,South,Premium,Yes,0,34073.76,0.019155402720595613,Low,Standard engagement
CUST101318,33,2723.23,3,0,36.1,Month-to-Month,UPI,East,Basic,No,0,32678.76,0.019132755408950954,Low,Standard engagement
CUST104080,66,2767.37,5,2,31.1,Month-to-Month,Debit Card,West,Standard,Yes,0,33208.44,0.018833820944248653,Low,Standard engagement
CUST101049,9,2806.72,0,2,70.4,One Year,Credit Card,West,Standard,No,0,33680.64,0.018650209186583937,Low,Standard engagement
CUST104533,55,2759.74,1,0,42.3,Month-to-Month,Cash,North,Basic,No,0,33116.88,0.0186340595426264,Low,Standard engagement
CUST104240,25,2662.75,3,1,11.8,Month-to-Month,Cash,North,Premium,No,0,31953.0,0.018615605743508384,Low,Standard engagement
CUST100335,59,2855.65,1,1,41.3,One Year,UPI,West,Standard,No,0,34267.8,0.018500417291579883,Low,Standard engagement
CUST100589,61,2856.5,4,2,62.5,One Year,Credit Card,South,Standard,Yes,0,34278.0,0.018455520394785742,Low,Standard engagement
CUST105866,52,2815.85,2,1,41.3,One Year,UPI,South,Premium,No,0,33790.2,0.018314900164449432,Low,Standard engagement
CUST104652,24,2696.31,5,2,77.4,Month-to-Month,Credit Card,North,Basic,No,0,32355.72,0.01830828170626833,Low,Standard engagement
CUST102859,33,2713.22,3,1,56.1,Month-to-Month,Cash,North,Basic,No,0,32558.64,0.01823678032196139,Low,Standard engagement
CUST105127,38,2751.08,1,3,14.2,Two Year,Debit Card,North,Basic,Yes,0,33012.96,0.018201548646312033,Low,Standard engagement
CUST102749,71,2782.29,1,2,42.7,Month-to-Month,Credit Card,West,Standard,No,0,33387.48,0.01815570047646086,Low,Standard engagement
CUST101098,3,2692.19,0,0,52.3,Month-to-Month,Credit Card,South,Basic,No,0,32306.28,0.018065585947821577,Low,Standard engagement
CUST101681,1,2594.1,3,1,3.0,Month-to-Month,Debit Card,South,Basic,No,0,31129.2,0.01788423373624585,Low,Standard engagement
CUST101464,62,2689.15,1,3,20.9,Month-to-Month,UPI,North,Premium,No,0,32269.8,0.017501172445441058,Low,Standard engagement
CUST105755,29,2789.98,2,1,30.1,Two Year,Credit Card,North,Premium,No,0,33479.76,0.017297088911520767,Low,Standard engagement
CUST100400,72,2762.77,4,3,36.3,Month-to-Month,Net Banking,South,Premium,No,0,33153.24,0.0172511798528953,Low,Standard engagement
CUST100326,18,2828.83,1,1,61.0,One Year,Net Banking,West,Basic,No,0,33945.96,0.017047907685909525,Low,Standard engagement
CUST104063,38,2858.9,4,1,59.5,Two Year,Debit Card,South,Premium,Yes,0,34306.8,0.017039573351580975,Low,Standard engagement
CUST101865,30,2707.79,1,1,14.9,Month-to-Month,Debit Card,South,Standard,Yes,0,32493.48,0.016919107132549467,Low,Standard engagement
CUST101171,46,2813.15,0,0,60.0,Month-to-Month,Debit Card,East,Premium,No,0,33757.8,0.016742390605502946,Low,Standard engagement
CUST102582,21,2756.38,0,0,41.3,Month-to-Month,Debit Card,South,Standard,Yes,0,33076.56,0.01671038148656456,Low,Standard engagement
CUST104111,35,2732.19,3,0,37.2,Month-to-Month,Credit Card,North,Standard,No,0,32786.28,0.016581923533219262,Low,Standard engagement
CUST100147,17,2686.94,3,0,31.9,Month-to-Month,Cash,North,Premium,No,0,32243.28,0.01648348766671443,Low,Standard engagement
CUST105303,31,2731.11,2,0,17.8,Month-to-Month,UPI,East,Standard,Yes,0,32773.32,0.01647777706798988,Low,Standard engagement
CUST100123,34,2714.14,1,0,45.7,Month-to-Month,Credit Card,South,Basic,No,0,32569.68,0.01636075839965343,Low,Standard engagement
CUST101445,3,2680.32,0,1,40.8,Month-to-Month,UPI,North,Standard,No,0,32163.84,0.016345996325950903,Low,Standard engagement
CUST100340,46,2785.09,2,0,21.6,One Year,Debit Card,West,Basic,No,0,33421.08,0.016189308736329462,Low,Standard engagement
CUST100663,15,2729.69,1,0,36.9,Month-to-Month,Credit Card,West,Standard,Yes,0,32756.28,0.016126384129585933,Low,Standard engagement
CUST105760,9,2707.07,4,1,28.2,One Year,Credit Card,West,Basic,Yes,0,32484.84,0.016087393693448818,Low,Standard engagement
CUST103447,41,2770.6,5,2,31.2,One Year,Debit Card,West,Standard,No,0,33247.2,0.016039714364576282,Low,Standard engagement
CUST104930,2,2803.64,3,2,52.5,One Year,Net Banking,West,Standard,Yes,0,33643.68,0.01600243547587704,Low,Standard engagement
CUST100346,72,2760.31,0,1,42.5,Month-to-Month,UPI,North,Basic,Yes,0,33123.72,0.01586067294142211,Low,Standard engagement
CUST105444,19,2682.6,1,1,25.4,Month-to-Month,UPI,West,Premium,Yes,0,32191.2,0.015832778863321652,Low,Standard engagement
CUST102344,43,2682.04,2,2,42.0,Month-to-Month,Credit Card,West,Basic,No,0,32184.48,0.01580255188663994,Low,Standard engagement
CUST103191,50,2885.06,0,0,60.7,Two Year,Credit Card,West,Basic,Yes,0,34620.72,0.015791765266955332,Low,Standard engagement
CUST104551,3,2768.52,3,0,48.2,Two Year,Credit Card,West,Basic,No,0,33222.24,0.01576816299919821,Low,Standard engagement
CUST102871,71,2858.0,4,0,49.8,Two Year,UPI,South,Basic,No,0,34296.0,0.015595727469908036,Low,Standard engagement
CUST100211,52,2762.44,1,0,40.2,Month-to-Month,Debit Card,West,Basic,Yes,0,33149.28,0.015530756634122157,Low,Standard engagement
CUST101801,34,2772.83,5,1,32.3,One Year,UPI,East,Standard,No,0,33273.96,0.015436572684734114,Low,Standard engagement
CUST100513,59,2736.53,1,0,22.6,Month-to-Month,Debit Card,South,Basic,Yes,0,32838.36,0.015335273018922475,Low,Standard engagement
CUST101145,35,2764.79,1,1,25.7,One Year,UPI,North,Standard,No,0,33177.48,0.015082387354697982,Low,Standard engagement
CUST104967,25,2621.17,2,2,29.4,Month-to-Month,UPI,North,Basic,No,0,31454.04,0.015031640433813236,Low,Standard engagement
CUST105715,32,2697.97,1,1,45.7,Month-to-Month,Credit Card,East,Basic,No,0,32375.64,0.014994612273593456,Low,Standard engagement
CUST103774,31,2821.9,4,0,50.4,One Year,Debit Card,West,Standard,No,0,33862.8,0.014965346348962037,Low,Standard engagement
CUST101429,57,2793.33,7,1,58.6,Month-to-Month,Net Banking,West,Premium,No,0,33519.96,0.01495249159033571,Low,Standard engagement
CUST104608,63,2764.54,1,0,50.7,Month-to-Month,Credit Card,West,Basic,No,0,33174.48,0.014830133173218827,Low,Standard engagement
CUST100979,41,2676.68,3,1,25.5,Month-to-Month,Credit Card,South,Premium,No,0,32120.16,0.014705458886528978,Low,Standard engagement
CUST103250,25,2780.73,0,1,43.6,One Year,UPI,East,Premium,No,0,33368.76,0.014683745643744034,Low,Standard engagement
CUST102239,64,2724.84,1,2,34.1,Month-to-Month,Debit Card,North,Premium,No,0,32698.08,0.014595866470913797,Low,Standard engagement
CUST101357,10,2713.96,3,3,43.9,One Year,UPI,East,Standard,No,0,32567.52,0.01448079968242435,Low,Standard engagement
CUST102275,31,2766.71,2,3,23.5,One Year,Net Banking,West,Standard,No,0,33200.52,0.014476699027055121,Low,Standard engagement
CUST105882,61,2706.03,3,1,33.5,Month-to-Month,Credit Card,South,Basic,Yes,0,32472.36,0.014469535254513702,Low,Standard engagement
CUST102091,24,2731.07,3,0,59.9,Month-to-Month,Debit Card,South,Premium,No,0,32772.84,0.014387787782222342,Low,Standard engagement
CUST103778,71,2754.66,3,4,25.7,One Year,Credit Card,North,Standard,Yes,0,33055.92,0.014343590765007581,Low,Standard engagement
CUST101144,24,2670.99,1,2,40.9,Month-to-Month,Debit Card,South,Premium,No,0,32051.88,0.014291434249898765,Low,Standard engagement
CUST104049,33,2708.29,3,3,60.1,Month-to-Month,Net Banking,West,Basic,No,0,32499.48,0.014266314902258239,Low,Standard engagement
CUST102082,24,2738.84,2,0,44.9,Month-to-Month,Debit Card,South,Standard,Yes,0,32866.08,0.014234336013769774,Low,Standard engagement
CUST102895,39,2769.68,0,2,65.8,One Year,Credit Card,South,Basic,No,0,33236.16,0.014232914545596586,Low,Standard engagement
CUST105837,3,2713.15,5,1,68.9,Month-to-Month,Net Banking,East,Basic,No,0,32557.8,0.014061846066614548,Low,Standard engagement
CUST103641,67,2695.89,1,3,42.8,Month-to-Month,Cash,South,Basic,Yes,0,32350.68,0.01389866154215847,Low,Standard engagement
CUST101768,5,2661.16,5,1,54.7,Month-to-Month,UPI,North,Standard,No,0,31933.92,0.013871337166598436,Low,Standard engagement
CUST105365,12,2634.81,3,0,24.6,Month-to-Month,UPI,North,Basic,Yes,0,31617.72,0.01386598945548816,Low,Standard engagement
CUST103160,9,2629.27,0,2,51.5,Month-to-Month,Credit Card,North,Basic,No,0,31551.24,0.01379240221374121,Low,Standard engagement
CUST102063,52,2822.42,2,1,34.7,Two Year,Cash,South,Premium,Yes,0,33869.04,0.013792137811356244,Low,Standard engagement
CUST102202,3,2844.39,3,0,54.2,Two Year,Net Banking,East,Premium,No,0,34132.68,0.013665212830563872,Low,Standard engagement
CUST103816,33,2793.87,3,1,41.1,Two Year,Credit Card,South,Standard,No,0,33526.44,0.013638628053204283,Low,Standard engagement
CUST103698,21,2806.14,0,1,53.1,One Year,Credit Card,East,Standard,Yes,0,33673.68,0.013615058100765676,Low,Standard engagement
CUST103625,54,2701.49,2,1,45.7,Month-to-Month,Cash,South,Basic,No,0,32417.88,0.013488608993272429,Low,Standard engagement
CUST105590,6,2714.26,3,1,77.8,Month-to-Month,UPI,South,Standard,Yes,0,32571.12,0.013467814763867271,Low,Standard engagement
CUST105925,8,2725.72,1,1,37.2,One Year,UPI,North,Standard,No,1,32708.64,0.013212878947823263,Low,Standard engagement
CUST103261,35,2698.7,6,0,42.7,Month-to-Month,Debit Card,South,Premium,No,0,32384.4,0.013150040306171552,Low,Standard engagement
CUST105312,16,2747.16,2,0,33.2,One Year,Credit Card,South,Standard,No,0,32965.92,0.01309468194774655,Low,Standard engagement
CUST102425,41,2727.78,3,1,52.1,Month-to-Month,UPI,North,Standard,Yes,0,32733.36,0.013078248492752059,Low,Standard engagement
CUST101839,40,2825.44,4,0,60.5,One Year,UPI,North,Standard,Yes,0,33905.28,0.013070458187680815,Low,Standard engagement
CUST100857,5,2675.43,3,0,65.3,Month-to-Month,UPI,North,Basic,Yes,0,32105.16,0.012975419550661374,Low,Standard engagement
CUST102682,29,2770.15,2,1,35.3,One Year,Debit Card,West,Standard,No,0,33241.8,0.012955772402652057,Low,Standard engagement
CUST103473,64,2721.55,1,0,37.6,Month-to-Month,Credit Card,North,Basic,No,0,32658.6,0.012787961478128407,Low,Standard engagement
CUST104399,48,2798.39,1,1,49.5,One Year,Debit Card,South,Premium,No,0,33580.68,0.01263508355405927,Low,Standard engagement
CUST104745,22,2756.83,4,1,45.7,Two Year,UPI,North,Premium,No,0,33081.96,0.012593433615076007,Low,Standard engagement
CUST101030,36,2699.37,1,0,30.6,Month-to-Month,Credit Card,West,Premium,No,0,32392.44,0.012547083937108112,Low,Standard engagement
CUST103515,71,2701.09,1,2,38.6,Month-to-Month,Debit Card,South,Basic,No,0,32413.08,0.01246800531759871,Low,Standard engagement
CUST100266,33,2739.9,2,1,32.2,Two Year,Credit Card,North,Basic,No,0,32878.8,0.01245827306497243,Low,Standard engagement
CUST105239,65,2841.06,1,0,17.4,Two Year,Credit Card,North,Standard,Yes,0,34092.72,0.012368070365207226,Low,Standard engagement
CUST105015,68,2745.02,2,0,40.1,Month-to-Month,Credit Card,South,Premium,No,0,32940.24,0.01231595259000708,Low,Standard engagement
CUST103606,24,2849.97,3,0,57.0,One Year,Net Banking,East,Premium,Yes,0,34199.64,0.01223903476092807,Low,Standard engagement
CUST103783,55,2718.67,2,1,8.7,One Year,Debit Card,North,Basic,No,0,32624.04,0.012170103622684093,Low,Standard engagement
CUST104318,62,2678.39,1,2,43.3,Month-to-Month,Credit Card,South,Basic,No,0,32140.68,0.012083784640740284,Low,Standard engagement
CUST100151,21,2682.1,4,0,34.0,Month-to-Month,Net Banking,South,Basic,No,0,32185.2,0.012082372657427294,Low,Standard engagement
CUST100604,60,2831.57,7,0,26.7,Two Year,UPI,East,Standard,Yes,0,33978.84,0.01206951808799187,Low,Standard engagement
CUST101424,19,2801.13,0,0,58.2,One Year,Debit Card,North,Standard,No,0,33613.56,0.012061477850228746,Low,Standard engagement
CUST105851,43,2844.01,1,1,46.7,One Year,Net Banking,West,Standard,No,0,34128.12,0.011967665701583276,Low,Standard engagement
CUST103872,63,2702.32,2,0,34.0,Month-to-Month,Credit Card,South,Basic,No,0,32427.84,0.011967555744607672,Low,Standard engagement
CUST104249,28,2714.73,1,1,24.0,One Year,Debit Card,North,Basic,Yes,0,32576.76,0.011946137947545763,Low,Standard engagement
CUST100954,57,2745.03,2,4,58.4,One Year,UPI,East,Basic,Yes,0,32940.36,0.011938572194334371,Low,Standard engagement
CUST102538,39,2673.9,3,1,55.4,Month-to-Month,Cash,South,Basic,No,0,32086.8,0.011883476728776462,Low,Standard engagement
CUST101404,13,2681.99,1,1,62.8,Month-to-Month,UPI,West,Premium,No,0,32183.88,0.011724495827559682,Low,Standard engagement
CUST105935,21,2627.01,4,1,37.3,Month-to-Month,UPI,East,Basic,No,0,31524.12,0.011699528419622475,Low,Standard engagement
CUST104565,25,2635.15,1,3,44.9,Month-to-Month,UPI,North,Premium,Yes,0,31621.8,0.01166049446067634,Low,Standard engagement
CUST103733,68,2739.78,0,2,30.0,One Year,Credit Card,South,Basic,No,0,32877.36,0.011586007306358871,Low,Standard engagement
CUST100806,40,2678.51,1,1,22.0,Month-to-Month,Credit Card,South,Standard,Yes,0,32142.12,0.011496413894485441,Low,Standard engagement
CUST100947,10,2662.45,1,2,45.8,Month-to-Month,Debit Card,East,Standard,No,0,31949.4,0.011383741628618646,Low,Standard engagement
CUST102055,27,2655.97,4,1,49.7,Month-to-Month,Debit Card,West,Basic,No,0,31871.64,0.011347933938649354,Low,Standard engagement
CUST104804,50,2719.87,1,1,43.3,Month-to-Month,UPI,West,Standard,No,0,32638.44,0.011331303100698749,Low,Standard engagement
CUST102968,52,2839.32,0,2,51.0,Two Year,UPI,East,Standard,Yes,0,34071.84,0.011300988953270275,Low,Standard engagement
CUST100822,10,2653.6,5,1,39.5,Month-to-Month,Credit Card,East,Standard,Yes,0,31843.2,0.011249728214237451,Low,Standard engagement
CUST105554,40,2814.85,2,0,28.1,Two Year,Debit Card,South,Standard,Yes,0,33778.2,0.01122464440269857,Low,Standard engagement
CUST102644,33,2678.06,2,0,48.2,Month-to-Month,Credit Card,West,Basic,No,0,32136.72,0.011034713275159853,Low,Standard engagement
CUST102548,34,2613.99,2,4,52.0,Month-to-Month,Debit Card,West,Basic,No,0,31367.88,0.011031337353966896,Low,Standard engagement
CUST102691,44,2666.61,2,1,34.1,Month-to-Month,UPI,North,Premium,No,0,31999.32,0.010995413345192112,Low,Standard engagement
CUST103611,50,2723.2,2,1,41.2,Month-to-Month,Debit Card,North,Standard,Yes,0,32678.4,0.010874129575296099,Low,Standard engagement
CUST103519,67,2845.94,3,1,23.6,Two Year,Net Banking,North,Premium,Yes,0,34151.28,0.010727901414976334,Low,Standard engagement
CUST102201,1,2606.52,3,3,17.7,Two Year,UPI,South,Basic,No,0,31278.24,0.010720899940315888,Low,Standard engagement
CUST102850,15,2630.42,2,0,34.6,Month-to-Month,Debit Card,North,Basic,No,0,31565.04,0.010678223851564235,Low,Standard engagement
CUST100837,15,2716.59,0,0,53.5,Month-to-Month,Net Banking,West,Basic,No,0,32599.08,0.010667195542343069,Low,Standard engagement
CUST102764,15,2763.27,0,1,44.9,Two Year,Credit Card,East,Premium,No,0,33159.24,0.010645294602852275,Low,Standard engagement
CUST104857,46,2699.01,3,1,43.1,Month-to-Month,Debit Card,South,Standard,No,0,32388.12,0.01055842470605724,Low,Standard engagement
CUST101887,30,2681.9,1,0,53.3,Month-to-Month,Debit Card,South,Basic,No,0,32182.8,0.010421820239475518,Low,Standard engagement
CUST104057,39,2619.41,1,2,38.4,Month-to-Month,UPI,South,Basic,No,0,31432.92,0.010392458127559292,Low,Standard engagement
CUST101367,33,2712.29,2,1,23.6,One Year,UPI,South,Standard,No,0,32547.48,0.010356760532972303,Low,Standard engagement
CUST102831,58,2817.83,1,0,33.1,One Year,Net Banking,North,Basic,Yes,0,33813.96,0.010273221433838567,Low,Standard engagement
CUST101351,29,2748.63,1,1,54.6,Month-to-Month,Net Banking,South,Standard,Yes,0,32983.56,0.010266407699267604,Low,Standard engagement
CUST104825,31,2604.18,1,3,19.6,Month-to-Month,UPI,West,Standard,No,0,31250.16,0.01024716470127487,Low,Standard engagement
CUST101286,66,2774.91,1,1,27.5,One Year,Credit Card,East,Premium,No,0,33298.92,0.010128329105304432,Low,Standard engagement
CUST100661,53,2785.75,1,2,46.6,One Year,Net Banking,South,Basic,Yes,0,33429.0,0.010107504391945297,Low,Standard engagement
CUST103314,30,2655.23,4,0,25.4,Month-to-Month,Credit Card,West,Premium,Yes,0,31862.76,0.00994981317501512,Low,Standard engagement
CUST101210,45,2781.31,1,1,69.0,Month-to-Month,Net Banking,East,Premium,No,0,33375.72,0.009897819607628268,Low,Standard engagement
CUST104284,9,2791.43,4,2,62.7,Two Year,Net Banking,South,Standard,Yes,0,33497.16,0.009815648132963548,Low,Standard engagement
CUST100331,27,2660.49,1,1,23.3,Month-to-Month,Debit Card,East,Standard,No,0,31925.88,0.009805790738393884,Low,Standard engagement
CUST101332,31,2674.64,1,2,52.8,Month-to-Month,Credit Card,East,Premium,Yes,0,32095.68,0.009787592516890117,Low,Standard engagement
CUST100802,38,2709.17,2,3,49.4,One Year,Credit Card,South,Standard,No,0,32510.04,0.009749793346153347,Low,Standard engagement
CUST105107,69,2678.51,8,2,44.9,Month-to-Month,UPI,West,Premium,Yes,0,32142.12,0.009708242927576305,Low,Standard engagement
CUST105182,46,2684.85,1,1,35.1,Month-to-Month,UPI,West,Standard,No,0,32218.2,0.009686943784082995,Low,Standard engagement
CUST105021,34,2765.45,0,1,24.0,One Year,Net Banking,West,Premium,No,0,33185.4,0.009635456894605704,Low,Standard engagement
CUST105994,10,2668.99,2,1,40.3,One Year,Debit Card,South,Basic,No,0,32027.88,0.009575784609501807,Low,Standard engagement
CUST105319,17,2620.26,1,1,37.6,Month-to-Month,Credit Card,North,Premium,No,0,31443.12,0.009536519701952302,Low,Standard engagement
CUST101705,62,2680.95,1,2,20.4,Month-to-Month,Debit Card,North,Standard,Yes,0,32171.4,0.009514878238263346,Low,Standard engagement
CUST100079,49,2736.73,1,0,54.9,Month-to-Month,UPI,West,Standard,No,0,32840.76,0.00951016557416402,Low,Standard engagement
CUST102833,40,2664.17,2,2,33.0,Month-to-Month,Net Banking,North,Basic,Yes,0,31970.04,0.009508975844023786,Low,Standard engagement
CUST101155,43,2714.55,2,0,44.7,Month-to-Month,Cash,North,Standard,Yes,0,32574.6,0.009452364714982044,Low,Standard engagement
CUST100365,38,2714.48,1,0,18.9,One Year,UPI,West,Basic,Yes,0,32573.76,0.00944911190716681,Low,Standard engagement
CUST102581,34,2751.96,5,2,64.9,Two Year,Debit Card,East,Basic,No,0,33023.52,0.009438056939469357,Low,Standard engagement
CUST104428,56,2752.98,1,2,52.1,Month-to-Month,Net Banking,West,Standard,No,0,33035.76,0.00938349590981505,Low,Standard engagement
CUST104665,60,2765.01,3,1,40.3,Month-to-Month,Net Banking,West,Standard,Yes,0,33180.12,0.009332269923213614,Low,Standard engagement
CUST102747,59,2615.4,2,4,40.2,Month-to-Month,Credit Card,West,Basic,Yes,0,31384.8,0.009212871335354316,Low,Standard engagement
CUST103043,39,2765.5,1,0,51.9,One Year,Debit Card,East,Basic,No,0,33186.0,0.008957148222244716,Low,Standard engagement
CUST101350,5,2689.88,0,0,38.4,One Year,UPI,West,Basic,Yes,0,32278.56,0.008841227032422995,Low,Standard engagement
CUST100856,18,2657.84,3,1,17.9,One Year,UPI,South,Premium,Yes,0,31894.08,0.00881629135383866,Low,Standard engagement
CUST102737,14,2589.25,1,4,48.1,Month-to-Month,UPI,East,Standard,No,0,31071.0,0.008797531332493141,Low,Standard engagement
CUST105156,67,2757.33,0,2,47.2,One Year,Debit Card,South,Basic,Yes,0,33087.96,0.008775463535180668,Low,Standard engagement
CUST101425,59,2707.35,0,1,47.9,Month-to-Month,UPI,North,Standard,No,0,32488.2,0.008748880190429697,Low,Standard engagement
CUST101871,15,2691.87,2,1,47.9,Month-to-Month,Net Banking,West,Standard,No,0,32302.44,0.008667285414900177,Low,Standard engagement
CUST103773,10,2660.78,5,1,52.0,One Year,Credit Card,North,Basic,Yes,0,31929.36,0.008659319261410949,Low,Standard engagement
CUST105438,31,2681.26,0,1,70.7,Month-to-Month,UPI,West,Basic,Yes,0,32175.12,0.008627906923364136,Low,Standard engagement
CUST102948,39,2801.59,0,0,14.6,Two Year,Net Banking,South,Standard,No,0,33619.08,0.008556404728972098,Low,Standard engagement
CUST105945,10,2686.9,5,0,47.4,Month-to-Month,Net Banking,West,Premium,Yes,0,32242.8,0.008511824711384529,Low,Standard engagement
CUST101878,53,2774.65,3,1,40.0,Two Year,Cash,South,Standard,No,0,33295.8,0.008487595167812717,Low,Standard engagement
CUST104921,63,2772.68,0,2,36.0,One Year,Debit Card,East,Standard,No,0,33272.16,0.008466123798404746,Low,Standard engagement
CUST104450,62,2722.78,2,1,49.6,Month-to-Month,Credit Card,West,Standard,Yes,0,32673.36,0.00842550389602149,Low,Standard engagement
CUST102035,61,2834.18,1,1,49.1,Two Year,UPI,East,Standard,Yes,0,34010.16,0.008422089813426714,Low,Standard engagement
CUST105877,18,2625.4,1,2,55.1,Month-to-Month,Credit Card,South,Standard,No,0,31504.8,0.008416776500232792,Low,Standard engagement
CUST100714,67,2767.64,1,1,42.9,Month-to-Month,Net Banking,South,Standard,Yes,0,33211.68,0.008392375554740384,Low,Standard engagement
CUST105434,38,2621.19,2,2,15.4,Month-to-Month,Net Banking,North,Basic,Yes,0,31454.28,0.008316797880025619,Low,Standard engagement
CUST105904,14,2744.93,3,1,43.8,One Year,Net Banking,West,Premium,Yes,0,32939.16,0.008290818523877506,Low,Standard engagement
CUST103858,24,2787.06,2,2,37.9,Two Year,Net Banking,East,Standard,Yes,0,33444.72,0.008285789485807864,Low,Standard engagement
CUST104479,39,2682.2,1,0,33.3,Month-to-Month,Net Banking,North,Basic,No,0,32186.4,0.008283792173787954,Low,Standard engagement
CUST102084,10,2638.52,2,1,39.2,One Year,Credit Card,South,Basic,No,0,31662.24,0.008227898324684528,Low,Standard engagement
CUST105822,63,2672.11,4,4,22.8,One Year,Credit Card,South,Standard,Yes,0,32065.32,0.008215653422995775,Low,Standard engagement
CUST104433,9,2715.3,1,1,44.4,Two Year,Debit Card,North,Premium,No,0,32583.6,0.008179892044363328,Low,Standard engagement
CUST100424,31,2623.14,0,2,32.2,Month-to-Month,UPI,West,Standard,No,0,31477.68,0.008161134728082789,Low,Standard engagement
CUST105678,45,2646.31,2,1,49.8,Month-to-Month,UPI,North,Basic,Yes,0,31755.72,0.008083950601863288,Low,Standard engagement
CUST101146,39,2639.03,2,3,60.9,Month-to-Month,UPI,East,Premium,No,0,31668.36,0.008074857257667883,Low,Standard engagement
CUST105778,51,2571.11,5,2,4.3,Month-to-Month,UPI,East,Basic,Yes,0,30853.32,0.008055073075601214,Low,Standard engagement
CUST103167,20,2842.94,3,0,66.8,Two Year,Net Banking,East,Standard,No,0,34115.28,0.007979501911297324,Low,Standard engagement
CUST102867,12,2682.99,6,0,23.8,Two Year,Debit Card,South,Premium,No,0,32195.88,0.007923584299659864,Low,Standard engagement
CUST104958,67,2672.35,3,2,47.5,Month-to-Month,UPI,South,Standard,No,0,32068.2,0.007922329195177411,Low,Standard engagement
CUST105613,24,2668.05,1,2,56.0,One Year,Cash,North,Basic,No,0,32016.6,0.007920545609700853,Low,Standard engagement
CUST105947,68,2650.23,0,3,54.9,Month-to-Month,Credit Card,West,Basic,No,0,31802.76,0.00779814875255168,Low,Standard engagement
CUST101890,14,2555.61,4,1,6.0,Month-to-Month,Credit Card,West,Standard,No,0,30667.32,0.00773180423292988,Low,Standard engagement
CUST103306,20,2616.27,0,2,67.3,Month-to-Month,UPI,South,Basic,Yes,0,31395.24,0.0076819972411236205,Low,Standard engagement
CUST101645,22,2675.17,8,0,38.1,One Year,UPI,South,Standard,No,0,32102.04,0.007649362172990697,Low,Standard engagement
CUST100939,37,2660.85,3,3,72.9,Month-to-Month,Debit Card,West,Standard,No,0,31930.2,0.007625926018563972,Low,Standard engagement
CUST100547,43,2651.17,3,1,46.7,Month-to-Month,UPI,South,Standard,No,0,31814.04,0.00761322514465972,Low,Standard engagement
CUST100066,66,2832.47,1,0,35.8,Two Year,Credit Card,East,Standard,Yes,0,33989.64,0.007581780530589349,Low,Standard engagement
CUST104591,3,2622.57,1,4,50.3,One Year,UPI,West,Standard,No,0,31470.84,0.007539788441737754,Low,Standard engagement
CUST104348,56,2707.84,1,1,29.5,Month-to-Month,Net Banking,North,Standard,No,0,32494.08,0.0075266996012535985,Low,Standard engagement
CUST104271,39,2623.19,2,1,47.3,Month-to-Month,Credit Card,West,Basic,No,0,31478.28,0.0075189384740733485,Low,Standard engagement
CUST105775,68,2674.61,1,1,28.1,Month-to-Month,Cash,North,Standard,No,0,32095.32,0.007463533817228861,Low,Standard engagement
CUST104609,32,2757.15,2,1,53.3,One Year,Net Banking,South,Premium,No,0,33085.8,0.007461912534699234,Low,Standard engagement
CUST102268,9,2673.83,1,1,48.3,One Year,Debit Card,East,Basic,No,0,32085.96,0.007456939257095052,Low,Standard engagement
CUST100267,25,2568.96,1,2,35.0,Month-to-Month,UPI,South,Basic,Yes,0,30827.52,0.0074310847585519245,Low,Standard engagement
CUST100052,27,2708.22,2,1,32.3,Two Year,Debit Card,West,Basic,Yes,0,32498.64,0.007406135631527412,Low,Standard engagement
CUST101329,25,2686.53,1,0,71.3,Month-to-Month,UPI,North,Standard,No,0,32238.36,0.007367454396029239,Low,Standard engagement
CUST104429,67,2691.16,5,2,36.8,Month-to-Month,Net Banking,North,Premium,Yes,0,32293.92,0.007339488143144676,Low,Standard engagement
CUST104678,48,2754.38,1,0,52.9,One Year,Debit Card,North,Basic,Yes,0,33052.56,0.007337647841475597,Low,Standard engagement
CUST102209,10,2666.83,1,0,74.3,Month-to-Month,UPI,South,Standard,No,0,32001.96,0.007316905927487665,Low,Standard engagement
CUST100301,60,2666.8,2,2,58.5,Month-to-Month,UPI,East,Basic,Yes,0,32001.6,0.0073159622517600205,Low,Standard engagement
CUST105236,41,2747.29,1,0,33.3,One Year,Credit Card,West,Standard,Yes,0,32967.48,0.007214660556958076,Low,Standard engagement
CUST104680,24,2622.63,0,1,50.2,Month-to-Month,UPI,North,Premium,No,0,31471.56,0.007188809125036157,Low,Standard engagement
CUST100827,65,2711.47,0,1,51.6,Month-to-Month,Debit Card,South,Standard,No,0,32537.64,0.007106159213854176,Low,Standard engagement
CUST105467,25,2673.83,0,2,72.9,Month-to-Month,Cash,West,Standard,Yes,0,32085.96,0.007093556495313593,Low,Standard engagement
CUST101656,62,2695.75,4,3,9.5,One Year,Net Banking,South,Standard,No,0,32349.0,0.007058941812466361,Low,Standard engagement
CUST103718,50,2678.14,5,3,29.2,Two Year,UPI,North,Premium,Yes,0,32137.68,0.00704604595806,Low,Standard engagement
CUST101525,4,2566.67,5,1,50.4,Month-to-Month,Debit Card,South,Basic,Yes,0,30800.04,0.006984999806834218,Low,Standard engagement
CUST102794,5,2602.2,1,1,69.4,Month-to-Month,Debit Card,North,Basic,No,0,31226.4,0.006936696555701949,Low,Standard engagement
CUST103212,25,2703.65,2,2,41.8,One Year,Debit Card,East,Standard,Yes,0,32443.8,0.0069053481204616575,Low,Standard engagement
CUST100729,48,2727.58,0,0,66.4,Month-to-Month,Net Banking,South,Basic,No,0,32730.96,0.006873251505884798,Low,Standard engagement
CUST101345,72,2783.89,0,1,56.6,One Year,Debit Card,North,Premium,No,0,33406.68,0.006870328428603489,Low,Standard engagement
CUST105070,66,2703.95,4,0,53.0,Month-to-Month,Cash,North,Standard,No,0,32447.4,0.006823148080501588,Low,Standard engagement
CUST100454,43,2649.32,2,0,50.0,Month-to-Month,UPI,East,Basic,No,0,31791.84,0.006753623142994062,Low,Standard engagement
CUST102742,37,2641.07,2,3,22.3,One Year,Cash,West,Premium,Yes,0,31692.84,0.0067419852224815625,Low,Standard engagement
CUST102059,30,2579.74,3,3,53.5,Month-to-Month,Debit Card,East,Basic,No,0,30956.88,0.006738942405865549,Low,Standard engagement
CUST101893,52,2702.12,2,1,41.9,Month-to-Month,Net Banking,South,Standard,No,0,32425.44,0.006729031771535481,Low,Standard engagement
CUST102784,66,2691.16,3,1,50.7,Month-to-Month,UPI,North,Standard,Yes,0,32293.92,0.00672247639904185,Low,Standard engagement
CUST105954,49,2596.33,3,3,38.4,Month-to-Month,Cash,South,Standard,No,0,31155.96,0.006660827159001162,Low,Standard engagement
CUST101242,70,2638.04,3,2,38.3,Month-to-Month,Debit Card,East,Basic,No,0,31656.48,0.0066430878018337355,Low,Standard engagement
CUST102653,27,2579.26,1,2,23.8,Month-to-Month,Credit Card,South,Standard,Yes,0,30951.12,0.006559883497137998,Low,Standard engagement
CUST104959,68,2774.34,2,0,19.0,Two Year,Cash,West,Standard,No,0,33292.08,0.006536331805837528,Low,Standard engagement
CUST105602,1,2566.41,3,1,35.1,Month-to-Month,Debit Card,South,Standard,No,0,30796.92,0.006518485977696367,Low,Standard engagement
CUST104896,62,2724.76,1,1,29.3,Two Year,UPI,South,Basic,Yes,0,32697.12,0.006474753548455654,Low,Standard engagement
CUST103978,40,2547.81,2,1,12.2,Month-to-Month,UPI,North,Basic,No,0,30573.72,0.006458504148705707,Low,Standard engagement
CUST105527,23,2613.27,2,1,35.3,Month-to-Month,Debit Card,West,Standard,No,0,31359.24,0.006423064713439433,Low,Standard engagement
CUST103044,14,2579.04,1,3,80.3,Month-to-Month,Debit Card,North,Basic,No,0,30948.48,0.006278068301301612,Low,Standard engagement
CUST104631,21,2658.56,2,1,41.2,Two Year,UPI,North,Basic,No,0,31902.72,0.006231721841074136,Low,Standard engagement
CUST104196,40,2608.01,3,1,41.5,Month-to-Month,Cash,North,Premium,No,0,31296.12,0.0061973736356709655,Low,Standard engagement
CUST104671,50,2603.6,2,1,35.1,Month-to-Month,Debit Card,South,Basic,No,0,31243.2,0.006185064626718402,Low,Standard engagement
CUST103309,68,2666.89,3,0,46.3,Month-to-Month,Cash,South,Basic,Yes,0,32002.68,0.0061845567946464865,Low,Standard engagement
CUST104201,54,2813.46,1,0,47.9,One Year,Net Banking,South,Standard,Yes,0,33761.52,0.006165730233372666,Low,Standard engagement
CUST103185,69,2668.53,2,1,37.2,Month-to-Month,UPI,West,Standard,No,0,32022.36,0.006150037903356932,Low,Standard engagement
CUST100072,34,2691.23,4,1,42.5,Two Year,Debit Card,West,Basic,No,0,32294.76,0.0061461813139462255,Low,Standard engagement
CUST105561,9,2745.67,0,0,69.1,Two Year,Credit Card,South,Standard,No,0,32948.04,0.006130241008156801,Low,Standard engagement
CUST100512,61,2838.19,2,0,58.8,Two Year,Net Banking,West,Basic,Yes,0,34058.28,0.0061210817639573084,Low,Standard engagement
CUST104829,36,2563.82,2,3,24.6,Month-to-Month,Net Banking,North,Basic,No,0,30765.84,0.0060657730025827335,Low,Standard engagement
CUST103230,61,2674.84,0,2,20.1,Two Year,Credit Card,South,Basic,No,0,32098.08,0.006057808538120196,Low,Standard engagement
CUST104569,15,2589.73,3,0,45.5,Month-to-Month,Credit Card,South,Premium,No,0,31076.76,0.006050241742248961,Low,Standard engagement
CUST100168,25,2625.54,1,0,44.5,Month-to-Month,UPI,South,Standard,No,0,31506.48,0.006019289687551262,Low,Standard engagement
CUST101544,17,2631.71,0,0,33.3,Month-to-Month,Credit Card,East,Standard,Yes,0,31580.52,0.005994699018724992,Low,Standard engagement
CUST105410,2,2555.18,0,0,16.4,Month-to-Month,Credit Card,North,Standard,No,0,30662.16,0.00598480477642394,Low,Standard engagement
CUST105920,11,2622.16,2,2,49.6,One Year,UPI,North,Premium,No,0,31465.92,0.0059566415722379805,Low,Standard engagement
CUST103102,2,2500.62,4,0,18.5,Month-to-Month,UPI,North,Basic,No,0,30007.44,0.005914175049475608,Low,Standard engagement
CUST103723,72,2756.62,2,0,100.0,Month-to-Month,UPI,South,Premium,No,0,33079.44,0.005902915861224147,Low,Standard engagement
CUST105975,40,2650.5,5,1,25.6,One Year,Credit Card,North,Standard,No,0,31806.0,0.005881277717259308,Low,Standard engagement
CUST101384,28,2603.71,1,1,30.4,Month-to-Month,UPI,East,Standard,No,0,31244.52,0.005878987643773215,Low,Standard engagement
CUST103366,45,2583.61,2,1,32.2,Month-to-Month,Credit Card,West,Basic,No,0,31003.32,0.005867921134385328,Low,Standard engagement
CUST105805,11,2587.66,2,0,35.5,Month-to-Month,Cash,North,Standard,No,0,31051.92,0.0058327933491920236,Low,Standard engagement
CUST100377,54,2643.21,2,0,20.8,Month-to-Month,Net Banking,South,Basic,No,0,31718.52,0.005813074169019078,Low,Standard engagement
CUST101756,26,2547.78,6,3,43.7,Month-to-Month,Debit Card,North,Standard,No,0,30573.36,0.005768322520362735,Low,Standard engagement
CUST104217,25,2711.11,1,0,73.1,Month-to-Month,Net Banking,West,Premium,No,0,32533.32,0.0057567635650601,Low,Standard engagement
CUST103123,45,2609.44,2,1,24.8,Month-to-Month,UPI,South,Standard,Yes,0,31313.28,0.005755627957071472,Low,Standard engagement
CUST103764,30,2687.68,4,0,47.2,Month-to-Month,Net Banking,East,Standard,No,0,32252.16,0.005753669418283958,Low,Standard engagement
CUST103056,58,2654.59,3,1,14.8,One Year,Credit Card,West,Basic,Yes,0,31855.08,0.005737508121583397,Low,Standard engagement
CUST101942,63,2711.26,2,1,51.8,One Year,Cash,West,Basic,No,0,32535.12,0.005714752758568612,Low,Standard engagement
CUST104758,33,2682.87,2,2,40.1,Two Year,Cash,South,Premium,Yes,0,32194.44,0.005641669991829782,Low,Standard engagement
CUST104280,35,2742.96,3,2,48.5,Two Year,Net Banking,North,Standard,No,0,32915.52,0.005631324068891773,Low,Standard engagement
CUST102041,65,2709.0,5,3,40.6,Two Year,Net Banking,South,Basic,No,0,32508.0,0.005590144672429156,Low,Standard engagement
CUST104048,25,2584.58,5,4,35.8,Two Year,UPI,East,Basic,No,0,31014.96,0.005573983511300628,Low,Standard engagement
CUST102301,11,2511.31,2,4,41.0,Month-to-Month,UPI,West,Standard,No,0,30135.72,0.00551366006305483,Low,Standard engagement
CUST105179,29,2632.68,1,2,56.8,One Year,Credit Card,South,Basic,No,0,31592.16,0.005488765344968131,Low,Standard engagement
CUST104160,30,2598.54,3,2,30.4,One Year,Debit Card,South,Basic,No,0,31182.48,0.005471271118834897,Low,Standard engagement
CUST100925,69,2751.01,1,0,25.7,One Year,Debit Card,South,Standard,Yes,0,33012.12,0.005453874066594715,Low,Standard engagement
CUST103648,72,2708.52,2,1,54.2,One Year,UPI,South,Basic,No,0,32502.24,0.0054162311877155415,Low,Standard engagement
CUST103573,24,2584.84,0,1,24.8,Month-to-Month,Credit Card,East,Standard,No,0,31018.08,0.005362931433142461,Low,Standard engagement
CUST102503,8,2551.8,0,3,57.6,Month-to-Month,Cash,South,Standard,No,0,30621.6,0.005329950202670269,Low,Standard engagement
CUST104767,1,2638.0,3,0,54.9,One Year,Credit Card,West,Basic,Yes,0,31656.0,0.005313168612066455,Low,Standard engagement
CUST103394,25,2721.05,1,0,46.7,One Year,Debit Card,West,Standard,Yes,0,32652.6,0.00530299552833571,Low,Standard engagement
CUST104625,28,2674.31,1,0,39.9,Month-to-Month,Net Banking,South,Standard,Yes,0,32091.72,0.005278058522650834,Low,Standard engagement
CUST104982,14,2674.25,3,0,31.8,Two Year,Debit Card,East,Basic,Yes,0,32091.0,0.0052759784436152675,Low,Standard engagement
CUST100680,53,2690.21,4,1,44.4,One Year,Credit Card,North,Standard,No,0,32282.52,0.005268775241283117,Low,Standard engagement
CUST100376,54,2711.71,3,0,29.8,One Year,Net Banking,North,Basic,No,0,32540.52,0.005243949618876978,Low,Standard engagement
CUST105391,12,2578.29,0,2,78.1,Month-to-Month,UPI,North,Basic,Yes,0,30939.48,0.0052333557616811854,Low,Standard engagement
CUST101114,14,2577.19,1,1,45.2,Month-to-Month,UPI,East,Premium,No,0,30926.28,0.00520904148740295,Low,Standard engagement
CUST105062,45,2643.68,6,1,41.6,Month-to-Month,Net Banking,South,Standard,No,0,31724.16,0.0052014408856999195,Low,Standard engagement
CUST104316,71,2648.55,2,2,48.2,Month-to-Month,Credit Card,West,Standard,No,0,31782.6,0.005190895792603653,Low,Standard engagement
CUST103431,56,2624.21,1,2,51.1,Month-to-Month,UPI,South,Standard,No,0,31490.52,0.005179923234629759,Low,Standard engagement
CUST105772,30,2675.64,4,1,39.6,Two Year,UPI,South,Standard,No,0,32107.68,0.005150214824660154,Low,Standard engagement
CUST104204,22,2586.23,2,0,49.4,Month-to-Month,Credit Card,East,Basic,No,0,31034.76,0.005093309640524178,Low,Standard engagement
CUST104009,9,2582.98,3,2,31.0,One Year,Credit Card,North,Premium,Yes,0,30995.76,0.005079649397116679,Low,Standard engagement
CUST103699,55,2700.87,3,2,61.9,One Year,Cash,North,Premium,Yes,0,32410.44,0.005063084650905607,Low,Standard engagement
CUST102280,55,2719.27,2,0,49.1,Two Year,Credit Card,South,Basic,No,0,32631.24,0.0050324032531196845,Low,Standard engagement
CUST101182,50,2530.37,1,4,48.8,Month-to-Month,UPI,South,Basic,No,0,30364.44,0.0050296049374188995,Low,Standard engagement
CUST103114,27,2613.0,2,0,36.4,Month-to-Month,Debit Card,West,Premium,Yes,0,31356.0,0.004975088773731332,Low,Standard engagement
CUST102567,46,2657.67,0,2,23.7,One Year,UPI,East,Standard,No,0,31892.04,0.004938467361554631,Low,Standard engagement
CUST100297,32,2706.23,1,1,36.2,One Year,Net Banking,North,Standard,No,0,32474.76,0.004937383741099876,Low,Standard engagement
CUST101947,67,2604.55,2,2,58.6,Month-to-Month,UPI,North,Basic,No,0,31254.6,0.004889368639393342,Low,Standard engagement
CUST101975,4,2635.71,1,2,48.7,Two Year,UPI,South,Premium,Yes,0,31628.52,0.004868574687864202,Low,Standard engagement
CUST103761,37,2651.99,4,0,21.8,Two Year,Debit Card,North,Basic,No,0,31823.88,0.004863738775491902,Low,Standard engagement
CUST105626,31,2657.28,4,1,60.6,One Year,UPI,North,Premium,No,0,31887.36,0.0048512894639396315,Low,Standard engagement
CUST104765,11,2657.06,2,0,21.3,Two Year,Debit Card,North,Standard,No,0,31884.72,0.004827057109827226,Low,Standard engagement
CUST104953,11,2522.16,3,1,25.4,Month-to-Month,UPI,South,Standard,No,0,30265.92,0.004823414675123531,Low,Standard engagement
CUST104405,65,2666.5,3,1,69.4,Month-to-Month,Debit Card,South,Premium,No,0,31998.0,0.004797908789625021,Low,Standard engagement
CUST100747,23,2503.42,2,1,22.5,Month-to-Month,UPI,North,Basic,No,0,30041.04,0.004753535626108722,Low,Standard engagement
CUST102427,28,2648.21,2,0,38.2,One Year,Credit Card,South,Premium,No,0,31778.52,0.004728441384427889,Low,Standard engagement
CUST104200,49,2734.35,2,0,58.9,Two Year,Credit Card,East,Basic,No,0,32812.2,0.004710686896029753,Low,Standard engagement
CUST100276,34,2596.82,2,2,46.2,Month-to-Month,Net Banking,North,Basic,Yes,0,31161.84,0.004679269029660985,Low,Standard engagement
CUST105693,17,2570.28,1,3,33.8,Month-to-Month,Net Banking,West,Standard,No,0,30843.36,0.004661523939112264,Low,Standard engagement
CUST105375,49,2642.09,3,1,22.7,One Year,UPI,South,Standard,No,0,31705.08,0.004598584240174465,Low,Standard engagement
CUST104101,72,2694.42,1,2,42.8,One Year,UPI,South,Standard,No,0,32333.04,0.004580569826176152,Low,Standard engagement
CUST105835,62,2643.98,2,1,64.9,Month-to-Month,Debit Card,South,Basic,Yes,0,31727.76,0.004561570139079742,Low,Standard engagement
CUST104660,60,2737.87,1,0,48.7,One Year,UPI,South,Standard,Yes,0,32854.44,0.004547071499628022,Low,Standard engagement
CUST102651,64,2592.77,0,1,35.7,Month-to-Month,Cash,North,Basic,No,0,31113.24,0.0045013390338509195,Low,Standard engagement
CUST100355,72,2753.25,3,0,41.3,Two Year,Credit Card,North,Standard,No,0,33039.0,0.004473535838310476,Low,Standard engagement
CUST100515,8,2607.87,3,2,59.6,One Year,UPI,South,Premium,Yes,0,31294.44,0.004471000219424081,Low,Standard engagement
CUST104628,55,2529.49,4,2,24.1,Month-to-Month,Debit Card,North,Basic,No,0,30353.88,0.004448894690484044,Low,Standard engagement
CUST103439,60,2704.52,2,1,50.6,Two Year,Credit Card,West,Basic,No,0,32454.24,0.004443067827234823,Low,Standard engagement
CUST100082,12,2576.62,0,2,34.9,One Year,Credit Card,West,Basic,Yes,0,30919.44,0.004332252805950061,Low,Standard engagement
CUST103789,23,2556.3,2,1,40.7,Month-to-Month,Credit Card,North,Standard,No,0,30675.6,0.004325509185879851,Low,Standard engagement
CUST104004,58,2597.46,1,1,46.4,Month-to-Month,Credit Card,South,Basic,Yes,0,31169.52,0.004303827810212145,Low,Standard engagement
CUST101679,38,2735.05,2,0,72.8,Two Year,Debit Card,South,Basic,Yes,0,32820.6,0.004298786370460692,Low,Standard engagement
CUST103921,45,2738.46,3,1,59.8,Two Year,Net Banking,West,Basic,No,0,32861.52,0.004283842359699269,Low,Standard engagement
CUST102279,49,2595.63,4,3,53.2,One Year,Credit Card,South,Basic,No,0,31147.56,0.0042824933575397,Low,Standard engagement
CUST103895,67,2760.78,0,1,61.6,One Year,Net Banking,South,Basic,Yes,0,33129.36,0.004281036436420002,Low,Standard engagement
CUST103984,62,2741.2,0,1,66.0,Two Year,UPI,East,Basic,No,0,32894.4,0.004235418761309103,Low,Standard engagement
CUST103709,62,2576.3,0,1,8.4,Month-to-Month,Credit Card,North,Standard,No,0,30915.6,0.004224423132622999,Low,Standard engagement
CUST104257,7,2618.18,1,0,39.6,Two Year,Credit Card,South,Basic,No,0,31418.16,0.00421737120902124,Low,Standard engagement
CUST102479,10,2611.47,2,1,47.0,Two Year,Cash,South,Basic,No,0,31337.64,0.0042166170780039685,Low,Standard engagement
CUST104775,4,2580.06,2,0,47.4,Month-to-Month,Net Banking,West,Basic,No,0,30960.72,0.004206182336464604,Low,Standard engagement
CUST103186,56,2719.52,4,2,57.4,One Year,Net Banking,South,Standard,No,0,32634.24,0.004184997198063538,Low,Standard engagement
CUST101778,23,2583.01,3,0,53.7,Month-to-Month,UPI,West,Premium,No,0,30996.12,0.0041828486187693616,Low,Standard engagement
CUST105524,45,2576.91,2,6,65.0,Month-to-Month,Net Banking,West,Standard,No,0,30922.92,0.004115969074897811,Low,Standard engagement
CUST103045,64,2590.86,2,2,17.2,Month-to-Month,Net Banking,East,Basic,No,0,31090.32,0.004097503137911634,Low,Standard engagement
CUST105111,50,2625.68,0,0,20.8,Month-to-Month,Net Banking,East,Basic,No,0,31508.16,0.004082439292388773,Low,Standard engagement
CUST103027,54,2749.82,3,0,50.6,One Year,Net Banking,North,Standard,No,0,32997.84,0.004040244314529146,Low,Standard engagement
CUST103169,44,2584.07,1,0,42.4,Month-to-Month,Credit Card,South,Basic,Yes,0,31008.84,0.0040290028462608065,Low,Standard engagement
CUST101025,5,2508.16,1,1,38.2,Month-to-Month,UPI,South,Premium,No,0,30097.92,0.004026772800327863,Low,Standard engagement
CUST101392,71,2713.28,1,1,15.8,One Year,Net Banking,North,Standard,No,0,32559.36,0.003996423535146819,Low,Standard engagement
CUST104253,25,2518.95,0,2,46.7,Month-to-Month,UPI,West,Basic,No,0,30227.4,0.003932984705642791,Low,Standard engagement
CUST103213,70,2633.94,0,1,47.1,Month-to-Month,Debit Card,West,Basic,Yes,0,31607.28,0.003931766948823333,Low,Standard engagement
CUST102191,30,2638.5,0,1,43.1,One Year,UPI,North,Standard,No,0,31662.0,0.003862024863523314,Low,Standard engagement
CUST100124,62,2678.04,1,1,17.2,One Year,Net Banking,East,Basic,No,0,32136.48,0.003855488519149744,Low,Standard engagement
CUST102907,69,2559.41,3,1,32.0,Month-to-Month,UPI,North,Basic,No,0,30712.92,0.003851238572114573,Low,Standard engagement
CUST100349,12,2587.11,1,1,48.9,One Year,UPI,West,Basic,No,0,31045.32,0.0038476982674312413,Low,Standard engagement
CUST103883,33,2605.83,4,0,43.3,One Year,UPI,South,Basic,No,0,31269.96,0.003789012302602579,Low,Standard engagement
CUST100466,12,2656.23,4,0,70.4,Two Year,UPI,North,Basic,Yes,0,31874.76,0.00378612876740044,Low,Standard engagement
CUST105518,41,2639.52,2,0,46.3,One Year,UPI,West,Basic,No,0,31674.24,0.003708599281802299,Low,Standard engagement
CUST100579,8,2511.81,2,0,17.1,Month-to-Month,UPI,West,Standard,No,0,30141.72,0.0036803433588266953,Low,Standard engagement
CUST104997,60,2608.68,0,2,59.2,Month-to-Month,Debit Card,South,Premium,No,0,31304.16,0.00366664511197046,Low,Standard engagement
CUST105735,41,2748.5,3,0,37.8,Two Year,Net Banking,East,Standard,No,0,32982.0,0.003662322797965735,Low,Standard engagement
CUST100061,54,2666.06,0,0,49.0,Month-to-Month,Net Banking,South,Premium,No,0,31992.72,0.0036499637379934224,Low,Standard engagement
CUST103420,38,2562.42,2,2,24.2,One Year,Credit Card,South,Basic,Yes,0,30749.04,0.0036415052570162414,Low,Standard engagement
CUST101062,11,2453.33,3,4,6.4,Month-to-Month,Net Banking,North,Premium,Yes,0,29439.96,0.003619672554398561,Low,Standard engagement
CUST103320,7,2571.41,3,2,43.8,One Year,Credit Card,West,Standard,No,0,30856.92,0.0036011134772019116,Low,Standard engagement
CUST103686,8,2550.88,5,1,56.9,Month-to-Month,UPI,East,Standard,Yes,0,30610.56,0.00359241523412526,Low,Standard engagement
CUST105433,37,2574.31,7,3,49.5,One Year,Credit Card,North,Premium,Yes,0,30891.72,0.0035891087655141414,Low,Standard engagement
CUST101450,22,2438.78,1,3,25.9,Month-to-Month,UPI,South,Basic,No,0,29265.36,0.0035818707096769323,Low,Standard engagement
CUST102875,38,2581.39,3,1,43.4,Month-to-Month,Debit Card,South,Standard,Yes,0,30976.68,0.0035635178973166502,Low,Standard engagement
CUST104970,62,2626.53,1,3,43.7,Two Year,Credit Card,South,Basic,No,0,31518.36,0.0035485050764191284,Low,Standard engagement
CUST104943,63,2747.53,2,0,66.1,Two Year,Debit Card,East,Basic,No,0,32970.36,0.0035465270010319313,Low,Standard engagement
CUST105288,20,2518.95,3,2,21.1,One Year,Credit Card,West,Basic,No,0,30227.4,0.003500522213606431,Low,Standard engagement
CUST101473,15,2613.42,0,0,54.6,One Year,UPI,West,Basic,No,0,31361.04,0.0034407637657915004,Low,Standard engagement
CUST101826,8,2599.04,2,0,41.5,Month-to-Month,Net Banking,East,Standard,No,0,31188.48,0.003416334734755891,Low,Standard engagement
CUST105669,50,2588.37,1,3,45.2,One Year,Cash,West,Basic,No,0,31060.44,0.0033888299556224183,Low,Standard engagement
CUST101093,29,2491.79,3,1,37.2,Month-to-Month,UPI,North,Basic,No,0,29901.48,0.00337847102468283,Low,Standard engagement
CUST104763,18,2530.82,1,2,34.8,One Year,Credit Card,North,Basic,No,0,30369.84,0.003341511385915568,Low,Standard engagement
CUST104610,7,2554.27,4,2,41.5,One Year,UPI,West,Standard,No,0,30651.24,0.0033278030855188414,Low,Standard engagement
CUST100121,49,2703.71,2,0,35.2,Two Year,Credit Card,West,Standard,Yes,0,32444.52,0.0033205257656264107,Low,Standard engagement
CUST102625,42,2562.89,2,1,62.4,Month-to-Month,Debit Card,North,Basic,No,0,30754.68,0.003300237967286061,Low,Standard engagement
CUST102345,19,2715.9,0,0,57.6,One Year,Net Banking,East,Standard,No,0,32590.8,0.0032964875746381924,Low,Standard engagement
CUST100679,68,2562.62,2,2,46.4,Month-to-Month,Credit Card,East,Basic,No,0,30751.44,0.003284656026178169,Low,Standard engagement
CUST103886,6,2522.01,0,1,2.0,Month-to-Month,Net Banking,East,Premium,Yes,0,30264.12,0.003262709605014542,Low,Standard engagement
CUST100456,11,2638.08,3,2,56.9,One Year,Net Banking,South,Standard,Yes,0,31656.96,0.00319181651597812,Low,Standard engagement
CUST101120,2,2604.24,0,1,67.3,Two Year,Credit Card,North,Basic,No,0,31250.88,0.0031810604122313206,Low,Standard engagement
CUST102008,57,2626.22,2,1,76.9,Month-to-Month,UPI,North,Standard,No,0,31514.64,0.0031774460334782887,Low,Standard engagement
CUST103276,6,2516.49,2,1,30.6,One Year,UPI,North,Basic,No,0,30197.88,0.003173526420703214,Low,Standard engagement
CUST101875,9,2574.71,3,0,48.2,One Year,UPI,North,Basic,Yes,0,30896.52,0.0031730628003968993,Low,Standard engagement
CUST100664,44,2571.75,0,2,49.9,Month-to-Month,Net Banking,North,Basic,No,0,30861.0,0.0031506026633648784,Low,Standard engagement
CUST104731,50,2603.37,3,1,57.3,Month-to-Month,Credit Card,West,Standard,Yes,0,31240.44,0.003137870377946399,Low,Standard engagement
CUST102448,57,2466.13,3,4,22.4,Month-to-Month,Credit Card,North,Premium,No,0,29593.56,0.0031362372888319697,Low,Standard engagement
CUST101563,67,2673.62,1,0,59.8,One Year,UPI,South,Basic,No,0,32083.44,0.0030877878618138415,Low,Standard engagement
CUST103630,34,2703.9,1,0,38.9,One Year,Net Banking,West,Standard,Yes,0,32446.8,0.003062109682471614,Low,Standard engagement
CUST101438,23,2551.13,1,0,56.2,Month-to-Month,Debit Card,West,Basic,No,0,30613.56,0.003037036975629905,Low,Standard engagement
CUST105754,11,2581.72,2,0,35.2,Month-to-Month,Net Banking,East,Standard,No,0,30980.64,0.0030354778839558594,Low,Standard engagement
CUST105003,50,2605.01,2,0,60.1,Month-to-Month,Debit Card,South,Premium,No,0,31260.12,0.003000540051623473,Low,Standard engagement
CUST105044,59,2527.24,2,2,26.0,Month-to-Month,Debit Card,South,Premium,No,0,30326.88,0.002980337181620133,Low,Standard engagement
CUST100234,36,2518.39,2,2,60.3,Month-to-Month,Credit Card,South,Basic,Yes,0,30220.68,0.002979724301704474,Low,Standard engagement
CUST101566,70,2649.76,3,2,56.7,Two Year,Credit Card,North,Basic,No,0,31797.12,0.002971530578837739,Low,Standard engagement
CUST103127,66,2627.2,3,0,35.7,Month-to-Month,Net Banking,West,Basic,Yes,0,31526.4,0.0029660001582021743,Low,Standard engagement
CUST104256,24,2570.18,1,2,33.7,Month-to-Month,Net Banking,East,Standard,Yes,0,30842.16,0.002907535746761256,Low,Standard engagement
CUST100110,20,2658.53,4,0,46.1,Two Year,Credit Card,East,Standard,Yes,0,31902.36,0.0029054181951116025,Low,Standard engagement
CUST105430,70,2634.17,2,0,41.6,Month-to-Month,Net Banking,South,Basic,Yes,0,31610.04,0.0028960778190700856,Low,Standard engagement
CUST105956,16,2564.13,0,0,51.0,Month-to-Month,Credit Card,East,Standard,No,0,30769.56,0.0028916397325225553,Low,Standard engagement
CUST105189,22,2614.15,2,1,42.4,Two Year,UPI,South,Standard,No,0,31369.8,0.0028823969790536977,Low,Standard engagement
CUST105538,59,2636.62,3,4,66.7,One Year,Credit Card,East,Standard,Yes,0,31639.44,0.002860193985290574,Low,Standard engagement
CUST105061,45,2556.79,1,3,31.3,One Year,UPI,East,Basic,Yes,0,30681.48,0.0028298551492759493,Low,Standard engagement
CUST105709,55,2557.82,3,1,35.5,Month-to-Month,Credit Card,South,Standard,Yes,0,30693.84,0.002810647003593905,Low,Standard engagement
CUST103867,59,2675.07,1,1,39.0,One Year,Net Banking,South,Premium,No,0,32100.84,0.002775882473823583,Low,Standard engagement
CUST102433,23,2594.98,0,0,35.1,Two Year,UPI,South,Basic,No,0,31139.76,0.0027733009207763686,Low,Standard engagement
CUST102308,23,2431.36,7,0,15.5,Month-to-Month,UPI,North,Basic,No,0,29176.32,0.0027690343231932097,Low,Standard engagement
CUST100688,33,2509.67,3,0,21.1,Month-to-Month,UPI,North,Standard,No,0,30116.04,0.0027480028179876553,Low,Standard engagement
CUST100198,25,2463.35,1,1,27.6,Month-to-Month,Cash,North,Basic,No,0,29560.2,0.002747728994298498,Low,Standard engagement
CUST105317,8,2463.6,0,2,53.9,Month-to-Month,Credit Card,West,Basic,No,0,29563.2,0.002713679427901387,Low,Standard engagement
CUST101222,70,2584.33,3,2,19.3,One Year,Debit Card,East,Basic,No,0,31011.96,0.0027063194282521456,Low,Standard engagement
CUST104124,57,2568.22,1,2,51.4,Month-to-Month,UPI,North,Standard,Yes,0,30818.64,0.002700084577482008,Low,Standard engagement
CUST105580,39,2521.7,3,1,48.3,Month-to-Month,UPI,North,Premium,No,0,30260.4,0.0026965837500473734,Low,Standard engagement
CUST102030,41,2663.08,2,1,59.5,One Year,Net Banking,East,Basic,No,0,31956.96,0.0026909806037372533,Low,Standard engagement
CUST105701,28,2482.62,2,1,8.7,Month-to-Month,Credit Card,East,Standard,No,0,29791.44,0.002675811080514754,Low,Standard engagement
CUST101822,22,2530.26,1,4,10.0,Two Year,Net Banking,South,Basic,Yes,0,30363.12,0.002672731193196579,Low,Standard engagement
CUST105936,12,2635.76,1,1,91.3,One Year,Credit Card,North,Standard,No,0,31629.12,0.0026642866229930335,Low,Standard engagement
CUST103384,58,2614.38,0,0,27.1,One Year,Debit Card,South,Basic,No,0,31372.56,0.0026618081841710732,Low,Standard engagement
CUST101552,39,2494.88,1,3,54.5,Month-to-Month,UPI,West,Basic,Yes,0,29938.56,0.002639404062081894,Low,Standard engagement
CUST104474,62,2559.19,2,1,24.2,Month-to-Month,UPI,West,Standard,Yes,0,30710.28,0.0026279437749379664,Low,Standard engagement
CUST105776,29,2613.24,1,0,39.1,One Year,UPI,West,Standard,No,0,31358.88,0.0025884251012545266,Low,Standard engagement
CUST100164,31,2477.87,3,2,14.1,Month-to-Month,Debit Card,East,Standard,No,0,29734.44,0.002584979351548431,Low,Standard engagement
CUST102931,49,2531.72,3,0,18.0,Month-to-Month,Debit Card,West,Premium,No,0,30380.64,0.0025836518786942295,Low,Standard engagement
CUST103357,64,2598.91,1,1,26.7,Month-to-Month,Net Banking,South,Standard,No,0,31186.92,0.0025722210748790005,Low,Standard engagement
CUST101490,20,2434.75,3,3,41.6,Month-to-Month,Credit Card,South,Premium,No,0,29217.0,0.002534821262549272,Low,Standard engagement
CUST103695,47,2612.08,0,1,38.6,One Year,Credit Card,South,Standard,No,0,31344.96,0.0025314962821378095,Low,Standard engagement
CUST101874,30,2534.9,1,2,26.3,Month-to-Month,Net Banking,North,Standard,Yes,0,30418.8,0.002487755832489839,Low,Standard engagement
CUST101693,29,2606.23,1,0,33.5,One Year,Net Banking,South,Basic,No,0,31274.76,0.0024638059941911304,Low,Standard engagement
CUST102573,29,2635.2,1,2,36.8,One Year,Net Banking,East,Standard,Yes,0,31622.4,0.0024580574705213277,Low,Standard engagement
CUST105679,4,2649.07,0,1,43.7,Two Year,Net Banking,East,Premium,Yes,0,31788.84,0.00243511953970316,Low,Standard engagement
CUST102205,58,2560.55,4,2,53.9,Month-to-Month,Net Banking,West,Basic,No,0,30726.6,0.0024259304280408135,Low,Standard engagement
CUST104263,55,2572.36,1,0,20.3,One Year,UPI,North,Basic,No,0,30868.32,0.0024160260365670492,Low,Standard engagement
CUST100221,33,2530.94,0,1,38.3,Month-to-Month,UPI,East,Standard,No,0,30371.28,0.0024150990359080226,Low,Standard engagement
CUST101129,47,2482.72,0,2,25.0,Month-to-Month,Debit Card,North,Basic,Yes,0,29792.64,0.002386523151767647,Low,Standard engagement
CUST100803,67,2663.18,1,0,48.6,One Year,Cash,East,Basic,Yes,0,31958.16,0.002381343314532343,Low,Standard engagement
CUST103933,53,2555.72,3,0,25.9,Month-to-Month,Debit Card,South,Standard,Yes,0,30668.64,0.002371484330990923,Low,Standard engagement
CUST100359,54,2655.78,0,0,37.4,One Year,Debit Card,West,Premium,Yes,0,31869.36,0.0023675336287131725,Low,Standard engagement
CUST103856,26,2514.9,2,1,34.3,Month-to-Month,Debit Card,East,Standard,No,0,30178.8,0.0023551379710251754,Low,Standard engagement
CUST104633,13,2483.36,0,1,37.4,Month-to-Month,Credit Card,East,Premium,No,0,29800.32,0.002350736312748204,Low,Standard engagement
CUST100699,7,2481.92,3,1,57.2,Month-to-Month,UPI,North,Premium,Yes,0,29783.04,0.0023218652105424157,Low,Standard engagement
CUST103904,63,2628.25,4,0,43.6,One Year,Debit Card,East,Basic,No,0,31539.0,0.0023086817220466117,Low,Standard engagement
CUST101130,30,2508.75,1,0,40.2,Month-to-Month,Credit Card,West,Basic,Yes,0,30105.0,0.002302377414067415,Low,Standard engagement
CUST101750,68,2516.47,3,1,35.8,Month-to-Month,UPI,West,Basic,No,0,30197.64,0.0022916704918703773,Low,Standard engagement
CUST101888,5,2460.45,3,0,33.0,Month-to-Month,UPI,West,Premium,No,0,29525.4,0.002289378009003575,Low,Standard engagement
CUST103327,16,2580.59,3,0,51.2,Month-to-Month,Net Banking,West,Standard,Yes,0,30967.08,0.002263264183646083,Low,Standard engagement
CUST102031,13,2485.43,2,0,32.0,Month-to-Month,UPI,West,Premium,Yes,0,29825.16,0.002228123701908221,Low,Standard engagement
CUST102560,42,2600.97,2,2,31.8,Two Year,Cash,East,Premium,Yes,0,31211.64,0.0022256807779153956,Low,Standard engagement
CUST101411,41,2583.64,2,1,42.0,One Year,UPI,South,Standard,No,0,31003.68,0.0022227871710065157,Low,Standard engagement
CUST105090,64,2657.33,3,2,29.1,Two Year,Net Banking,South,Standard,No,0,31887.96,0.0022118176482120435,Low,Standard engagement
CUST102896,48,2607.42,4,0,73.3,Month-to-Month,Debit Card,East,Premium,Yes,0,31289.04,0.002202900263152295,Low,Standard engagement
CUST103054,57,2670.42,1,0,26.7,Two Year,Debit Card,East,Standard,No,0,32045.04,0.0021825097576156447,Low,Standard engagement
CUST101105,14,2437.49,1,1,35.7,Month-to-Month,UPI,West,Basic,No,0,29249.88,0.002162046286196739,Low,Standard engagement
CUST104300,20,2454.45,2,1,26.0,Month-to-Month,UPI,South,Standard,No,0,29453.4,0.002161134219327347,Low,Standard engagement
CUST105654,18,2413.34,4,2,37.7,Month-to-Month,UPI,South,Basic,Yes,0,28960.08,0.002156861708933872,Low,Standard engagement
CUST103277,18,2511.94,5,0,18.3,Two Year,Credit Card,South,Basic,No,0,30143.28,0.0021516390747765676,Low,Standard engagement
CUST105830,24,2446.23,0,1,35.1,Month-to-Month,UPI,South,Basic,No,0,29354.76,0.0021501199393934014,Low,Standard engagement
CUST102846,63,2540.88,2,1,35.4,Month-to-Month,UPI,West,Standard,No,0,30490.56,0.0021137971943434334,Low,Standard engagement
CUST100750,70,2706.88,1,1,24.0,Two Year,Net Banking,West,Standard,Yes,0,32482.56,0.0021129315592251846,Low,Standard engagement
CUST101749,52,2514.45,1,1,41.9,Month-to-Month,Credit Card,North,Premium,No,0,30173.4,0.002084017103283998,Low,Standard engagement
CUST105262,43,2505.79,0,1,33.7,Month-to-Month,Credit Card,North,Premium,Yes,0,30069.48,0.00207739745039589,Low,Standard engagement
CUST103217,31,2494.2,2,1,50.6,Month-to-Month,Debit Card,East,Basic,No,0,29930.4,0.002046133746340906,Low,Standard engagement
CUST100612,57,2486.03,1,2,49.5,Month-to-Month,Credit Card,South,Basic,No,0,29832.36,0.002036145155113627,Low,Standard engagement
CUST101202,71,2529.99,2,3,52.0,Month-to-Month,Credit Card,West,Standard,No,0,30359.88,0.0020055101268327993,Low,Standard engagement
CUST104069,8,2408.89,3,0,15.3,Month-to-Month,UPI,East,Basic,No,0,28906.68,0.0019947372847346455,Low,Standard engagement
CUST105909,38,2567.26,1,3,44.2,Two Year,UPI,East,Premium,No,0,30807.12,0.0019757742392154244,Low,Standard engagement
CUST101187,44,2489.84,3,0,14.9,Month-to-Month,UPI,West,Standard,No,0,29878.08,0.0019519376803987854,Low,Standard engagement
CUST101708,18,2525.1,3,1,21.5,One Year,Debit Card,North,Standard,Yes,0,30301.2,0.0019399577805507683,Low,Standard engagement
CUST101781,25,2558.12,1,1,51.9,Two Year,Credit Card,South,Basic,No,0,30697.44,0.001938315171844862,Low,Standard engagement
CUST104777,54,2579.85,1,1,43.1,One Year,Cash,East,Basic,No,0,30958.2,0.0019358781946521167,Low,Standard engagement
CUST100150,62,2625.35,0,1,31.6,One Year,Debit Card,East,Standard,No,0,31504.2,0.0019350186663269968,Low,Standard engagement
CUST101725,57,2516.89,1,0,33.8,Month-to-Month,Credit Card,East,Basic,No,0,30202.68,0.001934874278743667,Low,Standard engagement
CUST100442,10,2530.93,2,1,48.8,One Year,UPI,South,Standard,No,0,30371.16,0.001929997293912073,Low,Standard engagement
CUST101469,5,2445.83,2,1,27.1,Month-to-Month,Debit Card,South,Standard,Yes,0,29349.96,0.0019260128136871096,Low,Standard engagement
CUST100879,46,2620.46,2,2,39.0,Two Year,Net Banking,South,Premium,No,0,31445.52,0.0019222701456001398,Low,Standard engagement
CUST104333,65,2606.07,1,0,29.9,One Year,Credit Card,East,Basic,Yes,0,31272.84,0.0019190370066917823,Low,Standard engagement
CUST104078,18,2532.58,3,1,63.9,One Year,UPI,West,Basic,No,0,30390.96,0.0019166477924465522,Low,Standard engagement
CUST104639,67,2586.03,3,1,31.7,Month-to-Month,Net Banking,East,Standard,No,0,31032.36,0.0019099798281497235,Low,Standard engagement
CUST102225,45,2513.47,3,1,78.4,Month-to-Month,Credit Card,South,Basic,No,0,30161.64,0.0019080746483828425,Low,Standard engagement
CUST103284,30,2472.21,0,0,13.3,Month-to-Month,Cash,North,Standard,No,0,29666.52,0.0018932622318726744,Low,Standard engagement
CUST101041,62,2464.83,4,2,33.8,Month-to-Month,Credit Card,East,Basic,No,0,29577.96,0.0018736423489785455,Low,Standard engagement
CUST104368,67,2541.29,3,1,42.1,Month-to-Month,UPI,North,Standard,Yes,0,30495.48,0.0018677997637555933,Low,Standard engagement
CUST104700,64,2670.07,1,0,28.7,Two Year,Net Banking,East,Basic,No,0,32040.84,0.0018593074398320921,Low,Standard engagement
CUST102339,7,2518.75,1,0,43.8,Month-to-Month,Net Banking,West,Premium,No,0,30225.0,0.001856365866905525,Low,Standard engagement
CUST102620,61,2503.87,3,0,34.2,Month-to-Month,UPI,South,Basic,Yes,0,30046.44,0.001853859588015487,Low,Standard engagement
CUST100641,66,2530.8,0,3,52.3,Month-to-Month,UPI,East,Standard,No,0,30369.6,0.0018509341564497046,Low,Standard engagement
CUST104055,28,2470.74,3,3,55.4,Month-to-Month,Net Banking,North,Basic,Yes,0,29648.88,0.0017853838420011747,Low,Standard engagement
CUST100797,34,2390.67,1,2,8.9,Month-to-Month,Credit Card,North,Basic,Yes,0,28688.04,0.001777451262206886,Low,Standard engagement
CUST100361,65,2558.71,0,1,56.8,Month-to-Month,UPI,East,Premium,No,0,30704.52,0.0017613073505630605,Low,Standard engagement
CUST104960,28,2543.04,2,0,57.2,Month-to-Month,Net Banking,East,Basic,No,0,30516.48,0.001750133618623881,Low,Standard engagement
CUST104427,35,2579.9,1,1,61.1,One Year,UPI,South,Standard,No,0,30958.8,0.0017337969785616752,Low,Standard engagement
CUST100158,37,2468.43,1,2,22.2,Month-to-Month,Net Banking,East,Basic,No,0,29621.16,0.0017322364163063558,Low,Standard engagement
CUST101364,40,2474.55,3,2,46.5,Month-to-Month,UPI,West,Standard,No,0,29694.6,0.0017315253808837697,Low,Standard engagement
CUST104355,60,2533.19,1,2,50.8,Month-to-Month,UPI,West,Standard,Yes,0,30398.28,0.0017314395847775172,Low,Standard engagement
CUST102721,49,2597.02,2,0,17.6,Two Year,UPI,South,Standard,Yes,0,31164.24,0.001723522030717543,Low,Standard engagement
CUST101530,7,2521.32,2,1,45.9,Two Year,UPI,East,Basic,No,0,30255.84,0.001722360735464913,Low,Standard engagement
CUST102299,65,2604.27,3,0,28.2,One Year,Net Banking,South,Basic,No,0,31251.24,0.0017117900664566114,Low,Standard engagement
CUST102449,13,2464.55,4,1,19.4,Two Year,UPI,South,Basic,No,0,29574.6,0.0017094456269590211,Low,Standard engagement
CUST100656,56,2598.29,2,0,35.0,One Year,UPI,West,Standard,No,0,31179.48,0.0017038592493435268,Low,Standard engagement
CUST102417,19,2578.72,1,2,26.6,Two Year,Net Banking,South,Standard,Yes,0,30944.64,0.0016997418450900522,Low,Standard engagement
CUST101179,2,2492.94,3,0,29.4,One Year,UPI,South,Standard,No,0,29915.28,0.0016974632862327495,Low,Standard engagement
CUST100040,12,2557.57,1,2,81.1,Two Year,Debit Card,North,Basic,No,0,30690.84,0.0016924063307091986,Low,Standard engagement
CUST103455,63,2609.59,2,1,57.0,One Year,UPI,North,Standard,No,0,31315.08,0.0016922073226287246,Low,Standard engagement
CUST100201,66,2620.84,6,1,29.9,One Year,Net Banking,North,Standard,Yes,0,31450.08,0.001690633876763468,Low,Standard engagement
CUST104863,52,2565.14,3,0,43.5,One Year,Debit Card,South,Basic,No,0,30781.68,0.0016905701278826055,Low,Standard engagement
CUST101255,7,2399.67,3,1,2.7,Month-to-Month,Credit Card,East,Standard,Yes,0,28796.04,0.0016890075134837197,Low,Standard engagement
CUST104546,43,2568.67,2,1,30.1,Two Year,Credit Card,South,Standard,No,0,30824.04,0.001654231081188071,Low,Standard engagement
CUST105227,56,2568.09,1,1,34.7,One Year,Credit Card,South,Standard,No,0,30817.08,0.0016369416924129536,Low,Standard engagement
CUST104369,38,2589.31,5,0,56.7,One Year,Net Banking,South,Basic,No,0,31071.72,0.0016316901096091222,Low,Standard engagement
CUST101480,11,2372.77,3,1,22.3,Month-to-Month,UPI,West,Basic,No,0,28473.24,0.0016209790120058605,Low,Standard engagement
CUST100351,4,2385.43,2,1,26.9,Month-to-Month,UPI,West,Basic,Yes,0,28625.16,0.0016137635308163408,Low,Standard engagement
CUST102563,30,2539.23,4,3,29.6,Two Year,Net Banking,East,Basic,Yes,0,30470.76,0.0016084524661788434,Low,Standard engagement
CUST101430,34,2543.99,2,2,66.7,Month-to-Month,Net Banking,West,Standard,No,0,30527.88,0.001606924020425729,Low,Standard engagement
CUST105000,15,2398.52,1,2,30.4,Month-to-Month,Debit Card,East,Basic,No,0,28782.24,0.001605681190337085,Low,Standard engagement
CUST102002,29,2464.9,0,1,48.4,Month-to-Month,UPI,North,Premium,No,0,29578.8,0.0016049814620574267,Low,Standard engagement
CUST105636,19,2412.43,1,4,65.0,Month-to-Month,Debit Card,East,Basic,No,0,28949.16,0.0016016224194629486,Low,Standard engagement
CUST103995,25,2367.27,1,2,2.0,Month-to-Month,Debit Card,North,Basic,Yes,0,28407.24,0.0015894529345153602,Low,Standard engagement
CUST104940,53,2580.94,3,0,91.6,Month-to-Month,UPI,South,Standard,No,0,30971.28,0.0015772975386525493,Low,Standard engagement
CUST100440,71,2557.72,1,2,67.7,Month-to-Month,Net Banking,South,Basic,No,0,30692.64,0.0015703688931586277,Low,Standard engagement
CUST102367,13,2356.97,4,2,27.6,Month-to-Month,Debit Card,North,Basic,No,0,28283.64,0.0015602175530510863,Low,Standard engagement
CUST101468,56,2687.85,3,1,71.5,One Year,Net Banking,East,Standard,Yes,0,32254.2,0.0015561076724281556,Low,Standard engagement
CUST102944,60,2488.25,3,0,45.9,Month-to-Month,UPI,North,Basic,No,0,29859.0,0.0015553571400329592,Low,Standard engagement
CUST103330,45,2486.74,0,1,44.6,Month-to-Month,Credit Card,East,Basic,Yes,0,29840.88,0.001553780821440586,Low,Standard engagement
CUST104342,34,2551.12,1,0,59.0,Month-to-Month,Net Banking,West,Basic,Yes,0,30613.44,0.001546709248260073,Low,Standard engagement
CUST104524,58,2567.48,0,0,19.4,One Year,Credit Card,North,Standard,No,0,30809.76,0.0015238668435059667,Low,Standard engagement
CUST104838,62,2605.5,5,1,81.2,Month-to-Month,Net Banking,West,Premium,Yes,0,31266.0,0.0015021230220893446,Low,Standard engagement
CUST104153,71,2437.61,4,4,47.2,Month-to-Month,Credit Card,North,Premium,No,0,29251.32,0.0014898397537693212,Low,Standard engagement
CUST102580,28,2518.05,0,2,62.1,One Year,Cash,North,Basic,Yes,0,30216.6,0.0014806687569793814,Low,Standard engagement
CUST102246,42,2467.45,4,2,37.3,One Year,Credit Card,South,Basic,No,0,29609.4,0.0014760357950517821,Low,Standard engagement
CUST101185,23,2422.99,2,2,53.2,Month-to-Month,UPI,North,Premium,No,0,29075.88,0.001474666991473478,Low,Standard engagement
CUST104947,38,2562.1,1,2,37.3,One Year,Net Banking,South,Standard,No,0,30745.2,0.0014407368758785524,Low,Standard engagement
CUST100384,3,2463.01,6,0,30.4,One Year,Credit Card,South,Premium,Yes,0,29556.12,0.0014400039671708502,Low,Standard engagement
CUST101353,66,2414.46,2,4,42.4,Month-to-Month,Credit Card,West,Basic,No,0,28973.52,0.001428497247688421,Low,Standard engagement
CUST104740,20,2533.8,1,0,54.7,One Year,Credit Card,West,Basic,Yes,0,30405.6,0.0014280319119275185,Low,Standard engagement
CUST105771,16,2537.64,2,0,61.3,Month-to-Month,Net Banking,West,Standard,No,0,30451.68,0.001426970752109032,Low,Standard engagement
CUST102146,13,2445.92,1,0,63.4,Month-to-Month,Cash,South,Basic,No,0,29351.04,0.0014259841882339037,Low,Standard engagement
CUST103441,2,2473.26,4,0,32.1,One Year,UPI,North,Standard,No,0,29679.12,0.0014222080353790316,Low,Standard engagement
CUST104572,36,2400.88,1,2,24.3,Month-to-Month,Debit Card,West,Basic,No,0,28810.56,0.0014189360076207302,Low,Standard engagement
CUST101354,16,2451.92,2,0,25.1,Month-to-Month,UPI,East,Standard,Yes,0,29423.04,0.0014183012002552228,Low,Standard engagement
CUST101315,22,2509.95,0,1,42.3,Two Year,UPI,South,Basic,No,0,30119.4,0.0014135513627411172,Low,Standard engagement
CUST102247,13,2464.05,2,1,60.6,Month-to-Month,UPI,East,Standard,No,0,29568.6,0.001402818995382591,Low,Standard engagement
CUST100045,70,2528.89,4,1,40.3,One Year,UPI,North,Basic,No,0,30346.68,0.0013921136784143468,Low,Standard engagement
CUST104881,72,2507.72,1,2,41.5,Month-to-Month,Net Banking,South,Basic,No,0,30092.64,0.0013820963153094842,Low,Standard engagement
CUST100231,62,2490.65,1,2,31.7,Month-to-Month,Net Banking,South,Basic,Yes,0,29887.8,0.0013808796989478167,Low,Standard engagement
CUST102027,69,2470.32,0,1,37.6,Month-to-Month,UPI,North,Basic,No,0,29643.84,0.00137490506131032,Low,Standard engagement
CUST105826,11,2440.88,2,1,33.5,One Year,Cash,South,Basic,No,0,29290.56,0.0013683924021807912,Low,Standard engagement
CUST105058,19,2491.69,2,1,42.0,Two Year,UPI,North,Basic,No,0,29900.28,0.0013619824123072984,Low,Standard engagement
CUST105783,71,2556.27,5,2,33.5,One Year,Net Banking,South,Basic,Yes,0,30675.24,0.0013495445546979643,Low,Standard engagement
CUST104729,48,2516.46,3,0,68.7,Month-to-Month,UPI,East,Basic,Yes,0,30197.52,0.0013475707191246914,Low,Standard engagement
CUST103286,10,2437.25,1,1,36.8,Month-to-Month,UPI,East,Standard,Yes,0,29247.0,0.0013373497831663363,Low,Standard engagement
CUST102678,42,2438.63,3,2,56.7,Month-to-Month,UPI,West,Basic,Yes,0,29263.56,0.0013190748498903223,Low,Standard engagement
CUST100183,51,2466.57,1,1,36.1,Month-to-Month,Credit Card,South,Premium,Yes,0,29598.84,0.0013144075649527387,Low,Standard engagement
CUST100965,43,2499.85,3,1,37.3,Month-to-Month,Net Banking,North,Standard,No,0,29998.2,0.001309954527803955,Low,Standard engagement
CUST101295,38,2464.79,2,0,29.0,Month-to-Month,Debit Card,South,Standard,No,0,29577.48,0.0013009180863828198,Low,Standard engagement
CUST103368,31,2410.75,2,2,28.4,Month-to-Month,Debit Card,South,Standard,No,0,28929.0,0.0012908470998463286,Low,Standard engagement
CUST100818,48,2505.0,2,2,39.8,Two Year,Credit Card,South,Basic,No,0,30060.0,0.0012787895158458806,Low,Standard engagement
CUST104154,17,2501.24,2,1,31.7,Two Year,UPI,South,Premium,Yes,0,30014.88,0.0012688181072365479,Low,Standard engagement
CUST102069,31,2433.67,3,2,46.1,Month-to-Month,Credit Card,East,Standard,No,0,29204.04,0.0012594468125049876,Low,Standard engagement
CUST105794,30,2471.42,4,0,33.0,One Year,Cash,North,Basic,No,0,29657.04,0.0012561837277089126,Low,Standard engagement
CUST103854,35,2489.44,3,3,35.1,One Year,Net Banking,East,Basic,No,0,29873.28,0.001252120250718505,Low,Standard engagement
CUST104807,65,2541.59,2,0,42.7,Month-to-Month,Net Banking,East,Basic,No,0,30499.08,0.0012446783352733151,Low,Standard engagement
CUST102735,11,2488.57,1,0,42.2,One Year,Credit Card,North,Premium,No,0,29862.84,0.001243829419212416,Low,Standard engagement
CUST103418,8,2301.47,0,5,25.6,Month-to-Month,UPI,North,Standard,No,0,27617.64,0.0012319032398406236,Low,Standard engagement
CUST100423,42,2516.39,1,0,31.5,One Year,UPI,West,Basic,Yes,0,30196.68,0.0012195195783459333,Low,Standard engagement
CUST103476,40,2486.81,2,0,32.3,One Year,UPI,North,Basic,No,0,29841.72,0.0012073612909006327,Low,Standard engagement
CUST105368,48,2541.59,4,1,33.8,One Year,Debit Card,West,Standard,Yes,0,30499.08,0.0012063225099627432,Low,Standard engagement
CUST103655,35,2488.28,2,0,63.2,Month-to-Month,Debit Card,North,Premium,No,0,29859.36,0.0012056709862468405,Low,Standard engagement
CUST105781,11,2386.16,2,2,13.9,One Year,UPI,South,Basic,Yes,0,28633.92,0.001204368696172829,Low,Standard engagement
CUST103552,68,2583.67,2,0,51.1,Month-to-Month,Net Banking,West,Standard,No,0,31004.04,0.0012034326108277423,Low,Standard engagement
CUST100323,66,2487.79,0,2,45.3,Month-to-Month,Credit Card,West,Standard,No,0,29853.48,0.0012018107786299888,Low,Standard engagement
CUST102855,6,2399.22,2,1,52.0,Month-to-Month,UPI,East,Basic,Yes,0,28790.64,0.0011920256838646491,Low,Standard engagement
CUST103548,23,2472.1,2,0,69.9,Month-to-Month,Debit Card,East,Basic,No,0,29665.2,0.0011919350786520461,Low,Standard engagement
CUST101680,68,2467.38,1,1,41.5,Month-to-Month,Cash,West,Basic,No,0,29608.56,0.0011880372710693198,Low,Standard engagement
CUST105587,72,2607.13,2,1,57.1,One Year,Credit Card,West,Standard,Yes,0,31285.56,0.001185916120269999,Low,Standard engagement
CUST101221,40,2446.23,2,0,22.7,Month-to-Month,Credit Card,West,Standard,No,0,29354.76,0.0011854862034349832,Low,Standard engagement
CUST101695,50,2431.92,0,3,56.5,Month-to-Month,Cash,East,Basic,No,0,29183.04,0.0011854646904625146,Low,Standard engagement
CUST104003,33,2401.6,2,1,10.2,Month-to-Month,Net Banking,South,Basic,No,0,28819.2,0.0011733168993398057,Low,Standard engagement
CUST102679,27,2448.62,6,1,57.6,Month-to-Month,Debit Card,South,Standard,Yes,0,29383.44,0.0011565735579534989,Low,Standard engagement
CUST105123,49,2504.39,4,0,24.3,Two Year,Credit Card,South,Basic,No,0,30052.68,0.0011462883506666718,Low,Standard engagement
CUST101523,11,2515.98,0,0,64.4,One Year,UPI,North,Premium,No,0,30191.76,0.0011453347880843213,Low,Standard engagement
CUST105873,24,2375.66,4,2,45.0,Month-to-Month,UPI,North,Premium,No,0,28507.92,0.0011451388983685351,Low,Standard engagement
CUST103545,46,2601.25,2,0,11.2,Two Year,Net Banking,West,Standard,Yes,0,31215.0,0.001141512365764846,Low,Standard engagement
CUST103180,17,2428.65,3,0,5.4,One Year,Cash,South,Premium,No,0,29143.8,0.001136389349504419,Low,Standard engagement
CUST105555,38,2463.9,1,0,32.8,Month-to-Month,Net Banking,South,Basic,No,0,29566.8,0.0011360041124065293,Low,Standard engagement
CUST104682,51,2453.45,0,2,40.2,Month-to-Month,UPI,South,Standard,Yes,0,29441.4,0.001134595737285604,Low,Standard engagement
CUST101706,71,2534.01,4,0,16.0,One Year,Credit Card,East,Premium,No,0,30408.12,0.00112832415489967,Low,Standard engagement
CUST103805,62,2546.72,2,0,28.0,One Year,Credit Card,East,Premium,No,0,30560.64,0.0011228681331782366,Low,Standard engagement
CUST101052,37,2515.79,2,1,26.6,Two Year,Cash,South,Standard,No,0,30189.48,0.0011173963462858066,Low,Standard engagement
CUST102341,29,2472.73,1,0,61.8,Month-to-Month,UPI,South,Premium,Yes,0,29672.76,0.0011158208574087874,Low,Standard engagement
CUST103228,54,2499.77,2,3,38.8,One Year,UPI,East,Standard,No,0,29997.24,0.0011155958873409909,Low,Standard engagement
CUST105996,62,2440.72,4,2,42.5,Month-to-Month,Credit Card,North,Standard,No,0,29288.64,0.00111424507185785,Low,Standard engagement
CUST101101,34,2402.97,4,2,55.2,Month-to-Month,Credit Card,North,Premium,No,0,28835.64,0.0011136776439999152,Low,Standard engagement
CUST105237,60,2444.3,2,1,27.8,Month-to-Month,Debit Card,West,Basic,Yes,0,29331.6,0.001110921193350035,Low,Standard engagement
CUST100684,13,2428.52,1,2,27.5,One Year,Debit Card,North,Premium,No,0,29142.24,0.0011071614651857054,Low,Standard engagement
CUST101035,54,2520.14,1,2,48.2,One Year,UPI,North,Premium,Yes,0,30241.68,0.001105656963086346,Low,Standard engagement
CUST100006,7,2374.2,1,1,30.8,Month-to-Month,Credit Card,South,Standard,No,0,28490.4,0.0011051969131641128,Low,Standard engagement
CUST104722,69,2595.56,3,3,60.4,One Year,Net Banking,South,Standard,Yes,0,31146.72,0.001104323363422725,Low,Standard engagement
CUST102440,27,2513.55,0,0,39.7,One Year,UPI,North,Standard,No,0,30162.6,0.0010977323133642607,Low,Standard engagement
CUST100805,57,2459.73,2,3,67.8,Month-to-Month,Credit Card,East,Premium,No,0,29516.76,0.001092614700710281,Low,Standard engagement
CUST104324,70,2408.66,1,4,26.6,Month-to-Month,UPI,West,Standard,No,0,28903.92,0.0010819910372351432,Low,Standard engagement
CUST100710,49,2487.85,1,1,51.6,Month-to-Month,Credit Card,West,Standard,Yes,0,29854.2,0.0010809317640964563,Low,Standard engagement
CUST102185,21,2421.42,2,0,42.3,Month-to-Month,Credit Card,West,Premium,No,0,29057.04,0.001073516375515923,Low,Standard engagement
CUST103661,34,2528.33,0,0,46.5,One Year,Cash,East,Basic,Yes,0,30339.96,0.0010721826677808544,Low,Standard engagement
CUST103637,36,2424.29,5,4,42.4,One Year,Credit Card,East,Premium,No,0,29091.48,0.001065246974381682,Low,Standard engagement
CUST103214,41,2454.74,2,2,26.5,Two Year,UPI,South,Basic,No,0,29456.88,0.0010626918804027131,Low,Standard engagement
CUST102829,10,2544.73,1,1,63.3,Two Year,Debit Card,South,Standard,Yes,0,30536.76,0.0010330022258021143,Low,Standard engagement
CUST102521,4,2402.07,2,1,37.8,One Year,Credit Card,North,Basic,No,0,28824.84,0.0010276714766127913,Low,Standard engagement
CUST104598,69,2481.49,1,2,36.0,One Year,Credit Card,North,Basic,No,0,29777.88,0.001018916661695025,Low,Standard engagement
CUST101541,18,2453.82,4,0,24.3,One Year,Cash,North,Standard,No,0,29445.84,0.0010126101879236505,Low,Standard engagement
CUST101595,12,2425.42,0,2,56.1,One Year,UPI,South,Basic,No,0,29105.04,0.000998469446526408,Low,Standard engagement
CUST100200,27,2514.04,2,3,64.8,Two Year,Net Banking,North,Basic,No,0,30168.48,0.0009975405494740295,Low,Standard engagement
CUST104459,48,2380.36,4,1,28.4,Month-to-Month,UPI,West,Basic,No,0,28564.32,0.0009966033263262327,Low,Standard engagement
CUST105162,21,2498.77,2,3,72.3,Two Year,UPI,South,Standard,No,0,29985.24,0.0009953017173383479,Low,Standard engagement
CUST105499,3,2427.94,2,3,51.5,Two Year,UPI,South,Premium,No,0,29135.28,0.0009937998887577602,Low,Standard engagement
CUST101949,24,2508.85,2,2,38.0,One Year,Net Banking,South,Standard,Yes,0,30106.2,0.0009915231736351798,Low,Standard engagement
CUST101619,72,2442.7,1,1,43.3,Month-to-Month,UPI,North,Basic,No,0,29312.4,0.0009900657864641272,Low,Standard engagement
CUST103662,70,2623.4,3,0,66.8,One Year,Net Banking,East,Basic,No,0,31480.8,0.0009717800553174057,Low,Standard engagement
CUST103577,62,2482.9,3,0,55.0,Month-to-Month,Debit Card,East,Basic,No,0,29794.8,0.0009701001177315427,Low,Standard engagement
CUST102363,9,2385.64,0,2,18.8,One Year,UPI,West,Basic,Yes,0,28627.68,0.0009644421774015013,Low,Standard engagement
CUST103832,59,2504.19,1,0,41.4,Month-to-Month,Credit Card,East,Standard,Yes,0,30050.28,0.0009631634794163414,Low,Standard engagement
CUST100254,48,2404.44,1,1,37.7,Month-to-Month,UPI,West,Basic,No,0,28853.28,0.0009621757814701665,Low,Standard engagement
CUST101422,43,2374.23,2,2,46.3,Month-to-Month,Credit Card,North,Basic,No,0,28490.76,0.000959466186791911,Low,Standard engagement
CUST103742,68,2493.33,3,1,21.5,Two Year,UPI,South,Basic,No,0,29919.96,0.0009571755498976558,Low,Standard engagement
CUST103176,45,2406.83,2,1,41.2,Month-to-Month,UPI,East,Basic,No,0,28881.96,0.0009561288402269025,Low,Standard engagement
CUST100868,33,2376.38,3,2,50.8,Month-to-Month,UPI,East,Basic,No,0,28516.56,0.0009533140347988692,Low,Standard engagement
CUST104751,11,2379.27,3,1,11.6,Month-to-Month,Net Banking,South,Standard,No,0,28551.24,0.0009527869242647125,Low,Standard engagement
CUST102493,44,2446.96,1,1,46.5,Month-to-Month,UPI,South,Standard,Yes,0,29363.52,0.000935363817687511,Low,Standard engagement
CUST105238,66,2408.5,2,1,18.5,Month-to-Month,UPI,West,Basic,Yes,0,28902.0,0.0009339100269312379,Low,Standard engagement
CUST105132,35,2503.0,2,1,46.3,Two Year,UPI,South,Premium,No,0,30036.0,0.0009242910608816,Low,Standard engagement
CUST100745,27,2444.37,2,2,57.4,One Year,UPI,South,Basic,Yes,0,29332.44,0.0009236855323037251,Low,Standard engagement
CUST101803,19,2340.74,6,2,45.8,Month-to-Month,Credit Card,East,Basic,Yes,0,28088.88,0.0009068683053643002,Low,Standard engagement
CUST105381,69,2532.12,3,1,39.8,One Year,Debit Card,South,Standard,No,0,30385.44,0.0008917915435599414,Low,Standard engagement
CUST105260,72,2585.47,3,0,56.6,Two Year,Debit Card,West,Basic,No,0,31025.64,0.0008897710692556779,Low,Standard engagement
CUST102223,31,2487.99,2,0,54.3,Month-to-Month,Net Banking,South,Standard,No,0,29855.88,0.0008781678937437099,Low,Standard engagement
CUST105295,58,2460.09,3,1,36.5,One Year,UPI,North,Basic,No,0,29521.08,0.0008779791468266741,Low,Standard engagement
CUST101065,28,2485.44,1,0,40.8,One Year,Debit Card,South,Premium,No,0,29825.28,0.0008684032412406373,Low,Standard engagement
CUST103711,72,2547.53,2,2,41.5,Two Year,UPI,West,Standard,No,0,30570.36,0.0008644582410830603,Low,Standard engagement
CUST102765,39,2527.01,1,0,51.9,One Year,Credit Card,West,Standard,No,0,30324.12,0.0008524537254147683,Low,Standard engagement
CUST101618,9,2454.71,2,1,71.2,Month-to-Month,Net Banking,South,Standard,No,0,29456.52,0.0008520735219947343,Low,Standard engagement
CUST102120,56,2396.22,1,2,20.8,Month-to-Month,Credit Card,South,Standard,Yes,0,28754.64,0.0008401136850403261,Low,Standard engagement
CUST102282,24,2414.61,2,0,64.2,Month-to-Month,Credit Card,East,Basic,No,0,28975.32,0.0008353733500396358,Low,Standard engagement
CUST103621,17,2476.55,0,1,45.0,One Year,Debit Card,West,Premium,Yes,0,29718.6,0.000833934882378611,Low,Standard engagement
CUST104780,62,2429.13,2,0,47.2,Month-to-Month,UPI,South,Basic,No,0,29149.56,0.0008266091798584209,Low,Standard engagement
CUST100815,61,2400.38,3,1,3.8,Month-to-Month,Net Banking,West,Basic,No,0,28804.56,0.0008134386750023848,Low,Standard engagement
CUST102631,49,2349.49,1,3,29.4,Month-to-Month,Debit Card,North,Basic,Yes,0,28193.88,0.0008106926037702112,Low,Standard engagement
CUST105706,30,2386.9,1,2,46.7,Month-to-Month,UPI,West,Standard,No,0,28642.8,0.0008090153100008939,Low,Standard engagement
CUST105463,22,2461.03,0,1,50.3,Two Year,Credit Card,North,Basic,No,0,29532.36,0.0008024537465146035,Low,Standard engagement
CUST100655,39,2320.38,3,2,30.3,Month-to-Month,Credit Card,South,Basic,No,0,27844.56,0.0008014676339232757,Low,Standard engagement
CUST104983,29,2460.44,1,1,21.6,One Year,Credit Card,East,Standard,Yes,0,29525.28,0.000801259027463243,Low,Standard engagement
CUST104261,15,2431.19,1,0,7.7,One Year,Debit Card,West,Premium,Yes,0,29174.28,0.0007987870075056888,Low,Standard engagement
CUST100459,8,2324.75,4,2,52.9,Month-to-Month,Debit Card,South,Basic,Yes,0,27897.0,0.0007955617555507696,Low,Standard engagement
CUST103969,45,2393.57,3,2,75.5,Month-to-Month,Credit Card,South,Basic,No,0,28722.84,0.0007943317886006209,Low,Standard engagement
CUST103575,50,2487.5,3,1,30.0,Two Year,Debit Card,East,Basic,No,0,29850.0,0.0007904171989185462,Low,Standard engagement
CUST105002,46,2393.27,1,1,41.9,Month-to-Month,UPI,East,Basic,No,0,28719.24,0.0007880510842808042,Low,Standard engagement
CUST101370,64,2545.8,1,1,45.7,Two Year,Debit Card,North,Premium,No,0,30549.6,0.0007789654582128966,Low,Standard engagement
CUST100996,38,2368.91,0,1,43.4,Month-to-Month,UPI,South,Basic,No,0,28426.92,0.0007744621465335967,Low,Standard engagement
CUST104971,28,2382.79,2,0,24.2,Month-to-Month,UPI,West,Standard,No,0,28593.48,0.0007686308510587933,Low,Standard engagement
CUST104540,44,2506.15,5,1,54.5,One Year,UPI,East,Standard,Yes,0,30073.8,0.000767347986293098,Low,Standard engagement
CUST102815,7,2390.39,2,0,38.9,Month-to-Month,UPI,East,Standard,Yes,0,28684.68,0.0007589851707323159,Low,Standard engagement
CUST102046,33,2416.35,1,1,52.3,Month-to-Month,Debit Card,South,Standard,No,0,28996.2,0.0007588764170760292,Low,Standard engagement
CUST101387,24,2412.56,0,2,33.7,Month-to-Month,Net Banking,North,Standard,Yes,0,28950.72,0.0007581196138985908,Low,Standard engagement
CUST102389,63,2479.61,2,2,22.8,One Year,Net Banking,North,Basic,Yes,0,29755.32,0.000746967120869626,Low,Standard engagement
CUST101580,22,2376.44,4,1,50.5,Month-to-Month,Debit Card,West,Premium,No,0,28517.28,0.0007409979072739074,Low,Standard engagement
CUST105355,59,2484.21,1,1,42.1,One Year,Credit Card,North,Premium,No,0,29810.52,0.0007384385810543066,Low,Standard engagement
CUST100249,3,2416.74,1,2,57.4,One Year,Credit Card,East,Premium,No,0,29000.88,0.0007366672115185818,Low,Standard engagement
CUST102148,62,2497.57,3,1,35.2,One Year,Net Banking,South,Basic,No,0,29970.84,0.0007361237016093678,Low,Standard engagement
CUST100395,63,2458.76,0,3,43.6,Month-to-Month,Net Banking,West,Standard,No,0,29505.12,0.0007330308596840322,Low,Standard engagement
CUST104465,7,2359.42,1,0,25.7,Month-to-Month,UPI,East,Standard,No,0,28313.04,0.0007282698487338038,Low,Standard engagement
CUST104442,50,2401.55,1,2,60.6,Month-to-Month,Credit Card,West,Basic,Yes,0,28818.6,0.0007237789009729269,Low,Standard engagement
CUST101075,12,2278.18,1,3,13.5,Month-to-Month,UPI,West,Standard,No,0,27338.16,0.0007193061333195638,Low,Standard engagement
CUST100095,21,2274.96,3,2,2.0,Month-to-Month,Credit Card,North,Premium,Yes,0,27299.52,0.0007090451045101013,Low,Standard engagement
CUST103696,23,2480.3,2,1,27.4,Two Year,Net Banking,West,Basic,Yes,0,29763.6,0.0007067747507549633,Low,Standard engagement
CUST100292,69,2548.82,1,0,45.0,One Year,UPI,East,Standard,No,0,30585.84,0.0007025080020995848,Low,Standard engagement
CUST101291,62,2441.72,0,1,51.7,Month-to-Month,Debit Card,South,Premium,No,0,29300.64,0.0006957394262531482,Low,Standard engagement
CUST105699,28,2376.39,3,2,67.4,Month-to-Month,Credit Card,South,Premium,Yes,0,28516.68,0.0006904463235828505,Low,Standard engagement
CUST104089,71,2539.58,3,0,35.4,Two Year,UPI,South,Standard,No,0,30474.96,0.000688419900185972,Low,Standard engagement
CUST103360,71,2584.88,1,1,76.2,One Year,Net Banking,South,Basic,Yes,0,31018.56,0.000687542202541127,Low,Standard engagement
CUST100503,63,2483.49,4,1,60.8,One Year,Debit Card,North,Basic,No,0,29801.88,0.0006834968332148409,Low,Standard engagement
CUST101246,62,2335.76,1,2,22.3,Month-to-Month,Credit Card,South,Basic,No,0,28029.12,0.000679963746720077,Low,Standard engagement
CUST103860,40,2404.33,2,0,68.6,Month-to-Month,UPI,South,Basic,No,0,28851.96,0.0006739326575826754,Low,Standard engagement
CUST102664,16,2412.16,1,1,33.7,One Year,Cash,South,Standard,No,0,28945.92,0.0006658519368796873,Low,Standard engagement
CUST105074,11,2326.61,3,0,33.8,Month-to-Month,UPI,South,Premium,No,0,27919.32,0.0006625032886384479,Low,Standard engagement
CUST100984,43,2483.57,3,1,50.1,Two Year,Cash,South,Premium,No,0,29802.84,0.0006600391540194291,Low,Standard engagement
CUST101760,28,2382.57,3,0,48.3,Month-to-Month,UPI,West,Premium,No,0,28590.84,0.0006586520434992623,Low,Standard engagement
CUST100617,20,2383.05,4,0,32.2,One Year,Cash,South,Basic,No,0,28596.6,0.0006485000084474207,Low,Standard engagement
CUST104539,63,2504.37,3,0,37.4,One Year,UPI,South,Standard,Yes,0,30052.44,0.0006418938295266686,Low,Standard engagement
CUST102042,54,2517.78,0,1,51.8,One Year,Debit Card,South,Standard,Yes,0,30213.36,0.0006416658603078969,Low,Standard engagement
CUST104744,51,2511.19,2,2,24.3,Two Year,Net Banking,West,Standard,No,0,30134.28,0.0006408098960448476,Low,Standard engagement
CUST104497,28,2408.62,3,0,42.3,One Year,Credit Card,South,Basic,No,0,28903.44,0.000635449607801201,Low,Standard engagement
CUST100769,28,2384.88,2,0,60.3,Month-to-Month,UPI,East,Basic,No,0,28618.56,0.0006344233968184856,Low,Standard engagement
CUST103156,56,2445.72,0,0,34.8,Month-to-Month,Net Banking,West,Basic,No,0,29348.64,0.0006338680453381088,Low,Standard engagement
CUST105086,60,2349.88,2,2,35.1,Month-to-Month,UPI,South,Basic,Yes,0,28198.56,0.0006295896379043866,Low,Standard engagement
CUST102512,70,2421.49,2,2,48.7,Month-to-Month,Credit Card,North,Standard,Yes,0,29057.88,0.0006263525950231164,Low,Standard engagement
CUST105612,47,2352.05,2,3,40.8,Month-to-Month,Debit Card,South,Standard,No,0,28224.6,0.0006161240795718102,Low,Standard engagement
CUST101369,46,2405.4,1,1,72.3,Month-to-Month,Debit Card,South,Basic,No,0,28864.8,0.0006136098201321187,Low,Standard engagement
CUST104525,34,2492.16,1,0,52.6,One Year,Credit Card,East,Standard,No,0,29905.92,0.0006129980536982868,Low,Standard engagement
CUST104128,40,2442.67,3,1,54.4,One Year,Credit Card,South,Premium,No,0,29312.04,0.0006126410971691428,Low,Standard engagement
CUST100900,1,2347.75,6,1,24.5,One Year,UPI,North,Standard,Yes,0,28173.0,0.0005918931781337612,Low,Standard engagement
CUST103265,47,2376.45,1,2,40.4,Month-to-Month,Debit Card,East,Premium,No,0,28517.4,0.0005902124221720517,Low,Standard engagement
CUST105243,70,2449.53,1,1,63.9,Month-to-Month,Credit Card,South,Standard,No,0,29394.36,0.000588616560477875,Low,Standard engagement
CUST103578,64,2444.38,1,1,30.8,One Year,Credit Card,East,Basic,No,0,29332.56,0.0005868009980667759,Low,Standard engagement
CUST100083,60,2505.94,3,0,37.4,One Year,Net Banking,South,Basic,Yes,0,30071.28,0.0005846171934012068,Low,Standard engagement
CUST102075,30,2303.18,0,4,45.6,Month-to-Month,UPI,North,Standard,No,0,27638.16,0.0005807535941541889,Low,Standard engagement
CUST103274,18,2348.21,0,1,56.2,Month-to-Month,UPI,North,Premium,No,0,28178.52,0.0005747256257421752,Low,Standard engagement
CUST100808,29,2366.63,4,2,37.6,One Year,Cash,East,Basic,No,0,28399.56,0.0005724277156960256,Low,Standard engagement
CUST104025,11,2407.62,1,0,32.9,Two Year,UPI,West,Basic,No,0,28891.44,0.0005720220884247673,Low,Standard engagement
CUST102492,67,2510.71,0,1,52.4,One Year,UPI,West,Standard,No,0,30128.52,0.0005718472560400403,Low,Standard engagement
CUST104505,28,2380.28,0,1,38.6,Month-to-Month,Debit Card,East,Standard,No,0,28563.36,0.0005704775392816852,Low,Standard engagement
CUST101240,37,2379.19,2,1,73.4,Month-to-Month,UPI,North,Basic,Yes,0,28550.28,0.0005632259249336475,Low,Standard engagement
CUST101331,52,2461.74,5,0,51.0,One Year,Cash,South,Premium,No,0,29540.88,0.0005624611286330381,Low,Standard engagement
CUST103676,27,2508.72,4,0,30.4,Two Year,Net Banking,East,Standard,No,0,30104.64,0.0005621946015730491,Low,Standard engagement
CUST101026,6,2288.24,1,1,40.0,Month-to-Month,Debit Card,South,Basic,No,0,27458.88,0.0005604421040069174,Low,Standard engagement
CUST103522,60,2469.23,2,1,73.1,Month-to-Month,Net Banking,East,Basic,No,0,29630.76,0.000553830876185055,Low,Standard engagement
CUST105820,45,2431.49,1,0,56.8,Month-to-Month,Debit Card,East,Premium,No,0,29177.88,0.0005522720494206312,Low,Standard engagement
CUST101924,27,2491.88,1,0,48.5,One Year,Net Banking,East,Basic,Yes,0,29902.56,0.0005492002191950458,Low,Standard engagement
CUST101628,28,2392.52,2,0,55.1,Month-to-Month,Debit Card,South,Standard,No,0,28710.24,0.0005428428147181197,Low,Standard engagement
CUST105533,33,2332.81,1,2,35.0,Month-to-Month,UPI,South,Standard,Yes,0,27993.72,0.0005371549358466013,Low,Standard engagement
CUST105811,47,2340.92,0,1,41.4,Month-to-Month,Credit Card,North,Basic,No,0,28091.04,0.000536735587100332,Low,Standard engagement
CUST101977,25,2347.05,5,0,32.3,Month-to-Month,Cash,East,Premium,Yes,0,28164.6,0.0005362160724396955,Low,Standard engagement
CUST102214,9,2363.33,1,0,24.4,Month-to-Month,Net Banking,North,Standard,No,0,28359.96,0.0005359922375223165,Low,Standard engagement
CUST103356,5,2256.44,5,1,28.7,Month-to-Month,Credit Card,South,Premium,No,0,27077.28,0.0005325810540615772,Low,Standard engagement
CUST101892,64,2484.54,1,1,28.8,One Year,Debit Card,West,Standard,Yes,0,29814.48,0.0005314450623596941,Low,Standard engagement
CUST102420,19,2290.34,2,0,23.5,Month-to-Month,UPI,West,Basic,No,0,27484.08,0.0005251155991292545,Low,Standard engagement
CUST105219,26,2390.7,1,3,48.8,One Year,Credit Card,North,Standard,Yes,0,28688.4,0.0005249337724960101,Low,Standard engagement
CUST103047,55,2374.59,4,2,45.7,Month-to-Month,Debit Card,West,Standard,No,0,28495.08,0.0005230986928797606,Low,Standard engagement
CUST102998,32,2438.71,2,1,30.3,Two Year,UPI,South,Standard,Yes,0,29264.52,0.0005192756525260884,Low,Standard engagement
CUST101517,4,2354.49,0,2,36.1,Two Year,UPI,North,Basic,Yes,0,28253.88,0.0005065214522653945,Low,Standard engagement
CUST103033,8,2322.04,2,1,40.7,Month-to-Month,Debit Card,West,Standard,No,0,27864.48,0.0005025932056610212,Low,Standard engagement
CUST101730,57,2435.87,4,2,50.6,Two Year,Debit Card,North,Basic,No,0,29230.44,0.0005007831883764993,Low,Standard engagement
CUST101310,38,2372.76,0,3,24.8,Two Year,Credit Card,East,Basic,No,0,28473.12,0.0005003210739698906,Low,Standard engagement
CUST100090,32,2361.58,0,1,19.6,One Year,Debit Card,South,Basic,No,0,28338.96,0.0004975316629593039,Low,Standard engagement
CUST102010,36,2367.4,0,1,75.2,Month-to-Month,Cash,North,Basic,No,0,28408.8,0.0004931011029661107,Low,Standard engagement
CUST105190,53,2325.38,2,3,34.5,Month-to-Month,Credit Card,West,Standard,No,0,27904.56,0.0004923743646386825,Low,Standard engagement
CUST100030,33,2390.1,5,2,49.1,One Year,Cash,East,Premium,No,0,28681.2,0.00048694305526102047,Low,Standard engagement
CUST103094,66,2491.87,2,0,43.0,One Year,UPI,North,Standard,Yes,0,29902.44,0.00048470387222724677,Low,Standard engagement
CUST105569,16,2371.14,3,0,50.3,One Year,UPI,North,Basic,No,0,28453.68,0.0004783570215367234,Low,Standard engagement
CUST104817,24,2442.46,1,1,65.1,One Year,Credit Card,North,Standard,Yes,0,29309.52,0.0004771539373233972,Low,Standard engagement
CUST100345,19,2357.05,2,1,51.2,One Year,UPI,South,Basic,No,0,28284.6,0.0004630733190976031,Low,Standard engagement
CUST105427,11,2293.79,4,1,36.4,Month-to-Month,Net Banking,South,Basic,No,0,27525.48,0.000455731557159679,Low,Standard engagement
CUST104781,43,2404.69,1,2,23.1,One Year,Net Banking,East,Basic,No,0,28856.28,0.0004523989112791253,Low,Standard engagement
CUST100195,7,2401.24,3,1,50.0,Two Year,Debit Card,East,Basic,Yes,0,28814.88,0.0004459763709229011,Low,Standard engagement
CUST105421,70,2366.95,0,2,37.1,Month-to-Month,UPI,East,Premium,No,0,28403.4,0.0004397781391096734,Low,Standard engagement
CUST100034,64,2450.22,0,0,25.5,One Year,Credit Card,North,Standard,No,0,29402.64,0.00043709097972621195,Low,Standard engagement
CUST104484,34,2372.43,1,0,24.0,One Year,UPI,North,Basic,Yes,0,28469.16,0.00043495724757695875,Low,Standard engagement
CUST103105,22,2312.03,2,2,52.1,Month-to-Month,Debit Card,South,Premium,Yes,0,27744.36,0.00043339468059981027,Low,Standard engagement
CUST105395,3,2347.5,0,1,59.5,One Year,Credit Card,South,Basic,No,0,28170.0,0.00043310846457479506,Low,Standard engagement
CUST104104,6,2297.99,2,2,28.2,One Year,Debit Card,West,Basic,No,0,27575.88,0.0004302094420082571,Low,Standard engagement
CUST104994,47,2341.5,0,2,47.8,Month-to-Month,Credit Card,North,Standard,No,0,28098.0,0.0004287460090732369,Low,Standard engagement
CUST101017,36,2400.31,1,1,40.9,Two Year,UPI,West,Basic,No,0,28803.72,0.0004099897450905471,Low,Standard engagement
CUST102412,68,2464.92,2,0,44.0,One Year,Debit Card,North,Premium,No,0,29579.04,0.00040848631646978306,Low,Standard engagement
CUST104746,56,2375.12,3,3,79.6,Month-to-Month,Net Banking,North,Basic,No,0,28501.44,0.0004044918442758911,Low,Standard engagement
CUST100062,27,2356.89,0,0,7.7,Month-to-Month,Net Banking,East,Premium,Yes,0,28282.68,0.0004042811314406538,Low,Standard engagement
CUST104345,37,2385.81,1,0,19.6,One Year,Debit Card,South,Premium,No,0,28629.72,0.00040389378563077626,Low,Standard engagement
CUST100951,22,2368.79,2,0,43.6,One Year,UPI,North,Basic,Yes,0,28425.48,0.0004012172144657815,Low,Standard engagement
CUST100450,70,2464.2,1,0,31.2,One Year,Debit Card,North,Premium,Yes,0,29570.4,0.0003990407673873099,Low,Standard engagement
CUST101186,11,2393.07,3,1,30.4,One Year,Net Banking,West,Standard,No,0,28716.84,0.00039873634247151877,Low,Standard engagement
CUST100226,59,2431.96,2,0,45.3,Month-to-Month,Net Banking,North,Standard,No,0,29183.52,0.00039614671989273434,Low,Standard engagement
CUST102597,53,2409.01,2,1,5.1,Two Year,Net Banking,South,Basic,No,0,28908.12,0.00039601484802863774,Low,Standard engagement
CUST100043,26,2337.32,4,1,33.3,Month-to-Month,Net Banking,East,Premium,No,0,28047.84,0.000395597865047769,Low,Standard engagement
CUST103780,5,2339.71,2,3,41.7,Two Year,Debit Card,West,Premium,No,0,28076.52,0.00039515712424817055,Low,Standard engagement
CUST103168,60,2420.64,3,0,22.7,Two Year,UPI,North,Basic,Yes,0,29047.68,0.0003946961178505163,Low,Standard engagement
CUST102222,2,2236.81,3,2,37.0,Month-to-Month,UPI,East,Premium,No,0,26841.72,0.00039366696817931676,Low,Standard engagement
CUST101915,38,2388.69,1,0,13.2,One Year,Credit Card,North,Standard,Yes,0,28664.28,0.00039203668843735076,Low,Standard engagement
CUST104575,56,2376.37,2,1,28.2,Month-to-Month,Net Banking,West,Premium,No,0,28516.44,0.0003901160675791294,Low,Standard engagement
CUST100469,68,2415.65,1,0,50.5,Month-to-Month,UPI,North,Standard,Yes,0,28987.8,0.00038923608131955693,Low,Standard engagement
CUST102104,63,2351.72,2,1,23.7,Month-to-Month,Debit Card,West,Premium,Yes,0,28220.64,0.0003859008383660821,Low,Standard engagement
CUST101159,25,2358.11,3,1,65.9,Month-to-Month,Credit Card,East,Standard,Yes,0,28297.32,0.0003855779962464408,Low,Standard engagement
CUST103982,49,2273.27,2,1,24.6,Month-to-Month,UPI,South,Basic,No,0,27279.24,0.000384843744198094,Low,Standard engagement
CUST105479,42,2349.37,0,1,41.1,Month-to-Month,Cash,North,Standard,Yes,0,28192.44,0.0003843030377548367,Low,Standard engagement
CUST102974,2,2248.08,1,1,28.3,Month-to-Month,Credit Card,North,Premium,Yes,0,26976.96,0.0003841733726689756,Low,Standard engagement
CUST102232,68,2431.5,1,1,40.6,Two Year,UPI,South,Basic,No,0,29178.0,0.00038347402586658125,Low,Standard engagement
CUST100308,23,2262.04,6,0,43.4,Month-to-Month,UPI,North,Basic,No,0,27144.48,0.0003826042832050525,Low,Standard engagement
CUST105458,38,2385.42,0,3,40.2,Two Year,Credit Card,North,Standard,No,0,28625.04,0.0003821427321375145,Low,Standard engagement
CUST103691,46,2421.72,0,1,51.4,One Year,UPI,North,Premium,Yes,0,29060.64,0.0003766828513216969,Low,Standard engagement
CUST101780,4,2228.85,3,1,20.5,Month-to-Month,Credit Card,North,Standard,No,0,26746.2,0.0003758077846546284,Low,Standard engagement
CUST101751,64,2485.96,2,2,61.1,Two Year,Credit Card,West,Standard,Yes,0,29831.52,0.0003750095270562829,Low,Standard engagement
CUST104710,21,2293.93,4,0,54.7,Month-to-Month,UPI,South,Basic,Yes,0,27527.16,0.00037246781832877526,Low,Standard engagement
CUST101714,47,2358.39,0,1,44.9,Month-to-Month,Cash,South,Standard,Yes,0,28300.68,0.0003716420180475711,Low,Standard engagement
CUST103713,17,2335.09,3,1,45.8,One Year,Credit Card,East,Basic,No,0,28021.08,0.0003708166446021343,Low,Standard engagement
CUST100125,41,2460.97,1,1,65.4,One Year,Net Banking,East,Basic,No,0,29531.64,0.00036789454752297375,Low,Standard engagement
CUST102556,58,2405.67,3,0,74.1,Month-to-Month,Debit Card,North,Premium,No,0,28868.04,0.0003678468458790307,Low,Standard engagement
CUST102554,71,2425.73,2,0,43.9,Month-to-Month,Net Banking,North,Premium,No,0,29108.76,0.0003640612848716387,Low,Standard engagement
CUST101023,61,2364.15,2,1,43.4,Month-to-Month,Net Banking,South,Basic,No,0,28369.8,0.00036006794151058347,Low,Standard engagement
CUST100176,52,2305.73,1,1,20.8,Month-to-Month,UPI,South,Standard,No,0,27668.76,0.00035743602224076114,Low,Standard engagement
CUST105657,59,2371.76,2,0,36.1,Month-to-Month,Credit Card,East,Standard,No,0,28461.12,0.00035623309584664384,Low,Standard engagement
CUST102570,58,2383.28,1,0,38.9,Month-to-Month,Credit Card,West,Standard,Yes,0,28599.36,0.00035384563500493555,Low,Standard engagement
CUST103295,58,2470.86,1,0,59.4,One Year,UPI,West,Standard,No,0,29650.32,0.00035288516638510523,Low,Standard engagement
CUST101267,27,2309.99,3,0,53.8,Month-to-Month,UPI,West,Basic,Yes,0,27719.88,0.00035085023383095974,Low,Standard engagement
CUST104275,56,2437.37,1,2,48.0,One Year,Net Banking,West,Basic,Yes,0,29248.44,0.0003497655524589287,Low,Standard engagement
CUST102865,3,2346.83,0,1,38.5,One Year,UPI,East,Standard,No,0,28161.96,0.00034745022164979326,Low,Standard engagement
CUST101538,51,2374.76,3,1,22.5,One Year,UPI,West,Standard,No,0,28497.12,0.00034690372495024385,Low,Standard engagement
CUST102305,7,2390.11,2,0,60.2,One Year,UPI,South,Standard,Yes,0,28681.32,0.0003466572492493267,Low,Standard engagement
CUST100105,57,2281.66,2,4,48.7,Month-to-Month,UPI,South,Premium,Yes,0,27379.92,0.00034617605938241133,Low,Standard engagement
CUST100882,33,2394.79,5,1,56.6,Two Year,Credit Card,North,Premium,No,0,28737.48,0.0003459282220273786,Low,Standard engagement
CUST101220,47,2277.26,3,1,40.9,Month-to-Month,UPI,South,Basic,No,0,27327.12,0.00034577791416217713,Low,Standard engagement
CUST102135,50,2455.31,3,1,62.7,One Year,Debit Card,West,Standard,Yes,0,29463.72,0.0003441227052639503,Low,Standard engagement
CUST103117,47,2394.25,1,1,45.3,Month-to-Month,Net Banking,South,Standard,Yes,0,28731.0,0.00034373738979670933,Low,Standard engagement
CUST103218,71,2318.42,1,2,3.1,One Year,UPI,South,Basic,No,0,27821.04,0.0003426536919898282,Low,Standard engagement
CUST104734,60,2436.04,3,0,47.3,Month-to-Month,Net Banking,West,Standard,Yes,0,29232.48,0.00033775621006642973,Low,Standard engagement
CUST102231,6,2204.31,0,2,39.6,Month-to-Month,Credit Card,South,Basic,No,0,26451.72,0.00033704172338243083,Low,Standard engagement
CUST100258,13,2295.98,3,0,37.2,Month-to-Month,Cash,East,Standard,No,0,27551.76,0.00033613960094271844,Low,Standard engagement
CUST103809,44,2344.01,1,1,33.8,Month-to-Month,Net Banking,North,Premium,No,0,28128.12,0.00033164822520335583,Low,Standard engagement
CUST102502,55,2457.89,0,0,59.1,Two Year,Credit Card,West,Basic,No,0,29494.68,0.000329540430035611,Low,Standard engagement
CUST104082,56,2472.26,2,1,35.1,Two Year,Net Banking,South,Standard,No,0,29667.12,0.0003261648757412583,Low,Standard engagement
CUST104934,28,2334.83,1,1,23.9,One Year,UPI,South,Standard,No,0,28017.96,0.000325916114378916,Low,Standard engagement
CUST104071,57,2362.86,1,0,51.1,Month-to-Month,UPI,West,Premium,No,0,28354.32,0.00032162427465011196,Low,Standard engagement
CUST103843,22,2352.86,3,0,31.2,Two Year,Debit Card,South,Basic,No,0,28234.32,0.00032160733349531357,Low,Standard engagement
CUST105380,12,2312.34,1,3,18.3,One Year,Net Banking,North,Standard,No,0,27748.08,0.0003211322876721003,Low,Standard engagement
CUST104375,43,2396.49,2,0,58.0,One Year,Debit Card,South,Basic,No,0,28757.88,0.00031852325852475735,Low,Standard engagement
CUST104377,19,2258.27,0,1,53.9,Month-to-Month,UPI,North,Basic,No,0,27099.24,0.00031521325106008153,Low,Standard engagement
CUST102060,65,2454.97,0,1,53.4,Two Year,Credit Card,East,Basic,Yes,0,29459.64,0.0003035521937508874,Low,Standard engagement
CUST102354,23,2357.85,2,0,44.1,One Year,Debit Card,East,Basic,No,0,28294.2,0.0003027499743467693,Low,Standard engagement
CUST101308,30,2266.62,2,0,34.3,Month-to-Month,Cash,West,Basic,No,0,27199.44,0.0003010007178363618,Low,Standard engagement
CUST104629,26,2311.4,3,0,30.4,One Year,Cash,North,Basic,No,0,27736.8,0.00029982632496872435,Low,Standard engagement
CUST100606,24,2304.41,6,2,61.6,Month-to-Month,Net Banking,West,Premium,No,0,27652.92,0.00029259186146861636,Low,Standard engagement
CUST101571,27,2428.86,3,0,61.0,Two Year,Debit Card,South,Standard,No,0,29146.32,0.0002905154035586362,Low,Standard engagement
CUST101902,52,2392.44,2,3,72.1,Month-to-Month,Net Banking,East,Standard,Yes,0,28709.28,0.0002890250491836136,Low,Standard engagement
CUST101060,56,2440.64,0,0,47.3,One Year,Credit Card,East,Standard,No,0,29287.68,0.0002866851804653918,Low,Standard engagement
CUST105147,60,2393.84,0,0,41.1,One Year,Credit Card,West,Basic,No,0,28726.08,0.0002866509529512191,Low,Standard engagement
CUST104576,6,2349.6,3,1,57.4,Two Year,Debit Card,East,Basic,No,0,28195.2,0.0002850559396304576,Low,Standard engagement
CUST100918,19,2383.79,3,1,57.3,One Year,Net Banking,South,Premium,No,0,28605.48,0.00028334474164796054,Low,Standard engagement
CUST103736,28,2198.0,0,1,10.7,Month-to-Month,Credit Card,North,Basic,No,0,26376.0,0.00028145755099790517,Low,Standard engagement
CUST105270,14,2298.63,0,1,23.0,One Year,UPI,South,Standard,No,0,27583.56,0.0002748587582672494,Low,Standard engagement
CUST103819,65,2321.83,1,1,6.3,Month-to-Month,Net Banking,West,Premium,No,0,27861.96,0.00026564498226893735,Low,Standard engagement
CUST104448,40,2327.64,2,1,20.5,Two Year,UPI,South,Basic,Yes,0,27931.68,0.0002653462500712858,Low,Standard engagement
CUST105196,68,2443.41,1,0,25.6,Two Year,UPI,East,Standard,No,0,29320.92,0.0002621074602525967,Low,Standard engagement
CUST100763,68,2430.82,1,0,51.1,One Year,UPI,South,Standard,No,0,29169.84,0.0002589816568997253,Low,Standard engagement
CUST100430,7,2178.84,0,2,40.4,Month-to-Month,Credit Card,North,Basic,No,0,26146.08,0.00025879278980508335,Low,Standard engagement
CUST103719,19,2279.26,1,1,45.9,Month-to-Month,Credit Card,West,Standard,Yes,0,27351.12,0.0002586821129920309,Low,Standard engagement
CUST105946,19,2321.68,4,2,61.6,Two Year,Debit Card,North,Basic,No,0,27860.16,0.0002569829744365374,Low,Standard engagement
CUST103410,6,2315.05,0,0,22.4,One Year,Cash,South,Standard,Yes,0,27780.6,0.00025543289796354243,Low,Standard engagement
CUST105032,26,2172.5,2,2,2.0,Month-to-Month,UPI,West,Premium,No,0,26070.0,0.0002528556186504652,Low,Standard engagement
CUST104691,5,2284.92,1,2,39.5,Two Year,Cash,North,Basic,Yes,0,27419.04,0.000252400825003221,Low,Standard engagement
CUST100770,47,2340.69,0,1,73.9,Month-to-Month,UPI,North,Standard,No,0,28088.28,0.00024903743734404387,Low,Standard engagement
CUST104962,71,2390.94,2,1,66.8,One Year,UPI,South,Basic,No,0,28691.28,0.0002476490361697711,Low,Standard engagement
CUST101333,59,2320.73,3,0,20.1,One Year,UPI,South,Basic,No,0,27848.76,0.0002459016726981796,Low,Standard engagement
CUST104989,64,2287.03,3,2,35.8,Month-to-Month,Credit Card,North,Standard,Yes,0,27444.36,0.00024412444232240315,Low,Standard engagement
CUST100001,56,2369.26,2,0,66.0,Month-to-Month,Credit Card,East,Standard,No,0,28431.12,0.00024396820223430776,Low,Standard engagement
CUST104945,53,2305.98,1,0,47.8,Month-to-Month,Credit Card,East,Basic,No,0,27671.76,0.00024206021037214003,Low,Standard engagement
CUST105050,32,2261.49,5,1,4.5,One Year,UPI,South,Standard,No,0,27137.88,0.00024205463680118043,Low,Standard engagement
CUST101198,58,2356.83,1,2,78.2,Month-to-Month,Credit Card,West,Standard,Yes,0,28281.96,0.00024152969338937848,Low,Standard engagement
CUST102900,37,2307.57,2,0,72.9,Month-to-Month,Debit Card,South,Basic,No,0,27690.84,0.00024123271641221587,Low,Standard engagement
CUST102750,18,2237.38,1,1,61.3,Month-to-Month,Cash,North,Basic,No,0,26848.56,0.00024023620582613517,Low,Standard engagement
CUST100325,17,2235.78,2,0,38.2,Month-to-Month,UPI,West,Basic,Yes,0,26829.36,0.00023931951694649656,Low,Standard engagement
CUST103962,48,2264.78,2,0,32.5,Month-to-Month,Debit Card,North,Basic,No,0,27177.36,0.00023714727926523946,Low,Standard engagement
CUST102921,56,2274.39,2,1,37.8,Month-to-Month,Credit Card,North,Premium,No,0,27292.68,0.00023673301939372012,Low,Standard engagement
CUST102589,25,2313.33,1,2,41.7,One Year,Credit Card,North,Standard,Yes,0,27759.96,0.00023601731360696338,Low,Standard engagement
CUST105176,15,2292.99,2,2,22.6,Two Year,Credit Card,West,Standard,No,0,27515.88,0.000234789058340294,Low,Standard engagement
CUST100678,38,2357.96,3,2,34.1,Two Year,UPI,East,Standard,Yes,0,28295.52,0.0002324090479190183,Low,Standard engagement
CUST101900,39,2307.24,0,0,40.7,Month-to-Month,Cash,West,Standard,No,0,27686.88,0.00023133515259815738,Low,Standard engagement
CUST104922,40,2383.51,1,1,28.7,One Year,Net Banking,West,Premium,Yes,0,28602.12,0.0002291299700308703,Low,Standard engagement
CUST105035,17,2297.79,1,3,45.1,Two Year,Credit Card,North,Standard,No,0,27573.48,0.00022379482502617805,Low,Standard engagement
CUST100160,72,2337.44,2,1,60.1,Month-to-Month,Credit Card,South,Standard,No,0,28049.28,0.00022334518218302692,Low,Standard engagement
CUST103243,38,2355.42,1,0,56.8,Month-to-Month,Net Banking,West,Premium,No,0,28265.04,0.00022326058344886528,Low,Standard engagement
CUST100956,29,2401.56,1,0,50.3,Two Year,Net Banking,North,Basic,No,0,28818.72,0.0002231412950437415,Low,Standard engagement
CUST100136,44,2270.15,2,2,8.1,One Year,Credit Card,South,Standard,No,0,27241.8,0.0002229727623075752,Low,Standard engagement
CUST100916,40,2308.02,1,3,64.0,Month-to-Month,Net Banking,South,Premium,Yes,0,27696.24,0.0002216711608745001,Low,Standard engagement
CUST100522,14,2269.29,4,0,9.4,One Year,Debit Card,North,Standard,No,0,27231.48,0.0002192051902356851,Low,Standard engagement
CUST101032,53,2315.44,2,0,43.8,Month-to-Month,UPI,South,Standard,Yes,0,27785.28,0.00021847527022892356,Low,Standard engagement
CUST103556,51,2353.96,1,0,33.4,One Year,UPI,East,Basic,Yes,0,28247.52,0.0002179815803293841,Low,Standard engagement
CUST102154,51,2392.66,1,0,56.5,Month-to-Month,Net Banking,East,Standard,No,0,28711.92,0.00021735332757605755,Low,Standard engagement
CUST101402,22,2259.52,2,2,64.7,Month-to-Month,Net Banking,North,Basic,No,0,27114.24,0.00021555042220351917,Low,Standard engagement
CUST104910,69,2371.65,2,0,43.7,Month-to-Month,Net Banking,East,Basic,Yes,0,28459.8,0.00021537819993025875,Low,Standard engagement
CUST101752,46,2420.15,2,1,72.2,One Year,Net Banking,South,Premium,No,0,29041.8,0.0002127214763019778,Low,Standard engagement
CUST100768,11,2219.32,0,1,39.7,Month-to-Month,UPI,North,Standard,No,0,26631.84,0.00021208660390031737,Low,Standard engagement
CUST103268,10,2285.5,2,1,22.9,Two Year,Credit Card,South,Standard,No,0,27426.0,0.00021150485650523257,Low,Standard engagement
CUST102501,8,2167.6,0,3,36.7,Month-to-Month,Credit Card,South,Standard,No,0,26011.2,0.00020983456763515987,Low,Standard engagement
CUST101736,37,2334.3,2,0,40.3,Month-to-Month,Net Banking,South,Standard,Yes,0,28011.6,0.00020953849841568578,Low,Standard engagement
CUST105415,17,2271.94,2,2,35.5,Month-to-Month,Net Banking,East,Standard,Yes,0,27263.28,0.00020833127577978887,Low,Standard engagement
CUST100873,9,2285.06,0,0,26.8,One Year,Debit Card,West,Basic,Yes,0,27420.72,0.00020691314960696457,Low,Standard engagement
CUST101359,27,2247.73,1,0,42.7,Month-to-Month,Credit Card,South,Premium,No,0,26972.76,0.00020644241519058695,Low,Standard engagement
CUST102992,14,2147.13,5,2,36.6,Month-to-Month,Debit Card,South,Basic,No,0,25765.56,0.00020610484134813767,Low,Standard engagement
CUST101169,67,2344.06,2,1,40.4,Month-to-Month,Net Banking,South,Premium,Yes,0,28128.72,0.00020595877424048936,Low,Standard engagement
CUST103385,18,2188.02,2,4,51.8,Month-to-Month,Net Banking,North,Basic,No,0,26256.24,0.0002054837713508055,Low,Standard engagement
CUST102460,25,2288.59,2,2,51.6,Two Year,UPI,South,Basic,No,0,27463.08,0.0002052584214546543,Low,Standard engagement
CUST100336,70,2299.65,0,0,12.3,Month-to-Month,Debit Card,North,Standard,No,0,27595.8,0.00020501989290378948,Low,Standard engagement
CUST103497,35,2205.1,5,2,48.1,Month-to-Month,UPI,South,Premium,No,0,26461.2,0.00020431001289563928,Low,Standard engagement
CUST104007,47,2286.23,1,0,37.2,Month-to-Month,Cash,South,Standard,No,0,27434.76,0.00020426211710448288,Low,Standard engagement
CUST102283,57,2338.99,3,2,41.6,One Year,UPI,East,Standard,No,0,28067.88,0.00020109721892418313,Low,Standard engagement
CUST102543,28,2230.21,2,3,13.0,One Year,UPI,West,Standard,No,0,26762.52,0.00020100534797371734,Low,Standard engagement
CUST100222,51,2345.88,1,2,73.6,Month-to-Month,Net Banking,West,Premium,No,0,28150.56,0.00020015502633138278,Low,Standard engagement
CUST105802,32,2244.95,2,1,62.9,Month-to-Month,Credit Card,North,Basic,Yes,0,26939.4,0.0002000884534008703,Low,Standard engagement
CUST104291,67,2334.17,5,0,29.8,Month-to-Month,Net Banking,East,Premium,No,0,28010.04,0.00019498367461440912,Low,Standard engagement
CUST102394,35,2304.28,5,0,62.3,Month-to-Month,Net Banking,North,Basic,Yes,0,27651.36,0.00019453668240009697,Low,Standard engagement
CUST101133,55,2293.48,1,2,74.5,Month-to-Month,UPI,East,Basic,Yes,0,27521.76,0.00019355189276989374,Low,Standard engagement
CUST102776,38,2323.35,2,2,30.4,Two Year,Cash,North,Standard,Yes,0,27880.2,0.0001905735102677446,Low,Standard engagement
CUST104203,10,2352.2,2,1,79.0,One Year,UPI,East,Standard,Yes,0,28226.4,0.00018836700603552852,Low,Standard engagement
CUST101643,43,2212.18,3,4,30.7,One Year,Credit Card,South,Basic,Yes,0,26546.16,0.00018831371067281236,Low,Standard engagement
CUST104756,42,2333.86,3,0,48.6,One Year,Cash,South,Premium,No,0,28006.32,0.00018742901407328076,Low,Standard engagement
CUST100420,67,2313.71,0,2,70.6,Month-to-Month,Debit Card,North,Premium,No,0,27764.52,0.00018653599958160622,Low,Standard engagement
CUST103164,10,2272.91,2,1,45.3,One Year,Credit Card,South,Standard,No,0,27274.92,0.00018559981532880734,Low,Standard engagement
CUST104866,34,2243.65,2,1,26.5,One Year,UPI,South,Basic,No,0,26923.8,0.00018253948430578353,Low,Standard engagement
CUST105450,19,2336.48,0,1,55.0,One Year,Debit Card,East,Standard,No,0,28037.76,0.00017988355066408254,Low,Standard engagement
CUST100781,46,2340.03,1,2,28.3,Two Year,Net Banking,West,Basic,No,0,28080.36,0.00017956778902201512,Low,Standard engagement
CUST102823,71,2267.39,2,0,21.6,Month-to-Month,Cash,South,Premium,No,0,27208.68,0.00017822326873180274,Low,Standard engagement
CUST101931,35,2242.59,3,1,38.6,Month-to-Month,Debit Card,West,Standard,No,0,26911.08,0.0001773285263509456,Low,Standard engagement
CUST102821,60,2240.38,4,0,40.4,Month-to-Month,UPI,North,Basic,No,0,26884.56,0.00017707571836587385,Low,Standard engagement
CUST104776,25,2204.64,2,0,29.5,Month-to-Month,Credit Card,North,Premium,No,0,26455.68,0.00017698139710537142,Low,Standard engagement
CUST103908,15,2330.57,1,1,51.5,Two Year,Debit Card,South,Premium,Yes,0,27966.84,0.00017603234406431988,Low,Standard engagement
CUST104530,3,2320.94,1,1,70.1,One Year,Net Banking,West,Basic,No,0,27851.28,0.00017316345759445183,Low,Standard engagement
CUST104727,64,2331.92,1,1,29.4,One Year,Cash,North,Standard,No,0,27983.04,0.00017022208724438832,Low,Standard engagement
CUST102904,47,2352.25,1,0,39.4,One Year,Debit Card,East,Premium,No,0,28227.0,0.00016850399462433192,Low,Standard engagement
CUST100185,33,2293.46,0,0,22.4,One Year,UPI,South,Standard,No,0,27521.52,0.00016673054395511985,Low,Standard engagement
CUST101775,10,2312.58,1,1,36.1,Two Year,UPI,East,Standard,Yes,0,27750.96,0.0001663830395170629,Low,Standard engagement
CUST101603,23,2193.99,3,0,13.9,Month-to-Month,Cash,West,Standard,No,0,26327.88,0.0001660947118026703,Low,Standard engagement
CUST103014,36,2222.56,3,0,30.0,Month-to-Month,Debit Card,North,Premium,No,0,26670.72,0.0001658244766294832,Low,Standard engagement
CUST102645,1,2269.65,2,2,48.5,One Year,Net Banking,North,Premium,No,0,27235.8,0.00016496231307342688,Low,Standard engagement
CUST102751,6,2106.95,2,2,7.6,Month-to-Month,UPI,South,Standard,No,0,25283.4,0.00016426593707326732,Low,Standard engagement
CUST103542,7,2240.18,2,1,55.2,One Year,UPI,West,Basic,No,0,26882.16,0.0001610988102995483,Low,Standard engagement
CUST105324,66,2385.16,1,1,41.7,Two Year,Credit Card,North,Standard,Yes,0,28621.92,0.00015991646914287618,Low,Standard engagement
CUST101482,21,2246.46,1,1,53.6,Month-to-Month,Net Banking,South,Basic,Yes,0,26957.52,0.00015864024049920796,Low,Standard engagement
CUST103313,17,2261.6,1,0,28.6,Two Year,Credit Card,South,Basic,No,0,27139.2,0.000157462139113196,Low,Standard engagement
CUST104828,67,2151.62,3,5,24.0,Month-to-Month,UPI,North,Standard,No,0,25819.44,0.00015705907921977487,Low,Standard engagement
CUST103971,67,2280.07,5,1,39.1,Month-to-Month,Net Banking,East,Basic,No,0,27360.84,0.00015695364417337533,Low,Standard engagement
CUST104195,36,2352.07,0,0,52.6,Two Year,UPI,North,Premium,No,0,28224.84,0.00015602993826446975,Low,Standard engagement
CUST103426,35,2275.31,6,0,43.0,One Year,UPI,West,Basic,Yes,0,27303.72,0.00015556144732140932,Low,Standard engagement
CUST104272,68,2303.53,0,3,47.3,Month-to-Month,Net Banking,West,Standard,No,0,27642.36,0.00015488680683562058,Low,Standard engagement
CUST100615,47,2363.05,1,0,42.2,One Year,Net Banking,East,Basic,No,0,28356.6,0.00015354181387749647,Low,Standard engagement
CUST103943,70,2236.58,4,3,56.7,Month-to-Month,Cash,West,Premium,No,0,26838.96,0.00015167404583812374,Low,Standard engagement
CUST103874,45,2365.12,2,1,63.7,Two Year,Debit Card,East,Basic,Yes,0,28381.44,0.0001491109289010615,Low,Standard engagement
CUST100313,21,2271.81,3,0,41.7,One Year,UPI,West,Premium,No,0,27261.72,0.00014763929116477821,Low,Standard engagement
CUST102390,33,2275.47,1,0,32.4,One Year,Credit Card,West,Basic,Yes,0,27305.64,0.0001469566142488473,Low,Standard engagement
CUST101560,21,2133.2,3,2,32.2,Month-to-Month,Cash,East,Basic,No,0,25598.4,0.00014685675415309165,Low,Standard engagement
CUST104145,21,2196.45,1,1,64.9,Month-to-Month,Credit Card,West,Basic,No,0,26357.4,0.0001427186176650336,Low,Standard engagement
CUST101862,62,2231.21,4,1,45.0,Month-to-Month,Cash,West,Basic,Yes,0,26774.52,0.0001418871048227802,Low,Standard engagement
CUST102165,67,2158.23,3,2,3.1,Month-to-Month,UPI,West,Basic,Yes,0,25898.76,0.00014174924888874966,Low,Standard engagement
CUST102026,45,2205.5,1,0,38.7,Month-to-Month,Credit Card,South,Basic,No,0,26466.0,0.00014169823288449811,Low,Standard engagement
CUST103147,61,2306.36,2,1,84.7,Month-to-Month,UPI,South,Standard,No,0,27676.32,0.0001415917524514176,Low,Standard engagement
CUST100118,18,2172.34,3,0,48.3,Month-to-Month,Cash,North,Basic,No,0,26068.08,0.0001411650989337006,Low,Standard engagement
CUST104194,41,2318.37,1,0,38.4,One Year,UPI,North,Standard,Yes,0,27820.44,0.0001408706384538538,Low,Standard engagement
CUST105676,38,2154.79,4,2,33.3,Month-to-Month,Debit Card,South,Basic,Yes,0,25857.48,0.0001406798075814102,Low,Standard engagement
CUST100626,25,2291.02,1,0,33.3,One Year,UPI,East,Standard,No,0,27492.24,0.0001406447962232373,Low,Standard engagement
CUST101849,12,2264.77,2,1,28.5,Two Year,Debit Card,South,Standard,No,0,27177.24,0.0001405978156880617,Low,Standard engagement
CUST102566,58,2354.6,3,0,24.4,One Year,Net Banking,North,Standard,No,0,28255.2,0.00014053618436705423,Low,Standard engagement
CUST105632,38,2214.97,2,0,57.3,Month-to-Month,UPI,North,Basic,No,0,26579.64,0.0001393590777991506,Low,Standard engagement
CUST102756,64,2214.3,5,0,27.8,Month-to-Month,Credit Card,East,Basic,No,0,26571.6,0.0001385987388131027,Low,Standard engagement
CUST105608,44,2243.91,3,2,33.2,Month-to-Month,Net Banking,North,Standard,Yes,0,26926.92,0.00013854153410962385,Low,Standard engagement
CUST103144,55,2216.3,1,1,30.7,Month-to-Month,Credit Card,West,Premium,No,0,26595.6,0.00013517220417258194,Low,Standard engagement
CUST101460,57,2184.52,1,2,44.1,Month-to-Month,UPI,North,Basic,No,0,26214.24,0.0001348757054286906,Low,Standard engagement
CUST102336,33,2371.56,2,1,74.8,Two Year,Net Banking,West,Basic,No,0,28458.72,0.00013409523758363268,Low,Standard engagement
CUST104361,57,2256.92,0,2,51.0,Month-to-Month,UPI,West,Standard,Yes,0,27083.04,0.0001340734472078819,Low,Standard engagement
CUST101153,66,2299.9,3,1,43.9,One Year,UPI,West,Basic,Yes,0,27598.8,0.00013225071555404133,Low,Standard engagement
CUST100558,58,2149.16,2,3,29.3,Month-to-Month,Debit Card,South,Basic,No,0,25789.92,0.0001321018628438715,Low,Standard engagement
CUST100694,7,2181.31,3,1,52.4,Month-to-Month,Net Banking,South,Basic,No,0,26175.72,0.00013173852648430532,Low,Standard engagement
CUST105588,59,2190.28,2,0,22.1,Month-to-Month,Credit Card,North,Basic,No,0,26283.36,0.00013129462708665155,Low,Standard engagement
CUST102714,37,2269.44,3,0,34.8,One Year,Debit Card,East,Basic,No,0,27233.28,0.00012991660057912196,Low,Standard engagement
CUST103731,62,2409.16,3,0,57.6,One Year,Net Banking,West,Standard,No,0,28909.92,0.00012966046097799273,Low,Standard engagement
CUST101181,67,2310.51,2,0,12.5,One Year,Cash,South,Standard,Yes,0,27726.12,0.00012948984158050477,Low,Standard engagement
CUST101536,12,2301.29,1,0,63.5,One Year,Debit Card,North,Standard,No,0,27615.48,0.00012906431335885722,Low,Standard engagement
CUST103767,54,2336.16,2,2,40.0,One Year,Net Banking,South,Standard,Yes,0,28033.92,0.0001282898130177219,Low,Standard engagement
CUST101413,58,2216.87,0,2,63.6,Month-to-Month,Cash,South,Basic,No,0,26602.44,0.00012779717776893203,Low,Standard engagement
CUST104358,49,2263.96,0,2,38.2,Two Year,UPI,South,Basic,No,0,27167.52,0.00012743360767801212,Low,Standard engagement
CUST104607,35,2127.74,2,2,35.7,Month-to-Month,UPI,North,Basic,No,0,25532.88,0.00012715794201905494,Low,Standard engagement
CUST105142,48,2244.53,2,0,17.1,One Year,Debit Card,South,Basic,No,0,26934.36,0.00012550978296839077,Low,Standard engagement
CUST103081,60,2245.61,0,0,31.4,Month-to-Month,Credit Card,North,Standard,No,0,26947.32,0.00012448594237059386,Low,Standard engagement
CUST101833,6,2111.88,3,2,44.9,Month-to-Month,UPI,South,Premium,No,0,25342.56,0.00012384389029480153,Low,Standard engagement
CUST104319,4,2137.61,4,0,39.4,Month-to-Month,UPI,North,Premium,No,0,25651.32,0.00012316835373914352,Low,Standard engagement
CUST101391,39,2173.45,3,1,29.3,Month-to-Month,Credit Card,South,Standard,No,0,26081.4,0.0001228920876765791,Low,Standard engagement
CUST103616,4,2147.36,4,2,25.5,One Year,Debit Card,North,Basic,Yes,0,25768.32,0.00012128087031065585,Low,Standard engagement
CUST103448,44,2215.77,1,0,34.9,Month-to-Month,Debit Card,West,Basic,Yes,0,26589.24,0.00012077917867167068,Low,Standard engagement
CUST100689,57,2228.23,1,1,25.9,Month-to-Month,Net Banking,West,Basic,No,0,26738.76,0.00011945021449968359,Low,Standard engagement
CUST102316,7,2236.48,1,2,50.4,One Year,Net Banking,West,Basic,No,0,26837.76,0.00011812528173934045,Low,Standard engagement
CUST101056,33,2201.13,1,1,27.4,One Year,UPI,South,Basic,No,0,26413.56,0.00011806323541578327,Low,Standard engagement
CUST100849,44,2160.22,2,0,19.0,Month-to-Month,UPI,West,Basic,No,0,25922.64,0.00011776884058569482,Low,Standard engagement
CUST101321,20,2330.41,1,1,58.0,Two Year,Net Banking,South,Premium,No,0,27964.92,0.00011635548585584264,Low,Standard engagement
CUST104654,9,2130.21,1,1,45.7,Month-to-Month,Debit Card,South,Basic,No,0,25562.52,0.00011555562339073584,Low,Standard engagement
CUST101616,58,2299.02,3,0,51.2,One Year,UPI,East,Basic,No,0,27588.24,0.00011497609540474231,Low,Standard engagement
CUST100253,24,2120.79,2,2,40.3,Month-to-Month,Cash,South,Basic,Yes,0,25449.48,0.00011281972982100908,Low,Standard engagement
CUST103888,11,2093.89,0,2,33.5,Month-to-Month,UPI,West,Basic,No,0,25126.68,0.00011250092299179333,Low,Standard engagement
CUST101051,27,2313.49,2,1,56.9,One Year,Net Banking,South,Standard,No,0,27761.88,0.00011231864978292285,Low,Standard engagement
CUST101559,62,2391.21,1,0,50.6,Two Year,Debit Card,East,Standard,No,0,28694.52,0.00011217001298835734,Low,Standard engagement
CUST102303,64,2229.16,2,0,47.8,Month-to-Month,Debit Card,North,Basic,No,0,26749.92,0.00011112546810877539,Low,Standard engagement
CUST104260,17,2134.04,0,1,11.2,Month-to-Month,UPI,East,Standard,No,0,25608.48,0.000110747867899689,Low,Standard engagement
CUST101262,33,2272.55,2,0,18.4,Two Year,Cash,East,Premium,No,0,27270.6,0.00011067417590758088,Low,Standard engagement
CUST101385,17,2157.55,3,2,21.3,Month-to-Month,Net Banking,West,Standard,No,0,25890.6,0.00010972731900263564,Low,Standard engagement
CUST104286,52,2237.17,0,1,65.7,Month-to-Month,Cash,West,Basic,Yes,0,26846.04,0.00010958472507969644,Low,Standard engagement
CUST101260,20,2096.35,2,3,49.0,Month-to-Month,UPI,West,Basic,No,0,25156.2,0.00010939607220687555,Low,Standard engagement
CUST100897,4,2135.76,1,2,20.8,Month-to-Month,Net Banking,North,Standard,No,0,25629.12,0.0001081833572107879,Low,Standard engagement
CUST101299,3,2142.9,2,0,20.4,Month-to-Month,Net Banking,West,Basic,No,0,25714.8,0.00010767338536098132,Low,Standard engagement
CUST100463,31,2205.73,1,2,66.7,Month-to-Month,UPI,East,Standard,No,0,26468.76,0.0001069368220210567,Low,Standard engagement
CUST104085,46,2312.18,2,1,42.7,One Year,Net Banking,West,Premium,No,0,27746.16,0.00010595050484375289,Low,Standard engagement
CUST102240,17,2147.85,5,3,29.4,Two Year,Credit Card,West,Basic,No,0,25774.2,0.00010590983860727728,Low,Standard engagement
CUST102656,5,2108.21,2,1,28.9,Month-to-Month,UPI,South,Premium,Yes,0,25298.52,0.0001056823771372957,Low,Standard engagement
CUST102083,49,2172.67,1,2,39.3,Month-to-Month,UPI,North,Standard,No,0,26072.04,0.00010288176476230816,Low,Standard engagement
CUST102087,48,2345.57,1,1,64.3,Two Year,Net Banking,North,Basic,No,0,28146.84,0.00010243128178485569,Low,Standard engagement
CUST103023,15,2197.15,1,0,36.3,Month-to-Month,Net Banking,North,Premium,No,0,26365.8,0.00010235666766753865,Low,Standard engagement
CUST103128,37,2242.41,3,2,46.4,One Year,UPI,East,Standard,No,0,26908.92,0.00010235420266808287,Low,Standard engagement
CUST101960,61,2283.04,1,1,49.4,One Year,Credit Card,South,Premium,No,0,27396.48,0.00010186240672808481,Low,Standard engagement
CUST103435,44,2163.67,3,2,46.9,Month-to-Month,UPI,South,Standard,No,0,25964.04,0.00010079306581137934,Low,Standard engagement
CUST102368,12,2309.53,2,0,61.6,Two Year,Debit Card,South,Standard,Yes,0,27714.36,0.00010074960326466577,Low,Standard engagement
CUST101788,35,2202.88,2,1,29.7,Month-to-Month,Net Banking,South,Standard,No,0,26434.56,0.00010006020775776699,Low,Standard engagement
CUST100119,9,2206.11,1,3,43.3,Two Year,Debit Card,North,Standard,No,0,26473.32,9.805642840743307e-05,Low,Standard engagement
CUST104864,64,2211.72,4,2,54.2,Month-to-Month,Net Banking,North,Basic,No,0,26540.64,9.646831826461548e-05,Low,Standard engagement
CUST100233,55,2236.33,2,3,67.4,One Year,Credit Card,South,Basic,Yes,0,26835.96,9.6250145462212e-05,Low,Standard engagement
CUST103408,48,2271.76,1,1,38.7,One Year,UPI,East,Standard,No,0,27261.12,9.60922793599257e-05,Low,Standard engagement
CUST103584,55,2228.73,1,1,50.9,Month-to-Month,Credit Card,East,Standard,No,0,26744.76,9.56418094853082e-05,Low,Standard engagement
CUST100235,52,2190.52,1,2,34.4,Month-to-Month,UPI,East,Standard,Yes,0,26286.24,9.477810066828788e-05,Low,Standard engagement
CUST101998,21,2197.56,4,3,47.6,One Year,Credit Card,East,Standard,Yes,0,26370.72,9.390117604267692e-05,Low,Standard engagement
CUST105197,68,2301.82,1,1,35.3,One Year,Net Banking,West,Basic,No,0,27621.84,9.234438445447636e-05,Low,Standard engagement
CUST104878,49,2172.96,3,1,40.9,Month-to-Month,UPI,South,Standard,No,0,26075.52,9.144253829296697e-05,Low,Standard engagement
CUST100109,51,2221.22,0,1,44.0,Month-to-Month,Net Banking,South,Basic,Yes,0,26654.64,8.948062513677319e-05,Low,Standard engagement
CUST100762,69,2331.27,2,0,58.0,One Year,Credit Card,West,Premium,Yes,0,27975.24,8.906179749127578e-05,Low,Standard engagement
CUST102153,40,2126.58,6,0,40.7,Month-to-Month,Credit Card,North,Basic,No,0,25518.96,8.888039959553162e-05,Low,Standard engagement
CUST105999,8,2107.17,2,0,23.9,Month-to-Month,Credit Card,North,Premium,Yes,0,25286.04,8.774379126953113e-05,Low,Standard engagement
CUST102167,61,2234.47,2,1,29.1,One Year,Debit Card,North,Basic,Yes,0,26813.64,8.747147297227735e-05,Low,Standard engagement
CUST104440,24,2236.27,5,0,40.7,Two Year,Debit Card,East,Basic,No,0,26835.24,8.739087694501982e-05,Low,Standard engagement
CUST100843,3,2202.93,3,1,28.4,One Year,Net Banking,South,Standard,No,0,26435.16,8.654453869505981e-05,Low,Standard engagement
CUST100142,20,2257.11,3,1,27.7,Two Year,Net Banking,North,Standard,No,0,27085.32,8.511118209705337e-05,Low,Standard engagement
CUST104574,52,2318.8,2,0,72.3,Two Year,Debit Card,North,Basic,No,0,27825.6,8.484567840425662e-05,Low,Standard engagement
CUST104347,11,2157.56,1,0,31.3,Month-to-Month,Debit Card,West,Standard,Yes,0,25890.72,8.396687730876185e-05,Low,Standard engagement
CUST101723,53,2245.65,5,2,26.6,Two Year,Debit Card,South,Standard,Yes,0,26947.8,8.39325216799314e-05,Low,Standard engagement
CUST104308,58,2163.6,4,0,34.5,Month-to-Month,Credit Card,East,Basic,No,0,25963.2,8.255011032651777e-05,Low,Standard engagement
CUST101908,3,2096.94,2,2,55.9,Month-to-Month,Credit Card,North,Premium,Yes,0,25163.28,8.226389292814112e-05,Low,Standard engagement
CUST104802,16,2124.9,1,1,52.8,Month-to-Month,UPI,North,Premium,No,0,25498.8,8.206022924555591e-05,Low,Standard engagement
CUST100782,9,2253.25,1,0,19.2,Two Year,Net Banking,North,Standard,No,0,27039.0,8.096642081525795e-05,Low,Standard engagement
CUST103073,57,2096.17,3,2,28.0,Month-to-Month,UPI,North,Basic,No,0,25154.04,8.072243590919436e-05,Low,Standard engagement
CUST102018,52,2287.2,1,0,48.6,One Year,Debit Card,South,Standard,No,0,27446.4,7.898472482017254e-05,Low,Standard engagement
CUST104884,1,2060.11,2,2,60.8,Month-to-Month,UPI,South,Basic,No,0,24721.32,7.894536438652525e-05,Low,Standard engagement
CUST100445,48,2138.49,2,1,41.9,Month-to-Month,Cash,West,Basic,No,0,25661.88,7.831298218065653e-05,Low,Standard engagement
CUST104317,30,2134.15,4,1,25.6,One Year,Credit Card,North,Basic,No,0,25609.8,7.703055708359147e-05,Low,Standard engagement
CUST101575,23,2191.21,2,1,43.5,One Year,Debit Card,North,Premium,No,0,26294.52,7.477475249462576e-05,Low,Standard engagement
CUST104799,40,2152.24,0,0,36.3,Month-to-Month,UPI,South,Premium,No,0,25826.88,7.433206753235012e-05,Low,Standard engagement
CUST102108,21,2293.27,3,1,54.1,Two Year,Net Banking,South,Standard,Yes,0,27519.24,7.391515400343491e-05,Low,Standard engagement
CUST100974,11,2047.38,2,0,17.6,Month-to-Month,UPI,South,Basic,No,0,24568.56,7.366687670726208e-05,Low,Standard engagement
CUST100218,33,2200.1,0,1,33.3,One Year,Credit Card,North,Standard,No,0,26401.2,7.317530280650927e-05,Low,Standard engagement
CUST105114,18,2125.51,4,0,26.3,Month-to-Month,Debit Card,East,Premium,Yes,0,25506.12,7.302457705084302e-05,Low,Standard engagement
CUST105081,37,2265.39,0,1,46.7,Two Year,Debit Card,South,Premium,Yes,0,27184.68,7.205987989393863e-05,Low,Standard engagement
CUST104470,29,2197.79,2,1,37.9,One Year,UPI,West,Standard,No,0,26373.48,7.172934092306654e-05,Low,Standard engagement
CUST104501,39,2121.32,3,1,47.4,Month-to-Month,UPI,East,Basic,No,0,25455.84,7.15395969569787e-05,Low,Standard engagement
CUST102603,41,2216.29,1,1,42.7,One Year,Credit Card,South,Premium,Yes,0,26595.48,7.10143401578822e-05,Low,Standard engagement
CUST105091,28,2176.67,0,0,57.5,Month-to-Month,Cash,South,Standard,No,0,26120.04,7.074388927869304e-05,Low,Standard engagement
CUST100938,34,2070.96,5,1,29.0,Month-to-Month,Debit Card,South,Basic,No,0,24851.52,7.017683357585882e-05,Low,Standard engagement
CUST102251,40,2015.05,7,2,2.0,Month-to-Month,Credit Card,East,Basic,No,0,24180.6,6.97574962553391e-05,Low,Standard engagement
CUST100725,9,2202.37,1,0,45.6,One Year,UPI,North,Standard,Yes,0,26428.44,6.870802170265802e-05,Low,Standard engagement
CUST100416,70,2191.25,2,1,50.5,Month-to-Month,UPI,South,Premium,Yes,0,26295.0,6.844893453246454e-05,Low,Standard engagement
CUST105128,49,2150.85,4,0,53.2,Month-to-Month,UPI,South,Basic,Yes,0,25810.2,6.82494224064945e-05,Low,Standard engagement
CUST100280,20,2072.3,2,2,48.3,Month-to-Month,UPI,East,Basic,No,0,24867.6,6.806204201179656e-05,Low,Standard engagement
CUST102269,71,2170.69,2,2,40.2,Month-to-Month,Cash,West,Standard,No,0,26048.28,6.751750340181935e-05,Low,Standard engagement
CUST101904,24,2080.21,3,3,34.2,Month-to-Month,UPI,East,Standard,Yes,0,24962.52,6.738502108429016e-05,Low,Standard engagement
CUST102518,11,2242.62,2,0,48.6,One Year,Net Banking,South,Standard,No,0,26911.44,6.728520126853606e-05,Low,Standard engagement
CUST101558,72,2206.17,2,2,32.4,Month-to-Month,Net Banking,West,Premium,Yes,0,26474.04,6.60446723117166e-05,Low,Standard engagement
CUST104800,45,2133.15,1,2,43.4,Month-to-Month,Debit Card,West,Premium,No,0,25597.8,6.590120622893694e-05,Low,Standard engagement
CUST102572,53,2160.08,1,1,39.8,Month-to-Month,UPI,West,Standard,No,0,25920.96,6.500100371482222e-05,Low,Standard engagement
CUST105362,42,2238.65,0,2,27.0,Two Year,Net Banking,West,Basic,Yes,0,26863.8,6.45790913690224e-05,Low,Standard engagement
CUST102172,72,2301.8,1,2,51.8,Two Year,Net Banking,West,Basic,No,0,27621.6,6.397794567787137e-05,Low,Standard engagement
CUST104507,43,2252.29,3,1,40.1,Two Year,Cash,West,Standard,Yes,0,27027.48,6.39757470161584e-05,Low,Standard engagement
CUST104068,54,2220.33,1,0,47.5,Month-to-Month,Net Banking,West,Basic,Yes,0,26643.96,6.393708565716687e-05,Low,Standard engagement
CUST105180,62,2284.64,4,0,33.4,Two Year,Debit Card,South,Standard,Yes,0,27415.68,6.301009622440555e-05,Low,Standard engagement
CUST104928,14,2054.77,3,3,17.0,Month-to-Month,Net Banking,South,Standard,No,0,24657.24,6.223247130843413e-05,Low,Standard engagement
CUST101712,64,2281.08,3,0,37.3,Two Year,UPI,West,Standard,No,0,27372.96,6.197356669506963e-05,Low,Standard engagement
CUST105622,15,2061.5,0,3,27.5,Month-to-Month,Debit Card,East,Premium,Yes,0,24738.0,6.183282930694884e-05,Low,Standard engagement
CUST100167,13,2082.38,3,4,49.1,One Year,UPI,South,Premium,No,0,24988.56,6.151520602214205e-05,Low,Standard engagement
CUST101091,33,2223.87,1,1,41.2,One Year,Net Banking,West,Basic,Yes,0,26686.44,6.062647878995551e-05,Low,Standard engagement
CUST105966,52,2251.06,2,0,63.2,One Year,Cash,West,Basic,Yes,0,27012.72,6.016777081618899e-05,Low,Standard engagement
CUST102377,10,2119.3,1,0,34.4,Month-to-Month,Debit Card,East,Standard,No,0,25431.6,6.003006690711972e-05,Low,Standard engagement
CUST104281,65,2152.21,1,1,2.0,One Year,Credit Card,South,Basic,Yes,0,25826.52,5.963409367805018e-05,Low,Standard engagement
CUST100975,17,2055.34,3,1,24.7,Month-to-Month,Credit Card,North,Standard,No,0,24664.08,5.95026725541364e-05,Low,Standard engagement
CUST101961,72,2259.68,3,2,42.2,Two Year,Cash,North,Standard,Yes,0,27116.16,5.858878633466765e-05,Low,Standard engagement
CUST105289,21,2205.9,2,3,67.1,One Year,Net Banking,South,Standard,No,0,26470.8,5.80128210643204e-05,Low,Standard engagement
CUST103326,12,2118.06,1,0,52.6,Month-to-Month,UPI,East,Premium,No,0,25416.72,5.765986381794631e-05,Low,Standard engagement
CUST105757,39,2158.03,0,0,42.7,Month-to-Month,Credit Card,North,Standard,Yes,0,25896.36,5.713870333295022e-05,Low,Standard engagement
CUST100375,7,2090.14,0,1,44.7,Month-to-Month,Credit Card,South,Standard,Yes,0,25081.68,5.672565759366462e-05,Low,Standard engagement
CUST105308,5,2101.18,2,2,28.4,One Year,Credit Card,West,Standard,No,0,25214.16,5.639979456645389e-05,Low,Standard engagement
CUST101201,35,2041.94,4,2,12.1,Month-to-Month,UPI,West,Standard,No,0,24503.28,5.629796375674792e-05,Low,Standard engagement
CUST102546,58,2115.78,0,1,35.3,Month-to-Month,UPI,South,Basic,Yes,0,25389.36,5.593423357983518e-05,Low,Standard engagement
CUST102197,62,2169.74,4,2,28.0,Month-to-Month,Net Banking,West,Standard,Yes,0,26036.88,5.5633269475645e-05,Low,Standard engagement
CUST103715,21,2138.0,0,2,63.9,Month-to-Month,Debit Card,West,Standard,Yes,0,25656.0,5.546997380224651e-05,Low,Standard engagement
CUST101142,68,2292.92,1,1,64.3,Two Year,UPI,South,Standard,No,0,27515.04,5.5430119695495326e-05,Low,Standard engagement
CUST102006,32,2151.07,4,1,52.9,One Year,Debit Card,South,Basic,No,0,25812.84,5.455988748683034e-05,Low,Standard engagement
CUST103806,8,2095.75,1,1,18.0,Month-to-Month,Net Banking,South,Standard,Yes,0,25149.0,5.416148866346762e-05,Low,Standard engagement
CUST103754,3,2005.05,4,2,50.5,Month-to-Month,UPI,West,Basic,No,0,24060.6,5.281510698876586e-05,Low,Standard engagement
CUST102455,35,2176.34,2,0,63.3,Month-to-Month,Cash,West,Standard,Yes,0,26116.08,5.269304363871123e-05,Low,Standard engagement
CUST103992,11,2122.67,3,1,30.9,Two Year,UPI,East,Basic,No,0,25472.04,5.217582176587696e-05,Low,Standard engagement
CUST102353,34,2160.62,1,1,38.0,Two Year,UPI,North,Basic,No,0,25927.44,5.213509866678956e-05,Low,Standard engagement
CUST102873,16,2142.28,1,2,33.4,Two Year,UPI,North,Standard,No,0,25707.36,5.213481618895103e-05,Low,Standard engagement
CUST101034,5,2051.14,1,1,55.0,Month-to-Month,Credit Card,South,Basic,Yes,0,24613.68,5.1993278589478575e-05,Low,Standard engagement
CUST101510,25,2077.71,3,0,37.4,Month-to-Month,UPI,South,Premium,No,0,24932.52,5.193588693961984e-05,Low,Standard engagement
CUST100490,68,2123.72,3,1,21.1,Month-to-Month,Debit Card,South,Standard,No,0,25484.64,5.133248298464785e-05,Low,Standard engagement
CUST105658,38,2293.72,2,2,63.1,Two Year,Net Banking,East,Standard,Yes,0,27524.64,5.122157271741811e-05,Low,Standard engagement
CUST104478,63,2197.17,2,0,38.3,One Year,UPI,West,Basic,No,0,26366.04,5.08182004901749e-05,Low,Standard engagement
CUST101726,69,2160.57,2,4,56.1,One Year,Debit Card,West,Basic,No,0,25926.84,5.04691676590013e-05,Low,Standard engagement
CUST105480,72,2193.73,0,0,40.3,Month-to-Month,Net Banking,South,Basic,No,0,26324.76,5.0145225900310626e-05,Low,Standard engagement
CUST103923,31,2092.26,0,0,41.9,Month-to-Month,UPI,South,Basic,Yes,0,25107.12,4.971056241470653e-05,Low,Standard engagement
CUST101933,69,2210.62,2,1,36.5,One Year,Cash,South,Standard,No,0,26527.44,4.9373247404797214e-05,Low,Standard engagement
CUST101033,23,2105.75,5,0,61.2,Month-to-Month,Credit Card,South,Premium,Yes,0,25269.0,4.901515755428878e-05,Low,Standard engagement
CUST105275,16,2192.14,0,0,31.9,Two Year,UPI,North,Standard,Yes,0,26305.68,4.8938080025440814e-05,Low,Standard engagement
CUST103061,23,2137.2,1,1,22.5,One Year,Credit Card,East,Standard,No,0,25646.4,4.864071027682779e-05,Low,Standard engagement
CUST101465,9,2084.52,2,1,29.5,One Year,Credit Card,East,Basic,No,0,25014.24,4.860140391800022e-05,Low,Standard engagement
CUST103634,70,2087.9,1,1,25.8,Month-to-Month,UPI,South,Basic,No,0,25054.8,4.8555811400398305e-05,Low,Standard engagement
CUST100743,20,2048.07,1,1,28.2,Month-to-Month,Credit Card,West,Premium,No,0,24576.84,4.8272789877824085e-05,Low,Standard engagement
CUST103354,71,2148.53,1,1,42.4,Month-to-Month,Debit Card,South,Premium,No,0,25782.36,4.823758396222494e-05,Low,Standard engagement
CUST104255,24,2203.06,2,2,40.9,One Year,Net Banking,East,Standard,Yes,0,26436.72,4.813125952782988e-05,Low,Standard engagement
CUST100591,65,2187.5,0,1,55.1,Month-to-Month,Debit Card,South,Standard,Yes,0,26250.0,4.792955510671151e-05,Low,Standard engagement
CUST100765,57,2031.75,5,1,14.7,Month-to-Month,Credit Card,North,Basic,No,0,24381.0,4.770328914763604e-05,Low,Standard engagement
CUST104657,42,2147.32,3,2,33.2,One Year,Net Banking,North,Basic,No,0,25767.84,4.746673411159149e-05,Low,Standard engagement
CUST101491,36,2095.72,1,0,20.8,Month-to-Month,UPI,South,Standard,Yes,0,25148.64,4.7255251307686115e-05,Low,Standard engagement
CUST101092,61,2138.79,0,3,34.0,One Year,UPI,South,Premium,No,0,25665.48,4.6493626284636446e-05,Low,Standard engagement
CUST102066,53,2217.99,3,1,36.8,Two Year,Debit Card,East,Premium,No,0,26615.88,4.62504754774093e-05,Low,Standard engagement
CUST104730,67,2243.31,5,1,52.0,One Year,Net Banking,South,Premium,No,0,26919.72,4.616042290586952e-05,Low,Standard engagement
CUST100842,66,2170.05,2,1,28.5,One Year,UPI,North,Premium,No,0,26040.6,4.611631665026763e-05,Low,Standard engagement
CUST100293,24,2193.97,1,1,56.7,One Year,Credit Card,East,Standard,Yes,0,26327.64,4.588903450032061e-05,Low,Standard engagement
CUST103136,42,2140.33,2,3,49.3,Two Year,Credit Card,North,Basic,Yes,0,25683.96,4.5389708897959074e-05,Low,Standard engagement
CUST102129,24,2125.98,1,0,26.7,One Year,Debit Card,West,Basic,No,0,25511.76,4.517105708183276e-05,Low,Standard engagement
CUST101196,52,2125.03,1,1,23.5,Month-to-Month,Net Banking,South,Premium,No,0,25500.36,4.5051061925052474e-05,Low,Standard engagement
CUST103540,53,2095.94,2,1,30.4,Month-to-Month,UPI,East,Premium,No,0,25151.28,4.495549298421707e-05,Low,Standard engagement
CUST101717,28,2160.91,2,1,52.7,Two Year,UPI,West,Basic,No,0,25930.92,4.483640604431967e-05,Low,Standard engagement
CUST103665,33,2091.17,2,0,55.7,Month-to-Month,UPI,West,Basic,No,0,25094.04,4.456147986521538e-05,Low,Standard engagement
CUST103124,32,2042.88,4,2,40.6,Month-to-Month,Credit Card,North,Standard,No,0,24514.56,4.406139047345548e-05,Low,Standard engagement
CUST102555,8,2115.54,2,1,37.4,One Year,Cash,West,Standard,No,0,25386.48,4.3628367997694495e-05,Low,Standard engagement
CUST101974,41,2141.72,2,0,16.2,One Year,UPI,North,Standard,No,0,25700.64,4.331944493085123e-05,Low,Standard engagement
CUST101684,26,2096.99,3,1,59.8,Month-to-Month,Debit Card,South,Standard,No,0,25163.88,4.32718219984717e-05,Low,Standard engagement
CUST104879,55,2126.92,0,0,35.5,Month-to-Month,Credit Card,North,Standard,No,0,25523.04,4.220508549624679e-05,Low,Standard engagement
CUST101825,65,2114.32,0,0,30.8,Month-to-Month,Credit Card,East,Basic,No,0,25371.84,4.1660985693227734e-05,Low,Standard engagement
CUST101058,31,2062.48,1,3,27.6,Month-to-Month,Net Banking,North,Standard,No,0,24749.76,4.161453341508227e-05,Low,Standard engagement
CUST103967,18,2026.54,0,3,40.1,Month-to-Month,Credit Card,East,Premium,Yes,0,24318.48,4.066569022018183e-05,Low,Standard engagement
CUST100576,67,2059.71,3,2,20.4,Month-to-Month,Credit Card,South,Premium,Yes,0,24716.52,3.987799178771102e-05,Low,Standard engagement
CUST101574,11,2091.15,2,2,61.7,Month-to-Month,Net Banking,North,Premium,Yes,0,25093.8,3.9753220439889335e-05,Low,Standard engagement
CUST103771,24,2081.84,2,0,13.1,Month-to-Month,Net Banking,North,Standard,No,0,24982.08,3.9074784847814505e-05,Low,Standard engagement
CUST105148,27,2111.27,1,2,57.4,Month-to-Month,Net Banking,South,Premium,Yes,0,25335.24,3.8862528760841916e-05,Low,Standard engagement
CUST100953,31,2120.8,1,0,51.7,Month-to-Month,Debit Card,West,Standard,No,0,25449.6,3.8543555033220956e-05,Low,Standard engagement
CUST100425,15,2078.46,2,0,47.0,Month-to-Month,Net Banking,South,Basic,No,0,24941.52,3.8536994176102565e-05,Low,Standard engagement
CUST104404,19,2074.76,2,0,13.3,One Year,Credit Card,South,Premium,No,0,24897.12,3.7378061899219095e-05,Low,Standard engagement
CUST105942,15,2063.34,4,3,55.2,Two Year,Credit Card,South,Basic,No,0,24760.08,3.7058588551719e-05,Low,Standard engagement
CUST102542,69,2032.69,3,6,17.2,Two Year,Credit Card,North,Basic,No,0,24392.28,3.674190672742965e-05,Low,Standard engagement
CUST103482,58,2084.42,1,0,42.9,Month-to-Month,UPI,North,Basic,No,0,25013.04,3.642464443381037e-05,Low,Standard engagement
CUST100524,23,2162.52,3,1,62.3,Two Year,Credit Card,West,Premium,No,0,25950.24,3.6126792536362844e-05,Low,Standard engagement
CUST104341,31,2081.56,3,1,56.0,Month-to-Month,UPI,East,Standard,No,0,24978.72,3.527320284080321e-05,Low,Standard engagement
CUST104929,16,2073.35,5,1,27.0,One Year,UPI,South,Standard,Yes,0,24880.2,3.520891184698006e-05,Low,Standard engagement
CUST101111,17,2141.11,3,1,8.9,Two Year,Net Banking,North,Standard,Yes,0,25693.32,3.4795305062568226e-05,Low,Standard engagement
CUST101506,66,2141.28,4,0,55.8,Month-to-Month,UPI,West,Standard,No,0,25695.36,3.468029243188136e-05,Low,Standard engagement
CUST101696,34,2063.33,3,1,13.4,One Year,UPI,South,Premium,No,0,24759.96,3.461659224004895e-05,Low,Standard engagement
CUST102234,43,1990.59,3,0,4.7,Month-to-Month,UPI,South,Basic,No,0,23887.08,3.447834728260895e-05,Low,Standard engagement
CUST102274,13,2099.42,1,1,45.8,One Year,UPI,North,Standard,No,0,25193.04,3.398084160658799e-05,Low,Standard engagement
CUST105504,39,1979.82,3,2,17.2,Month-to-Month,Credit Card,West,Basic,Yes,0,23757.84,3.3345159906066036e-05,Low,Standard engagement
CUST101610,56,2136.53,3,2,41.1,Two Year,Credit Card,East,Basic,No,0,25638.36,3.319598538137274e-05,Low,Standard engagement
CUST104422,56,2062.31,4,2,52.0,Month-to-Month,UPI,South,Standard,No,0,24747.72,3.258268561406088e-05,Low,Standard engagement
CUST100247,30,2114.24,1,0,36.2,One Year,UPI,North,Premium,No,0,25370.88,3.252314756851276e-05,Low,Standard engagement
CUST103468,38,2146.87,1,0,51.5,Month-to-Month,Net Banking,East,Premium,No,0,25762.44,3.2515118589447476e-05,Low,Standard engagement
CUST103434,17,2095.34,2,2,51.4,One Year,Debit Card,South,Standard,No,0,25144.08,3.248107257799132e-05,Low,Standard engagement
CUST103880,63,2017.84,6,0,16.9,Month-to-Month,Credit Card,North,Basic,No,0,24214.08,3.2286874578720014e-05,Low,Standard engagement
CUST104443,33,2029.01,3,0,12.7,Month-to-Month,UPI,North,Standard,Yes,0,24348.12,3.226857618215229e-05,Low,Standard engagement
CUST101941,19,2054.76,1,2,35.2,One Year,Debit Card,South,Basic,Yes,0,24657.12,3.218730342245879e-05,Low,Standard engagement
CUST105436,30,2125.42,1,0,36.7,One Year,UPI,South,Premium,Yes,0,25505.04,3.208963987202061e-05,Low,Standard engagement
CUST102771,3,2105.57,1,1,58.7,One Year,Credit Card,West,Standard,No,0,25266.84,3.1839761246259156e-05,Low,Standard engagement
CUST102147,68,2117.55,2,0,54.6,Month-to-Month,UPI,West,Basic,Yes,0,25410.6,3.145764991127842e-05,Low,Standard engagement
CUST103710,26,2051.69,1,0,56.8,Month-to-Month,UPI,North,Basic,Yes,0,24620.28,3.1310001299718285e-05,Low,Standard engagement
CUST103973,19,2071.31,1,1,26.5,One Year,Credit Card,South,Standard,No,0,24855.72,3.1130263829160906e-05,Low,Standard engagement
CUST104395,37,2059.02,3,2,70.6,Month-to-Month,UPI,South,Premium,Yes,0,24708.24,3.1121131949561434e-05,Low,Standard engagement
CUST102166,23,2075.7,2,1,79.3,Month-to-Month,Credit Card,North,Premium,Yes,0,24908.4,3.081607348029496e-05,Low,Standard engagement
CUST101592,28,1893.94,5,5,41.4,Month-to-Month,UPI,North,Basic,No,0,22727.28,3.052325279284216e-05,Low,Standard engagement
CUST105507,6,2114.31,1,1,56.7,One Year,Debit Card,West,Standard,No,0,25371.72,3.0321324172631897e-05,Low,Standard engagement
CUST103479,57,2097.46,1,0,26.6,Month-to-Month,Credit Card,West,Standard,Yes,0,25169.52,3.0078405123140945e-05,Low,Standard engagement
CUST103135,2,1931.68,1,1,25.0,Month-to-Month,Credit Card,South,Basic,No,0,23180.16,3.0022109032041816e-05,Low,Standard engagement
CUST101587,6,2038.13,3,1,61.2,Month-to-Month,UPI,West,Standard,Yes,0,24457.56,2.9930240830218774e-05,Low,Standard engagement
CUST102929,48,2059.31,3,1,2.0,One Year,Credit Card,East,Basic,Yes,0,24711.72,2.990355888919383e-05,Low,Standard engagement
CUST102349,37,2105.71,1,4,20.2,Two Year,Net Banking,North,Standard,No,0,25268.52,2.97599463595162e-05,Low,Standard engagement
CUST101704,67,2051.7,0,1,11.7,Month-to-Month,Credit Card,South,Standard,No,0,24620.4,2.9707445070703744e-05,Low,Standard engagement
CUST104385,52,2169.29,2,1,36.7,Two Year,Credit Card,South,Standard,Yes,0,26031.48,2.9691332576952866e-05,Low,Standard engagement
CUST103852,8,1984.27,3,0,40.0,Month-to-Month,UPI,South,Basic,Yes,0,23811.24,2.968919571188227e-05,Low,Standard engagement
CUST102876,48,2087.86,1,1,45.0,Month-to-Month,Credit Card,West,Standard,Yes,0,25054.32,2.9655632817402036e-05,Low,Standard engagement
CUST101794,35,2036.58,0,3,32.7,Month-to-Month,Net Banking,West,Premium,No,0,24438.96,2.868497631023816e-05,Low,Standard engagement
CUST105637,32,2028.45,0,0,46.5,Month-to-Month,UPI,South,Basic,No,0,24341.4,2.8647146250824634e-05,Low,Standard engagement
CUST101815,8,2044.27,0,0,73.9,Month-to-Month,Debit Card,North,Basic,No,0,24531.24,2.85770097676532e-05,Low,Standard engagement
CUST102090,64,2052.31,2,1,45.1,Month-to-Month,UPI,West,Basic,No,0,24627.72,2.807585717470092e-05,Low,Standard engagement
CUST105892,10,1950.62,0,3,53.8,Month-to-Month,UPI,West,Basic,No,0,23407.44,2.8075851567866384e-05,Low,Standard engagement
CUST103411,72,2116.08,4,0,31.0,One Year,UPI,South,Basic,No,0,25392.96,2.7921493599317892e-05,Low,Standard engagement
CUST102114,54,2045.77,3,0,31.9,Month-to-Month,Credit Card,West,Basic,Yes,0,24549.24,2.778931483052629e-05,Low,Standard engagement
CUST101421,72,2070.05,2,1,15.6,Month-to-Month,Debit Card,West,Standard,No,0,24840.6,2.7745188792133852e-05,Low,Standard engagement
CUST104406,19,2063.72,1,2,52.4,One Year,Debit Card,North,Basic,Yes,0,24764.64,2.770486017303479e-05,Low,Standard engagement
CUST105265,64,2063.39,1,1,32.8,Month-to-Month,Debit Card,North,Premium,No,0,24760.68,2.7414538821229878e-05,Low,Standard engagement
CUST105640,55,2087.27,1,0,34.6,Month-to-Month,Net Banking,South,Basic,No,0,25047.24,2.685110525062716e-05,Low,Standard engagement
CUST102331,62,2116.88,1,1,52.7,Month-to-Month,Credit Card,East,Standard,Yes,0,25402.56,2.6835382535896487e-05,Low,Standard engagement
CUST101843,61,2264.97,5,0,69.2,Two Year,Net Banking,South,Standard,No,0,27179.64,2.679516667832414e-05,Low,Standard engagement
CUST100328,11,1998.6,2,0,23.1,Month-to-Month,Net Banking,North,Basic,No,0,23983.2,2.6665761060114743e-05,Low,Standard engagement
CUST101189,1,2100.02,0,1,64.1,One Year,Net Banking,South,Basic,No,0,25200.24,2.6202046509522658e-05,Low,Standard engagement
CUST101346,62,2145.69,5,2,46.1,Two Year,UPI,West,Standard,No,0,25748.28,2.606747036436033e-05,Low,Standard engagement
CUST104723,4,1981.16,2,1,47.1,Month-to-Month,Credit Card,North,Premium,Yes,0,23773.92,2.5780153694470274e-05,Low,Standard engagement
CUST102854,53,2196.71,1,0,65.5,One Year,Credit Card,East,Standard,No,0,26360.52,2.5732559800216473e-05,Low,Standard engagement
CUST104326,62,2054.64,5,1,61.1,Month-to-Month,Credit Card,East,Basic,No,0,24655.68,2.5358871866161654e-05,Low,Standard engagement
CUST101699,70,2213.91,5,0,35.8,Two Year,Debit Card,East,Standard,Yes,0,26566.92,2.526764982908509e-05,Low,Standard engagement
CUST102586,27,2113.73,2,1,67.7,One Year,Debit Card,North,Premium,No,0,25364.76,2.5023104551940945e-05,Low,Standard engagement
CUST105047,46,2024.56,2,3,48.0,Month-to-Month,Debit Card,South,Standard,Yes,0,24294.72,2.4526374510354564e-05,Low,Standard engagement
CUST100154,32,2204.1,1,1,76.6,Two Year,Net Banking,West,Basic,Yes,0,26449.2,2.407920720027685e-05,Low,Standard engagement
CUST103203,11,2035.5,2,1,24.2,One Year,Debit Card,South,Standard,No,0,24426.0,2.406823374777662e-05,Low,Standard engagement
CUST104051,29,2003.36,1,0,22.9,Month-to-Month,Credit Card,North,Standard,No,0,24040.32,2.4005087282964017e-05,Low,Standard engagement
CUST104510,22,1975.04,1,3,56.3,Month-to-Month,Debit Card,West,Basic,Yes,0,23700.48,2.3832975157782155e-05,Low,Standard engagement
CUST104209,44,2198.96,1,0,58.4,Two Year,Debit Card,West,Premium,Yes,0,26387.52,2.3805908184400628e-05,Low,Standard engagement
CUST103781,17,2109.29,0,1,15.4,Two Year,Net Banking,South,Standard,No,0,25311.48,2.3401366062351867e-05,Low,Standard engagement
CUST105150,12,1884.53,4,2,25.7,Month-to-Month,UPI,North,Basic,No,0,22614.36,2.3166136466591172e-05,Low,Standard engagement
CUST104951,4,1930.53,1,3,33.3,Month-to-Month,Credit Card,East,Standard,No,0,23166.36,2.311683897404671e-05,Low,Standard engagement
CUST103618,32,2005.87,2,0,54.3,Month-to-Month,Credit Card,South,Basic,No,0,24070.44,2.282683490005843e-05,Low,Standard engagement
CUST101234,46,2073.31,1,1,23.1,One Year,Debit Card,North,Premium,No,0,24879.72,2.2809845784486235e-05,Low,Standard engagement
CUST105222,67,2079.52,2,1,58.8,Month-to-Month,UPI,South,Standard,No,0,24954.24,2.2544547359903008e-05,Low,Standard engagement
CUST105519,38,2067.41,1,1,44.9,One Year,Credit Card,South,Basic,Yes,0,24808.92,2.24979948974419e-05,Low,Standard engagement
CUST101980,48,2002.86,4,3,38.3,Month-to-Month,Net Banking,East,Basic,No,0,24034.32,2.2453000046815193e-05,Low,Standard engagement
CUST105353,34,2093.13,4,1,40.2,Two Year,UPI,South,Premium,Yes,0,25117.56,2.242562937050448e-05,Low,Standard engagement
CUST100896,37,1962.25,3,2,29.4,Month-to-Month,Credit Card,West,Premium,No,0,23547.0,2.242499234093641e-05,Low,Standard engagement
CUST105901,12,1927.17,1,3,25.9,Month-to-Month,Net Banking,South,Basic,No,0,23126.04,2.23977682266084e-05,Low,Standard engagement
CUST105200,32,2142.14,3,0,36.0,One Year,Net Banking,West,Standard,No,0,25705.68,2.2318674978214433e-05,Low,Standard engagement
CUST103965,62,2063.15,2,0,55.9,Month-to-Month,Debit Card,North,Basic,No,0,24757.8,2.2109066557329002e-05,Low,Standard engagement
CUST104664,23,2008.99,2,0,56.7,Month-to-Month,UPI,East,Basic,No,0,24107.88,2.210063126482336e-05,Low,Standard engagement
CUST102520,32,2067.44,3,1,36.5,One Year,UPI,West,Standard,No,0,24809.28,2.194779809492343e-05,Low,Standard engagement
CUST105254,25,2023.13,5,0,28.8,One Year,Credit Card,South,Basic,Yes,0,24277.56,2.1917142059228246e-05,Low,Standard engagement
CUST105343,33,2107.8,4,0,54.9,Two Year,UPI,South,Basic,Yes,0,25293.6,2.1888225932387316e-05,Low,Standard engagement
CUST103559,34,1995.83,1,0,29.9,Month-to-Month,Credit Card,West,Basic,Yes,0,23949.96,2.1791915163181058e-05,Low,Standard engagement
CUST102529,42,2030.54,1,2,16.2,One Year,Cash,West,Premium,No,0,24366.48,2.1424930330500344e-05,Low,Standard engagement
CUST102475,31,2006.24,1,0,25.1,Month-to-Month,Credit Card,West,Standard,No,0,24074.88,2.1335285463239498e-05,Low,Standard engagement
CUST100162,30,1952.85,5,2,39.5,Month-to-Month,UPI,North,Standard,No,0,23434.2,2.1000556953193108e-05,Low,Standard engagement
CUST105283,55,1990.36,2,1,40.1,Month-to-Month,Credit Card,South,Basic,No,0,23884.32,2.0955228707969655e-05,Low,Standard engagement
CUST105635,43,2136.44,1,1,37.3,Two Year,Net Banking,West,Basic,No,0,25637.28,2.0859736125157336e-05,Low,Standard engagement
CUST103184,46,1959.04,2,1,12.1,Month-to-Month,UPI,North,Premium,No,0,23508.48,2.0855693586469277e-05,Low,Standard engagement
CUST101554,33,2044.54,0,0,52.4,Month-to-Month,Credit Card,East,Premium,No,0,24534.48,2.0761484672693598e-05,Low,Standard engagement
CUST101605,65,1982.76,1,2,33.3,Month-to-Month,Cash,North,Basic,No,0,23793.12,2.071618412855375e-05,Low,Standard engagement
CUST102034,72,1979.84,3,3,37.1,Month-to-Month,Cash,North,Basic,Yes,0,23758.08,2.0549042849703243e-05,Low,Standard engagement
CUST103305,19,2059.6,7,1,54.6,One Year,Debit Card,West,Standard,No,0,24715.2,2.047447167982599e-05,Low,Standard engagement
CUST102402,54,2033.83,2,1,41.9,Month-to-Month,Credit Card,West,Standard,No,0,24405.96,2.0200093338020076e-05,Low,Standard engagement
CUST101512,54,2014.49,4,0,19.6,Month-to-Month,Credit Card,South,Standard,Yes,0,24173.88,2.002912898326083e-05,Low,Standard engagement
CUST104796,37,2007.29,3,0,44.8,Month-to-Month,Cash,North,Premium,No,0,24087.48,1.9858001538978823e-05,Low,Standard engagement
CUST100734,15,1989.38,0,0,29.4,Month-to-Month,Debit Card,East,Premium,No,0,23872.56,1.9458665474721687e-05,Low,Standard engagement
CUST102531,59,2127.24,0,0,22.3,Two Year,UPI,West,Premium,No,0,25526.88,1.9362184409666924e-05,Low,Standard engagement
CUST105280,52,2094.56,1,2,31.6,One Year,Net Banking,South,Premium,No,0,25134.72,1.916307472624966e-05,Low,Standard engagement
CUST100022,14,2080.07,3,1,45.4,One Year,Net Banking,South,Premium,Yes,0,24960.84,1.916038085348929e-05,Low,Standard engagement
CUST104543,45,2074.74,3,2,32.1,One Year,Net Banking,South,Premium,No,0,24896.88,1.912532000152952e-05,Low,Standard engagement
CUST103151,17,2019.7,0,3,73.6,One Year,Credit Card,West,Basic,No,0,24236.4,1.910172521549364e-05,Low,Standard engagement
CUST101745,71,2166.48,0,0,35.2,Two Year,Credit Card,North,Standard,No,0,25997.76,1.901824294412596e-05,Low,Standard engagement
CUST103137,35,2007.71,2,1,56.4,Month-to-Month,UPI,South,Premium,Yes,0,24092.52,1.89735126060222e-05,Low,Standard engagement
CUST103465,54,2069.19,4,2,87.9,Month-to-Month,Cash,North,Standard,Yes,0,24830.28,1.8933618363418077e-05,Low,Standard engagement
CUST102256,58,2050.71,3,1,31.2,One Year,Cash,West,Basic,No,0,24608.52,1.8865040266957198e-05,Low,Standard engagement
CUST100356,11,2068.65,2,3,50.9,Two Year,Net Banking,West,Premium,No,0,24823.8,1.810727631945915e-05,Low,Standard engagement
CUST103082,20,2122.68,0,1,75.7,One Year,Net Banking,East,Basic,No,0,25472.16,1.8060161721899398e-05,Low,Standard engagement
CUST101673,55,2036.34,2,0,46.2,Month-to-Month,UPI,West,Premium,No,0,24436.08,1.8034548297813504e-05,Low,Standard engagement
CUST105030,23,1998.21,2,3,59.3,Month-to-Month,Net Banking,South,Premium,Yes,0,23978.52,1.786784670020982e-05,Low,Standard engagement
CUST100153,22,1922.09,1,1,37.2,Month-to-Month,Credit Card,South,Basic,No,0,23065.08,1.7627223158819232e-05,Low,Standard engagement
CUST100751,11,2044.81,0,1,45.6,One Year,Net Banking,North,Basic,No,0,24537.72,1.7402998259922343e-05,Low,Standard engagement
CUST104258,44,2020.74,2,0,57.0,Month-to-Month,Debit Card,West,Basic,No,0,24248.88,1.7381836300486546e-05,Low,Standard engagement
CUST103762,42,2004.04,3,4,49.8,One Year,UPI,North,Standard,No,0,24048.48,1.728713609785636e-05,Low,Standard engagement
CUST100997,26,2038.11,2,1,52.7,One Year,Credit Card,North,Premium,No,0,24457.32,1.7256928210617477e-05,Low,Standard engagement
CUST101946,12,1991.18,2,3,55.8,One Year,Debit Card,North,Premium,No,0,23894.16,1.7140147613298573e-05,Low,Standard engagement
CUST102127,46,2046.73,0,1,33.0,One Year,Debit Card,West,Basic,No,0,24560.76,1.6981922889678303e-05,Low,Standard engagement
CUST104561,31,2006.3,1,1,37.0,Month-to-Month,Net Banking,North,Premium,No,0,24075.6,1.6808364545674066e-05,Low,Standard engagement
CUST101910,6,1946.93,1,1,60.6,Month-to-Month,Cash,East,Basic,No,0,23363.16,1.6747652349498612e-05,Low,Standard engagement
CUST104842,8,1980.27,2,0,60.1,Month-to-Month,UPI,North,Standard,No,0,23763.24,1.6679167364126543e-05,Low,Standard engagement
CUST104177,52,2119.83,2,2,60.0,Two Year,Credit Card,North,Standard,Yes,0,25437.96,1.664706831132173e-05,Low,Standard engagement
CUST100017,10,1913.36,3,0,41.5,Month-to-Month,Credit Card,South,Basic,No,0,22960.32,1.639764636177472e-05,Low,Standard engagement
CUST105672,69,1986.96,3,1,28.4,Month-to-Month,Credit Card,North,Premium,No,0,23843.52,1.6378348592900386e-05,Low,Standard engagement
CUST101398,2,1888.93,1,0,27.8,Month-to-Month,UPI,South,Basic,No,0,22667.16,1.6129327867891237e-05,Low,Standard engagement
CUST105184,57,1977.33,2,1,40.9,Month-to-Month,UPI,North,Basic,Yes,0,23727.96,1.5941374343966e-05,Low,Standard engagement
CUST105203,49,2045.47,2,1,43.7,Month-to-Month,Net Banking,South,Standard,No,0,24545.64,1.5909517637949255e-05,Low,Standard engagement
CUST100481,60,1983.58,3,0,14.9,Month-to-Month,UPI,South,Standard,No,0,23802.96,1.5844990511239177e-05,Low,Standard engagement
CUST102358,46,2212.84,1,0,59.5,Two Year,Net Banking,West,Standard,Yes,0,26554.08,1.5834615529707324e-05,Low,Standard engagement
CUST104891,42,2031.68,2,0,43.5,Month-to-Month,Credit Card,East,Standard,Yes,0,24380.16,1.5764570120731654e-05,Low,Standard engagement
CUST105134,53,2006.19,2,2,29.5,Month-to-Month,Net Banking,North,Premium,Yes,0,24074.28,1.5397956910272536e-05,Low,Standard engagement
CUST105949,37,2082.88,2,1,63.3,One Year,Cash,West,Standard,No,0,24994.56,1.519487290919451e-05,Low,Standard engagement
CUST104927,43,1988.44,1,1,63.2,Month-to-Month,Cash,West,Basic,No,0,23861.28,1.5112349874697482e-05,Low,Standard engagement
CUST103900,38,1947.91,0,0,21.4,Month-to-Month,UPI,East,Basic,No,0,23374.92,1.4877066275734475e-05,Low,Standard engagement
CUST100960,12,2038.02,1,1,71.1,Month-to-Month,Net Banking,North,Standard,Yes,0,24456.24,1.475291526174726e-05,Low,Standard engagement
CUST103720,46,1996.77,2,0,21.0,Month-to-Month,Credit Card,East,Standard,Yes,0,23961.24,1.4555387951146862e-05,Low,Standard engagement
CUST101205,66,2089.93,1,3,56.2,Two Year,UPI,North,Standard,No,0,25079.16,1.4230300829239563e-05,Low,Standard engagement
CUST105273,34,1964.02,2,0,58.7,Month-to-Month,Credit Card,North,Basic,No,0,23568.24,1.4157553953753066e-05,Low,Standard engagement
CUST102650,64,2039.67,2,0,43.7,Month-to-Month,Net Banking,South,Basic,No,0,24476.04,1.4113281695654906e-05,Low,Standard engagement
CUST102616,72,2094.38,2,2,27.4,One Year,Net Banking,South,Standard,No,0,25132.56,1.4111531034921146e-05,Low,Standard engagement
CUST104265,72,2086.77,0,1,34.8,One Year,Cash,South,Standard,No,0,25041.24,1.4085051754068645e-05,Low,Standard engagement
CUST101439,69,1950.07,3,2,20.4,Month-to-Month,UPI,North,Standard,No,0,23400.84,1.3937017824207351e-05,Low,Standard engagement
CUST104295,72,2169.14,0,0,36.9,Two Year,Net Banking,East,Basic,No,0,26029.68,1.3889181640998468e-05,Low,Standard engagement
CUST101687,30,1983.42,3,0,57.4,Month-to-Month,UPI,North,Premium,Yes,0,23801.04,1.3783853421085096e-05,Low,Standard engagement
CUST104299,7,1965.11,2,2,32.8,One Year,UPI,East,Standard,No,0,23581.32,1.3773140298724027e-05,Low,Standard engagement
CUST101899,25,2003.75,4,0,42.9,Month-to-Month,Net Banking,North,Standard,No,0,24045.0,1.3767232388341342e-05,Low,Standard engagement
CUST103332,18,1938.34,0,1,33.6,Month-to-Month,Cash,West,Standard,No,0,23260.08,1.3673980012620447e-05,Low,Standard engagement
CUST103003,70,1966.28,3,1,34.4,Month-to-Month,Debit Card,South,Basic,No,0,23595.36,1.3667990540302921e-05,Low,Standard engagement
CUST100299,2,2017.18,2,1,42.2,Two Year,Debit Card,North,Standard,No,0,24206.16,1.3612244114167543e-05,Low,Standard engagement
CUST103954,43,2066.43,2,1,43.8,Two Year,Debit Card,West,Basic,Yes,0,24797.16,1.3523242397845408e-05,Low,Standard engagement
CUST103782,8,1939.07,3,1,41.5,One Year,UPI,South,Basic,No,0,23268.84,1.3486802834762824e-05,Low,Standard engagement
CUST103957,53,2043.71,2,0,37.8,One Year,Credit Card,East,Basic,No,0,24524.52,1.3247731830544553e-05,Low,Standard engagement
CUST105986,66,1995.82,4,1,37.8,Month-to-Month,Net Banking,North,Basic,No,0,23949.84,1.3067086570707658e-05,Low,Standard engagement
CUST101459,38,2017.04,3,2,40.1,One Year,Debit Card,West,Standard,No,0,24204.48,1.2999721071302133e-05,Low,Standard engagement
CUST102990,33,1875.2,1,1,16.4,Month-to-Month,Credit Card,South,Basic,No,0,22502.4,1.2906270855534622e-05,Low,Standard engagement
CUST100405,37,2013.15,1,0,60.3,Month-to-Month,Debit Card,South,Standard,No,0,24157.8,1.2789164135262191e-05,Low,Standard engagement
CUST101959,14,1987.65,3,0,62.0,Month-to-Month,Debit Card,East,Standard,No,0,23851.8,1.2723257915919909e-05,Low,Standard engagement
CUST104975,58,1958.72,2,1,27.6,Month-to-Month,Debit Card,North,Premium,No,0,23504.64,1.2698884181225192e-05,Low,Standard engagement
CUST102861,68,2107.34,2,0,55.1,Month-to-Month,Net Banking,West,Standard,Yes,0,25288.08,1.2452851839966936e-05,Low,Standard engagement
CUST100653,58,2073.99,3,0,37.4,Two Year,UPI,West,Basic,Yes,0,24887.88,1.2408364981263452e-05,Low,Standard engagement
CUST100186,12,1826.38,2,2,11.0,Month-to-Month,UPI,West,Basic,Yes,0,21916.56,1.2302655256434256e-05,Low,Standard engagement
CUST103841,36,1915.47,2,3,31.9,Month-to-Month,Net Banking,North,Basic,Yes,0,22985.64,1.2300993558443854e-05,Low,Standard engagement
CUST100989,57,1988.22,4,0,46.5,Month-to-Month,UPI,West,Premium,No,0,23858.64,1.2238653673571847e-05,Low,Standard engagement
CUST103475,16,1957.23,7,0,14.8,Two Year,UPI,South,Premium,No,0,23486.76,1.2186873854312826e-05,Low,Standard engagement
CUST101940,12,1881.09,3,0,39.9,Month-to-Month,Credit Card,North,Basic,No,0,22573.08,1.2035429245173235e-05,Low,Standard engagement
CUST105649,71,2112.13,1,1,23.7,One Year,Net Banking,East,Standard,No,0,25345.56,1.1906459361755503e-05,Low,Standard engagement
CUST104039,27,1914.5,3,0,33.6,Month-to-Month,UPI,South,Premium,No,0,22974.0,1.1742177860119592e-05,Low,Standard engagement
CUST101036,66,2061.81,1,1,62.0,Month-to-Month,Net Banking,East,Basic,Yes,0,24741.72,1.1636791535876569e-05,Low,Standard engagement
CUST102634,6,1865.82,0,3,24.0,Month-to-Month,Net Banking,East,Basic,No,0,22389.84,1.1550650735194045e-05,Low,Standard engagement
CUST100099,11,1847.54,1,3,46.1,Month-to-Month,Credit Card,East,Basic,No,0,22170.48,1.1496088533395865e-05,Low,Standard engagement
CUST104053,59,1976.43,1,1,52.0,Month-to-Month,UPI,North,Premium,No,0,23717.16,1.147238709102111e-05,Low,Standard engagement
CUST102488,38,1880.54,1,1,15.4,Month-to-Month,UPI,South,Basic,Yes,0,22566.48,1.1471203451830913e-05,Low,Standard engagement
CUST105234,28,1952.52,4,1,61.4,Month-to-Month,Debit Card,South,Premium,Yes,0,23430.24,1.1428222317540961e-05,Low,Standard engagement
CUST104293,7,1811.06,4,5,27.0,One Year,Credit Card,North,Basic,No,0,21732.72,1.1387566785962586e-05,Low,Standard engagement
CUST103361,54,1940.25,4,1,18.1,Month-to-Month,Credit Card,West,Standard,Yes,0,23283.0,1.1384072209272104e-05,Low,Standard engagement
CUST101053,70,1963.63,1,1,25.7,Month-to-Month,Credit Card,West,Premium,No,0,23563.56,1.1308075223990762e-05,Low,Standard engagement
CUST103246,56,2006.54,5,1,23.8,One Year,Debit Card,South,Standard,No,0,24078.48,1.1236313785088445e-05,Low,Standard engagement
CUST103849,17,1930.44,3,0,37.4,Month-to-Month,UPI,East,Standard,No,0,23165.28,1.1217483583354427e-05,Low,Standard engagement
CUST105991,35,1914.65,3,2,65.1,Month-to-Month,Debit Card,South,Basic,No,0,22975.8,1.1185077296989663e-05,Low,Standard engagement
CUST105908,58,2060.13,2,0,23.1,One Year,UPI,East,Standard,Yes,0,24721.56,1.1167216120594431e-05,Low,Standard engagement
CUST104034,31,1834.09,2,4,48.5,Month-to-Month,UPI,South,Basic,No,0,22009.08,1.1084163643876847e-05,Low,Standard engagement
CUST103583,23,1938.01,5,0,32.0,Month-to-Month,Debit Card,West,Standard,Yes,0,23256.12,1.1032796074811701e-05,Low,Standard engagement
CUST101937,40,1893.72,2,2,36.6,Month-to-Month,Credit Card,South,Premium,No,0,22724.64,1.0857603551735284e-05,Low,Standard engagement
CUST103532,5,1840.68,3,1,39.6,Month-to-Month,Cash,North,Basic,No,0,22088.16,1.0745852014618217e-05,Low,Standard engagement
CUST101461,23,1921.91,1,2,17.9,One Year,Debit Card,East,Basic,No,0,23062.92,1.0709853293410058e-05,Low,Standard engagement
CUST102897,46,1979.64,2,0,50.4,Month-to-Month,Credit Card,East,Premium,No,0,23755.68,1.0654741770154497e-05,Low,Standard engagement
CUST105691,43,1988.27,4,3,52.2,One Year,Credit Card,East,Standard,No,0,23859.24,1.0488073731332392e-05,Low,Standard engagement
CUST101141,25,1862.62,2,4,4.0,One Year,Credit Card,South,Standard,No,0,22351.44,1.0444757315092476e-05,Low,Standard engagement
CUST104655,15,1896.42,3,1,27.0,Month-to-Month,Debit Card,East,Standard,No,0,22757.04,1.0423392858330262e-05,Low,Standard engagement
CUST103370,72,2012.47,0,0,41.0,Month-to-Month,Credit Card,East,Premium,No,0,24149.64,1.03733706345768e-05,Low,Standard engagement
CUST103150,52,1988.62,3,0,41.1,Month-to-Month,Debit Card,North,Standard,Yes,0,23863.44,1.0353328721860683e-05,Low,Standard engagement
CUST101418,62,1937.31,5,0,20.2,Month-to-Month,UPI,South,Premium,Yes,0,23247.72,1.0329422100057913e-05,Low,Standard engagement
CUST101309,62,2046.55,1,1,48.6,Two Year,Cash,South,Basic,No,0,24558.6,1.0267952647906773e-05,Low,Standard engagement
CUST103640,52,1937.05,3,1,38.1,Month-to-Month,Credit Card,North,Standard,No,0,23244.6,1.0188664724007718e-05,Low,Standard engagement
CUST103225,56,2062.21,1,0,57.2,Month-to-Month,Net Banking,West,Standard,No,0,24746.52,1.012531469096551e-05,Low,Standard engagement
CUST103941,23,1866.45,5,1,44.1,Month-to-Month,Debit Card,South,Basic,No,0,22397.4,1.0113324327142814e-05,Low,Standard engagement
CUST105571,50,1960.52,3,0,25.4,Month-to-Month,Net Banking,South,Basic,Yes,0,23526.24,9.838066866351108e-06,Low,Standard engagement
CUST101290,17,1888.27,1,1,32.0,Month-to-Month,UPI,West,Premium,Yes,0,22659.24,9.783256645435194e-06,Low,Standard engagement
CUST103678,39,2010.13,1,0,49.6,One Year,Cash,South,Basic,Yes,0,24121.56,9.772210189065135e-06,Low,Standard engagement
CUST104388,25,1959.2,1,2,36.4,Two Year,UPI,East,Basic,No,0,23510.4,9.738115979432747e-06,Low,Standard engagement
CUST104184,5,1940.94,0,2,34.7,One Year,UPI,West,Standard,Yes,0,23291.28,9.653228853874526e-06,Low,Standard engagement
CUST104816,63,1913.37,3,0,26.4,Month-to-Month,Credit Card,North,Basic,No,0,22960.44,9.469566688618738e-06,Low,Standard engagement
CUST100923,11,1935.92,5,3,51.9,Two Year,Credit Card,South,Standard,No,0,23231.04,9.407058233348533e-06,Low,Standard engagement
CUST104674,60,1917.77,2,2,51.4,Month-to-Month,UPI,South,Basic,Yes,0,23013.24,9.327460134006344e-06,Low,Standard engagement
CUST100342,45,1954.81,3,1,32.2,One Year,UPI,North,Basic,Yes,0,23457.72,9.318579430720148e-06,Low,Standard engagement
CUST100932,19,1998.19,2,1,50.5,One Year,UPI,East,Standard,Yes,0,23978.28,9.183148361685288e-06,Low,Standard engagement
CUST105525,8,1972.28,3,1,25.1,One Year,Net Banking,West,Standard,No,0,23667.36,9.11775771719155e-06,Low,Standard engagement
CUST103494,67,1952.94,0,0,22.5,Month-to-Month,UPI,East,Basic,Yes,0,23435.28,9.109729250104724e-06,Low,Standard engagement
CUST104844,55,2013.55,1,0,39.2,Month-to-Month,Net Banking,North,Standard,No,0,24162.6,9.076762979809807e-06,Low,Standard engagement
CUST101160,42,1896.54,2,0,23.3,Month-to-Month,Credit Card,West,Basic,Yes,0,22758.48,8.875457742867882e-06,Low,Standard engagement
CUST100457,46,2018.93,1,0,58.7,One Year,Credit Card,South,Basic,Yes,0,24227.16,8.812908522442095e-06,Low,Standard engagement
CUST104157,22,2049.2,1,1,48.6,Two Year,Net Banking,West,Premium,No,0,24590.4,8.689157608023887e-06,Low,Standard engagement
CUST104774,20,1921.29,1,0,46.9,Month-to-Month,UPI,West,Premium,Yes,0,23055.48,8.609430931784207e-06,Low,Standard engagement
CUST103964,15,1876.04,2,3,58.8,Month-to-Month,Credit Card,West,Standard,Yes,0,22512.48,8.516145539412818e-06,Low,Standard engagement
CUST105650,67,1887.55,3,2,28.7,Month-to-Month,Cash,East,Basic,No,0,22650.6,8.306568786693009e-06,Low,Standard engagement
CUST102378,72,2063.0,2,0,52.3,Month-to-Month,Net Banking,West,Standard,Yes,0,24756.0,8.108160032579656e-06,Low,Standard engagement
CUST100202,36,1962.58,0,2,31.6,Two Year,Cash,West,Basic,Yes,0,23550.96,8.063692257701761e-06,Low,Standard engagement
CUST104981,70,1992.09,2,0,49.7,Month-to-Month,Debit Card,South,Standard,No,0,23905.08,7.965160978707475e-06,Low,Standard engagement
CUST103604,67,1944.66,1,1,37.6,Month-to-Month,Cash,North,Standard,No,0,23335.92,7.868309483723987e-06,Low,Standard engagement
CUST100760,13,1745.48,3,3,20.0,Month-to-Month,Credit Card,North,Basic,No,0,20945.76,7.86664539708298e-06,Low,Standard engagement
CUST104578,20,1865.04,3,0,45.4,Month-to-Month,Credit Card,South,Basic,Yes,0,22380.48,7.71764734235957e-06,Low,Standard engagement
CUST105465,40,1941.91,3,2,60.7,Month-to-Month,Debit Card,East,Standard,Yes,0,23302.92,7.714119931214907e-06,Low,Standard engagement
CUST104851,53,1972.47,2,1,56.7,Month-to-Month,Debit Card,West,Standard,Yes,0,23669.64,7.593098202664771e-06,Low,Standard engagement
CUST105229,20,1928.23,2,2,36.8,Two Year,Debit Card,North,Basic,Yes,0,23138.76,7.561994887791104e-06,Low,Standard engagement
CUST100634,14,1890.62,2,0,53.9,Month-to-Month,UPI,West,Premium,No,0,22687.44,7.5341924436451575e-06,Low,Standard engagement
CUST101066,67,1821.36,1,5,35.6,Month-to-Month,UPI,West,Basic,No,0,21856.32,7.459986297209562e-06,Low,Standard engagement
CUST101241,56,2022.0,1,1,54.7,One Year,UPI,West,Standard,No,0,24264.0,7.38245832587719e-06,Low,Standard engagement
CUST102106,56,1963.45,1,1,79.4,Month-to-Month,Credit Card,South,Premium,No,0,23561.4,7.3717815712260016e-06,Low,Standard engagement
CUST105721,30,1884.53,2,1,37.5,Month-to-Month,Credit Card,North,Standard,Yes,0,22614.36,7.347669142333407e-06,Low,Standard engagement
CUST102413,44,1894.91,1,1,52.0,Month-to-Month,Debit Card,North,Basic,No,0,22738.92,7.34100610335343e-06,Low,Standard engagement
CUST102602,57,1929.96,1,4,45.2,One Year,UPI,East,Basic,Yes,0,23159.52,7.338730180672084e-06,Low,Standard engagement
CUST101702,50,1880.66,2,1,15.9,Month-to-Month,Credit Card,West,Standard,No,0,22567.92,7.326296902901549e-06,Low,Standard engagement
CUST100460,53,2048.2,2,0,74.4,One Year,Credit Card,South,Premium,Yes,0,24578.4,7.170155209947752e-06,Low,Standard engagement
CUST102486,18,1868.15,6,1,18.3,One Year,Credit Card,East,Basic,Yes,0,22417.8,7.169625644733052e-06,Low,Standard engagement
CUST103002,67,1922.56,2,0,30.4,Month-to-Month,Credit Card,South,Premium,No,0,23070.72,7.160361691770162e-06,Low,Standard engagement
CUST104518,52,1983.65,1,1,83.8,Month-to-Month,Debit Card,North,Premium,Yes,0,23803.8,7.028613990064012e-06,Low,Standard engagement
CUST105534,7,1914.91,0,1,53.9,Month-to-Month,Net Banking,South,Standard,No,0,22978.92,6.859644499135663e-06,Low,Standard engagement
CUST102264,8,1911.07,1,2,26.9,Two Year,Credit Card,West,Standard,No,0,22932.84,6.846730900902671e-06,Low,Standard engagement
CUST103688,70,2001.82,7,0,33.9,One Year,Net Banking,North,Basic,No,0,24021.84,6.716496949255487e-06,Low,Standard engagement
CUST103464,26,1806.2,3,2,23.4,Month-to-Month,Credit Card,West,Premium,No,0,21674.4,6.697905582335915e-06,Low,Standard engagement
CUST100618,5,1896.85,1,1,36.6,One Year,Credit Card,North,Standard,No,0,22762.2,6.577142380743425e-06,Low,Standard engagement
CUST104278,53,1958.97,0,2,57.4,Month-to-Month,Net Banking,South,Premium,Yes,0,23507.64,6.3028251360404235e-06,Low,Standard engagement
CUST103739,60,1897.91,2,2,52.7,Month-to-Month,Cash,East,Basic,Yes,0,22774.92,6.2540354091460325e-06,Low,Standard engagement
CUST101338,56,2009.02,0,1,65.9,Two Year,UPI,South,Basic,No,0,24108.24,6.236641505432913e-06,Low,Standard engagement
CUST103325,57,1974.17,0,1,40.8,Two Year,UPI,North,Basic,No,0,23690.04,6.196595835269937e-06,Low,Standard engagement
CUST100260,58,1901.35,1,2,55.7,Month-to-Month,UPI,West,Premium,No,0,22816.2,6.147873786226088e-06,Low,Standard engagement
CUST101097,55,1853.27,2,0,16.7,Month-to-Month,UPI,West,Basic,No,0,22239.24,6.086764304610999e-06,Low,Standard engagement
CUST104311,62,1966.25,0,1,45.8,One Year,Debit Card,South,Basic,No,0,23595.0,5.951013854617163e-06,Low,Standard engagement
CUST103240,16,1878.33,1,1,49.5,Month-to-Month,Debit Card,East,Standard,No,0,22539.96,5.894035621253779e-06,Low,Standard engagement
CUST100148,60,1980.32,2,0,44.2,Month-to-Month,Net Banking,East,Premium,No,0,23763.84,5.8928535694691e-06,Low,Standard engagement
CUST105334,44,1902.54,1,2,52.2,Month-to-Month,UPI,East,Standard,Yes,0,22830.48,5.837938991528987e-06,Low,Standard engagement
CUST105307,54,1903.54,1,2,56.9,Month-to-Month,UPI,West,Premium,Yes,0,22842.48,5.827201568835184e-06,Low,Standard engagement
CUST105284,72,1989.99,3,0,23.9,One Year,UPI,North,Standard,Yes,0,23879.88,5.796759197809454e-06,Low,Standard engagement
CUST105930,67,1939.65,2,1,54.9,Month-to-Month,Cash,West,Standard,No,0,23275.8,5.719976292345654e-06,Low,Standard engagement
CUST104902,45,1894.08,1,1,53.9,Month-to-Month,UPI,South,Premium,Yes,0,22728.96,5.6976947416137406e-06,Low,Standard engagement
CUST101700,20,1904.43,3,1,42.3,One Year,Cash,North,Premium,Yes,0,22853.16,5.643542261804411e-06,Low,Standard engagement
CUST100945,9,1767.99,2,3,30.8,Month-to-Month,Credit Card,West,Standard,No,0,21215.88,5.550556684255157e-06,Low,Standard engagement
CUST105460,65,1924.99,1,2,62.5,Month-to-Month,Debit Card,South,Premium,Yes,0,23099.88,5.499393186291929e-06,Low,Standard engagement
CUST100927,22,1863.86,2,0,39.8,Month-to-Month,UPI,South,Standard,Yes,0,22366.32,5.476825872806328e-06,Low,Standard engagement
CUST101337,22,1801.63,2,3,41.4,Month-to-Month,Debit Card,South,Premium,Yes,0,21619.56,5.404759885970127e-06,Low,Standard engagement
CUST103119,63,1883.24,0,1,32.3,Month-to-Month,Credit Card,East,Basic,Yes,0,22598.88,5.362716098814991e-06,Low,Standard engagement
CUST102849,27,1897.75,2,1,76.6,Month-to-Month,UPI,West,Premium,Yes,0,22773.0,5.36003102049655e-06,Low,Standard engagement
CUST102270,24,1892.98,3,1,61.9,One Year,UPI,North,Basic,No,0,22715.76,5.338246640708194e-06,Low,Standard engagement
CUST102499,67,2004.81,1,3,51.1,Two Year,Net Banking,South,Basic,Yes,0,24057.72,5.267704581687608e-06,Low,Standard engagement
CUST100306,22,1933.25,2,0,32.4,One Year,Net Banking,West,Basic,No,0,23199.0,5.235074326865199e-06,Low,Standard engagement
CUST105314,30,1949.5,1,1,34.9,Two Year,Credit Card,South,Standard,Yes,0,23394.0,5.192948196003244e-06,Low,Standard engagement
CUST104782,25,1927.16,4,3,64.5,Two Year,Debit Card,South,Premium,Yes,0,23125.92,5.187397728339876e-06,Low,Standard engagement
CUST104457,3,1840.81,1,1,31.6,One Year,UPI,East,Basic,No,0,22089.72,5.185178547508914e-06,Low,Standard engagement
CUST104759,50,1947.95,1,3,36.7,One Year,Net Banking,South,Standard,No,0,23375.4,5.087873263477081e-06,Low,Standard engagement
CUST100929,42,1897.86,1,1,52.5,Month-to-Month,Debit Card,West,Premium,Yes,0,22774.32,5.087026476126821e-06,Low,Standard engagement
CUST100864,61,2039.02,5,2,76.3,One Year,Net Banking,East,Standard,No,0,24468.24,5.020830928279808e-06,Low,Standard engagement
CUST104963,17,1745.65,2,4,54.3,Month-to-Month,Debit Card,North,Basic,No,0,20947.8,4.881893832709472e-06,Low,Standard engagement
CUST105169,1,1870.89,0,0,60.0,Month-to-Month,Debit Card,South,Standard,Yes,0,22450.68,4.878920500449468e-06,Low,Standard engagement
CUST102216,33,1765.58,2,1,15.7,Month-to-Month,Cash,South,Basic,No,0,21186.96,4.773898380816899e-06,Low,Standard engagement
CUST105723,38,1957.63,0,1,49.4,Two Year,Credit Card,East,Basic,Yes,0,23491.56,4.7116055284689925e-06,Low,Standard engagement
CUST104407,14,1847.06,1,2,42.6,One Year,Credit Card,West,Basic,Yes,0,22164.72,4.691700622078104e-06,Low,Standard engagement
CUST104102,14,1865.66,3,1,43.2,One Year,Debit Card,East,Basic,No,0,22387.92,4.654477748324572e-06,Low,Standard engagement
CUST103323,47,1923.68,1,1,38.3,One Year,Debit Card,North,Premium,No,0,23084.16,4.605447545788315e-06,Low,Standard engagement
CUST105959,64,1838.5,3,3,38.7,Month-to-Month,UPI,South,Standard,Yes,0,22062.0,4.537248494532495e-06,Low,Standard engagement
CUST105926,54,1900.07,2,0,54.6,Month-to-Month,UPI,North,Premium,Yes,0,22800.84,4.515200218722828e-06,Low,Standard engagement
CUST105252,52,1865.26,3,1,29.2,Month-to-Month,Debit Card,East,Standard,No,0,22383.12,4.507904881192419e-06,Low,Standard engagement
CUST100943,35,1964.5,2,1,72.6,One Year,UPI,East,Standard,No,0,23574.0,4.485157085362437e-06,Low,Standard engagement
CUST105923,70,1937.37,3,0,54.6,Month-to-Month,Cash,East,Premium,Yes,0,23248.44,4.380193552041772e-06,Low,Standard engagement
CUST100122,48,1947.84,2,0,34.2,Two Year,Credit Card,North,Premium,No,0,23374.08,4.36427704218962e-06,Low,Standard engagement
CUST104931,53,1848.55,2,1,62.8,Month-to-Month,UPI,South,Basic,No,0,22182.6,4.311059376624797e-06,Low,Standard engagement
CUST102322,25,1818.77,2,1,65.4,Month-to-Month,UPI,West,Basic,No,0,21825.24,4.281090651228471e-06,Low,Standard engagement
CUST102574,56,1852.14,2,1,25.3,Month-to-Month,Credit Card,East,Standard,No,0,22225.68,4.260718856196919e-06,Low,Standard engagement
CUST105694,43,1896.83,0,2,11.7,Two Year,UPI,North,Standard,Yes,0,22761.96,4.194892655192918e-06,Low,Standard engagement
CUST102324,54,1834.46,0,1,20.4,Month-to-Month,Cash,North,Standard,No,0,22013.52,4.099544279851086e-06,Low,Standard engagement
CUST100236,48,1892.77,3,1,50.7,Month-to-Month,Net Banking,East,Basic,Yes,0,22713.24,3.991348373286815e-06,Low,Standard engagement
CUST105745,2,1711.4,3,4,50.2,Month-to-Month,Credit Card,North,Premium,Yes,0,20536.8,3.915063901908207e-06,Low,Standard engagement
CUST101753,29,1788.54,1,2,42.1,Month-to-Month,UPI,West,Premium,No,0,21462.48,3.904151639549025e-06,Low,Standard engagement
CUST105080,23,1850.84,1,2,57.0,One Year,Debit Card,South,Basic,No,0,22210.08,3.8718077498630495e-06,Low,Standard engagement
CUST103350,12,1929.94,3,1,63.4,Two Year,Debit Card,West,Premium,Yes,0,23159.28,3.850823158675149e-06,Low,Standard engagement
CUST103824,43,1869.97,2,2,34.5,Two Year,UPI,West,Basic,No,0,22439.64,3.805046786712857e-06,Low,Standard engagement
CUST101746,72,1995.07,2,0,65.6,One Year,Credit Card,South,Premium,Yes,0,23940.84,3.7744086332514554e-06,Low,Standard engagement
CUST104064,55,2051.36,3,1,72.9,Two Year,Net Banking,East,Standard,No,0,24616.32,3.638282869699411e-06,Low,Standard engagement
CUST101853,12,1749.07,1,3,61.4,Month-to-Month,UPI,West,Basic,Yes,0,20988.84,3.5694923179681644e-06,Low,Standard engagement
CUST105281,52,1781.93,0,1,18.4,Month-to-Month,UPI,West,Basic,No,0,21383.16,3.558394717840266e-06,Low,Standard engagement
CUST100541,4,1760.0,1,1,33.3,Month-to-Month,UPI,West,Premium,Yes,0,21120.0,3.5261671014832757e-06,Low,Standard engagement
CUST105377,19,1776.29,4,4,55.3,Month-to-Month,Net Banking,West,Premium,No,0,21315.48,3.474805070789043e-06,Low,Standard engagement
CUST102085,48,1890.37,6,0,87.1,Month-to-Month,UPI,South,Standard,No,0,22684.44,3.4676474523254633e-06,Low,Standard engagement
CUST103759,41,1844.86,2,3,36.9,One Year,UPI,West,Standard,No,0,22138.32,3.452565382583798e-06,Low,Standard engagement
CUST105631,41,1870.68,2,0,48.6,Month-to-Month,Net Banking,South,Basic,Yes,0,22448.16,3.4171714956377202e-06,Low,Standard engagement
CUST104050,24,1855.8,4,1,39.6,One Year,Credit Card,South,Standard,Yes,0,22269.6,3.389351060665634e-06,Low,Standard engagement
CUST104106,8,1777.77,3,2,14.5,Two Year,Credit Card,East,Basic,No,0,21333.24,3.3682253296531057e-06,Low,Standard engagement
CUST101675,71,1945.8,2,1,54.2,Month-to-Month,Net Banking,West,Standard,Yes,0,23349.6,3.2890532434827227e-06,Low,Standard engagement
CUST102453,34,1822.96,2,0,20.3,Month-to-Month,Net Banking,North,Premium,No,0,21875.52,3.184876829457339e-06,Low,Standard engagement
CUST102200,27,1696.17,0,4,16.5,Month-to-Month,Cash,North,Standard,No,0,20354.04,3.13346849229581e-06,Low,Standard engagement
CUST103845,35,1842.05,6,0,64.2,Month-to-Month,Cash,South,Standard,Yes,0,22104.6,3.0995127169412163e-06,Low,Standard engagement
CUST103603,45,1911.41,3,3,60.8,One Year,Net Banking,South,Standard,No,0,22936.92,3.0899766035947704e-06,Low,Standard engagement
CUST103352,8,1791.24,1,1,61.4,Month-to-Month,UPI,West,Standard,No,0,21494.88,3.03354132982578e-06,Low,Standard engagement
CUST105242,66,1838.42,3,0,32.7,Month-to-Month,Credit Card,North,Standard,No,0,22061.04,2.9780622658532363e-06,Low,Standard engagement
CUST104662,12,1768.8,2,1,41.8,Month-to-Month,Net Banking,North,Basic,No,0,21225.6,2.969003400354816e-06,Low,Standard engagement
CUST100570,69,1890.47,2,0,64.5,Month-to-Month,Debit Card,North,Premium,No,0,22685.64,2.921059913844623e-06,Low,Standard engagement
CUST101233,54,1948.65,1,1,45.8,One Year,Net Banking,South,Standard,No,0,23383.8,2.916950207971535e-06,Low,Standard engagement
CUST105944,19,1715.44,1,3,52.7,Month-to-Month,Debit Card,North,Basic,No,0,20585.28,2.8917846859959352e-06,Low,Standard engagement
CUST100283,36,1751.38,0,3,39.6,Month-to-Month,Credit Card,North,Standard,No,0,21016.56,2.888884869257643e-06,Low,Standard engagement
CUST105796,63,1895.54,2,0,65.7,Month-to-Month,Credit Card,East,Standard,No,0,22746.48,2.778950463946969e-06,Low,Standard engagement
CUST101626,42,1817.32,4,1,28.8,Month-to-Month,Net Banking,East,Premium,No,0,21807.84,2.7368489494158044e-06,Low,Standard engagement
CUST103219,32,1902.03,4,0,37.9,One Year,Net Banking,North,Standard,No,0,22824.36,2.6955851631415004e-06,Low,Standard engagement
CUST103450,35,1911.8,3,0,41.7,Two Year,Credit Card,East,Standard,No,0,22941.6,2.687981858858562e-06,Low,Standard engagement
CUST100594,24,1744.05,0,0,10.7,Month-to-Month,UPI,South,Premium,Yes,0,20928.6,2.6792804542670406e-06,Low,Standard engagement
CUST102991,46,1814.58,1,1,44.2,Month-to-Month,Credit Card,East,Standard,No,0,21774.96,2.577242183681082e-06,Low,Standard engagement
CUST100629,27,1818.34,4,2,42.2,Two Year,Debit Card,South,Basic,Yes,0,21820.08,2.5345484718442405e-06,Low,Standard engagement
CUST102606,39,1866.57,2,1,23.3,Two Year,Credit Card,East,Standard,No,0,22398.84,2.4769064337136116e-06,Low,Standard engagement
CUST103636,39,1833.3,1,1,54.9,Month-to-Month,Net Banking,West,Basic,Yes,0,21999.6,2.421438802051428e-06,Low,Standard engagement
CUST103928,48,1775.54,0,1,25.7,Month-to-Month,Credit Card,East,Premium,No,0,21306.48,2.4165725910548184e-06,Low,Standard engagement
CUST103404,29,1701.53,6,3,46.7,Month-to-Month,UPI,South,Standard,No,0,20418.36,2.4115022047526303e-06,Low,Standard engagement
CUST103363,60,1823.59,1,1,29.1,One Year,UPI,North,Basic,No,0,21883.08,2.3950605032632376e-06,Low,Standard engagement
CUST102569,67,2000.27,2,0,43.6,Two Year,Net Banking,West,Standard,No,0,24003.24,2.3900210705578893e-06,Low,Standard engagement
CUST105753,20,1758.76,2,0,30.6,Month-to-Month,Debit Card,North,Standard,No,0,21105.12,2.3899602959618115e-06,Low,Standard engagement
CUST102078,19,1801.95,2,2,52.2,Month-to-Month,Net Banking,East,Premium,Yes,0,21623.4,2.3779750802347443e-06,Low,Standard engagement
CUST105919,66,1891.55,3,0,30.4,Month-to-Month,Net Banking,East,Standard,Yes,0,22698.6,2.3611177665136124e-06,Low,Standard engagement
CUST100063,70,1868.94,2,0,16.7,One Year,Debit Card,West,Basic,Yes,0,22427.28,2.3388228892539755e-06,Low,Standard engagement
CUST105720,71,1840.76,2,0,29.0,Month-to-Month,Debit Card,West,Standard,No,0,22089.12,2.329964834640273e-06,Low,Standard engagement
CUST101519,34,1721.34,1,2,43.1,Month-to-Month,Debit Card,North,Basic,No,0,20656.08,2.317038846796859e-06,Low,Standard engagement
CUST104559,47,1812.27,3,2,28.7,Two Year,Debit Card,North,Basic,No,0,21747.24,2.3103466730414813e-06,Low,Standard engagement
CUST102672,62,1812.76,1,1,59.8,Month-to-Month,Credit Card,East,Basic,No,0,21753.12,2.304423032209723e-06,Low,Standard engagement
CUST105420,58,1805.63,5,1,10.1,One Year,UPI,South,Standard,No,0,21667.56,2.3011814834797187e-06,Low,Standard engagement
CUST103896,39,1683.58,2,4,50.7,Month-to-Month,Cash,North,Basic,No,0,20202.96,2.2909124469446882e-06,Low,Standard engagement
CUST103110,39,1720.78,2,1,28.6,Month-to-Month,UPI,South,Basic,Yes,0,20649.36,2.264886199411869e-06,Low,Standard engagement
CUST100087,23,1852.07,3,1,45.8,Two Year,UPI,West,Standard,No,0,22224.84,2.2621262557190035e-06,Low,Standard engagement
CUST105844,63,1933.35,2,0,89.2,One Year,Cash,West,Basic,No,0,23200.2,2.1655012422226184e-06,Low,Standard engagement
CUST103158,49,1781.73,1,0,42.2,Month-to-Month,Credit Card,East,Basic,No,0,21380.76,2.164726628805364e-06,Low,Standard engagement
CUST104235,3,1696.07,1,0,43.6,Month-to-Month,Credit Card,North,Basic,No,0,20352.84,2.148879586392119e-06,Low,Standard engagement
CUST104742,31,1789.2,2,1,66.4,Month-to-Month,UPI,West,Standard,No,0,21470.4,2.107112660782162e-06,Low,Standard engagement
CUST100472,32,1827.61,3,1,54.6,Month-to-Month,Net Banking,East,Standard,No,0,21931.32,2.077943272945677e-06,Low,Standard engagement
CUST105899,64,1920.27,3,2,42.0,Two Year,Net Banking,South,Premium,Yes,0,23043.24,2.065853631892617e-06,Low,Standard engagement
CUST100501,47,1792.82,2,0,9.2,Month-to-Month,Net Banking,South,Standard,No,0,21513.84,2.0646956954481394e-06,Low,Standard engagement
CUST102079,10,1647.31,3,1,18.8,Month-to-Month,Credit Card,South,Basic,Yes,0,19767.72,2.0491581725653294e-06,Low,Standard engagement
CUST103091,29,1729.95,0,1,34.6,Month-to-Month,UPI,East,Basic,Yes,0,20759.4,2.041962461953816e-06,Low,Standard engagement
CUST105768,34,1864.82,0,0,43.0,One Year,UPI,East,Standard,No,0,22377.84,2.023249889909954e-06,Low,Standard engagement
CUST100940,50,1866.9,1,1,45.1,Two Year,Credit Card,South,Premium,No,0,22402.8,2.0214672892799557e-06,Low,Standard engagement
CUST100941,30,1793.42,1,1,44.0,One Year,Debit Card,North,Basic,No,0,21521.04,2.014611187353938e-06,Low,Standard engagement
CUST101228,12,1739.27,1,1,47.5,Month-to-Month,Net Banking,South,Basic,No,0,20871.24,2.01096818853915e-06,Low,Standard engagement
CUST100753,68,1866.01,1,0,34.0,Month-to-Month,Net Banking,East,Premium,No,0,22392.12,2.003805136669941e-06,Low,Standard engagement
CUST100252,14,1695.26,1,3,50.4,Month-to-Month,UPI,West,Premium,Yes,0,20343.12,1.9713615599307176e-06,Low,Standard engagement
CUST102888,11,1737.77,1,2,25.1,One Year,Credit Card,South,Standard,No,0,20853.24,1.96951991938322e-06,Low,Standard engagement
CUST100852,70,1862.78,2,1,34.2,Two Year,Credit Card,South,Basic,Yes,0,22353.36,1.9621668102499545e-06,Low,Standard engagement
CUST105409,52,1852.3,4,1,46.9,One Year,Net Banking,South,Basic,No,0,22227.6,1.9443098539984657e-06,Low,Standard engagement
CUST101466,46,1806.74,1,1,35.6,Month-to-Month,Net Banking,South,Standard,No,0,21680.88,1.9436658189234324e-06,Low,Standard engagement
CUST104605,34,1767.45,5,0,47.9,Month-to-Month,UPI,North,Standard,Yes,0,21209.4,1.9395570037184597e-06,Low,Standard engagement
CUST104873,43,1813.35,0,1,65.3,Month-to-Month,Cash,North,Standard,Yes,0,21760.2,1.9328997213702105e-06,Low,Standard engagement
CUST105529,6,1722.34,3,0,53.6,Month-to-Month,Credit Card,East,Basic,Yes,0,20668.08,1.91931972271568e-06,Low,Standard engagement
CUST102610,70,1875.58,1,1,38.8,One Year,Credit Card,South,Standard,Yes,0,22506.96,1.882414715338542e-06,Low,Standard engagement
CUST105397,29,1892.78,3,1,60.8,Two Year,Net Banking,North,Premium,No,0,22713.36,1.880103313522346e-06,Low,Standard engagement
CUST105577,68,1909.87,3,1,41.9,Two Year,Debit Card,South,Standard,Yes,0,22918.44,1.8742067911207074e-06,Low,Standard engagement
CUST105979,44,1794.4,3,1,32.3,Two Year,UPI,South,Basic,No,0,21532.8,1.8145259133571638e-06,Low,Standard engagement
CUST100766,45,1850.55,3,2,32.3,Two Year,Net Banking,North,Premium,No,0,22206.6,1.799404347688617e-06,Low,Standard engagement
CUST104226,33,1823.64,4,1,59.1,Two Year,Debit Card,North,Basic,No,0,21883.68,1.798912705238788e-06,Low,Standard engagement
CUST101814,64,1846.71,0,1,38.3,Month-to-Month,Net Banking,South,Standard,Yes,0,22160.52,1.796841548822013e-06,Low,Standard engagement
CUST105064,38,1747.85,2,0,26.3,Month-to-Month,UPI,North,Standard,Yes,0,20974.2,1.7826714001804944e-06,Low,Standard engagement
CUST102469,16,1744.23,3,3,23.7,Two Year,UPI,North,Standard,Yes,0,20930.76,1.7682577170965763e-06,Low,Standard engagement
CUST104815,22,1771.75,3,1,26.4,Two Year,Debit Card,West,Basic,No,0,21261.0,1.7600736343217221e-06,Low,Standard engagement
CUST105287,63,1820.79,4,1,26.0,One Year,UPI,West,Standard,No,0,21849.48,1.743453723283866e-06,Low,Standard engagement
CUST100907,13,1678.99,1,1,15.7,Month-to-Month,Credit Card,East,Standard,No,0,20147.88,1.7100470120000324e-06,Low,Standard engagement
CUST105855,43,1700.53,2,4,43.4,Month-to-Month,Debit Card,West,Standard,No,0,20406.36,1.686270454757753e-06,Low,Standard engagement
CUST104383,41,1863.22,1,1,51.6,Two Year,Debit Card,West,Premium,No,0,22358.64,1.6566729857413714e-06,Low,Standard engagement
CUST101089,11,1707.74,2,0,51.3,Month-to-Month,Credit Card,West,Basic,Yes,0,20492.88,1.650792215118759e-06,Low,Standard engagement
CUST105185,47,1712.43,3,1,18.8,Month-to-Month,Credit Card,West,Standard,No,0,20549.16,1.6228017250317393e-06,Low,Standard engagement
CUST104056,61,1865.66,4,1,35.9,Two Year,Debit Card,West,Standard,No,0,22387.92,1.5927472018560859e-06,Low,Standard engagement
CUST105884,10,1821.35,3,3,77.2,One Year,Net Banking,South,Standard,Yes,0,21856.2,1.5772292471256762e-06,Low,Standard engagement
CUST101939,15,1713.02,1,1,57.9,Month-to-Month,Cash,East,Basic,Yes,0,20556.24,1.5687740117129264e-06,Low,Standard engagement
CUST105161,2,1772.35,0,1,63.3,One Year,UPI,East,Basic,Yes,0,21268.2,1.5623904407417962e-06,Low,Standard engagement
CUST104486,40,1809.87,3,1,48.7,One Year,UPI,West,Standard,No,0,21718.44,1.5402326545629442e-06,Low,Standard engagement
CUST104862,65,1883.63,0,1,50.3,One Year,Net Banking,North,Basic,Yes,0,22603.56,1.5363017285225714e-06,Low,Standard engagement
CUST105777,8,1720.07,1,1,12.6,Two Year,UPI,East,Basic,No,0,20640.84,1.5340722224550844e-06,Low,Standard engagement
CUST101562,18,1689.64,0,2,42.8,Month-to-Month,UPI,West,Standard,No,0,20275.68,1.5294102732506464e-06,Low,Standard engagement
CUST105810,49,1768.24,2,0,65.8,Month-to-Month,Credit Card,South,Basic,Yes,0,21218.88,1.5281598023030145e-06,Low,Standard engagement
CUST100145,62,1815.31,0,0,54.7,Month-to-Month,UPI,West,Standard,No,0,21783.72,1.5279317899982235e-06,Low,Standard engagement
CUST101050,37,1695.47,2,2,65.6,Month-to-Month,Credit Card,South,Basic,No,0,20345.64,1.5254648474388672e-06,Low,Standard engagement
CUST104787,1,1762.67,1,0,48.0,Two Year,UPI,South,Basic,No,0,21152.04,1.5168908801974082e-06,Low,Standard engagement
CUST103259,30,1741.02,2,1,75.5,Month-to-Month,UPI,West,Basic,Yes,0,20892.24,1.5163751905780028e-06,Low,Standard engagement
CUST100051,15,1746.5,0,2,60.1,One Year,Credit Card,North,Basic,Yes,0,20958.0,1.5089327630810098e-06,Low,Standard engagement
CUST104461,25,1723.41,1,2,49.4,Month-to-Month,Credit Card,East,Standard,Yes,0,20680.92,1.5047262603564045e-06,Low,Standard engagement
CUST105767,24,1672.78,1,1,29.5,Month-to-Month,Debit Card,North,Basic,Yes,0,20073.36,1.500870849889011e-06,Low,Standard engagement
CUST104168,37,1737.6,2,0,15.8,One Year,Cash,South,Basic,No,0,20851.2,1.4859366999386985e-06,Low,Standard engagement
CUST100263,67,1768.04,3,0,35.7,Month-to-Month,Credit Card,South,Standard,No,0,21216.48,1.4776699906205353e-06,Low,Standard engagement
CUST102159,25,1725.77,2,2,24.7,One Year,Cash,South,Standard,No,0,20709.24,1.4694763373679347e-06,Low,Standard engagement
CUST100957,46,1862.95,0,0,17.1,One Year,Net Banking,East,Premium,Yes,0,22355.4,1.4686488173896703e-06,Low,Standard engagement
CUST100646,34,1728.7,2,1,32.5,Month-to-Month,Cash,East,Standard,Yes,0,20744.4,1.4517679849531877e-06,Low,Standard engagement
CUST100980,43,1747.53,2,2,48.1,Month-to-Month,Net Banking,West,Basic,Yes,0,20970.36,1.4373571792705925e-06,Low,Standard engagement
CUST100963,16,1695.06,1,2,28.9,One Year,UPI,East,Basic,No,0,20340.72,1.410086895883638e-06,Low,Standard engagement
CUST100529,67,1753.47,5,3,44.6,One Year,Cash,North,Basic,Yes,0,21041.64,1.3930732976891723e-06,Low,Standard engagement
CUST105264,60,1777.61,2,1,59.9,Month-to-Month,Credit Card,West,Premium,Yes,0,21331.32,1.3794310048330752e-06,Low,Standard engagement
CUST100175,34,1777.14,3,1,28.1,Two Year,UPI,South,Standard,No,0,21325.68,1.3433427744934184e-06,Low,Standard engagement
CUST103986,23,1765.34,3,2,34.3,One Year,Net Banking,West,Premium,No,0,21184.08,1.3220326256205646e-06,Low,Standard engagement
CUST101446,68,1743.18,1,1,60.8,Month-to-Month,UPI,South,Basic,No,0,20918.16,1.2937473912461972e-06,Low,Standard engagement
CUST103700,12,1730.33,1,1,25.1,One Year,Net Banking,South,Basic,No,0,20763.96,1.2916371804262812e-06,Low,Standard engagement
CUST101494,30,1670.44,3,0,42.6,Month-to-Month,UPI,North,Basic,No,0,20045.28,1.2899484941026238e-06,Low,Standard engagement
CUST100669,10,1671.52,2,1,35.6,Month-to-Month,UPI,West,Standard,Yes,0,20058.24,1.2817991469211712e-06,Low,Standard engagement
CUST100027,60,1804.0,4,2,60.0,Month-to-Month,Net Banking,West,Standard,Yes,0,21648.0,1.2701662005128358e-06,Low,Standard engagement
CUST103152,15,1690.23,2,2,53.9,Month-to-Month,Net Banking,North,Basic,Yes,0,20282.76,1.2674651619510813e-06,Low,Standard engagement
CUST105060,39,1649.73,0,3,33.9,Month-to-Month,Debit Card,East,Basic,No,0,19796.76,1.248803250882959e-06,Low,Standard engagement
CUST103028,17,1657.04,0,0,31.7,Month-to-Month,UPI,North,Basic,Yes,0,19884.48,1.2341393612540308e-06,Low,Standard engagement
CUST103109,17,1721.17,4,2,35.2,One Year,Net Banking,West,Basic,No,0,20654.04,1.2240881635697559e-06,Low,Standard engagement
CUST100706,1,1719.33,1,1,32.2,One Year,Credit Card,East,Standard,No,0,20631.96,1.2225489042784844e-06,Low,Standard engagement
CUST103387,54,1691.05,3,2,39.8,Month-to-Month,UPI,South,Standard,No,0,20292.6,1.2169772492315105e-06,Low,Standard engagement
CUST101990,39,1753.44,3,1,48.2,Month-to-Month,Net Banking,South,Standard,No,0,21041.28,1.2117095629386113e-06,Low,Standard engagement
CUST101505,18,1662.57,0,1,43.4,Month-to-Month,UPI,South,Premium,No,0,19950.84,1.2073029232529499e-06,Low,Standard engagement
CUST103769,25,1742.43,7,0,38.3,Two Year,Debit Card,North,Basic,No,0,20909.16,1.1816955792158013e-06,Low,Standard engagement
CUST102630,68,1743.61,3,1,44.4,Month-to-Month,Credit Card,West,Premium,Yes,0,20923.32,1.1566983581013567e-06,Low,Standard engagement
CUST105211,11,1784.17,2,0,51.6,One Year,Credit Card,East,Standard,Yes,0,21410.04,1.149734849078296e-06,Low,Standard engagement
CUST105104,8,1677.77,1,2,42.7,Month-to-Month,Net Banking,South,Standard,No,0,20133.24,1.110813232735357e-06,Low,Standard engagement
CUST105416,26,1630.63,3,3,37.0,Month-to-Month,UPI,East,Standard,No,0,19567.56,1.107179386270811e-06,Low,Standard engagement
CUST103672,43,1721.26,0,0,25.4,Month-to-Month,Debit Card,West,Standard,No,0,20655.12,1.0978806814093124e-06,Low,Standard engagement
CUST100353,32,1705.24,0,2,23.8,One Year,Credit Card,West,Premium,No,0,20462.88,1.0900607985730875e-06,Low,Standard engagement
CUST103183,5,1755.01,0,0,56.2,One Year,Debit Card,North,Premium,No,0,21060.12,1.0866706496987844e-06,Low,Standard engagement
CUST104709,31,1734.58,1,1,48.8,One Year,Credit Card,North,Basic,Yes,0,20814.96,1.0814313385255711e-06,Low,Standard engagement
CUST102626,71,1722.39,2,0,46.9,Month-to-Month,UPI,North,Basic,No,0,20668.68,1.0575653704671194e-06,Low,Standard engagement
CUST104163,15,1760.18,2,1,33.4,Two Year,Cash,West,Standard,Yes,0,21122.16,1.0474792824525116e-06,Low,Standard engagement
CUST104313,8,1756.32,2,1,19.8,Two Year,Net Banking,South,Standard,No,0,21075.84,1.0474426411088112e-06,Low,Standard engagement
CUST102276,16,1730.49,1,2,56.2,One Year,Debit Card,West,Premium,No,0,20765.88,1.0455740280502022e-06,Low,Standard engagement
CUST101569,71,1761.57,4,2,28.1,One Year,UPI,South,Standard,Yes,0,21138.84,1.03808446601285e-06,Low,Standard engagement
CUST104445,30,1718.82,2,3,58.5,One Year,Credit Card,South,Standard,No,0,20625.84,1.0286123591033622e-06,Low,Standard engagement
CUST104954,28,1676.93,1,0,44.4,Month-to-Month,Debit Card,West,Basic,No,0,20123.16,1.0245208195421571e-06,Low,Standard engagement
CUST102458,35,1635.14,0,1,2.0,Month-to-Month,Debit Card,South,Premium,Yes,0,19621.68,1.0140876143391134e-06,Low,Standard engagement
CUST104903,52,1756.8,0,1,59.2,Month-to-Month,Net Banking,West,Basic,No,0,21081.6,1.0062128378895581e-06,Low,Standard engagement
CUST105545,64,1783.87,0,1,47.2,Month-to-Month,Net Banking,North,Premium,Yes,0,21406.44,1.0059398120796814e-06,Low,Standard engagement
CUST105969,5,1630.84,2,1,47.1,Month-to-Month,UPI,South,Standard,No,0,19570.08,9.947760820587282e-07,Low,Standard engagement
CUST103993,21,1716.46,1,0,56.6,Month-to-Month,UPI,West,Standard,Yes,0,20597.52,9.922353094918408e-07,Low,Standard engagement
CUST100919,46,1710.81,1,2,27.3,Two Year,Credit Card,North,Basic,No,0,20529.72,9.574300999694912e-07,Low,Standard engagement
CUST100702,13,1780.18,2,0,45.6,Two Year,Credit Card,West,Standard,Yes,0,21362.16,9.411603498252972e-07,Low,Standard engagement
CUST101820,23,1627.55,3,2,41.5,Month-to-Month,UPI,West,Standard,No,0,19530.6,9.340493492222629e-07,Low,Standard engagement
CUST100578,65,1666.78,4,1,30.2,Month-to-Month,UPI,West,Basic,Yes,0,20001.36,9.316580978434025e-07,Low,Standard engagement
CUST103959,16,1680.21,2,1,30.3,Two Year,UPI,South,Basic,No,0,20162.52,9.193264110197827e-07,Low,Standard engagement
CUST104611,24,1667.39,1,0,7.4,One Year,Debit Card,North,Basic,No,0,20008.68,9.172473087077805e-07,Low,Standard engagement
CUST103138,34,1734.64,2,0,31.0,One Year,Debit Card,North,Premium,No,0,20815.68,9.150478623759367e-07,Low,Standard engagement
CUST100314,18,1715.15,0,0,30.9,Month-to-Month,Net Banking,East,Standard,No,0,20581.8,8.841841529920649e-07,Low,Standard engagement
CUST100557,64,1866.39,3,0,51.2,One Year,Net Banking,North,Standard,Yes,0,22396.68,8.832024784607388e-07,Low,Standard engagement
CUST101844,54,1763.42,4,1,56.1,Month-to-Month,Net Banking,East,Premium,Yes,0,21161.04,8.712052670273363e-07,Low,Standard engagement
CUST104955,14,1678.99,1,0,60.2,Month-to-Month,Cash,North,Standard,No,0,20147.88,8.682771595826284e-07,Low,Standard engagement
CUST100824,45,1800.96,1,1,23.5,Two Year,Net Banking,North,Standard,No,0,21611.52,8.524831454743621e-07,Low,Standard engagement
CUST102941,68,1792.67,0,0,38.9,Month-to-Month,Net Banking,South,Standard,Yes,0,21512.04,8.430755197990252e-07,Low,Standard engagement
CUST103470,17,1680.26,2,2,36.4,Two Year,UPI,West,Basic,Yes,0,20163.12,8.257606643006859e-07,Low,Standard engagement
CUST102906,45,1630.64,2,0,30.0,Month-to-Month,UPI,South,Basic,No,0,19567.68,8.206426576863549e-07,Low,Standard engagement
CUST100838,2,1721.71,1,0,47.3,Two Year,Debit Card,North,Basic,Yes,0,20660.52,8.162040317960777e-07,Low,Standard engagement
CUST101897,63,1752.77,3,2,65.3,One Year,Credit Card,West,Basic,Yes,0,21033.24,7.957959781951133e-07,Low,Standard engagement
CUST104067,31,1593.2,4,1,42.4,Month-to-Month,UPI,South,Basic,No,0,19118.4,7.948198735251642e-07,Low,Standard engagement
CUST103807,12,1694.66,1,0,47.2,Month-to-Month,Net Banking,North,Standard,No,0,20335.92,7.832301694547558e-07,Low,Standard engagement
CUST103304,9,1751.69,1,0,46.9,Two Year,Credit Card,East,Premium,Yes,0,21020.28,7.594241275091654e-07,Low,Standard engagement
CUST100602,54,1730.71,0,0,27.1,Month-to-Month,Net Banking,South,Standard,No,0,20768.52,7.592213781107955e-07,Low,Standard engagement
CUST104455,5,1657.72,2,2,39.9,One Year,Net Banking,North,Basic,No,0,19892.64,7.554252710118002e-07,Low,Standard engagement
CUST100432,60,1789.96,2,1,26.5,Two Year,Debit Card,West,Standard,Yes,0,21479.52,7.415373289076168e-07,Low,Standard engagement
CUST104870,14,1685.51,2,2,23.9,Two Year,Net Banking,West,Basic,No,0,20226.12,7.347848523167392e-07,Low,Standard engagement
CUST102868,62,1666.47,3,1,47.7,Month-to-Month,Credit Card,North,Premium,No,0,19997.64,7.218509610090531e-07,Low,Standard engagement
CUST105674,36,1726.93,2,1,21.1,One Year,Net Banking,South,Premium,Yes,0,20723.16,7.09021255068993e-07,Low,Standard engagement
CUST102508,30,1737.12,3,0,41.5,One Year,Net Banking,West,Basic,No,0,20845.44,7.066258017059188e-07,Low,Standard engagement
CUST101230,60,1719.98,2,1,29.7,One Year,UPI,South,Premium,Yes,0,20639.76,6.890689906466651e-07,Low,Standard engagement
CUST101489,37,1636.1,2,0,38.1,Month-to-Month,Debit Card,South,Basic,Yes,0,19633.2,6.876081487277646e-07,Low,Standard engagement
CUST100257,8,1635.74,3,2,52.3,One Year,Debit Card,South,Basic,Yes,0,19628.88,6.794642470852746e-07,Low,Standard engagement
CUST104439,23,1681.73,4,1,67.9,One Year,UPI,West,Basic,No,0,20180.76,6.792585969903533e-07,Low,Standard engagement
CUST104871,69,1699.43,1,1,66.3,Month-to-Month,Cash,North,Basic,Yes,0,20393.16,6.761681141601544e-07,Low,Standard engagement
CUST105012,44,1610.18,0,2,41.8,Month-to-Month,Credit Card,East,Basic,No,0,19322.16,6.718819146555274e-07,Low,Standard engagement
CUST105235,62,1701.73,2,2,48.4,One Year,UPI,North,Basic,Yes,0,20420.76,6.602675471782654e-07,Low,Standard engagement
CUST105199,69,1775.46,2,1,62.1,One Year,Credit Card,South,Standard,No,0,21305.52,6.503107991613753e-07,Low,Standard engagement
CUST101835,10,1552.08,2,0,23.3,Month-to-Month,UPI,West,Basic,No,0,18624.96,6.482508951897326e-07,Low,Standard engagement
CUST105766,23,1699.6,5,0,45.7,One Year,UPI,South,Standard,Yes,0,20395.2,6.473348826411549e-07,Low,Standard engagement
CUST104425,63,1722.97,0,2,37.7,One Year,UPI,East,Premium,No,0,20675.64,6.466872501483896e-07,Low,Standard engagement
CUST101886,47,1684.09,2,0,51.1,Month-to-Month,Debit Card,South,Standard,No,0,20209.08,6.262638061443125e-07,Low,Standard engagement
CUST105515,51,1739.54,3,1,34.2,Two Year,Credit Card,West,Standard,No,0,20874.48,6.26196904468647e-07,Low,Standard engagement
CUST102051,22,1617.35,0,2,23.6,One Year,UPI,West,Basic,Yes,0,19408.2,6.194070254732063e-07,Low,Standard engagement
CUST103582,15,1598.89,1,2,51.5,Month-to-Month,Net Banking,South,Basic,No,0,19186.68,6.051655472098326e-07,Low,Standard engagement
CUST103025,46,1606.81,0,2,42.2,Month-to-Month,Debit Card,West,Basic,No,0,19281.72,6.01948702583926e-07,Low,Standard engagement
CUST100995,46,1622.36,2,1,27.8,Month-to-Month,Cash,West,Standard,No,0,19468.32,5.862471657069261e-07,Low,Standard engagement
CUST100319,56,1654.32,3,0,55.0,Month-to-Month,Debit Card,South,Basic,No,0,19851.84,5.830737707381326e-07,Low,Standard engagement
CUST103601,44,1604.8,2,2,33.8,Month-to-Month,Net Banking,South,Basic,No,0,19257.6,5.623560426971725e-07,Low,Standard engagement
CUST104186,20,1649.69,5,1,25.0,One Year,Net Banking,East,Basic,No,0,19796.28,5.587049953341592e-07,Low,Standard engagement
CUST102592,39,1649.05,0,1,38.2,Month-to-Month,Net Banking,East,Basic,No,0,19788.6,5.506551699221803e-07,Low,Standard engagement
CUST105405,28,1491.13,3,4,21.4,Month-to-Month,UPI,West,Premium,No,0,17893.56,5.358509973966217e-07,Low,Standard engagement
CUST100537,9,1500.17,3,2,41.5,Month-to-Month,UPI,North,Basic,No,0,18002.04,5.356439996971708e-07,Low,Standard engagement
CUST104482,61,1746.27,1,1,36.7,Two Year,UPI,West,Premium,Yes,0,20955.24,5.188814023984348e-07,Low,Standard engagement
CUST103836,15,1661.77,1,0,41.5,Month-to-Month,Net Banking,East,Premium,Yes,0,19941.24,5.160539133213437e-07,Low,Standard engagement
CUST104557,62,1734.67,2,0,61.0,One Year,UPI,North,Basic,Yes,0,20816.04,5.150166978219786e-07,Low,Standard engagement
CUST104077,44,1599.89,0,1,53.9,Month-to-Month,UPI,South,Basic,No,0,19198.68,5.052956678277535e-07,Low,Standard engagement
CUST104632,20,1596.06,0,1,51.1,Month-to-Month,Credit Card,South,Standard,No,0,19152.72,5.042787565782763e-07,Low,Standard engagement
CUST105373,18,1645.14,1,1,21.3,One Year,UPI,East,Standard,Yes,0,19741.68,5.017825379777686e-07,Low,Standard engagement
CUST104282,13,1572.95,3,1,33.5,Month-to-Month,Net Banking,North,Basic,Yes,0,18875.4,4.985888613217372e-07,Low,Standard engagement
CUST101872,44,1738.77,2,1,52.9,Two Year,Net Banking,North,Basic,No,0,20865.24,4.822299416559499e-07,Low,Standard engagement
CUST101923,32,1587.52,1,0,43.5,Month-to-Month,Debit Card,North,Basic,No,0,19050.24,4.6776302739970434e-07,Low,Standard engagement
CUST103458,61,1660.65,2,0,40.1,Month-to-Month,Net Banking,North,Basic,No,0,19927.8,4.62227884367907e-07,Low,Standard engagement
CUST103920,68,1778.1,1,0,40.5,Two Year,Net Banking,South,Basic,No,0,21337.2,4.6212467688376155e-07,Low,Standard engagement
CUST103749,66,1677.46,3,2,53.8,Month-to-Month,Net Banking,South,Standard,No,0,20129.52,4.6189596489215423e-07,Low,Standard engagement
CUST104915,8,1552.92,3,2,44.8,Month-to-Month,UPI,East,Standard,Yes,0,18635.04,4.6113098863059754e-07,Low,Standard engagement
CUST104586,16,1546.76,7,3,26.4,Two Year,Debit Card,North,Basic,No,0,18561.12,4.587085735702725e-07,Low,Standard engagement
CUST100094,65,1705.91,1,0,44.5,Month-to-Month,Net Banking,East,Basic,Yes,0,20470.92,4.5712927179484224e-07,Low,Standard engagement
CUST105905,11,1544.93,1,3,58.9,Month-to-Month,Debit Card,South,Standard,No,0,18539.16,4.411169156418524e-07,Low,Standard engagement
CUST103800,67,1693.17,4,1,61.5,One Year,Credit Card,South,Basic,Yes,0,20318.04,4.307703461060688e-07,Low,Standard engagement
CUST103935,62,1613.29,3,0,28.8,Month-to-Month,Credit Card,West,Premium,No,0,19359.48,4.2907886806859357e-07,Low,Standard engagement
CUST103790,9,1663.44,3,1,10.9,Two Year,Net Banking,West,Standard,Yes,0,19961.28,4.194572679852959e-07,Low,Standard engagement
CUST100530,44,1680.72,1,2,73.1,Two Year,UPI,South,Basic,No,0,20168.64,4.086463126273492e-07,Low,Standard engagement
CUST100958,70,1645.13,2,3,44.9,Month-to-Month,Net Banking,East,Premium,No,0,19741.56,4.074635471745216e-07,Low,Standard engagement
CUST103146,47,1605.83,2,0,31.9,Month-to-Month,UPI,West,Premium,Yes,0,19269.96,4.0653085446787157e-07,Low,Standard engagement
CUST100438,6,1510.1,0,1,36.1,Month-to-Month,Credit Card,East,Basic,No,0,18121.2,4.044811160055582e-07,Low,Standard engagement
CUST100994,39,1636.06,1,1,40.8,One Year,UPI,West,Basic,Yes,0,19632.72,3.9768960128231994e-07,Low,Standard engagement
CUST100225,23,1597.32,2,2,48.9,One Year,UPI,South,Premium,No,0,19167.84,3.9280906361903886e-07,Low,Standard engagement
CUST105294,67,1708.2,0,2,56.1,Two Year,Credit Card,East,Basic,No,0,20498.4,3.8790438148631024e-07,Low,Standard engagement
CUST103046,53,1657.69,2,0,28.4,Month-to-Month,Net Banking,South,Standard,Yes,0,19892.28,3.758167504946499e-07,Low,Standard engagement
CUST102796,63,1731.0,2,1,58.6,One Year,Credit Card,East,Standard,Yes,0,20772.0,3.736231564598902e-07,Low,Standard engagement
CUST101227,71,1735.19,0,0,46.2,Two Year,UPI,East,Basic,No,0,20822.28,3.6660824275397044e-07,Low,Standard engagement
CUST104207,68,1682.02,3,0,47.7,Month-to-Month,Net Banking,West,Premium,No,0,20184.24,3.5686213131841867e-07,Low,Standard engagement
CUST104952,57,1576.21,2,0,42.6,Month-to-Month,UPI,South,Basic,No,0,18914.52,3.543270817945781e-07,Low,Standard engagement
CUST100976,7,1553.67,2,1,58.9,Month-to-Month,Cash,South,Standard,Yes,0,18644.04,3.47489793162852e-07,Low,Standard engagement
CUST103376,37,1608.36,3,0,45.8,Month-to-Month,Net Banking,South,Basic,Yes,0,19300.32,3.46911381981986e-07,Low,Standard engagement
CUST100712,53,1574.96,2,2,18.0,One Year,Credit Card,North,Basic,Yes,0,18899.52,3.463599545140439e-07,Low,Standard engagement
CUST103988,30,1635.13,5,0,53.8,One Year,Debit Card,East,Basic,No,0,19621.56,3.452526493149996e-07,Low,Standard engagement
CUST101958,48,1586.03,6,0,50.0,Month-to-Month,Cash,West,Premium,No,0,19032.36,3.3827112716007126e-07,Low,Standard engagement
CUST103855,52,1599.9,3,0,21.5,One Year,UPI,North,Basic,No,0,19198.8,3.3800086678205234e-07,Low,Standard engagement
CUST104974,58,1648.33,0,0,36.7,Month-to-Month,Net Banking,West,Basic,Yes,0,19779.96,3.365942845309687e-07,Low,Standard engagement
CUST100256,49,1701.74,2,0,70.3,Month-to-Month,Net Banking,East,Standard,No,0,20420.88,3.2687696920426193e-07,Low,Standard engagement
CUST103066,60,1678.96,1,1,38.1,One Year,Debit Card,West,Standard,No,0,20147.52,3.2412616075352186e-07,Low,Standard engagement
CUST105017,39,1629.38,1,1,71.9,Month-to-Month,Net Banking,North,Basic,Yes,0,19552.56,3.1969205224208435e-07,Low,Standard engagement
CUST102713,38,1533.62,3,3,35.0,Month-to-Month,Net Banking,South,Premium,No,0,18403.44,3.1911352939875086e-07,Low,Standard engagement
CUST102814,15,1548.83,0,2,55.4,Month-to-Month,Debit Card,South,Standard,Yes,0,18585.96,3.186328797210055e-07,Low,Standard engagement
CUST104834,71,1611.07,3,1,32.3,Month-to-Month,Debit Card,East,Premium,Yes,0,19332.84,3.1848044455229444e-07,Low,Standard engagement
CUST105998,55,1640.07,3,0,17.2,One Year,Debit Card,North,Standard,No,0,19680.84,3.153727836393282e-07,Low,Standard engagement
CUST100411,17,1584.91,5,0,43.1,One Year,Debit Card,South,Basic,Yes,0,19018.92,3.1449430644683615e-07,Low,Standard engagement
CUST103192,49,1603.12,2,1,19.2,One Year,Debit Card,North,Premium,No,0,19237.44,3.114748529465632e-07,Low,Standard engagement
CUST100741,55,1702.88,2,1,48.9,One Year,Net Banking,West,Premium,No,0,20434.56,3.0712198617868125e-07,Low,Standard engagement
CUST100439,29,1575.07,0,0,10.5,One Year,UPI,South,Premium,No,0,18900.84,3.0463001738611484e-07,Low,Standard engagement
CUST101991,32,1643.32,2,1,49.0,One Year,Net Banking,South,Basic,Yes,0,19719.84,2.959345979492479e-07,Low,Standard engagement
CUST103252,12,1603.4,1,0,45.4,One Year,Credit Card,South,Standard,No,0,19240.8,2.910256850460516e-07,Low,Standard engagement
CUST104858,19,1495.17,2,1,47.5,Month-to-Month,Credit Card,South,Basic,Yes,0,17942.04,2.88613023830459e-07,Low,Standard engagement
CUST102473,15,1456.22,1,2,19.4,Month-to-Month,Credit Card,South,Standard,No,0,17474.64,2.8700610315994764e-07,Low,Standard engagement
CUST103074,42,1636.1,2,0,64.3,One Year,Cash,North,Basic,No,0,19633.2,2.830418684312895e-07,Low,Standard engagement
CUST105787,44,1551.6,4,2,48.9,Month-to-Month,Net Banking,South,Basic,Yes,0,18619.2,2.743938626424993e-07,Low,Standard engagement
CUST102718,42,1626.72,0,1,50.0,Two Year,UPI,South,Basic,No,0,19520.64,2.735594449638014e-07,Low,Standard engagement
CUST100070,58,1497.38,0,1,5.0,Month-to-Month,Credit Card,North,Basic,Yes,0,17968.56,2.727383933116814e-07,Low,Standard engagement
CUST102932,12,1386.03,2,4,35.8,Month-to-Month,UPI,North,Basic,No,0,16632.36,2.7104727983931003e-07,Low,Standard engagement
CUST105570,55,1607.02,2,1,30.5,Two Year,UPI,South,Basic,No,0,19284.24,2.6913242364170377e-07,Low,Standard engagement
CUST103997,61,1658.4,1,0,33.1,One Year,Credit Card,West,Standard,No,0,19900.8,2.610725026639388e-07,Low,Standard engagement
CUST103200,67,1582.76,4,0,43.3,Month-to-Month,UPI,West,Premium,No,0,18993.12,2.6105681900867927e-07,Low,Standard engagement
CUST104339,37,1592.93,2,1,53.1,Month-to-Month,Net Banking,South,Standard,No,0,19115.16,2.5308948690811714e-07,Low,Standard engagement
CUST100248,57,1552.16,1,2,28.0,One Year,Credit Card,North,Basic,No,0,18625.92,2.48824441246043e-07,Low,Standard engagement
CUST102781,68,1540.79,3,1,42.7,Month-to-Month,UPI,North,Basic,Yes,0,18489.48,2.461090881583889e-07,Low,Standard engagement
CUST105809,28,1520.74,2,0,56.0,Month-to-Month,Credit Card,West,Basic,No,0,18248.88,2.4276595719732786e-07,Low,Standard engagement
CUST105857,27,1477.27,2,2,37.6,Month-to-Month,UPI,South,Standard,No,0,17727.24,2.42700005678163e-07,Low,Standard engagement
CUST100969,3,1525.45,3,1,55.0,Month-to-Month,Net Banking,East,Basic,Yes,0,18305.4,2.3778276917878884e-07,Low,Standard engagement
CUST101567,44,1563.14,4,2,42.7,Two Year,UPI,North,Basic,No,0,18757.68,2.351216121696408e-07,Low,Standard engagement
CUST105371,54,1663.32,0,0,66.1,One Year,Credit Card,West,Basic,Yes,0,19959.84,2.324391293172382e-07,Low,Standard engagement
CUST102497,64,1541.77,3,2,41.4,Month-to-Month,UPI,South,Standard,Yes,0,18501.24,2.3217059261664266e-07,Low,Standard engagement
CUST105327,18,1490.51,3,0,2.0,One Year,UPI,South,Basic,Yes,0,17886.12,2.30286156329454e-07,Low,Standard engagement
CUST104351,41,1482.24,1,2,32.0,Month-to-Month,UPI,East,Basic,Yes,0,17786.88,2.29089012330132e-07,Low,Standard engagement
CUST102188,34,1635.11,2,1,44.8,One Year,Net Banking,North,Standard,No,0,19621.32,2.2461893898228113e-07,Low,Standard engagement
CUST102155,36,1620.14,2,2,55.6,Two Year,UPI,West,Standard,No,0,19441.68,2.2451903457516818e-07,Low,Standard engagement
CUST105968,14,1520.63,2,5,45.1,Two Year,Cash,East,Standard,No,0,18247.56,2.2443701211889688e-07,Low,Standard engagement
CUST100861,67,1575.14,2,1,55.7,Month-to-Month,Cash,West,Premium,No,0,18901.68,2.2002182319861544e-07,Low,Standard engagement
CUST105139,72,1679.78,1,1,72.5,Two Year,Cash,South,Basic,No,0,20157.36,2.1842124060197736e-07,Low,Standard engagement
CUST100673,7,1387.45,3,2,26.8,Month-to-Month,Credit Card,South,Basic,Yes,0,16649.4,2.1075193176869131e-07,Low,Standard engagement
CUST104492,51,1609.06,3,0,57.7,Month-to-Month,Net Banking,East,Basic,Yes,0,19308.72,2.0856460991093234e-07,Low,Standard engagement
CUST102920,24,1599.91,0,1,56.6,One Year,Cash,South,Standard,Yes,0,19198.92,2.0482998187448057e-07,Low,Standard engagement
CUST102102,13,1581.63,2,0,49.5,One Year,Cash,West,Standard,No,0,18979.56,2.0482904042492186e-07,Low,Standard engagement
CUST102228,21,1571.77,1,1,35.4,Two Year,UPI,North,Standard,No,0,18861.24,1.9958082053484204e-07,Low,Standard engagement
CUST102333,60,1542.17,1,0,47.2,Month-to-Month,Credit Card,North,Basic,Yes,0,18506.04,1.9738381316438935e-07,Low,Standard engagement
CUST102038,72,1645.14,1,0,29.5,One Year,Net Banking,North,Basic,No,0,19741.68,1.9559898068908974e-07,Low,Standard engagement
CUST102459,5,1419.25,1,0,30.1,Month-to-Month,UPI,South,Basic,No,0,17031.0,1.9485959140208883e-07,Low,Standard engagement
CUST103966,57,1593.85,1,1,31.8,One Year,Debit Card,South,Standard,No,0,19126.2,1.833240585683728e-07,Low,Standard engagement
CUST101090,37,1503.27,0,3,38.0,Month-to-Month,Net Banking,North,Standard,No,0,18039.24,1.808192129368299e-07,Low,Standard engagement
CUST101455,5,1408.1,1,1,30.6,Month-to-Month,UPI,East,Basic,No,0,16897.2,1.8042494182695353e-07,Low,Standard engagement
CUST102057,54,1483.6,2,1,26.5,Month-to-Month,UPI,East,Basic,Yes,0,17803.2,1.7926530551130276e-07,Low,Standard engagement
CUST100971,31,1419.95,1,4,30.7,Month-to-Month,Net Banking,North,Basic,No,0,17039.4,1.7834070418340135e-07,Low,Standard engagement
CUST100528,66,1646.09,1,0,34.2,Two Year,Debit Card,South,Premium,No,0,19753.08,1.781589381957832e-07,Low,Standard engagement
CUST102482,13,1392.43,0,0,6.2,Month-to-Month,UPI,North,Basic,No,0,16709.16,1.7783974628758705e-07,Low,Standard engagement
CUST101496,40,1556.48,3,1,30.5,One Year,Net Banking,South,Basic,No,0,18677.76,1.7758993243696782e-07,Low,Standard engagement
CUST102579,41,1504.82,3,0,65.5,Month-to-Month,Credit Card,South,Basic,No,0,18057.84,1.7615310938725163e-07,Low,Standard engagement
CUST101909,68,1510.31,0,1,46.2,Month-to-Month,UPI,South,Basic,No,0,18123.72,1.7440443164641542e-07,Low,Standard engagement
CUST102325,60,1563.78,3,2,59.4,One Year,Debit Card,South,Basic,No,0,18765.36,1.7133522274603258e-07,Low,Standard engagement
CUST101443,32,1534.86,2,1,32.1,Two Year,UPI,West,Basic,No,0,18418.32,1.705873736908607e-07,Low,Standard engagement
CUST100139,32,1471.79,3,0,25.3,Month-to-Month,Credit Card,West,Standard,No,0,17661.48,1.637883169732562e-07,Low,Standard engagement
CUST104668,53,1569.61,3,1,35.3,Two Year,UPI,East,Basic,No,0,18835.32,1.6375148526762253e-07,Low,Standard engagement
CUST100973,35,1445.64,1,3,29.5,Month-to-Month,Cash,West,Standard,Yes,0,17347.68,1.6374694199032174e-07,Low,Standard engagement
CUST105922,48,1641.6,1,0,70.8,One Year,UPI,West,Standard,No,0,19699.2,1.6318375629287723e-07,Low,Standard engagement
CUST103454,59,1544.36,1,4,62.2,One Year,Debit Card,East,Basic,No,0,18532.32,1.6028376948937272e-07,Low,Standard engagement
CUST101698,26,1478.36,3,0,44.8,Month-to-Month,UPI,North,Standard,No,0,17740.32,1.6004780511266019e-07,Low,Standard engagement
CUST105028,51,1504.17,3,0,36.5,Month-to-Month,UPI,North,Standard,No,0,18050.04,1.5959920182844625e-07,Low,Standard engagement
CUST103748,67,1529.8,1,1,43.5,Month-to-Month,Cash,South,Standard,No,0,18357.6,1.5755270673996917e-07,Low,Standard engagement
CUST101437,48,1489.82,0,2,39.7,Month-to-Month,Debit Card,East,Premium,No,0,17877.84,1.5452434145167265e-07,Low,Standard engagement
CUST101110,46,1612.21,1,0,34.0,One Year,Debit Card,East,Standard,Yes,0,19346.52,1.5444019799383013e-07,Low,Standard engagement
CUST103084,25,1537.66,0,2,60.5,Month-to-Month,Net Banking,East,Standard,No,0,18451.92,1.5392612249595745e-07,Low,Standard engagement
CUST105088,10,1587.94,1,2,66.6,One Year,Net Banking,East,Standard,No,0,19055.28,1.5112479374627458e-07,Low,Standard engagement
CUST104046,33,1458.75,3,3,61.3,Month-to-Month,Credit Card,East,Standard,No,0,17505.0,1.4757689126391643e-07,Low,Standard engagement
CUST100406,32,1409.15,1,2,19.6,Month-to-Month,Cash,West,Premium,No,0,16909.8,1.4542563904484707e-07,Low,Standard engagement
CUST100807,8,1453.76,2,1,49.7,Month-to-Month,Credit Card,West,Standard,Yes,0,17445.12,1.4531540040288373e-07,Low,Standard engagement
CUST104990,47,1357.56,1,4,24.5,Month-to-Month,UPI,South,Basic,No,0,16290.72,1.4202204455180488e-07,Low,Standard engagement
CUST100707,42,1488.58,3,1,34.5,Month-to-Month,Debit Card,West,Standard,Yes,0,17862.96,1.4190759983980448e-07,Low,Standard engagement
CUST104599,53,1552.04,2,2,51.2,One Year,UPI,East,Premium,No,0,18624.48,1.4002283870475243e-07,Low,Standard engagement
CUST103008,46,1568.08,2,0,28.2,One Year,UPI,West,Standard,Yes,0,18816.96,1.3983138388282537e-07,Low,Standard engagement
CUST101249,71,1641.29,0,0,50.6,One Year,UPI,East,Standard,No,0,19695.48,1.3748040202675675e-07,Low,Standard engagement
CUST102273,34,1583.37,0,0,57.0,Two Year,Debit Card,North,Basic,No,0,19000.44,1.363679385130018e-07,Low,Standard engagement
CUST104283,32,1479.82,3,1,19.1,Month-to-Month,Net Banking,East,Standard,No,0,17757.84,1.3365475564705816e-07,Low,Standard engagement
CUST105978,15,1498.05,1,0,71.1,Month-to-Month,UPI,West,Standard,No,0,17976.6,1.3241774814899752e-07,Low,Standard engagement
CUST101037,2,1479.92,3,1,42.3,One Year,UPI,North,Standard,Yes,0,17759.04,1.3182899453735607e-07,Low,Standard engagement
CUST103062,28,1583.16,1,2,58.0,Two Year,Net Banking,West,Basic,Yes,0,18997.92,1.269161459049672e-07,Low,Standard engagement
CUST100032,7,1440.06,1,0,9.5,One Year,Credit Card,North,Premium,No,0,17280.72,1.2524980528430557e-07,Low,Standard engagement
CUST105886,72,1562.18,2,1,69.8,Month-to-Month,Debit Card,West,Premium,Yes,0,18746.16,1.2428595419766144e-07,Low,Standard engagement
CUST104469,54,1570.54,1,1,54.8,One Year,UPI,East,Premium,No,0,18846.48,1.2315976367382012e-07,Low,Standard engagement
CUST102105,20,1383.46,0,2,32.8,Month-to-Month,Credit Card,North,Premium,No,0,16601.52,1.2306352288934617e-07,Low,Standard engagement
CUST105902,7,1384.79,2,2,48.1,Month-to-Month,Credit Card,South,Premium,Yes,0,16617.48,1.1954870950117538e-07,Low,Standard engagement
CUST104074,24,1462.31,2,1,67.3,Month-to-Month,Credit Card,East,Premium,No,0,17547.72,1.1761179699514164e-07,Low,Standard engagement
CUST101600,22,1551.22,3,2,75.8,Two Year,UPI,West,Premium,Yes,0,18614.64,1.1662057424108208e-07,Low,Standard engagement
CUST103645,39,1436.7,0,5,27.6,One Year,Cash,North,Standard,Yes,0,17240.4,1.1609752770830424e-07,Low,Standard engagement
CUST102848,21,1508.81,1,0,34.5,Two Year,Debit Card,North,Basic,No,0,18105.72,1.1591997450647474e-07,Low,Standard engagement
CUST104681,13,1500.52,2,0,56.2,One Year,Credit Card,South,Premium,No,0,18006.24,1.1356883729530003e-07,Low,Standard engagement
CUST103481,18,1442.83,1,1,47.5,Month-to-Month,Cash,East,Standard,No,0,17313.96,1.1353420825691489e-07,Low,Standard engagement
CUST103401,67,1418.29,1,2,27.3,Month-to-Month,UPI,West,Basic,No,0,17019.48,1.1242053272678646e-07,Low,Standard engagement
CUST100296,62,1601.97,2,2,32.4,Two Year,Net Banking,West,Standard,No,0,19223.64,1.1001767531671746e-07,Low,Standard engagement
CUST105192,36,1524.75,1,1,47.9,One Year,Credit Card,West,Standard,No,0,18297.0,1.0740570899417104e-07,Low,Standard engagement
CUST100595,58,1505.61,1,1,27.5,One Year,UPI,North,Premium,No,0,18067.32,1.073226764161906e-07,Low,Standard engagement
CUST102298,16,1454.9,1,0,83.0,Month-to-Month,UPI,South,Basic,Yes,0,17458.8,1.0243268198960499e-07,Low,Standard engagement
CUST105724,16,1481.47,1,0,56.9,One Year,UPI,West,Basic,No,0,17777.64,9.821212439726163e-08,Low,Standard engagement
CUST104073,68,1434.35,1,0,17.3,Month-to-Month,UPI,South,Basic,Yes,0,17212.2,9.76363758075005e-08,Low,Standard engagement
CUST101420,69,1589.01,1,2,81.1,One Year,UPI,South,Standard,Yes,0,19068.12,9.353512737886761e-08,Low,Standard engagement
CUST100732,67,1459.85,2,1,37.4,Month-to-Month,Credit Card,East,Premium,No,0,17518.2,9.342356260537315e-08,Low,Standard engagement
CUST103607,50,1485.74,1,0,49.9,Month-to-Month,Credit Card,South,Standard,Yes,0,17828.88,9.317526850646493e-08,Low,Standard engagement
CUST105076,24,1346.09,3,2,32.0,Month-to-Month,Credit Card,West,Premium,No,0,16153.08,8.72250761919674e-08,Low,Standard engagement
CUST105574,52,1583.61,5,0,38.1,Two Year,Net Banking,West,Premium,No,0,19003.32,8.717407183860166e-08,Low,Standard engagement
CUST101927,10,1444.45,2,0,51.2,One Year,UPI,South,Basic,Yes,0,17333.4,8.365976194887048e-08,Low,Standard engagement
CUST104181,27,1556.43,2,0,49.3,One Year,Net Banking,South,Standard,Yes,0,18677.16,8.331424641413922e-08,Low,Standard engagement
CUST101358,8,1468.76,4,0,58.0,Two Year,UPI,West,Basic,No,0,17625.12,8.292843545165594e-08,Low,Standard engagement
CUST102388,69,1520.76,2,2,46.2,One Year,Net Banking,South,Basic,No,0,18249.12,7.984578726876192e-08,Low,Standard engagement
CUST105840,57,1553.84,2,1,43.4,Two Year,Credit Card,West,Standard,Yes,0,18646.08,7.7999738362846e-08,Low,Standard engagement
CUST102072,29,1450.29,2,0,42.8,One Year,UPI,West,Basic,No,0,17403.48,7.733148736557307e-08,Low,Standard engagement
CUST103981,7,1407.4,1,0,47.0,Month-to-Month,Net Banking,North,Basic,Yes,0,16888.8,7.396513731671786e-08,Low,Standard engagement
CUST105542,22,1403.54,0,1,49.9,Month-to-Month,UPI,East,Premium,Yes,0,16842.48,7.252569559302803e-08,Low,Standard engagement
CUST104992,72,1442.51,1,3,77.6,Month-to-Month,Credit Card,West,Basic,Yes,0,17310.12,7.233111222812607e-08,Low,Standard engagement
CUST105413,65,1436.36,2,2,50.6,Month-to-Month,Net Banking,North,Basic,No,0,17236.32,7.02042815382641e-08,Low,Standard engagement
CUST100471,58,1532.74,0,0,85.4,Month-to-Month,Credit Card,West,Standard,Yes,0,18392.88,6.999267593360669e-08,Low,Standard engagement
CUST101852,33,1487.61,1,2,46.2,Two Year,UPI,East,Standard,No,0,17851.32,6.955910212976614e-08,Low,Standard engagement
CUST104158,15,1346.65,1,1,52.5,Month-to-Month,UPI,South,Basic,Yes,0,16159.8,6.945792900188727e-08,Low,Standard engagement
CUST104998,49,1398.62,3,1,48.0,Month-to-Month,UPI,South,Standard,No,0,16783.44,6.461805667802762e-08,Low,Standard engagement
CUST101754,46,1549.54,1,0,50.6,One Year,Net Banking,North,Premium,Yes,0,18594.48,6.336094366218929e-08,Low,Standard engagement
CUST100387,60,1433.12,1,2,32.3,One Year,Credit Card,West,Basic,Yes,0,17197.44,6.126616668803088e-08,Low,Standard engagement
CUST104520,72,1494.72,1,0,49.2,One Year,UPI,South,Basic,No,0,17936.64,6.125016310067957e-08,Low,Standard engagement
CUST100455,40,1495.82,4,1,41.4,One Year,Net Banking,West,Standard,No,0,17949.84,5.970560441080349e-08,Low,Standard engagement
CUST104752,59,1528.66,0,0,59.0,Two Year,UPI,West,Basic,No,0,18343.92,5.8082062316328554e-08,Low,Standard engagement
CUST102347,55,1521.56,2,0,46.3,Two Year,UPI,North,Standard,No,0,18258.72,5.799280994743097e-08,Low,Standard engagement
CUST101655,17,1322.7,1,1,44.8,Month-to-Month,Credit Card,East,Basic,No,0,15872.4,5.704205451495535e-08,Low,Standard engagement
CUST101498,34,1379.09,2,1,22.2,Month-to-Month,Net Banking,West,Premium,No,0,16549.08,5.6932233023481574e-08,Low,Standard engagement
CUST103077,59,1395.19,2,1,39.1,Month-to-Month,Cash,South,Premium,Yes,0,16742.28,5.6830388232775604e-08,Low,Standard engagement
CUST105268,51,1327.37,1,3,22.1,Month-to-Month,Credit Card,South,Standard,Yes,0,15928.44,5.481046740937896e-08,Low,Standard engagement
CUST100289,35,1372.34,1,0,25.8,Month-to-Month,Credit Card,East,Standard,No,0,16468.08,5.3081062217127225e-08,Low,Standard engagement
CUST101727,42,1414.96,3,1,55.4,Month-to-Month,Net Banking,West,Basic,Yes,0,16979.52,5.267416428989355e-08,Low,Standard engagement
CUST100590,58,1455.84,1,1,40.3,One Year,UPI,West,Premium,No,0,17470.08,5.236280506269828e-08,Low,Standard engagement
CUST100517,5,1460.56,3,0,35.1,Two Year,Net Banking,West,Premium,No,0,17526.72,5.152501240004312e-08,Low,Standard engagement
CUST101264,18,1396.67,1,0,64.2,Month-to-Month,Net Banking,South,Basic,No,0,16760.04,5.136137574919863e-08,Low,Standard engagement
CUST102211,56,1350.01,2,4,41.3,Month-to-Month,Net Banking,East,Basic,No,0,16200.12,5.105089688140689e-08,Low,Standard engagement
CUST101901,39,1424.07,3,1,59.6,Month-to-Month,Net Banking,South,Standard,No,0,17088.84,4.951739199878664e-08,Low,Standard engagement
CUST103088,17,1321.1,2,1,70.9,Month-to-Month,Credit Card,South,Basic,No,0,15853.2,4.873574113024191e-08,Low,Standard engagement
CUST104718,29,1517.68,1,0,72.4,Two Year,UPI,North,Standard,Yes,0,18212.16,4.8633910657598404e-08,Low,Standard engagement
CUST102715,34,1447.73,2,0,43.0,One Year,Cash,West,Standard,No,0,17372.76,4.817446330207441e-08,Low,Standard engagement
CUST103716,26,1372.91,1,1,47.4,One Year,UPI,South,Basic,No,0,16474.92,4.712014831603613e-08,Low,Standard engagement
CUST103796,50,1300.34,3,2,35.3,Month-to-Month,Credit Card,West,Basic,No,0,15604.08,4.6985199886671006e-08,Low,Standard engagement
CUST103740,17,1389.14,2,1,82.3,Month-to-Month,UPI,West,Standard,Yes,0,16669.68,4.58305873871803e-08,Low,Standard engagement
CUST102513,55,1437.5,2,1,44.2,One Year,Credit Card,South,Standard,No,0,17250.0,4.414157136612924e-08,Low,Standard engagement
CUST100242,7,1262.58,1,1,46.2,Month-to-Month,Credit Card,North,Basic,No,0,15150.96,4.32019021429933e-08,Low,Standard engagement
CUST105102,18,1410.07,0,1,66.4,One Year,Cash,North,Premium,No,0,16920.84,4.270428918313828e-08,Low,Standard engagement
CUST104189,65,1389.64,3,3,44.3,One Year,Credit Card,North,Premium,No,0,16675.68,4.2617976578625144e-08,Low,Standard engagement
CUST103001,49,1457.36,1,0,64.2,Month-to-Month,Net Banking,South,Standard,No,0,17488.32,4.151551166216064e-08,Low,Standard engagement
CUST105841,72,1352.63,1,0,27.1,Month-to-Month,UPI,West,Basic,No,0,16231.56,3.8935735230201046e-08,Low,Standard engagement
CUST101476,36,1332.62,4,0,16.9,Month-to-Month,Net Banking,South,Premium,No,0,15991.44,3.8180839734761014e-08,Low,Standard engagement
CUST103272,47,1406.28,3,1,43.3,One Year,Credit Card,East,Premium,No,0,16875.36,3.776858677374646e-08,Low,Standard engagement
CUST103865,56,1477.92,2,0,61.1,One Year,Net Banking,North,Basic,No,0,17735.04,3.584725964441601e-08,Low,Standard engagement
CUST104980,65,1339.41,1,0,29.5,Month-to-Month,Credit Card,South,Basic,Yes,0,16072.92,3.5846650851354904e-08,Low,Standard engagement
CUST100863,56,1374.44,1,0,72.0,Month-to-Month,Credit Card,South,Basic,No,0,16493.28,3.5824774544537185e-08,Low,Standard engagement
CUST105897,69,1358.53,2,0,28.3,Month-to-Month,UPI,North,Standard,No,0,16302.36,3.435965599041616e-08,Low,Standard engagement
CUST105224,39,1282.37,5,1,23.3,Month-to-Month,Cash,West,Standard,No,0,15388.44,3.386123012609807e-08,Low,Standard engagement
CUST104481,22,1274.76,2,1,53.7,Month-to-Month,UPI,North,Basic,Yes,0,15297.12,3.318636818481668e-08,Low,Standard engagement
CUST105022,50,1366.22,3,0,84.3,Month-to-Month,Cash,North,Basic,No,0,16394.64,3.2265059306793474e-08,Low,Standard engagement
CUST105474,5,1370.26,0,1,69.2,Month-to-Month,Net Banking,East,Standard,No,0,16443.12,3.186559548902826e-08,Low,Standard engagement
CUST101154,22,1312.13,0,0,51.4,Month-to-Month,Debit Card,East,Basic,No,0,15745.56,3.1073763384365993e-08,Low,Standard engagement
CUST103644,70,1264.21,3,2,18.9,Month-to-Month,UPI,North,Basic,Yes,0,15170.52,3.085566152785438e-08,Low,Standard engagement
CUST100497,27,1434.44,1,1,70.9,Two Year,Cash,East,Premium,No,0,17213.28,2.9909441790601976e-08,Low,Standard engagement
CUST105248,65,1425.05,3,0,44.5,Month-to-Month,Net Banking,East,Standard,No,0,17100.6,2.9774558500601814e-08,Low,Standard engagement
CUST100962,61,1441.65,3,0,37.9,Two Year,UPI,North,Standard,No,0,17299.8,2.9766064917717136e-08,Low,Standard engagement
CUST105443,59,1228.76,1,2,15.1,Month-to-Month,Cash,South,Basic,No,0,14745.12,2.7024854533907907e-08,Low,Standard engagement
CUST102271,23,1383.7,2,0,56.3,One Year,Credit Card,West,Standard,No,0,16604.4,2.6991183990217745e-08,Low,Standard engagement
CUST102690,53,1344.88,2,1,74.9,Month-to-Month,UPI,East,Basic,Yes,0,16138.56,2.6476751876371e-08,Low,Standard engagement
CUST102073,25,1383.32,1,1,44.6,Two Year,UPI,North,Standard,Yes,0,16599.84,2.606768669208603e-08,Low,Standard engagement
CUST105078,59,1333.77,1,0,49.3,Month-to-Month,UPI,North,Premium,No,0,16005.24,2.5738716339476725e-08,Low,Standard engagement
CUST104374,22,1203.76,2,1,26.5,Month-to-Month,Credit Card,West,Basic,No,0,14445.12,2.5291945338975844e-08,Low,Standard engagement
CUST100620,32,1325.49,2,1,43.7,One Year,Credit Card,South,Premium,No,0,15905.88,2.4665516744033816e-08,Low,Standard engagement
CUST102752,42,1292.69,3,0,62.8,Month-to-Month,Cash,North,Basic,No,0,15512.28,2.435298969243247e-08,Low,Standard engagement
CUST104566,51,1230.39,0,2,25.9,Month-to-Month,UPI,West,Basic,No,0,14764.68,2.4138068393248717e-08,Low,Standard engagement
CUST104920,71,1338.18,0,3,45.8,One Year,Debit Card,South,Basic,No,0,16058.16,2.315185340502718e-08,Low,Standard engagement
CUST101162,62,1258.92,1,2,15.8,Month-to-Month,UPI,West,Standard,No,0,15107.04,2.2969642729872235e-08,Low,Standard engagement
CUST103628,61,1285.65,2,0,43.4,Month-to-Month,UPI,South,Basic,No,0,15427.8,2.2564048752587382e-08,Low,Standard engagement
CUST103443,16,1248.49,0,1,61.2,Month-to-Month,Credit Card,East,Basic,No,0,14981.88,2.2392534118146413e-08,Low,Standard engagement
CUST104694,51,1344.34,1,0,58.8,Month-to-Month,Debit Card,South,Standard,No,0,16132.08,2.2076704541922106e-08,Low,Standard engagement
CUST103541,42,1287.11,4,2,24.4,One Year,Credit Card,East,Premium,No,0,15445.32,2.1948801430987026e-08,Low,Standard engagement
CUST102049,48,1317.31,1,0,59.7,Month-to-Month,Credit Card,East,Basic,Yes,0,15807.72,2.1168063417105213e-08,Low,Standard engagement
CUST101697,11,1264.1,2,1,59.7,Month-to-Month,Debit Card,West,Standard,No,0,15169.2,2.1112884576309688e-08,Low,Standard engagement
CUST102004,58,1361.84,2,1,71.2,Month-to-Month,Debit Card,West,Standard,Yes,0,16342.08,2.0594044253057e-08,Low,Standard engagement
CUST102793,39,1318.49,1,1,71.4,Month-to-Month,UPI,East,Standard,No,0,15821.88,2.0239021959637633e-08,Low,Standard engagement
CUST102639,62,1479.8,1,0,54.4,One Year,Net Banking,East,Standard,Yes,0,17757.6,1.9084027352575703e-08,Low,Standard engagement
CUST103223,56,1373.05,3,1,38.1,Two Year,Credit Card,West,Standard,No,0,16476.6,1.869644458743998e-08,Low,Standard engagement
CUST105556,8,1201.2,3,0,42.2,Month-to-Month,UPI,South,Premium,No,0,14414.4,1.8687197277197127e-08,Low,Standard engagement
CUST103947,27,1323.29,2,1,46.1,Two Year,Cash,West,Basic,Yes,0,15879.48,1.8428205511854884e-08,Low,Standard engagement
CUST101983,55,1298.02,4,1,48.2,One Year,UPI,South,Basic,No,0,15576.24,1.7733676788414788e-08,Low,Standard engagement
CUST100931,51,1312.67,2,1,52.6,Month-to-Month,Net Banking,South,Premium,No,0,15752.04,1.7726604468155024e-08,Low,Standard engagement
CUST101920,29,1261.8,2,2,25.1,One Year,Debit Card,North,Standard,No,0,15141.6,1.741528692861146e-08,Low,Standard engagement
CUST105842,40,1300.61,3,0,16.1,One Year,UPI,South,Standard,Yes,0,15607.32,1.725861695709492e-08,Low,Standard engagement
CUST100735,49,1292.18,0,1,33.7,One Year,UPI,West,Basic,No,0,15506.16,1.6925575927584383e-08,Low,Standard engagement
CUST102813,70,1199.37,2,4,30.8,Month-to-Month,UPI,West,Premium,No,0,14392.44,1.6859031084419157e-08,Low,Standard engagement
CUST101769,15,1206.15,3,1,57.5,Month-to-Month,Credit Card,East,Basic,Yes,0,14473.8,1.6452488902899787e-08,Low,Standard engagement
CUST103362,4,1141.13,7,1,23.2,Month-to-Month,Cash,West,Standard,No,0,13693.56,1.6437932027359154e-08,Low,Standard engagement
CUST100826,50,1234.6,4,0,25.9,Month-to-Month,Debit Card,North,Premium,No,0,14815.2,1.6200025321597768e-08,Low,Standard engagement
CUST105172,63,1300.85,3,6,63.5,One Year,Net Banking,East,Basic,Yes,0,15610.2,1.5522869005784597e-08,Low,Standard engagement
CUST103238,64,1168.2,5,4,30.1,Month-to-Month,UPI,South,Standard,No,0,14018.4,1.536794705509655e-08,Low,Standard engagement
CUST101857,43,1301.8,5,0,44.0,Two Year,UPI,North,Basic,No,0,15621.6,1.487168829809822e-08,Low,Standard engagement
CUST103402,12,1180.73,3,0,59.8,Month-to-Month,Credit Card,North,Basic,No,0,14168.76,1.4216405617066114e-08,Low,Standard engagement
CUST101586,60,1287.3,1,2,22.0,One Year,Credit Card,East,Standard,No,0,15447.6,1.3619201369887698e-08,Low,Standard engagement
CUST101323,64,1288.84,0,1,42.5,Month-to-Month,Debit Card,East,Standard,No,0,15466.08,1.3507302489220762e-08,Low,Standard engagement
CUST103373,37,1262.0,1,1,41.5,Month-to-Month,Net Banking,South,Standard,No,0,15144.0,1.323829398276474e-08,Low,Standard engagement
CUST103007,31,1176.38,0,0,33.1,Month-to-Month,UPI,South,Basic,No,0,14116.56,1.3141430876486423e-08,Low,Standard engagement
CUST104650,29,1234.72,1,2,59.1,One Year,UPI,South,Basic,No,0,14816.64,1.3061200098215205e-08,Low,Standard engagement
CUST105647,69,1213.5,3,3,55.0,Month-to-Month,Debit Card,North,Basic,Yes,0,14562.0,1.3051194929001612e-08,Low,Standard engagement
CUST100813,21,1366.57,2,0,64.9,One Year,Net Banking,West,Standard,No,0,16398.84,1.302501195078659e-08,Low,Standard engagement
CUST102020,22,1195.85,0,1,46.0,Month-to-Month,UPI,North,Standard,No,0,14350.2,1.2960519958051445e-08,Low,Standard engagement
CUST102245,60,1285.12,3,2,44.0,One Year,Credit Card,South,Standard,No,0,15421.44,1.2781514915015215e-08,Low,Standard engagement
CUST102233,10,1121.66,3,0,26.9,Month-to-Month,UPI,West,Basic,No,0,13459.92,1.2071508391530856e-08,Low,Standard engagement
CUST102465,15,1260.61,0,1,49.2,Two Year,Cash,West,Basic,No,0,15127.32,1.2021047617159075e-08,Low,Standard engagement
CUST101216,37,1293.37,1,2,66.0,One Year,UPI,West,Standard,No,0,15520.44,1.1926810170690373e-08,Low,Standard engagement
CUST101816,17,1276.63,1,1,47.7,One Year,UPI,East,Standard,Yes,0,15319.56,1.186136772004635e-08,Low,Standard engagement
CUST100144,72,1302.11,1,3,44.9,One Year,Credit Card,East,Standard,No,0,15625.32,1.1794025252568509e-08,Low,Standard engagement
CUST103012,4,1194.35,0,0,34.6,One Year,Credit Card,West,Basic,No,0,14332.2,1.0474067967566035e-08,Low,Standard engagement
CUST103019,54,1211.02,1,1,50.3,Month-to-Month,UPI,East,Basic,Yes,0,14532.24,1.0043082927431611e-08,Low,Standard engagement
CUST102743,69,1389.62,1,1,38.0,Two Year,Net Banking,North,Standard,Yes,0,16675.44,9.968775600526617e-09,Low,Standard engagement
CUST102766,27,1168.3,3,1,16.3,Month-to-Month,Net Banking,South,Standard,No,0,14019.6,9.796927229596246e-09,Low,Standard engagement
CUST105072,13,1149.49,2,2,19.4,Month-to-Month,Net Banking,East,Standard,No,0,13793.88,9.507006217474937e-09,Low,Standard engagement
CUST103400,59,1237.9,1,1,54.6,Month-to-Month,UPI,South,Standard,Yes,0,14854.8,9.488711110449072e-09,Low,Standard engagement
CUST102805,70,1240.09,1,1,53.9,Month-to-Month,Credit Card,South,Standard,No,0,14881.08,9.346581217753149e-09,Low,Standard engagement
CUST104122,71,1213.67,0,4,54.6,Month-to-Month,UPI,East,Standard,Yes,0,14564.04,9.305821091704273e-09,Low,Standard engagement
CUST105895,58,1239.5,1,1,50.5,Month-to-Month,Net Banking,West,Basic,No,0,14874.0,9.081894183815759e-09,Low,Standard engagement
CUST103853,26,1261.67,3,0,52.9,Two Year,UPI,East,Basic,No,0,15140.04,9.060376734429144e-09,Low,Standard engagement
CUST100003,32,1256.34,1,0,33.0,Two Year,Credit Card,North,Premium,No,0,15076.08,8.873936593113101e-09,Low,Standard engagement
CUST100846,12,1125.66,4,1,6.6,Two Year,UPI,North,Basic,No,0,13507.92,8.606579806809983e-09,Low,Standard engagement
CUST101609,10,1161.92,1,1,36.7,One Year,UPI,East,Basic,No,0,13943.04,8.241956286613688e-09,Low,Standard engagement
CUST101396,45,1251.67,2,0,33.0,One Year,UPI,West,Standard,No,0,15020.04,7.99533192841874e-09,Low,Standard engagement
CUST100809,72,1320.76,0,1,39.7,Two Year,UPI,West,Standard,No,0,15849.12,7.909966806454026e-09,Low,Standard engagement
CUST100458,61,1300.73,1,1,46.9,One Year,Debit Card,West,Standard,Yes,0,15608.76,7.676725957692643e-09,Low,Standard engagement
CUST103726,8,1208.51,3,0,38.0,One Year,Net Banking,East,Basic,No,0,14502.12,7.0971128061469125e-09,Low,Standard engagement
CUST104042,55,1146.23,3,2,61.9,Month-to-Month,Credit Card,East,Basic,No,0,13754.76,6.901086195653299e-09,Low,Standard engagement
CUST105641,21,1150.76,2,2,59.4,Month-to-Month,Net Banking,South,Premium,No,0,13809.12,6.701673231568965e-09,Low,Standard engagement
CUST103752,70,1305.85,1,0,75.5,One Year,UPI,East,Basic,No,0,15670.2,6.59801790086374e-09,Low,Standard engagement
CUST102110,21,1210.94,5,0,24.7,One Year,Net Banking,North,Standard,No,0,14531.28,6.578203420780856e-09,Low,Standard engagement
CUST105643,49,1216.99,1,1,61.8,One Year,Credit Card,West,Basic,No,0,14603.88,6.052225988288391e-09,Low,Standard engagement
CUST101320,9,1179.84,1,1,66.7,Month-to-Month,Net Banking,West,Standard,No,0,14158.08,5.996077599115988e-09,Low,Standard engagement
CUST102342,40,1169.53,2,2,31.2,Two Year,Credit Card,East,Basic,No,0,14034.36,5.931111357242853e-09,Low,Standard engagement
CUST104444,54,1140.61,5,2,44.9,Month-to-Month,Net Banking,South,Basic,Yes,0,13687.32,5.877646144689299e-09,Low,Standard engagement
CUST105817,67,1193.74,0,1,33.2,One Year,UPI,South,Basic,No,0,14324.88,5.829471714289159e-09,Low,Standard engagement
CUST100341,21,1091.5,3,1,29.6,Month-to-Month,Debit Card,West,Standard,No,0,13098.0,5.801825583688954e-09,Low,Standard engagement
CUST103249,29,1064.55,1,2,24.8,Month-to-Month,UPI,West,Standard,No,0,12774.6,5.373818351706942e-09,Low,Standard engagement
CUST104473,10,1119.91,2,0,65.1,Month-to-Month,UPI,South,Standard,No,0,13438.92,5.339879575500069e-09,Low,Standard engagement
CUST100665,51,1247.56,0,0,42.6,One Year,UPI,East,Standard,No,0,14970.72,5.314609381208439e-09,Low,Standard engagement
CUST105939,14,1135.39,2,2,16.6,Two Year,Credit Card,West,Standard,Yes,0,13624.68,5.163704708463695e-09,Low,Standard engagement
CUST105710,20,1181.24,1,2,33.6,Two Year,Debit Card,East,Standard,No,0,14174.88,5.163526994357787e-09,Low,Standard engagement
CUST100290,59,1171.47,6,1,64.0,Month-to-Month,Debit Card,West,Standard,No,0,14057.64,5.1516154207721755e-09,Low,Standard engagement
CUST105976,68,1138.66,3,1,20.5,Month-to-Month,Net Banking,West,Basic,No,0,13663.92,5.060920142910479e-09,Low,Standard engagement
CUST100534,42,1114.42,1,0,48.6,Month-to-Month,UPI,South,Basic,Yes,0,13373.04,4.817811346400595e-09,Low,Standard engagement
CUST100922,33,1140.63,0,2,44.2,Month-to-Month,Net Banking,West,Standard,No,0,13687.56,4.6553567233793465e-09,Low,Standard engagement
CUST104573,64,1178.24,1,0,22.7,Month-to-Month,Net Banking,East,Premium,No,0,14138.88,4.2604360591133605e-09,Low,Standard engagement
CUST105411,34,1196.74,1,0,47.1,One Year,Net Banking,South,Basic,No,0,14360.88,4.196712511893623e-09,Low,Standard engagement
CUST102523,29,1158.38,2,2,33.3,Two Year,UPI,West,Standard,Yes,0,13900.56,4.157560785844879e-09,Low,Standard engagement
CUST103647,44,1056.06,3,0,25.4,Month-to-Month,UPI,South,Basic,Yes,0,12672.72,4.06558965825036e-09,Low,Standard engagement
CUST104698,22,1171.05,3,0,42.0,Two Year,Credit Card,South,Premium,Yes,0,14052.6,4.033834374532658e-09,Low,Standard engagement
CUST104412,25,1156.87,3,0,55.6,One Year,Credit Card,West,Premium,No,0,13882.44,3.846671282711464e-09,Low,Standard engagement
CUST102891,41,1120.59,2,2,39.5,One Year,Debit Card,North,Premium,No,0,13447.08,3.7227074436071407e-09,Low,Standard engagement
CUST104716,65,1127.74,2,2,53.1,Month-to-Month,Debit Card,West,Standard,No,0,13532.88,3.7036843347807427e-09,Low,Standard engagement
CUST102802,72,1155.66,3,1,65.9,Month-to-Month,UPI,West,Standard,No,0,13867.92,3.556398885014944e-09,Low,Standard engagement
CUST101212,34,1174.86,5,0,43.4,One Year,Net Banking,South,Premium,No,0,14098.32,3.4756051581623696e-09,Low,Standard engagement
CUST100759,53,1067.37,3,2,57.3,Month-to-Month,UPI,South,Premium,No,0,12808.44,3.4604447036783236e-09,Low,Standard engagement
CUST105447,30,1044.05,1,3,50.2,Month-to-Month,Debit Card,West,Standard,No,0,12528.6,3.3691308260875235e-09,Low,Standard engagement
CUST102334,40,996.29,2,2,37.9,Month-to-Month,Credit Card,North,Basic,No,0,11955.48,3.276396803369908e-09,Low,Standard engagement
CUST102385,64,1075.31,3,0,46.5,Month-to-Month,UPI,South,Basic,No,0,12903.72,3.103445189660982e-09,Low,Standard engagement
CUST100399,23,1125.87,3,3,58.6,Two Year,Credit Card,West,Standard,Yes,0,13510.44,3.0211212255089886e-09,Low,Standard engagement
CUST103785,40,1097.0,3,0,44.3,Month-to-Month,Net Banking,North,Basic,Yes,0,13164.0,2.986351898230358e-09,Low,Standard engagement
CUST104750,3,1149.19,0,0,60.7,One Year,UPI,East,Standard,Yes,0,13790.28,2.9490714722820802e-09,Low,Standard engagement
CUST104560,36,1167.34,0,1,59.4,Two Year,Debit Card,East,Basic,No,0,14008.08,2.8431037289583986e-09,Low,Standard engagement
CUST101896,42,1121.16,1,0,49.8,Month-to-Month,Net Banking,South,Premium,No,0,13453.92,2.8027573606362824e-09,Low,Standard engagement
CUST105582,52,1106.81,1,0,33.8,One Year,UPI,South,Basic,No,0,13281.72,2.7571811034906064e-09,Low,Standard engagement
CUST100681,10,1162.0,1,1,36.4,Two Year,Net Banking,West,Standard,Yes,0,13944.0,2.6096567251162925e-09,Low,Standard engagement
CUST100478,48,975.31,2,3,2.0,Month-to-Month,Debit Card,East,Premium,Yes,0,11703.72,2.590904532192785e-09,Low,Standard engagement
CUST104008,14,974.61,1,2,29.5,Month-to-Month,Net Banking,North,Basic,No,0,11695.32,2.547962616957919e-09,Low,Standard engagement
CUST104826,15,1070.19,3,2,49.3,One Year,Debit Card,West,Premium,Yes,0,12842.28,2.5279806281855763e-09,Low,Standard engagement
CUST102723,28,1055.22,1,1,47.4,Month-to-Month,Net Banking,West,Basic,Yes,0,12662.64,2.343240684001526e-09,Low,Standard engagement
CUST105389,63,1159.11,1,0,31.5,Two Year,Cash,South,Premium,No,0,13909.32,2.3087721840890874e-09,Low,Standard engagement
CUST104995,16,1050.3,1,2,54.6,Month-to-Month,Net Banking,South,Standard,Yes,0,12603.6,2.282615144485644e-09,Low,Standard engagement
CUST102096,68,1125.06,2,1,56.3,One Year,UPI,West,Basic,No,0,13500.72,2.2361094656540406e-09,Low,Standard engagement
CUST102423,60,1070.4,1,1,28.2,One Year,UPI,North,Basic,Yes,0,12844.8,2.0420408048552383e-09,Low,Standard engagement
CUST100740,59,1074.15,3,2,56.6,One Year,UPI,North,Basic,Yes,0,12889.8,1.948453769500202e-09,Low,Standard engagement
CUST100073,10,1028.95,0,2,46.0,One Year,Net Banking,North,Basic,No,0,12347.4,1.7715428519120873e-09,Low,Standard engagement
CUST101265,3,955.06,5,0,53.0,Month-to-Month,UPI,South,Premium,Yes,0,11460.72,1.7396150515174768e-09,Low,Standard engagement
CUST101898,54,1057.96,0,0,54.8,Month-to-Month,Cash,South,Standard,No,0,12695.52,1.635107611505743e-09,Low,Standard engagement
CUST102712,68,1013.34,0,1,49.8,Month-to-Month,UPI,West,Basic,No,0,12160.08,1.532179490089293e-09,Low,Standard engagement
CUST100848,60,1162.33,3,0,32.8,Two Year,Net Banking,North,Standard,No,0,13947.96,1.4983420933591398e-09,Low,Standard engagement
CUST100642,62,1112.27,1,1,35.6,Two Year,Credit Card,West,Premium,Yes,0,13347.24,1.4702283515789975e-09,Low,Standard engagement
CUST102697,31,1004.5,2,1,56.0,Month-to-Month,Cash,West,Standard,Yes,0,12054.0,1.4651907025643199e-09,Low,Standard engagement
CUST100465,70,1155.93,3,1,72.5,One Year,Net Banking,South,Basic,Yes,0,13871.16,1.4626692128767541e-09,Low,Standard engagement
CUST103893,15,1022.82,0,3,86.8,Month-to-Month,Net Banking,West,Standard,No,0,12273.84,1.388116830370032e-09,Low,Standard engagement
CUST103562,31,1030.03,2,1,58.1,One Year,UPI,South,Premium,No,0,12360.36,1.3494105825640776e-09,Low,Standard engagement
CUST100086,8,950.8,3,2,72.8,One Year,UPI,South,Basic,No,0,11409.6,1.1582411796655649e-09,Low,Standard engagement
CUST101903,18,983.81,3,2,52.2,One Year,UPI,South,Standard,Yes,0,11805.72,1.1429335092373767e-09,Low,Standard engagement
CUST102902,63,1023.47,4,0,43.4,One Year,UPI,South,Basic,No,0,12281.64,1.0998033939439275e-09,Low,Standard engagement
CUST101014,38,1032.98,4,0,31.4,Two Year,Debit Card,South,Premium,No,0,12395.76,1.081709055752559e-09,Low,Standard engagement
CUST103204,22,906.93,3,0,45.5,Month-to-Month,Credit Card,East,Basic,No,0,10883.16,1.0161604322874544e-09,Low,Standard engagement
CUST103215,20,933.42,1,1,65.2,Month-to-Month,UPI,South,Standard,No,0,11201.04,9.575012220641011e-10,Low,Standard engagement
CUST104790,15,927.24,4,3,51.8,Month-to-Month,Net Banking,East,Standard,Yes,0,11126.88,9.099249834799522e-10,Low,Standard engagement
CUST102288,68,1024.99,2,1,46.0,One Year,UPI,West,Basic,Yes,0,12299.88,9.068445770764424e-10,Low,Standard engagement
CUST102133,29,868.99,1,4,61.2,Month-to-Month,UPI,South,Premium,Yes,0,10427.88,8.822182595163674e-10,Low,Standard engagement
CUST105110,40,925.5,1,2,54.8,Month-to-Month,Debit Card,South,Standard,No,0,11106.0,8.309672947449932e-10,Low,Standard engagement
CUST102410,39,979.93,3,2,40.1,Two Year,UPI,East,Premium,No,0,11759.16,7.842712618310272e-10,Low,Standard engagement
CUST105974,70,1004.62,0,2,61.5,One Year,Cash,South,Basic,No,0,12055.44,7.781756998941694e-10,Low,Standard engagement
CUST103338,62,968.68,1,0,63.5,Month-to-Month,UPI,East,Basic,No,0,11624.16,7.401588912086166e-10,Low,Standard engagement
CUST105907,66,1009.35,1,2,35.7,One Year,Debit Card,East,Standard,No,0,12112.2,7.120518939736447e-10,Low,Standard engagement
CUST101022,63,996.9,3,2,58.9,One Year,UPI,North,Premium,Yes,0,11962.8,7.057396860715577e-10,Low,Standard engagement
CUST104419,8,864.0,0,0,47.5,Month-to-Month,Debit Card,North,Basic,Yes,0,10368.0,6.590452129390682e-10,Low,Standard engagement
CUST105639,67,1035.6,2,0,52.3,One Year,UPI,East,Premium,No,0,12427.2,6.498349811043941e-10,Low,Standard engagement
CUST104109,24,832.53,5,1,53.6,Month-to-Month,Credit Card,North,Premium,No,0,9990.36,5.57603976914855e-10,Low,Standard engagement
CUST104809,59,948.93,1,0,42.9,Month-to-Month,Cash,West,Standard,Yes,0,11387.16,5.547841260214255e-10,Low,Standard engagement
CUST100543,13,848.75,3,1,61.6,Month-to-Month,Cash,West,Premium,No,0,10185.0,5.503813782383081e-10,Low,Standard engagement
CUST104517,5,700.0,5,4,34.6,Month-to-Month,Cash,South,Basic,Yes,0,8400.0,5.262054850849617e-10,Low,Standard engagement
CUST103096,13,777.52,3,2,20.4,Month-to-Month,Net Banking,South,Basic,No,0,9330.24,5.175259837009145e-10,Low,Standard engagement
CUST104769,4,700.0,3,3,21.7,Month-to-Month,UPI,North,Basic,Yes,0,8400.0,4.947716571183189e-10,Low,Standard engagement
CUST102111,49,860.19,1,0,39.0,Month-to-Month,UPI,West,Basic,No,0,10322.28,4.836345770193433e-10,Low,Standard engagement
CUST101431,14,794.95,0,2,42.4,Month-to-Month,Credit Card,East,Basic,Yes,0,9539.4,4.826245545519681e-10,Low,Standard engagement
CUST103057,11,863.74,0,1,30.7,Two Year,UPI,South,Basic,No,0,10364.88,4.719265973839651e-10,Low,Standard engagement
CUST101800,5,735.23,1,2,27.8,Month-to-Month,UPI,East,Basic,No,0,8822.76,4.5067962640332506e-10,Low,Standard engagement
CUST105583,6,1015.62,2,0,68.1,Two Year,Net Banking,South,Standard,Yes,0,12187.44,4.4188909045896064e-10,Low,Standard engagement
CUST103346,44,828.83,5,1,18.5,Month-to-Month,Debit Card,West,Standard,Yes,0,9945.96,4.1826269866799235e-10,Low,Standard engagement
CUST102024,6,862.49,2,0,33.7,Two Year,Cash,South,Basic,No,0,10349.88,4.1720493494909813e-10,Low,Standard engagement
CUST101407,63,957.53,0,1,31.9,Two Year,UPI,West,Premium,No,0,11490.36,3.918225199960177e-10,Low,Standard engagement
CUST105816,30,790.74,6,0,38.5,Month-to-Month,UPI,East,Basic,No,0,9488.88,3.907147989100011e-10,Low,Standard engagement
CUST101564,41,832.4,5,0,50.2,Month-to-Month,Credit Card,West,Basic,Yes,0,9988.8,3.8324470984506535e-10,Low,Standard engagement
CUST105027,7,788.21,0,1,44.3,Month-to-Month,UPI,South,Premium,Yes,0,9458.52,3.8263048847166994e-10,Low,Standard engagement
CUST101136,53,763.19,4,4,25.4,Month-to-Month,Credit Card,North,Standard,Yes,0,9158.28,3.8193694270170794e-10,Low,Standard engagement
CUST103544,3,883.91,1,0,46.9,One Year,UPI,South,Standard,Yes,0,10606.92,3.740257940074961e-10,Low,Standard engagement
CUST105423,18,797.22,3,2,47.4,Month-to-Month,Credit Card,East,Standard,Yes,0,9566.64,3.5562210054732913e-10,Low,Standard engagement
CUST102226,64,871.03,3,1,44.3,Month-to-Month,Credit Card,East,Standard,No,0,10452.36,3.54819154519607e-10,Low,Standard engagement
CUST104819,68,964.87,3,0,64.3,One Year,Debit Card,North,Basic,Yes,0,11578.44,3.4091660336215123e-10,Low,Standard engagement
CUST105812,22,847.09,2,4,47.3,Two Year,Net Banking,North,Basic,No,0,10165.08,3.31225306423901e-10,Low,Standard engagement
CUST101967,34,909.53,3,1,40.9,Two Year,Debit Card,South,Standard,No,0,10914.36,3.3004508605974646e-10,Low,Standard engagement
CUST101268,69,1011.92,2,1,62.8,One Year,Net Banking,West,Standard,No,0,12143.04,3.1108102188641033e-10,Low,Standard engagement
CUST102797,41,826.69,0,1,49.3,Month-to-Month,UPI,West,Premium,Yes,0,9920.28,2.8907374549406893e-10,Low,Standard engagement
CUST100477,2,785.3,0,0,54.2,Month-to-Month,Credit Card,South,Premium,Yes,0,9423.6,2.8776339143381197e-10,Low,Standard engagement
CUST104387,5,700.0,1,3,58.1,Month-to-Month,UPI,South,Basic,Yes,0,8400.0,2.7598793641427665e-10,Low,Standard engagement
CUST104882,36,700.0,2,4,15.2,Month-to-Month,Cash,North,Standard,Yes,0,8400.0,2.735760537920772e-10,Low,Standard engagement
CUST103017,16,700.0,2,1,29.8,Month-to-Month,Cash,South,Basic,No,0,8400.0,2.6416622872970735e-10,Low,Standard engagement
CUST101644,10,700.0,1,2,30.8,Month-to-Month,Debit Card,South,Standard,No,0,8400.0,2.1677642133179649e-10,Low,Standard engagement
CUST100344,66,879.05,2,1,48.1,One Year,UPI,North,Premium,Yes,0,10548.6,2.0715347637137573e-10,Low,Standard engagement
CUST101245,71,890.11,4,1,53.3,One Year,UPI,West,Standard,No,0,10681.32,1.9819432408668385e-10,Low,Standard engagement
CUST102604,55,769.06,2,1,52.3,Month-to-Month,Credit Card,South,Basic,Yes,0,9228.72,1.9787638515204406e-10,Low,Standard engagement
CUST102699,9,700.0,2,3,9.2,One Year,UPI,West,Standard,No,0,8400.0,1.9767374521709113e-10,Low,Standard engagement
CUST101787,8,700.0,3,2,5.1,One Year,Debit Card,South,Standard,No,0,8400.0,1.7773880480843337e-10,Low,Standard engagement
CUST104502,72,795.08,2,2,38.5,Month-to-Month,UPI,East,Standard,Yes,0,9540.96,1.7620418584095338e-10,Low,Standard engagement
CUST101348,53,700.0,3,1,26.9,Month-to-Month,Credit Card,North,Basic,No,0,8400.0,1.759049370138496e-10,Low,Standard engagement
CUST105113,2,700.0,3,1,50.4,Month-to-Month,Credit Card,West,Standard,No,0,8400.0,1.7249754851876335e-10,Low,Standard engagement
CUST105850,13,700.0,4,1,2.0,One Year,UPI,South,Standard,No,0,8400.0,1.6754022896351885e-10,Low,Standard engagement
CUST104545,55,700.0,1,3,28.7,Month-to-Month,UPI,South,Standard,No,0,8400.0,1.61442715320229e-10,Low,Standard engagement
CUST102208,17,700.0,3,1,49.1,Month-to-Month,UPI,West,Premium,No,0,8400.0,1.6140607516983277e-10,Low,Standard engagement
CUST100959,30,700.0,3,0,43.9,Month-to-Month,UPI,South,Basic,No,0,8400.0,1.6122619153409894e-10,Low,Standard engagement
CUST102568,28,752.1,4,1,39.2,Month-to-Month,Net Banking,South,Premium,Yes,0,9025.2,1.6018084580101906e-10,Low,Standard engagement
CUST104811,18,700.0,1,2,42.8,Month-to-Month,Net Banking,North,Basic,No,0,8400.0,1.592365102857203e-10,Low,Standard engagement
CUST101173,13,700.0,3,3,7.2,One Year,Debit Card,West,Standard,Yes,0,8400.0,1.590829515056834e-10,Low,Standard engagement
CUST103142,33,700.0,0,3,63.5,Month-to-Month,Credit Card,East,Basic,No,0,8400.0,1.575803477994801e-10,Low,Standard engagement
CUST104637,36,700.0,3,3,45.2,Month-to-Month,Credit Card,East,Standard,No,0,8400.0,1.5721538993898436e-10,Low,Standard engagement
CUST103729,47,700.0,2,3,24.8,Month-to-Month,Debit Card,North,Standard,Yes,0,8400.0,1.5714013008214963e-10,Low,Standard engagement
CUST103148,72,776.87,3,0,16.6,Month-to-Month,Cash,East,Premium,Yes,0,9322.44,1.542241016332058e-10,Low,Standard engagement
CUST100021,27,859.01,1,0,43.0,Two Year,Debit Card,West,Standard,No,0,10308.12,1.5283705472634192e-10,Low,Standard engagement
CUST104908,58,700.0,5,1,32.4,Month-to-Month,Credit Card,West,Basic,No,0,8400.0,1.5273539484862403e-10,Low,Standard engagement
CUST102778,28,700.0,1,0,45.4,Month-to-Month,Credit Card,North,Basic,No,0,8400.0,1.474640569620434e-10,Low,Standard engagement
CUST101838,17,700.0,4,1,37.6,Month-to-Month,Net Banking,South,Basic,Yes,0,8400.0,1.4619191740000472e-10,Low,Standard engagement
CUST102040,21,700.0,2,0,46.1,Month-to-Month,Credit Card,East,Basic,No,0,8400.0,1.442584493164542e-10,Low,Standard engagement
CUST104568,23,810.58,1,0,48.0,One Year,Debit Card,South,Standard,No,0,9726.96,1.4063593398390416e-10,Low,Standard engagement
CUST101508,63,825.93,2,0,54.1,One Year,Credit Card,South,Basic,No,0,9911.16,1.3982654839515904e-10,Low,Standard engagement
CUST104475,24,700.0,2,2,43.4,Month-to-Month,Net Banking,West,Basic,No,0,8400.0,1.391494856841293e-10,Low,Standard engagement
CUST104550,4,700.0,6,1,23.7,One Year,Net Banking,North,Basic,No,0,8400.0,1.335369917326969e-10,Low,Standard engagement
CUST105422,6,700.0,1,0,62.9,Month-to-Month,Credit Card,South,Premium,No,0,8400.0,1.2904636374142528e-10,Low,Standard engagement
CUST100422,56,700.0,3,0,19.8,Month-to-Month,Credit Card,West,Basic,Yes,0,8400.0,1.2498232835709867e-10,Low,Standard engagement
CUST101882,13,700.0,1,1,39.4,Month-to-Month,Debit Card,West,Standard,Yes,0,8400.0,1.2448994677716246e-10,Low,Standard engagement
CUST100872,9,700.0,2,0,33.0,One Year,Credit Card,South,Basic,No,0,8400.0,1.2355459103262017e-10,Low,Standard engagement
CUST101414,43,719.31,2,1,40.2,Month-to-Month,Credit Card,North,Standard,Yes,0,8631.72,1.2344204995307016e-10,Low,Standard engagement
CUST103914,57,700.0,2,4,55.1,Month-to-Month,Net Banking,South,Basic,No,0,8400.0,1.2053658667309983e-10,Low,Standard engagement
CUST105732,61,700.0,1,1,34.5,Month-to-Month,UPI,West,Basic,No,0,8400.0,1.1954140231526534e-10,Low,Standard engagement
CUST103051,13,700.0,2,4,56.2,One Year,Debit Card,North,Standard,No,0,8400.0,1.1754779179453044e-10,Low,Standard engagement
CUST103071,35,700.0,3,1,12.1,One Year,UPI,West,Basic,Yes,0,8400.0,1.1731611807184328e-10,Low,Standard engagement
CUST103792,19,700.0,2,2,27.0,Two Year,Credit Card,North,Basic,Yes,0,8400.0,1.1435056406390054e-10,Low,Standard engagement
CUST100020,37,700.0,2,2,44.3,Month-to-Month,Debit Card,East,Premium,Yes,0,8400.0,1.1141449002027173e-10,Low,Standard engagement
CUST104142,12,700.0,1,1,33.8,One Year,Credit Card,North,Premium,No,0,8400.0,1.0923717214355603e-10,Low,Standard engagement
CUST104713,36,777.83,1,0,34.9,Two Year,Debit Card,South,Basic,No,0,9333.96,1.0869642123955884e-10,Low,Standard engagement
CUST104310,38,700.0,1,1,50.4,Month-to-Month,Credit Card,North,Standard,No,0,8400.0,1.0368288633116973e-10,Low,Standard engagement
CUST101703,15,700.0,2,0,27.9,Month-to-Month,Net Banking,North,Standard,No,0,8400.0,1.0276379581964296e-10,Low,Standard engagement
CUST105384,5,700.0,0,0,57.8,Month-to-Month,Debit Card,South,Standard,Yes,0,8400.0,9.423083864273296e-11,Low,Standard engagement
CUST100428,2,714.86,1,0,51.4,Two Year,UPI,South,Basic,No,0,8578.32,8.853330258942173e-11,Low,Standard engagement
CUST100333,60,700.0,3,1,62.2,Month-to-Month,Debit Card,West,Basic,No,0,8400.0,8.150127409136271e-11,Low,Standard engagement
CUST105175,12,700.0,1,0,58.1,One Year,UPI,South,Basic,No,0,8400.0,8.143528322527043e-11,Low,Standard engagement
CUST104134,72,819.52,3,0,31.3,Two Year,UPI,East,Standard,No,0,9834.24,7.557385026156008e-11,Low,Standard engagement
CUST104027,32,700.0,2,0,70.5,Month-to-Month,UPI,North,Premium,Yes,0,8400.0,7.546125740789314e-11,Low,Standard engagement
CUST101737,8,700.0,1,0,60.2,Month-to-Month,Net Banking,South,Standard,No,0,8400.0,7.0849686251244e-11,Low,Standard engagement
CUST101143,61,700.0,1,1,55.5,Month-to-Month,Credit Card,North,Premium,Yes,0,8400.0,7.073816062426546e-11,Low,Standard engagement
CUST105684,40,700.0,3,1,32.3,Month-to-Month,Net Banking,West,Standard,Yes,0,8400.0,7.067913325006436e-11,Low,Standard engagement
CUST104587,23,700.0,2,0,37.9,One Year,UPI,East,Premium,No,0,8400.0,6.564165721767821e-11,Low,Standard engagement
CUST101858,38,700.0,2,2,40.4,One Year,Debit Card,West,Standard,No,0,8400.0,6.359827510231297e-11,Low,Standard engagement
CUST105743,33,700.0,4,0,40.8,One Year,Credit Card,South,Premium,Yes,0,8400.0,6.255708278801274e-11,Low,Standard engagement
CUST100002,48,700.0,1,1,30.9,One Year,Credit Card,North,Premium,Yes,0,8400.0,6.102020426992651e-11,Low,Standard engagement
CUST100981,51,739.38,0,2,37.7,Two Year,Credit Card,West,Standard,No,0,8872.56,6.098194955722078e-11,Low,Standard engagement
CUST101683,58,700.0,5,1,41.0,Month-to-Month,Net Banking,West,Standard,No,0,8400.0,5.989758813106568e-11,Low,Standard engagement
CUST103915,6,700.0,3,0,33.2,Two Year,Debit Card,North,Standard,Yes,0,8400.0,5.7242928835080244e-11,Low,Standard engagement
CUST103234,42,700.0,3,2,37.4,One Year,Net Banking,South,Premium,No,0,8400.0,5.601004037886669e-11,Low,Standard engagement
CUST101613,50,700.0,4,1,24.1,Two Year,Cash,West,Premium,No,0,8400.0,5.54830222416378e-11,Low,Standard engagement
CUST103010,27,700.0,3,1,59.6,One Year,Debit Card,North,Standard,No,0,8400.0,5.4115284620035027e-11,Low,Standard engagement
CUST102702,16,700.0,3,0,50.6,One Year,Net Banking,West,Basic,No,0,8400.0,5.212403248041954e-11,Low,Standard engagement
CUST103894,44,700.0,1,1,35.4,One Year,UPI,East,Standard,No,0,8400.0,5.1752412602042205e-11,Low,Standard engagement
CUST102826,27,700.0,1,0,52.4,One Year,UPI,South,Standard,No,0,8400.0,5.0744873779172994e-11,Low,Standard engagement
CUST105656,60,731.92,3,1,41.5,Two Year,UPI,North,Standard,No,0,8783.04,4.924891379375429e-11,Low,Standard engagement
CUST101442,68,777.04,0,0,63.5,One Year,UPI,South,Standard,No,0,9324.48,4.7929517340152225e-11,Low,Standard engagement
CUST103489,52,700.0,3,1,41.5,Two Year,Debit Card,West,Basic,No,0,8400.0,4.684471133168425e-11,Low,Standard engagement
CUST104976,42,700.0,2,0,53.8,One Year,Debit Card,North,Basic,Yes,0,8400.0,4.6676039933220445e-11,Low,Standard engagement
CUST103245,59,700.0,2,1,44.8,One Year,UPI,North,Premium,Yes,0,8400.0,4.561108036736971e-11,Low,Standard engagement
CUST102558,3,700.0,2,0,44.4,One Year,Net Banking,East,Premium,Yes,0,8400.0,4.369091286573248e-11,Low,Standard engagement
CUST102092,58,700.0,1,1,52.1,Month-to-Month,Net Banking,North,Standard,Yes,0,8400.0,4.205869335119961e-11,Low,Standard engagement
CUST104717,72,700.0,1,0,41.9,One Year,Cash,South,Basic,No,0,8400.0,4.175810974898973e-11,Low,Standard engagement
CUST103677,56,700.0,4,1,49.4,One Year,Debit Card,East,Premium,No,0,8400.0,4.171303571191469e-11,Low,Standard engagement
CUST101376,70,700.0,2,0,35.6,One Year,Credit Card,West,Basic,Yes,0,8400.0,4.1189028703540547e-11,Low,Standard engagement
CUST101633,64,700.0,3,1,39.4,Two Year,Debit Card,North,Basic,Yes,0,8400.0,3.9599699995636944e-11,Low,Standard engagement
CUST103596,25,700.0,0,0,42.4,Two Year,Debit Card,North,Standard,No,0,8400.0,3.799618184741781e-11,Low,Standard engagement
CUST105914,38,700.0,3,2,65.0,Two Year,UPI,East,Standard,No,0,8400.0,3.792300872016429e-11,Low,Standard engagement
CUST102694,68,700.0,1,0,34.6,One Year,Credit Card,East,Standard,No,0,8400.0,3.0648763398646244e-11,Low,Standard engagement
CUST100912,28,700.0,0,0,49.5,Two Year,UPI,West,Standard,Yes,0,8400.0,3.0495296068814134e-11,Low,Standard engagement
CUST103615,33,700.0,2,1,61.0,Two Year,Net Banking,South,Basic,Yes,0,8400.0,3.04842371885133e-11,Low,Standard engagement
